solid 1-copper. STL generated by ONSHAPE BY PTC INC, 1.213. Units = meters
   facet normal -0.92388 0 0.382683
      outer loop
         vertex 0.0118599 -3.5e-05 0.00236207
         vertex 0.0118953 -3.5e-05 0.00254002
         vertex 0.0118953 0 0.00254002
      endloop
   endfacet
   facet normal -0.707107 0 0.707107
      outer loop
         vertex 0.0117591 -3.5e-05 0.00221122
         vertex 0.0118599 -3.5e-05 0.00236207
         vertex 0.0118599 0 0.00236207
      endloop
   endfacet
   facet normal -0.382683 0 0.92388
      outer loop
         vertex 0.0116082 -3.5e-05 0.00211042
         vertex 0.0117591 -3.5e-05 0.00221122
         vertex 0.0117591 0 0.00221122
      endloop
   endfacet
   facet normal 1.83697e-16 0 1
      outer loop
         vertex 0.0114303 -3.5e-05 0.00207502
         vertex 0.0116082 -3.5e-05 0.00211042
         vertex 0.0116082 0 0.00211042
      endloop
   endfacet
   facet normal 0.382683 0 0.92388
      outer loop
         vertex 0.0112523 -3.5e-05 0.00211042
         vertex 0.0114303 -3.5e-05 0.00207502
         vertex 0.0114303 0 0.00207502
      endloop
   endfacet
   facet normal 0.707107 0 0.707107
      outer loop
         vertex 0.0111015 -3.5e-05 0.00221122
         vertex 0.0112523 -3.5e-05 0.00211042
         vertex 0.0112523 0 0.00211042
      endloop
   endfacet
   facet normal 0.92388 0 0.382683
      outer loop
         vertex 0.0110007 -3.5e-05 0.00236207
         vertex 0.0111015 -3.5e-05 0.00221122
         vertex 0.0111015 0 0.00221122
      endloop
   endfacet
   facet normal 1 0 -1.22465e-16
      outer loop
         vertex 0.0109653 -3.5e-05 0.00254002
         vertex 0.0110007 -3.5e-05 0.00236207
         vertex 0.0110007 0 0.00236207
      endloop
   endfacet
   facet normal 0.92388 0 -0.382683
      outer loop
         vertex 0.0110007 -3.5e-05 0.00271797
         vertex 0.0109653 -3.5e-05 0.00254002
         vertex 0.0109653 0 0.00254002
      endloop
   endfacet
   facet normal 0.707107 0 -0.707107
      outer loop
         vertex 0.0111015 -3.5e-05 0.00286883
         vertex 0.0110007 -3.5e-05 0.00271797
         vertex 0.0110007 0 0.00271797
      endloop
   endfacet
   facet normal 0.382683 0 -0.92388
      outer loop
         vertex 0.0112523 -3.5e-05 0.00296962
         vertex 0.0111015 -3.5e-05 0.00286883
         vertex 0.0111015 0 0.00286883
      endloop
   endfacet
   facet normal -6.12323e-17 0 -1
      outer loop
         vertex 0.0114303 -3.5e-05 0.00300502
         vertex 0.0112523 -3.5e-05 0.00296962
         vertex 0.0112523 0 0.00296962
      endloop
   endfacet
   facet normal -0.382683 0 -0.92388
      outer loop
         vertex 0.0116082 -3.5e-05 0.00296962
         vertex 0.0114303 -3.5e-05 0.00300502
         vertex 0.0114303 0 0.00300502
      endloop
   endfacet
   facet normal -0.707107 0 -0.707107
      outer loop
         vertex 0.0117591 -3.5e-05 0.00286883
         vertex 0.0116082 -3.5e-05 0.00296962
         vertex 0.0116082 0 0.00296962
      endloop
   endfacet
   facet normal -0.92388 0 -0.382683
      outer loop
         vertex 0.0118599 -3.5e-05 0.00271797
         vertex 0.0117591 -3.5e-05 0.00286883
         vertex 0.0117591 0 0.00286883
      endloop
   endfacet
   facet normal -1 0 0
      outer loop
         vertex 0.0118953 -3.5e-05 0.00254002
         vertex 0.0118599 -3.5e-05 0.00271797
         vertex 0.0118599 0 0.00271797
      endloop
   endfacet
   facet normal -0.92388 0 -0.382683
      outer loop
         vertex 0.0118599 0 0.00271797
         vertex 0.0118953 0 0.00254002
         vertex 0.0118953 -3.5e-05 0.00254002
      endloop
   endfacet
   facet normal -0.707107 0 -0.707107
      outer loop
         vertex 0.0117591 0 0.00286883
         vertex 0.0118599 0 0.00271797
         vertex 0.0118599 -3.5e-05 0.00271797
      endloop
   endfacet
   facet normal -0.382683 0 -0.92388
      outer loop
         vertex 0.0116082 0 0.00296962
         vertex 0.0117591 0 0.00286883
         vertex 0.0117591 -3.5e-05 0.00286883
      endloop
   endfacet
   facet normal -6.12323e-17 0 -1
      outer loop
         vertex 0.0114303 0 0.00300502
         vertex 0.0116082 0 0.00296962
         vertex 0.0116082 -3.5e-05 0.00296962
      endloop
   endfacet
   facet normal 0.382683 0 -0.92388
      outer loop
         vertex 0.0112523 0 0.00296962
         vertex 0.0114303 0 0.00300502
         vertex 0.0114303 -3.5e-05 0.00300502
      endloop
   endfacet
   facet normal 0.707107 0 -0.707107
      outer loop
         vertex 0.0111015 0 0.00286883
         vertex 0.0112523 0 0.00296962
         vertex 0.0112523 -3.5e-05 0.00296962
      endloop
   endfacet
   facet normal 0.92388 0 -0.382683
      outer loop
         vertex 0.0110007 0 0.00271797
         vertex 0.0111015 0 0.00286883
         vertex 0.0111015 -3.5e-05 0.00286883
      endloop
   endfacet
   facet normal 1 0 -1.22465e-16
      outer loop
         vertex 0.0109653 0 0.00254002
         vertex 0.0110007 0 0.00271797
         vertex 0.0110007 -3.5e-05 0.00271797
      endloop
   endfacet
   facet normal 0.92388 0 0.382683
      outer loop
         vertex 0.0110007 0 0.00236207
         vertex 0.0109653 0 0.00254002
         vertex 0.0109653 -3.5e-05 0.00254002
      endloop
   endfacet
   facet normal 0.707107 0 0.707107
      outer loop
         vertex 0.0111015 0 0.00221122
         vertex 0.0110007 0 0.00236207
         vertex 0.0110007 -3.5e-05 0.00236207
      endloop
   endfacet
   facet normal 0.382683 0 0.92388
      outer loop
         vertex 0.0112523 0 0.00211042
         vertex 0.0111015 0 0.00221122
         vertex 0.0111015 -3.5e-05 0.00221122
      endloop
   endfacet
   facet normal 1.83697e-16 0 1
      outer loop
         vertex 0.0114303 0 0.00207502
         vertex 0.0112523 0 0.00211042
         vertex 0.0112523 -3.5e-05 0.00211042
      endloop
   endfacet
   facet normal -0.382683 0 0.92388
      outer loop
         vertex 0.0116082 0 0.00211042
         vertex 0.0114303 0 0.00207502
         vertex 0.0114303 -3.5e-05 0.00207502
      endloop
   endfacet
   facet normal -0.707107 0 0.707107
      outer loop
         vertex 0.0117591 0 0.00221122
         vertex 0.0116082 0 0.00211042
         vertex 0.0116082 -3.5e-05 0.00211042
      endloop
   endfacet
   facet normal -0.92388 0 0.382683
      outer loop
         vertex 0.0118599 0 0.00236207
         vertex 0.0117591 0 0.00221122
         vertex 0.0117591 -3.5e-05 0.00221122
      endloop
   endfacet
   facet normal -1 0 0
      outer loop
         vertex 0.0118953 0 0.00254002
         vertex 0.0118599 0 0.00236207
         vertex 0.0118599 -3.5e-05 0.00236207
      endloop
   endfacet
   facet normal 0 1 0
      outer loop
         vertex 0.0117242 0 0.0067418
         vertex 0.0117892 0 0.00664703
         vertex 0.0117551 0 0.00666882
      endloop
   endfacet
   facet normal 0 1 0
      outer loop
         vertex 0.0117242 0 0.0074822
         vertex 0.0121947 0 0.00666996
         vertex 0.0121625 0 0.00664825
      endloop
   endfacet
   facet normal 0 1 0
      outer loop
         vertex 0.0123192 0 0.00250627
         vertex 0.0122456 0 0.00218412
         vertex 0.0118599 0 0.00236207
      endloop
   endfacet
   facet normal 0 1 0
      outer loop
         vertex 0.0122456 0 0.00218412
         vertex 0.0120594 0 0.00191109
         vertex 0.0117591 0 0.00221122
      endloop
   endfacet
   facet normal 0 1 0
      outer loop
         vertex 0.0117864 0 0.00172484
         vertex 0.0116082 0 0.00211042
         vertex 0.0117591 0 0.00221122
      endloop
   endfacet
   facet normal 0 1 0
      outer loop
         vertex 0.0114643 0 0.00165108
         vertex 0.0114303 0 0.00207502
         vertex 0.0116082 0 0.00211042
      endloop
   endfacet
   facet normal 0 1 0
      outer loop
         vertex 0.0111375 0 0.0017
         vertex 0.0112523 0 0.00211042
         vertex 0.0114303 0 0.00207502
      endloop
   endfacet
   facet normal 0 1 0
      outer loop
         vertex 0.0111375 0 0.0017
         vertex 0.0105465 0 0.0026416
         vertex 0.0110007 0 0.00236207
      endloop
   endfacet
   facet normal 0 1 0
      outer loop
         vertex 0.0117242 0 0.0067418
         vertex 0.0118258 0 0.0066402
         vertex 0.0117892 0 0.00664703
      endloop
   endfacet
   facet normal 0 1 0
      outer loop
         vertex 0.0121625 0 0.00664825
         vertex 0.0121229 0 0.0066402
         vertex 0.0117242 0 0.0074822
      endloop
   endfacet
   facet normal 0 1 0
      outer loop
         vertex 0.0118599 0 0.00271797
         vertex 0.0115316 0 0.00342382
         vertex 0.0118472 0 0.00332585
      endloop
   endfacet
   facet normal 0 1 0
      outer loop
         vertex 0.0117591 0 0.00221122
         vertex 0.0118599 0 0.00236207
         vertex 0.0122456 0 0.00218412
      endloop
   endfacet
   facet normal 0 1 0
      outer loop
         vertex 0.0116082 0 0.00211042
         vertex 0.0117864 0 0.00172484
         vertex 0.0114643 0 0.00165108
      endloop
   endfacet
   facet normal 0 1 0
      outer loop
         vertex 0.0111375 0 0.0017
         vertex 0.0111015 0 0.00221122
         vertex 0.0112523 0 0.00211042
      endloop
   endfacet
   facet normal 0 1 0
      outer loop
         vertex 0.0105465 0 0.0026416
         vertex 0.0109653 0 0.00254002
         vertex 0.0110007 0 0.00236207
      endloop
   endfacet
   facet normal 0 1 0
      outer loop
         vertex 0.0122839 0 0.00339442
         vertex 0.0122444 0 0.00338574
         vertex 0.0122047 0 0.00339316
      endloop
   endfacet
   facet normal 0 1 0
      outer loop
         vertex 0.012171 0 0.00341549
         vertex 0.0123381 0 0.00345222
         vertex 0.0123169 0 0.00341782
      endloop
   endfacet
   facet normal 0 1 0
      outer loop
         vertex 0.0117551 0 0.00666882
         vertex 0.0117322 0 0.00670217
         vertex 0.0117242 0 0.0067418
      endloop
   endfacet
   facet normal 0 1 0
      outer loop
         vertex 0.0117242 0 0.0074822
         vertex 0.0122158 0 0.006691
         vertex 0.0121947 0 0.00666996
      endloop
   endfacet
   facet normal 0 1 0
      outer loop
         vertex 0.0105842 0 0.00173044
         vertex 0.0105556 0 0.00165651
         vertex 0.0105223 0 0.00163365
      endloop
   endfacet
   facet normal 0 1 0
      outer loop
         vertex 0.0118472 0 0.00332585
         vertex 0.0121053 0 0.00311944
         vertex 0.0118599 0 0.00271797
      endloop
   endfacet
   facet normal 0 1 0
      outer loop
         vertex 0.0122702 0 0.00283307
         vertex 0.0123192 0 0.00250627
         vertex 0.0118953 0 0.00254002
      endloop
   endfacet
   facet normal 0 1 0
      outer loop
         vertex 0.0117591 0 0.00221122
         vertex 0.0120594 0 0.00191109
         vertex 0.0117864 0 0.00172484
      endloop
   endfacet
   facet normal 0 1 0
      outer loop
         vertex 0.0110007 0 0.00236207
         vertex 0.0111015 0 0.00221122
         vertex 0.0111375 0 0.0017
      endloop
   endfacet
   facet normal 0 1 0
      outer loop
         vertex 0.0105465 0 0.0026416
         vertex 0.0106292 0 0.00292683
         vertex 0.0110007 0 0.00271797
      endloop
   endfacet
   facet normal 0 1 0
      outer loop
         vertex 0.0106292 0 0.00292683
         vertex 0.0108011 0 0.00316895
         vertex 0.0111015 0 0.00286883
      endloop
   endfacet
   facet normal 0 1 0
      outer loop
         vertex 0.0110432 0 0.00334099
         vertex 0.0112523 0 0.00296962
         vertex 0.0111015 0 0.00286883
      endloop
   endfacet
   facet normal 0 1 0
      outer loop
         vertex 0.0113284 0 0.00342376
         vertex 0.0114303 0 0.00300502
         vertex 0.0112523 0 0.00296962
      endloop
   endfacet
   facet normal 0 1 0
      outer loop
         vertex 0.0123169 0 0.00341782
         vertex 0.0122839 0 0.00339442
         vertex 0.012171 0 0.00341549
      endloop
   endfacet
   facet normal 0 1 0
      outer loop
         vertex 0.0121229 0 0.0066402
         vertex 0.0118258 0 0.0066402
         vertex 0.0117242 0 0.0074822
      endloop
   endfacet
   facet normal 0 1 0
      outer loop
         vertex 0.0105842 0 0.00173044
         vertex 0.0105774 0 0.00169057
         vertex 0.0105556 0 0.00165651
      endloop
   endfacet
   facet normal 0 1 0
      outer loop
         vertex 0.0118953 0 0.00254002
         vertex 0.0118599 0 0.00271797
         vertex 0.0122702 0 0.00283307
      endloop
   endfacet
   facet normal 0 1 0
      outer loop
         vertex 0.0114303 0 0.00207502
         vertex 0.0114643 0 0.00165108
         vertex 0.0111375 0 0.0017
      endloop
   endfacet
   facet normal 0 1 0
      outer loop
         vertex 0.0111015 0 0.00286883
         vertex 0.0110007 0 0.00271797
         vertex 0.0106292 0 0.00292683
      endloop
   endfacet
   facet normal 0 1 0
      outer loop
         vertex 0.0112523 0 0.00296962
         vertex 0.0110432 0 0.00334099
         vertex 0.0113284 0 0.00342376
      endloop
   endfacet
   facet normal 0 1 0
      outer loop
         vertex 0.0115316 0 0.00342382
         vertex 0.0117591 0 0.00286883
         vertex 0.0116082 0 0.00296962
      endloop
   endfacet
   facet normal 0 1 0
      outer loop
         vertex 0.0126905 0 0.0049149
         vertex 0.014115 0 0.00535825
         vertex 0.0140926 0 0.00532454
      endloop
   endfacet
   facet normal 0 1 0
      outer loop
         vertex 0.0126905 0 0.0049149
         vertex 0.0140926 0 0.00585146
         vertex 0.0141144 0 0.00581925
      endloop
   endfacet
   facet normal 0 1 0
      outer loop
         vertex 0.012171 0 0.00341549
         vertex 0.0123444 0 0.00348733
         vertex 0.0123381 0 0.00345222
      endloop
   endfacet
   facet normal 0 1 0
      outer loop
         vertex 0.010972 0 0.00445494
         vertex 0.0110115 0 0.00446362
         vertex 0.0110512 0 0.0044562
      endloop
   endfacet
   facet normal 0 1 0
      outer loop
         vertex 0.0098901 0 0.0043133
         vertex 0.00979533 0 0.00424832
         vertex 0.00981712 0 0.00428239
      endloop
   endfacet
   facet normal 0 1 0
      outer loop
         vertex 0.00971052 0 0.00327374
         vertex 0.00970185 0 0.00331324
         vertex 0.00970926 0 0.00335299
      endloop
   endfacet
   facet normal 0 1 0
      outer loop
         vertex 0.0117242 0 0.0067418
         vertex 0.0117242 0 0.0074822
         vertex 0.0118258 0 0.0066402
      endloop
   endfacet
   facet normal 0 1 0
      outer loop
         vertex 0.011731 0 0.00751882
         vertex 0.0125476 0 0.006691
         vertex 0.0123444 0 0.006691
      endloop
   endfacet
   facet normal 0 1 0
      outer loop
         vertex 0.0130662 0 0.006691
         vertex 0.013161 0 0.00675598
         vertex 0.0131392 0 0.00672191
      endloop
   endfacet
   facet normal 0 1 0
      outer loop
         vertex 0.0104827 0 0.0016256
         vertex 0.0105749 0 0.00176979
         vertex 0.0105842 0 0.00173044
      endloop
   endfacet
   facet normal 0 1 0
      outer loop
         vertex 0.0118599 0 0.00236207
         vertex 0.0118953 0 0.00254002
         vertex 0.0123192 0 0.00250627
      endloop
   endfacet
   facet normal 0 1 0
      outer loop
         vertex 0.0111015 0 0.00286883
         vertex 0.0108011 0 0.00316895
         vertex 0.0110432 0 0.00334099
      endloop
   endfacet
   facet normal 0 1 0
      outer loop
         vertex 0.0115316 0 0.00342382
         vertex 0.0118599 0 0.00271797
         vertex 0.0117591 0 0.00286883
      endloop
   endfacet
   facet normal 0 1 0
      outer loop
         vertex 0.0126905 0 0.0049149
         vertex 0.0141224 0 0.00539638
         vertex 0.014115 0 0.00535825
      endloop
   endfacet
   facet normal 0 1 0
      outer loop
         vertex 0.0141144 0 0.00581925
         vertex 0.0141224 0 0.00577962
         vertex 0.0126905 0 0.0049149
      endloop
   endfacet
   facet normal 0 1 0
      outer loop
         vertex 0.0126905 0 0.0049149
         vertex 0.0138956 0 0.0060064
         vertex 0.0139338 0 0.00599897
      endloop
   endfacet
   facet normal 0 1 0
      outer loop
         vertex 0.0122047 0 0.00339316
         vertex 0.012171 0 0.00341549
         vertex 0.0122839 0 0.00339442
      endloop
   endfacet
   facet normal 0 1 0
      outer loop
         vertex 0.0110849 0 0.00443387
         vertex 0.0109412 0 0.00443387
         vertex 0.010972 0 0.00445494
      endloop
   endfacet
   facet normal 0 1 0
      outer loop
         vertex 0.0098901 0 0.0043133
         vertex 0.0097885 0 0.0042117
         vertex 0.00979533 0 0.00424832
      endloop
   endfacet
   facet normal 0 1 0
      outer loop
         vertex 0.00973159 0 0.0033867
         vertex 0.00973159 0 0.00324302
         vertex 0.00971052 0 0.00327374
      endloop
   endfacet
   facet normal 0 1 0
      outer loop
         vertex 0.0123444 0 0.006691
         vertex 0.0122158 0 0.006691
         vertex 0.011731 0 0.00751882
      endloop
   endfacet
   facet normal 0 1 0
      outer loop
         vertex 0.0123444 0 0.006437
         vertex 0.0123444 0 0.006691
         vertex 0.0125476 0 0.006691
      endloop
   endfacet
   facet normal 0 1 0
      outer loop
         vertex 0.0128444 0 0.006691
         vertex 0.0131028 0 0.00757697
         vertex 0.0131369 0 0.00755518
      endloop
   endfacet
   facet normal 0 1 0
      outer loop
         vertex 0.0125476 0 0.006691
         vertex 0.0117528 0 0.00755289
         vertex 0.0117862 0 0.00757575
      endloop
   endfacet
   facet normal 0 1 0
      outer loop
         vertex 0.0130662 0 0.006691
         vertex 0.0131678 0 0.0067926
         vertex 0.013161 0 0.00675598
      endloop
   endfacet
   facet normal 0 1 0
      outer loop
         vertex 0.0104827 0 0.0016256
         vertex 0.0105545 0 0.00179904
         vertex 0.0105749 0 0.00176979
      endloop
   endfacet
   facet normal 0 1 0
      outer loop
         vertex 0.0104827 0 0.0016256
         vertex 0.00981592 0 0.00192131
         vertex 0.010461 0 0.00189254
      endloop
   endfacet
   facet normal 0 1 0
      outer loop
         vertex 0.00977403 0 0.00178753
         vertex 0.00976535 0 0.00182702
         vertex 0.00977276 0 0.00186677
      endloop
   endfacet
   facet normal 0 1 0
      outer loop
         vertex 0.00981592 0 0.00192131
         vertex 0.00996838 0 0.0016256
         vertex 0.00993025 0 0.00163303
      endloop
   endfacet
   facet normal 0 1 0
      outer loop
         vertex 0.0110007 0 0.00271797
         vertex 0.0109653 0 0.00254002
         vertex 0.0105465 0 0.0026416
      endloop
   endfacet
   facet normal 0 1 0
      outer loop
         vertex 0.0114303 0 0.00300502
         vertex 0.0115316 0 0.003683
         vertex 0.0115316 0 0.00342382
      endloop
   endfacet
   facet normal 0 1 0
      outer loop
         vertex 0.0111375 0 0.0017
         vertex 0.0108511 0 0.00186483
         vertex 0.0106446 0 0.00212283
      endloop
   endfacet
   facet normal 0 1 0
      outer loop
         vertex 0.0141224 0 0.00577962
         vertex 0.0141224 0 0.00539638
         vertex 0.0126905 0 0.0049149
      endloop
   endfacet
   facet normal 0 1 0
      outer loop
         vertex 0.0139338 0 0.00599897
         vertex 0.0139675 0 0.00597664
         vertex 0.0126905 0 0.0049149
      endloop
   endfacet
   facet normal 0 1 0
      outer loop
         vertex 0.0120006 0 0.0042625
         vertex 0.0116574 0 0.003683
         vertex 0.0115316 0 0.003683
      endloop
   endfacet
   facet normal 0 1 0
      outer loop
         vertex 0.0120775 0 0.00350899
         vertex 0.0116574 0 0.003683
         vertex 0.0120006 0 0.0042625
      endloop
   endfacet
   facet normal 0 1 0
      outer loop
         vertex 0.0120775 0 0.00350899
         vertex 0.0123444 0 0.0035763
         vertex 0.0123444 0 0.00348733
      endloop
   endfacet
   facet normal 0 1 0
      outer loop
         vertex 0.0112563 0 0.0042625
         vertex 0.0117974 0 0.0042625
         vertex 0.0113284 0 0.003683
      endloop
   endfacet
   facet normal 0 1 0
      outer loop
         vertex 0.0110512 0 0.0044562
         vertex 0.0110849 0 0.00443387
         vertex 0.010972 0 0.00445494
      endloop
   endfacet
   facet normal 0 1 0
      outer loop
         vertex 0.0112563 0 0.0042625
         vertex 0.010461 0 0.00318746
         vertex 0.0108207 0 0.0043133
      endloop
   endfacet
   facet normal 0 1 0
      outer loop
         vertex 0.00981712 0 0.00428239
         vertex 0.00985047 0 0.00430525
         vertex 0.0098901 0 0.0043133
      endloop
   endfacet
   facet normal 0 1 0
      outer loop
         vertex 0.0108207 0 0.0043133
         vertex 0.010461 0 0.00318746
         vertex 0.0097885 0 0.0034436
      endloop
   endfacet
   facet normal 0 1 0
      outer loop
         vertex 0.00970926 0 0.00335299
         vertex 0.00973159 0 0.0033867
         vertex 0.00971052 0 0.00327374
      endloop
   endfacet
   facet normal 0 1 0
      outer loop
         vertex 0.0097885 0 0.0034436
         vertex 0.010461 0 0.00318746
         vertex 0.00981592 0 0.00315869
      endloop
   endfacet
   facet normal 0 1 0
      outer loop
         vertex 0.0099822 0 0.00275725
         vertex 0.010287 0 0.00276736
         vertex 0.010287 0 0.0026416
      endloop
   endfacet
   facet normal 0 1 0
      outer loop
         vertex 0.00981592 0 0.00315869
         vertex 0.010461 0 0.00318746
         vertex 0.010287 0 0.00276736
      endloop
   endfacet
   facet normal 0 1 0
      outer loop
         vertex 0.0125476 0 0.006691
         vertex 0.0125476 0 0.006437
         vertex 0.0123444 0 0.006437
      endloop
   endfacet
   facet normal 0 1 0
      outer loop
         vertex 0.012321 0 0.005962
         vertex 0.012321 0 0.006437
         vertex 0.0123444 0 0.006437
      endloop
   endfacet
   facet normal 0 1 0
      outer loop
         vertex 0.0131369 0 0.00755518
         vertex 0.0131598 0 0.00752183
         vertex 0.0128444 0 0.006691
      endloop
   endfacet
   facet normal 0 1 0
      outer loop
         vertex 0.0130662 0 0.0075838
         vertex 0.0128444 0 0.006691
         vertex 0.0125476 0 0.006691
      endloop
   endfacet
   facet normal 0 1 0
      outer loop
         vertex 0.0125476 0 0.006691
         vertex 0.011731 0 0.00751882
         vertex 0.0117528 0 0.00755289
      endloop
   endfacet
   facet normal 0 1 0
      outer loop
         vertex 0.0130476 0 0.006691
         vertex 0.0130476 0 0.006437
         vertex 0.0128444 0 0.006437
      endloop
   endfacet
   facet normal 0 1 0
      outer loop
         vertex 0.0131392 0 0.00672191
         vertex 0.0131058 0 0.00669905
         vertex 0.0130662 0 0.006691
      endloop
   endfacet
   facet normal 0 1 0
      outer loop
         vertex 0.0127921 0 0.005708
         vertex 0.0126973 0 0.00564303
         vertex 0.0127191 0 0.00567709
      endloop
   endfacet
   facet normal 0 1 0
      outer loop
         vertex 0.010461 0 0.00189254
         vertex 0.0105545 0 0.00179904
         vertex 0.0104827 0 0.0016256
      endloop
   endfacet
   facet normal 0 1 0
      outer loop
         vertex 0.00981592 0 0.00192131
         vertex 0.0099822 0 0.00232275
         vertex 0.010287 0 0.00231264
      endloop
   endfacet
   facet normal 0 1 0
      outer loop
         vertex 0.00979509 0 0.00190048
         vertex 0.00979509 0 0.0017568
         vertex 0.00977403 0 0.00178753
      endloop
   endfacet
   facet normal 0 1 0
      outer loop
         vertex 0.00993025 0 0.00163303
         vertex 0.00989654 0 0.00165536
         vertex 0.00981592 0 0.00192131
      endloop
   endfacet
   facet normal 0 1 0
      outer loop
         vertex 0.0115316 0 0.003683
         vertex 0.0114303 0 0.00300502
         vertex 0.0113284 0 0.00342376
      endloop
   endfacet
   facet normal 0 1 0
      outer loop
         vertex 0.0116082 0 0.00296962
         vertex 0.0114303 0 0.00300502
         vertex 0.0115316 0 0.00342382
      endloop
   endfacet
   facet normal 0 1 0
      outer loop
         vertex 0.010287 0 0.0024384
         vertex 0.010287 0 0.0026416
         vertex 0.0105465 0 0.0026416
      endloop
   endfacet
   facet normal 0 1 0
      outer loop
         vertex 0.0106446 0 0.00212283
         vertex 0.0105465 0 0.0024384
         vertex 0.0111375 0 0.0017
      endloop
   endfacet
   facet normal 0 1 0
      outer loop
         vertex 0.0139675 0 0.00597664
         vertex 0.0140926 0 0.00585146
         vertex 0.0126905 0 0.0049149
      endloop
   endfacet
   facet normal 0 1 0
      outer loop
         vertex 0.0123444 0 0.0035763
         vertex 0.0125417 0 0.0042625
         vertex 0.0126905 0 0.00441129
      endloop
   endfacet
   facet normal 0 1 0
      outer loop
         vertex 0.0120006 0 0.0042625
         vertex 0.0125417 0 0.0042625
         vertex 0.0120775 0 0.00350899
      endloop
   endfacet
   facet normal 0 1 0
      outer loop
         vertex 0.0120775 0 0.00350899
         vertex 0.0125417 0 0.0042625
         vertex 0.0123444 0 0.0035763
      endloop
   endfacet
   facet normal 0 1 0
      outer loop
         vertex 0.0113284 0 0.003683
         vertex 0.0112026 0 0.003683
         vertex 0.0112563 0 0.0042625
      endloop
   endfacet
   facet normal 0 1 0
      outer loop
         vertex 0.0108207 0 0.0043133
         vertex 0.0109412 0 0.00443387
         vertex 0.0112563 0 0.0042625
      endloop
   endfacet
   facet normal 0 1 0
      outer loop
         vertex 0.0097885 0 0.0034436
         vertex 0.0097885 0 0.0042117
         vertex 0.0108207 0 0.0043133
      endloop
   endfacet
   facet normal 0 1 0
      outer loop
         vertex 0.00981592 0 0.00315869
         vertex 0.00973159 0 0.00324302
         vertex 0.0097885 0 0.0034436
      endloop
   endfacet
   facet normal 0 1 0
      outer loop
         vertex 0.010287 0 0.00276736
         vertex 0.0099822 0 0.00275725
         vertex 0.00981592 0 0.00315869
      endloop
   endfacet
   facet normal 0 1 0
      outer loop
         vertex 0.012571 0 0.005962
         vertex 0.012321 0 0.005962
         vertex 0.0125476 0 0.006437
      endloop
   endfacet
   facet normal 0 1 0
      outer loop
         vertex 0.0123444 0 0.006437
         vertex 0.0125476 0 0.006437
         vertex 0.012321 0 0.005962
      endloop
   endfacet
   facet normal 0 1 0
      outer loop
         vertex 0.0128444 0 0.006691
         vertex 0.0130662 0 0.0075838
         vertex 0.0131028 0 0.00757697
      endloop
   endfacet
   facet normal 0 1 0
      outer loop
         vertex 0.0117862 0 0.00757575
         vertex 0.0118258 0 0.0075838
         vertex 0.0125476 0 0.006691
      endloop
   endfacet
   facet normal 0 1 0
      outer loop
         vertex 0.0130476 0 0.006437
         vertex 0.0128444 0 0.005962
         vertex 0.0128444 0 0.006437
      endloop
   endfacet
   facet normal 0 1 0
      outer loop
         vertex 0.0130476 0 0.006691
         vertex 0.0131678 0 0.0074822
         vertex 0.0131678 0 0.0067926
      endloop
   endfacet
   facet normal 0 1 0
      outer loop
         vertex 0.0134266 0 0.0060064
         vertex 0.0133318 0 0.00594143
         vertex 0.0133536 0 0.00597549
      endloop
   endfacet
   facet normal 0 1 0
      outer loop
         vertex 0.0127921 0 0.005708
         vertex 0.0126905 0 0.0056064
         vertex 0.0126973 0 0.00564303
      endloop
   endfacet
   facet normal 0 1 0
      outer loop
         vertex 0.010287 0 0.00231264
         vertex 0.010461 0 0.00189254
         vertex 0.00981592 0 0.00192131
      endloop
   endfacet
   facet normal 0 1 0
      outer loop
         vertex 0.0099822 0 0.00232275
         vertex 0.010287 0 0.0026416
         vertex 0.010287 0 0.0024384
      endloop
   endfacet
   facet normal 0 1 0
      outer loop
         vertex 0.00977276 0 0.00186677
         vertex 0.00979509 0 0.00190048
         vertex 0.00977403 0 0.00178753
      endloop
   endfacet
   facet normal 0 1 0
      outer loop
         vertex 0.00981592 0 0.00192131
         vertex 0.0104827 0 0.0016256
         vertex 0.00996838 0 0.0016256
      endloop
   endfacet
   facet normal 0 1 0
      outer loop
         vertex 0.0121053 0 0.00311944
         vertex 0.0122702 0 0.00283307
         vertex 0.0118599 0 0.00271797
      endloop
   endfacet
   facet normal 0 1 0
      outer loop
         vertex 0.0105465 0 0.0024384
         vertex 0.0105465 0 0.0026416
         vertex 0.0111375 0 0.0017
      endloop
   endfacet
   facet normal 0 1 0
      outer loop
         vertex 0.0126905 0 0.00441129
         vertex 0.0140926 0 0.00532454
         vertex 0.0123444 0 0.0035763
      endloop
   endfacet
   facet normal 0 1 0
      outer loop
         vertex 0.012171 0 0.00341549
         vertex 0.0120775 0 0.00350899
         vertex 0.0123444 0 0.00348733
      endloop
   endfacet
   facet normal 0 1 0
      outer loop
         vertex 0.0117974 0 0.0042625
         vertex 0.0120006 0 0.0042625
         vertex 0.0113284 0 0.003683
      endloop
   endfacet
   facet normal 0 1 0
      outer loop
         vertex 0.0098901 0 0.0043133
         vertex 0.0108207 0 0.0043133
         vertex 0.0097885 0 0.0042117
      endloop
   endfacet
   facet normal 0 1 0
      outer loop
         vertex 0.010287 0 0.0026416
         vertex 0.0099822 0 0.00232275
         vertex 0.0099822 0 0.00275725
      endloop
   endfacet
   facet normal 0 1 0
      outer loop
         vertex 0.0117242 0 0.0074822
         vertex 0.011731 0 0.00751882
         vertex 0.0122158 0 0.006691
      endloop
   endfacet
   facet normal 0 1 0
      outer loop
         vertex 0.0125476 0 0.006691
         vertex 0.0118258 0 0.0075838
         vertex 0.0130662 0 0.0075838
      endloop
   endfacet
   facet normal 0 1 0
      outer loop
         vertex 0.0128444 0 0.006437
         vertex 0.0128444 0 0.006691
         vertex 0.0130476 0 0.006691
      endloop
   endfacet
   facet normal 0 1 0
      outer loop
         vertex 0.0130662 0 0.006691
         vertex 0.0130476 0 0.006691
         vertex 0.0131678 0 0.0067926
      endloop
   endfacet
   facet normal 0 1 0
      outer loop
         vertex 0.0134266 0 0.0060064
         vertex 0.013325 0 0.0059048
         vertex 0.0133318 0 0.00594143
      endloop
   endfacet
   facet normal 0 1 0
      outer loop
         vertex 0.0127191 0 0.00567709
         vertex 0.0127525 0 0.00569995
         vertex 0.0127921 0 0.005708
      endloop
   endfacet
   facet normal 0 1 0
      outer loop
         vertex 0.010287 0 0.0024384
         vertex 0.010287 0 0.00231264
         vertex 0.0099822 0 0.00232275
      endloop
   endfacet
   facet normal 0 1 0
      outer loop
         vertex 0.00989654 0 0.00165536
         vertex 0.00979509 0 0.0017568
         vertex 0.00981592 0 0.00192131
      endloop
   endfacet
   facet normal 0 1 0
      outer loop
         vertex 0.0105465 0 0.0026416
         vertex 0.0105465 0 0.0024384
         vertex 0.010287 0 0.0024384
      endloop
   endfacet
   facet normal 0 1 0
      outer loop
         vertex 0.0115316 0 0.003683
         vertex 0.0113284 0 0.003683
         vertex 0.0120006 0 0.0042625
      endloop
   endfacet
   facet normal 0 1 0
      outer loop
         vertex 0.0112026 0 0.003683
         vertex 0.0107825 0 0.00350899
         vertex 0.0112563 0 0.0042625
      endloop
   endfacet
   facet normal 0 1 0
      outer loop
         vertex 0.00973159 0 0.0033867
         vertex 0.0097885 0 0.0034436
         vertex 0.00973159 0 0.00324302
      endloop
   endfacet
   facet normal 0 1 0
      outer loop
         vertex 0.0131598 0 0.00752183
         vertex 0.0131678 0 0.0074822
         vertex 0.0128444 0 0.006691
      endloop
   endfacet
   facet normal 0 1 0
      outer loop
         vertex 0.0130476 0 0.006691
         vertex 0.0128444 0 0.006691
         vertex 0.0131678 0 0.0074822
      endloop
   endfacet
   facet normal 0 1 0
      outer loop
         vertex 0.0133536 0 0.00597549
         vertex 0.013387 0 0.00599835
         vertex 0.0134266 0 0.0060064
      endloop
   endfacet
   facet normal 0 1 0
      outer loop
         vertex 0.0126905 0 0.0051181
         vertex 0.0128444 0 0.005708
         vertex 0.0130476 0 0.005708
      endloop
   endfacet
   facet normal 0 1 0
      outer loop
         vertex 0.0128444 0 0.005708
         vertex 0.0126905 0 0.0051181
         vertex 0.0126905 0 0.0056064
      endloop
   endfacet
   facet normal 0 1 0
      outer loop
         vertex 0.00979509 0 0.00190048
         vertex 0.00981592 0 0.00192131
         vertex 0.00979509 0 0.0017568
      endloop
   endfacet
   facet normal 0 1 0
      outer loop
         vertex 0.0140926 0 0.00532454
         vertex 0.0126905 0 0.00441129
         vertex 0.0126905 0 0.0049149
      endloop
   endfacet
   facet normal 0 1 0
      outer loop
         vertex 0.0110849 0 0.00443387
         vertex 0.0112563 0 0.0042625
         vertex 0.0109412 0 0.00443387
      endloop
   endfacet
   facet normal 0 1 0
      outer loop
         vertex 0.0130476 0 0.006437
         vertex 0.013071 0 0.006437
         vertex 0.0128444 0 0.005962
      endloop
   endfacet
   facet normal 0 1 0
      outer loop
         vertex 0.012821 0 0.006437
         vertex 0.0128444 0 0.006437
         vertex 0.0128444 0 0.005962
      endloop
   endfacet
   facet normal 0 1 0
      outer loop
         vertex 0.0128444 0 0.005708
         vertex 0.0128444 0 0.005962
         vertex 0.0130476 0 0.005962
      endloop
   endfacet
   facet normal 0 1 0
      outer loop
         vertex 0.013071 0 0.006437
         vertex 0.013071 0 0.005962
         vertex 0.0130476 0 0.005962
      endloop
   endfacet
   facet normal 0 1 0
      outer loop
         vertex 0.0138956 0 0.0060064
         vertex 0.013325 0 0.00585679
         vertex 0.013325 0 0.0059048
      endloop
   endfacet
   facet normal 0 1 0
      outer loop
         vertex 0.0138956 0 0.0060064
         vertex 0.0126905 0 0.0049149
         vertex 0.0131762 0 0.005708
      endloop
   endfacet
   facet normal 0 1 0
      outer loop
         vertex 0.0127921 0 0.005708
         vertex 0.0128444 0 0.005708
         vertex 0.0126905 0 0.0056064
      endloop
   endfacet
   facet normal 0 1 0
      outer loop
         vertex 0.0113284 0 0.00342376
         vertex 0.0113284 0 0.003683
         vertex 0.0115316 0 0.003683
      endloop
   endfacet
   facet normal 0 1 0
      outer loop
         vertex 0.0107825 0 0.00350899
         vertex 0.010461 0 0.00318746
         vertex 0.0112563 0 0.0042625
      endloop
   endfacet
   facet normal 0 1 0
      outer loop
         vertex 0.0120006 0 0.0045165
         vertex 0.0124365 0 0.0051181
         vertex 0.0124365 0 0.0049149
      endloop
   endfacet
   facet normal 0 1 0
      outer loop
         vertex 0.0128444 0 0.005962
         vertex 0.012821 0 0.005962
         vertex 0.012821 0 0.006437
      endloop
   endfacet
   facet normal 0 1 0
      outer loop
         vertex 0.0130476 0 0.005962
         vertex 0.0128444 0 0.005962
         vertex 0.013071 0 0.006437
      endloop
   endfacet
   facet normal 0 1 0
      outer loop
         vertex 0.0131762 0 0.005708
         vertex 0.013325 0 0.00585679
         vertex 0.0138956 0 0.0060064
      endloop
   endfacet
   facet normal 0 1 0
      outer loop
         vertex 0.0131762 0 0.005708
         vertex 0.0126905 0 0.0049149
         vertex 0.0126905 0 0.0051181
      endloop
   endfacet
   facet normal 0 1 0
      outer loop
         vertex 0.0117974 0 0.0042625
         vertex 0.0120006 0 0.0045165
         vertex 0.0120006 0 0.0042625
      endloop
   endfacet
   facet normal 0 1 0
      outer loop
         vertex 0.0124365 0 0.0049149
         vertex 0.0124365 0 0.0045165
         vertex 0.0120006 0 0.0045165
      endloop
   endfacet
   facet normal 0 1 0
      outer loop
         vertex 0.0130476 0 0.005962
         vertex 0.0130476 0 0.005708
         vertex 0.0128444 0 0.005708
      endloop
   endfacet
   facet normal 0 1 0
      outer loop
         vertex 0.0130476 0 0.005708
         vertex 0.0131762 0 0.005708
         vertex 0.0126905 0 0.0051181
      endloop
   endfacet
   facet normal 0 1 0
      outer loop
         vertex 0.0120006 0 0.0045165
         vertex 0.0117974 0 0.0042625
         vertex 0.0124365 0 0.0051181
      endloop
   endfacet
   facet normal 0 1 0
      outer loop
         vertex 0.0126905 0 0.0049149
         vertex 0.0124365 0 0.0049149
         vertex 0.0124365 0 0.0051181
      endloop
   endfacet
   facet normal 0 1 0
      outer loop
         vertex 0.0113615 0 0.0055165
         vertex 0.0124365 0 0.0055165
         vertex 0.0124365 0 0.0051181
      endloop
   endfacet
   facet normal 0 1 0
      outer loop
         vertex 0.0134266 0 0.0060064
         vertex 0.0138956 0 0.0060064
         vertex 0.013325 0 0.0059048
      endloop
   endfacet
   facet normal 0 1 0
      outer loop
         vertex 0.0124365 0 0.0051181
         vertex 0.0126905 0 0.0051181
         vertex 0.0126905 0 0.0049149
      endloop
   endfacet
   facet normal 0 1 0
      outer loop
         vertex 0.0124365 0 0.0051181
         vertex 0.0117974 0 0.0045165
         vertex 0.0113615 0 0.0055165
      endloop
   endfacet
   facet normal 0 1 0
      outer loop
         vertex 0.0105223 0 0.00163365
         vertex 0.0104827 0 0.0016256
         vertex 0.0105842 0 0.00173044
      endloop
   endfacet
   facet normal 0 1 0
      outer loop
         vertex 0.0124365 0 0.0051181
         vertex 0.0117974 0 0.0042625
         vertex 0.0117974 0 0.0045165
      endloop
   endfacet
   facet normal 0 1 0
      outer loop
         vertex 0.0117974 0 0.0045165
         vertex 0.0113615 0 0.0045165
         vertex 0.0113615 0 0.0055165
      endloop
   endfacet
   facet normal 0 1 0
      outer loop
         vertex 0.0125476 0 0.006437
         vertex 0.012571 0 0.006437
         vertex 0.012571 0 0.005962
      endloop
   endfacet
   facet normal 0 -1 0
      outer loop
         vertex 0.0118258 -3.5e-05 0.0075838
         vertex 0.0121229 -3.5e-05 0.0066402
         vertex 0.0121625 -3.5e-05 0.00664825
      endloop
   endfacet
   facet normal 0 -1 0
      outer loop
         vertex 0.0117242 -3.5e-05 0.0067418
         vertex 0.0117322 -3.5e-05 0.00670217
         vertex 0.0117551 -3.5e-05 0.00666882
      endloop
   endfacet
   facet normal 0 -1 0
      outer loop
         vertex 0.0118258 -3.5e-05 0.0075838
         vertex 0.0118258 -3.5e-05 0.0066402
         vertex 0.0121229 -3.5e-05 0.0066402
      endloop
   endfacet
   facet normal 0 -1 0
      outer loop
         vertex 0.0117551 -3.5e-05 0.00666882
         vertex 0.0117892 -3.5e-05 0.00664703
         vertex 0.0117242 -3.5e-05 0.0067418
      endloop
   endfacet
   facet normal 0 -1 0
      outer loop
         vertex 0.0118258 -3.5e-05 0.0066402
         vertex 0.0118258 -3.5e-05 0.0075838
         vertex 0.0117242 -3.5e-05 0.0074822
      endloop
   endfacet
   facet normal 0 -1 0
      outer loop
         vertex 0.0118258 -3.5e-05 0.0075838
         vertex 0.0125476 -3.5e-05 0.006691
         vertex 0.0128444 -3.5e-05 0.006691
      endloop
   endfacet
   facet normal 0 -1 0
      outer loop
         vertex 0.0121625 -3.5e-05 0.00664825
         vertex 0.0121947 -3.5e-05 0.00666996
         vertex 0.0118258 -3.5e-05 0.0075838
      endloop
   endfacet
   facet normal 0 -1 0
      outer loop
         vertex 0.0117242 -3.5e-05 0.0074822
         vertex 0.0117242 -3.5e-05 0.0067418
         vertex 0.0118258 -3.5e-05 0.0066402
      endloop
   endfacet
   facet normal 0 -1 0
      outer loop
         vertex 0.0118258 -3.5e-05 0.0075838
         vertex 0.0117862 -3.5e-05 0.00757575
         vertex 0.0117528 -3.5e-05 0.00755289
      endloop
   endfacet
   facet normal 0 -1 0
      outer loop
         vertex 0.0127921 -3.5e-05 0.005708
         vertex 0.0127525 -3.5e-05 0.00569995
         vertex 0.0127191 -3.5e-05 0.00567709
      endloop
   endfacet
   facet normal 0 -1 0
      outer loop
         vertex 0.0131028 -3.5e-05 0.00757697
         vertex 0.0131678 -3.5e-05 0.0074822
         vertex 0.0131598 -3.5e-05 0.00752183
      endloop
   endfacet
   facet normal 0 -1 0
      outer loop
         vertex 0.0118258 -3.5e-05 0.0075838
         vertex 0.0130662 -3.5e-05 0.006691
         vertex 0.0131058 -3.5e-05 0.00669905
      endloop
   endfacet
   facet normal 0 -1 0
      outer loop
         vertex 0.0118258 -3.5e-05 0.0075838
         vertex 0.0123444 -3.5e-05 0.006691
         vertex 0.0125476 -3.5e-05 0.006691
      endloop
   endfacet
   facet normal 0 -1 0
      outer loop
         vertex 0.0117892 -3.5e-05 0.00664703
         vertex 0.0118258 -3.5e-05 0.0066402
         vertex 0.0117242 -3.5e-05 0.0067418
      endloop
   endfacet
   facet normal 0 -1 0
      outer loop
         vertex 0.0117528 -3.5e-05 0.00755289
         vertex 0.011731 -3.5e-05 0.00751882
         vertex 0.0118258 -3.5e-05 0.0075838
      endloop
   endfacet
   facet normal 0 -1 0
      outer loop
         vertex 0.0127191 -3.5e-05 0.00567709
         vertex 0.0126973 -3.5e-05 0.00564303
         vertex 0.0127921 -3.5e-05 0.005708
      endloop
   endfacet
   facet normal 0 -1 0
      outer loop
         vertex 0.0122702 -3.5e-05 0.00283307
         vertex 0.0118599 -3.5e-05 0.00271797
         vertex 0.0118953 -3.5e-05 0.00254002
      endloop
   endfacet
   facet normal 0 -1 0
      outer loop
         vertex 0.0122702 -3.5e-05 0.00283307
         vertex 0.0113284 -3.5e-05 0.00342376
         vertex 0.0116082 -3.5e-05 0.00296962
      endloop
   endfacet
   facet normal 0 -1 0
      outer loop
         vertex 0.0113284 -3.5e-05 0.00342376
         vertex 0.0110432 -3.5e-05 0.00334099
         vertex 0.0112523 -3.5e-05 0.00296962
      endloop
   endfacet
   facet normal 0 -1 0
      outer loop
         vertex 0.0110432 -3.5e-05 0.00334099
         vertex 0.0108011 -3.5e-05 0.00316895
         vertex 0.0111015 -3.5e-05 0.00286883
      endloop
   endfacet
   facet normal 0 -1 0
      outer loop
         vertex 0.0106292 -3.5e-05 0.00292683
         vertex 0.0110007 -3.5e-05 0.00271797
         vertex 0.0111015 -3.5e-05 0.00286883
      endloop
   endfacet
   facet normal 0 -1 0
      outer loop
         vertex 0.0105465 -3.5e-05 0.0026416
         vertex 0.0109653 -3.5e-05 0.00254002
         vertex 0.0110007 -3.5e-05 0.00271797
      endloop
   endfacet
   facet normal 0 -1 0
      outer loop
         vertex 0.00971052 -3.5e-05 0.00327374
         vertex 0.00973159 -3.5e-05 0.0033867
         vertex 0.00970926 -3.5e-05 0.00335299
      endloop
   endfacet
   facet normal 0 -1 0
      outer loop
         vertex 0.0098901 -3.5e-05 0.0043133
         vertex 0.00985047 -3.5e-05 0.00430525
         vertex 0.00981712 -3.5e-05 0.00428239
      endloop
   endfacet
   facet normal 0 -1 0
      outer loop
         vertex 0.010972 -3.5e-05 0.00445494
         vertex 0.0110849 -3.5e-05 0.00443387
         vertex 0.0110512 -3.5e-05 0.0044562
      endloop
   endfacet
   facet normal 0 -1 0
      outer loop
         vertex 0.0131598 -3.5e-05 0.00752183
         vertex 0.0131369 -3.5e-05 0.00755518
         vertex 0.0131028 -3.5e-05 0.00757697
      endloop
   endfacet
   facet normal 0 -1 0
      outer loop
         vertex 0.0131058 -3.5e-05 0.00669905
         vertex 0.0131392 -3.5e-05 0.00672191
         vertex 0.0118258 -3.5e-05 0.0075838
      endloop
   endfacet
   facet normal 0 -1 0
      outer loop
         vertex 0.0123444 -3.5e-05 0.006691
         vertex 0.0123444 -3.5e-05 0.006437
         vertex 0.0125476 -3.5e-05 0.006437
      endloop
   endfacet
   facet normal 0 -1 0
      outer loop
         vertex 0.012571 -3.5e-05 0.005962
         vertex 0.012571 -3.5e-05 0.006437
         vertex 0.0125476 -3.5e-05 0.006437
      endloop
   endfacet
   facet normal 0 -1 0
      outer loop
         vertex 0.0118258 -3.5e-05 0.0075838
         vertex 0.0122158 -3.5e-05 0.006691
         vertex 0.0123444 -3.5e-05 0.006691
      endloop
   endfacet
   facet normal 0 -1 0
      outer loop
         vertex 0.011731 -3.5e-05 0.00751882
         vertex 0.0117242 -3.5e-05 0.0074822
         vertex 0.0118258 -3.5e-05 0.0075838
      endloop
   endfacet
   facet normal 0 -1 0
      outer loop
         vertex 0.0126905 -3.5e-05 0.0056064
         vertex 0.0128444 -3.5e-05 0.005708
         vertex 0.0127921 -3.5e-05 0.005708
      endloop
   endfacet
   facet normal 0 -1 0
      outer loop
         vertex 0.0134266 -3.5e-05 0.0060064
         vertex 0.013387 -3.5e-05 0.00599835
         vertex 0.0133536 -3.5e-05 0.00597549
      endloop
   endfacet
   facet normal 0 -1 0
      outer loop
         vertex 0.0114643 -3.5e-05 0.00165108
         vertex 0.0117864 -3.5e-05 0.00172484
         vertex 0.0116082 -3.5e-05 0.00211042
      endloop
   endfacet
   facet normal 0 -1 0
      outer loop
         vertex 0.0117864 -3.5e-05 0.00172484
         vertex 0.0120594 -3.5e-05 0.00191109
         vertex 0.0117591 -3.5e-05 0.00221122
      endloop
   endfacet
   facet normal 0 -1 0
      outer loop
         vertex 0.0122456 -3.5e-05 0.00218412
         vertex 0.0118599 -3.5e-05 0.00236207
         vertex 0.0117591 -3.5e-05 0.00221122
      endloop
   endfacet
   facet normal 0 -1 0
      outer loop
         vertex 0.0123192 -3.5e-05 0.00250627
         vertex 0.0118953 -3.5e-05 0.00254002
         vertex 0.0118599 -3.5e-05 0.00236207
      endloop
   endfacet
   facet normal 0 -1 0
      outer loop
         vertex 0.0122702 -3.5e-05 0.00283307
         vertex 0.0117591 -3.5e-05 0.00286883
         vertex 0.0118599 -3.5e-05 0.00271797
      endloop
   endfacet
   facet normal 0 -1 0
      outer loop
         vertex 0.0113284 -3.5e-05 0.00342376
         vertex 0.0114303 -3.5e-05 0.00300502
         vertex 0.0116082 -3.5e-05 0.00296962
      endloop
   endfacet
   facet normal 0 -1 0
      outer loop
         vertex 0.0111015 -3.5e-05 0.00286883
         vertex 0.0112523 -3.5e-05 0.00296962
         vertex 0.0110432 -3.5e-05 0.00334099
      endloop
   endfacet
   facet normal 0 -1 0
      outer loop
         vertex 0.0110007 -3.5e-05 0.00271797
         vertex 0.0106292 -3.5e-05 0.00292683
         vertex 0.0105465 -3.5e-05 0.0026416
      endloop
   endfacet
   facet normal 0 -1 0
      outer loop
         vertex 0.00970926 -3.5e-05 0.00335299
         vertex 0.00970185 -3.5e-05 0.00331324
         vertex 0.00971052 -3.5e-05 0.00327374
      endloop
   endfacet
   facet normal 0 -1 0
      outer loop
         vertex 0.00981712 -3.5e-05 0.00428239
         vertex 0.00979533 -3.5e-05 0.00424832
         vertex 0.0098901 -3.5e-05 0.0043133
      endloop
   endfacet
   facet normal 0 -1 0
      outer loop
         vertex 0.0110512 -3.5e-05 0.0044562
         vertex 0.0110115 -3.5e-05 0.00446362
         vertex 0.010972 -3.5e-05 0.00445494
      endloop
   endfacet
   facet normal 0 -1 0
      outer loop
         vertex 0.0105842 -3.5e-05 0.00173044
         vertex 0.0104827 -3.5e-05 0.0016256
         vertex 0.0105223 -3.5e-05 0.00163365
      endloop
   endfacet
   facet normal 0 -1 0
      outer loop
         vertex 0.012171 -3.5e-05 0.00341549
         vertex 0.0122839 -3.5e-05 0.00339442
         vertex 0.0123169 -3.5e-05 0.00341782
      endloop
   endfacet
   facet normal 0 -1 0
      outer loop
         vertex 0.0122839 -3.5e-05 0.00339442
         vertex 0.012171 -3.5e-05 0.00341549
         vertex 0.0122047 -3.5e-05 0.00339316
      endloop
   endfacet
   facet normal 0 -1 0
      outer loop
         vertex 0.0130662 -3.5e-05 0.0075838
         vertex 0.0131678 -3.5e-05 0.0067926
         vertex 0.0131678 -3.5e-05 0.0074822
      endloop
   endfacet
   facet normal 0 -1 0
      outer loop
         vertex 0.0131392 -3.5e-05 0.00672191
         vertex 0.013161 -3.5e-05 0.00675598
         vertex 0.0118258 -3.5e-05 0.0075838
      endloop
   endfacet
   facet normal 0 -1 0
      outer loop
         vertex 0.012321 -3.5e-05 0.005962
         vertex 0.012571 -3.5e-05 0.005962
         vertex 0.0123444 -3.5e-05 0.006437
      endloop
   endfacet
   facet normal 0 -1 0
      outer loop
         vertex 0.0125476 -3.5e-05 0.006437
         vertex 0.0123444 -3.5e-05 0.006437
         vertex 0.012571 -3.5e-05 0.005962
      endloop
   endfacet
   facet normal 0 -1 0
      outer loop
         vertex 0.0121947 -3.5e-05 0.00666996
         vertex 0.0122158 -3.5e-05 0.006691
         vertex 0.0118258 -3.5e-05 0.0075838
      endloop
   endfacet
   facet normal 0 -1 0
      outer loop
         vertex 0.0126973 -3.5e-05 0.00564303
         vertex 0.0126905 -3.5e-05 0.0056064
         vertex 0.0127921 -3.5e-05 0.005708
      endloop
   endfacet
   facet normal 0 -1 0
      outer loop
         vertex 0.0130476 -3.5e-05 0.005708
         vertex 0.0130476 -3.5e-05 0.005962
         vertex 0.0128444 -3.5e-05 0.005962
      endloop
   endfacet
   facet normal 0 -1 0
      outer loop
         vertex 0.0133536 -3.5e-05 0.00597549
         vertex 0.0133318 -3.5e-05 0.00594143
         vertex 0.0134266 -3.5e-05 0.0060064
      endloop
   endfacet
   facet normal 0 -1 0
      outer loop
         vertex 0.0117591 -3.5e-05 0.00221122
         vertex 0.0116082 -3.5e-05 0.00211042
         vertex 0.0117864 -3.5e-05 0.00172484
      endloop
   endfacet
   facet normal 0 -1 0
      outer loop
         vertex 0.0118599 -3.5e-05 0.00236207
         vertex 0.0122456 -3.5e-05 0.00218412
         vertex 0.0123192 -3.5e-05 0.00250627
      endloop
   endfacet
   facet normal 0 -1 0
      outer loop
         vertex 0.0116082 -3.5e-05 0.00296962
         vertex 0.0117591 -3.5e-05 0.00286883
         vertex 0.0122702 -3.5e-05 0.00283307
      endloop
   endfacet
   facet normal 0 -1 0
      outer loop
         vertex 0.0111015 -3.5e-05 0.00286883
         vertex 0.0108011 -3.5e-05 0.00316895
         vertex 0.0106292 -3.5e-05 0.00292683
      endloop
   endfacet
   facet normal 0 -1 0
      outer loop
         vertex 0.0111375 -3.5e-05 0.0017
         vertex 0.0111015 -3.5e-05 0.00221122
         vertex 0.0110007 -3.5e-05 0.00236207
      endloop
   endfacet
   facet normal 0 -1 0
      outer loop
         vertex 0.0111375 -3.5e-05 0.0017
         vertex 0.0114643 -3.5e-05 0.00165108
         vertex 0.0114303 -3.5e-05 0.00207502
      endloop
   endfacet
   facet normal 0 -1 0
      outer loop
         vertex 0.00981592 -3.5e-05 0.00315869
         vertex 0.0099822 -3.5e-05 0.00275725
         vertex 0.010287 -3.5e-05 0.00276736
      endloop
   endfacet
   facet normal 0 -1 0
      outer loop
         vertex 0.0099822 -3.5e-05 0.00275725
         vertex 0.010287 -3.5e-05 0.0024384
         vertex 0.010287 -3.5e-05 0.0026416
      endloop
   endfacet
   facet normal 0 -1 0
      outer loop
         vertex 0.0097885 -3.5e-05 0.0034436
         vertex 0.00973159 -3.5e-05 0.00324302
         vertex 0.00981592 -3.5e-05 0.00315869
      endloop
   endfacet
   facet normal 0 -1 0
      outer loop
         vertex 0.00973159 -3.5e-05 0.00324302
         vertex 0.0097885 -3.5e-05 0.0034436
         vertex 0.00973159 -3.5e-05 0.0033867
      endloop
   endfacet
   facet normal 0 -1 0
      outer loop
         vertex 0.0108207 -3.5e-05 0.0043133
         vertex 0.0097885 -3.5e-05 0.0042117
         vertex 0.0097885 -3.5e-05 0.0034436
      endloop
   endfacet
   facet normal 0 -1 0
      outer loop
         vertex 0.0097885 -3.5e-05 0.0042117
         vertex 0.0108207 -3.5e-05 0.0043133
         vertex 0.0098901 -3.5e-05 0.0043133
      endloop
   endfacet
   facet normal 0 -1 0
      outer loop
         vertex 0.0112563 -3.5e-05 0.0042625
         vertex 0.0109412 -3.5e-05 0.00443387
         vertex 0.0108207 -3.5e-05 0.0043133
      endloop
   endfacet
   facet normal 0 -1 0
      outer loop
         vertex 0.0109412 -3.5e-05 0.00443387
         vertex 0.0112563 -3.5e-05 0.0042625
         vertex 0.0110849 -3.5e-05 0.00443387
      endloop
   endfacet
   facet normal 0 -1 0
      outer loop
         vertex 0.0112563 -3.5e-05 0.0042625
         vertex 0.0112026 -3.5e-05 0.003683
         vertex 0.0113284 -3.5e-05 0.003683
      endloop
   endfacet
   facet normal 0 -1 0
      outer loop
         vertex 0.0105223 -3.5e-05 0.00163365
         vertex 0.0105556 -3.5e-05 0.00165651
         vertex 0.0105842 -3.5e-05 0.00173044
      endloop
   endfacet
   facet normal 0 -1 0
      outer loop
         vertex 0.0126905 -3.5e-05 0.0049149
         vertex 0.0141224 -3.5e-05 0.00577962
         vertex 0.0141144 -3.5e-05 0.00581925
      endloop
   endfacet
   facet normal 0 -1 0
      outer loop
         vertex 0.0126905 -3.5e-05 0.0049149
         vertex 0.0126905 -3.5e-05 0.00441129
         vertex 0.0140926 -3.5e-05 0.00532454
      endloop
   endfacet
   facet normal 0 -1 0
      outer loop
         vertex 0.0122047 -3.5e-05 0.00339316
         vertex 0.0122444 -3.5e-05 0.00338574
         vertex 0.0122839 -3.5e-05 0.00339442
      endloop
   endfacet
   facet normal 0 -1 0
      outer loop
         vertex 0.0131028 -3.5e-05 0.00757697
         vertex 0.0130662 -3.5e-05 0.0075838
         vertex 0.0131678 -3.5e-05 0.0074822
      endloop
   endfacet
   facet normal 0 -1 0
      outer loop
         vertex 0.0118258 -3.5e-05 0.0075838
         vertex 0.0130476 -3.5e-05 0.006691
         vertex 0.0130662 -3.5e-05 0.006691
      endloop
   endfacet
   facet normal 0 -1 0
      outer loop
         vertex 0.0125476 -3.5e-05 0.006437
         vertex 0.0125476 -3.5e-05 0.006691
         vertex 0.0123444 -3.5e-05 0.006691
      endloop
   endfacet
   facet normal 0 -1 0
      outer loop
         vertex 0.0128444 -3.5e-05 0.006691
         vertex 0.0130476 -3.5e-05 0.006691
         vertex 0.0118258 -3.5e-05 0.0075838
      endloop
   endfacet
   facet normal 0 -1 0
      outer loop
         vertex 0.0126905 -3.5e-05 0.0051181
         vertex 0.0130476 -3.5e-05 0.005708
         vertex 0.0128444 -3.5e-05 0.005708
      endloop
   endfacet
   facet normal 0 -1 0
      outer loop
         vertex 0.0130476 -3.5e-05 0.005962
         vertex 0.0128444 -3.5e-05 0.006437
         vertex 0.0128444 -3.5e-05 0.005962
      endloop
   endfacet
   facet normal 0 -1 0
      outer loop
         vertex 0.0131762 -3.5e-05 0.005708
         vertex 0.0130476 -3.5e-05 0.005708
         vertex 0.0126905 -3.5e-05 0.0051181
      endloop
   endfacet
   facet normal 0 -1 0
      outer loop
         vertex 0.013325 -3.5e-05 0.0059048
         vertex 0.0138956 -3.5e-05 0.0060064
         vertex 0.0134266 -3.5e-05 0.0060064
      endloop
   endfacet
   facet normal 0 -1 0
      outer loop
         vertex 0.0117591 -3.5e-05 0.00221122
         vertex 0.0120594 -3.5e-05 0.00191109
         vertex 0.0122456 -3.5e-05 0.00218412
      endloop
   endfacet
   facet normal 0 -1 0
      outer loop
         vertex 0.0112523 -3.5e-05 0.00296962
         vertex 0.0114303 -3.5e-05 0.00300502
         vertex 0.0113284 -3.5e-05 0.00342376
      endloop
   endfacet
   facet normal 0 -1 0
      outer loop
         vertex 0.0110007 -3.5e-05 0.00236207
         vertex 0.0105465 -3.5e-05 0.0026416
         vertex 0.0111375 -3.5e-05 0.0017
      endloop
   endfacet
   facet normal 0 -1 0
      outer loop
         vertex 0.0114303 -3.5e-05 0.00207502
         vertex 0.0112523 -3.5e-05 0.00211042
         vertex 0.0111375 -3.5e-05 0.0017
      endloop
   endfacet
   facet normal 0 -1 0
      outer loop
         vertex 0.0120006 -3.5e-05 0.0042625
         vertex 0.0113284 -3.5e-05 0.003683
         vertex 0.0115316 -3.5e-05 0.003683
      endloop
   endfacet
   facet normal 0 -1 0
      outer loop
         vertex 0.0113284 -3.5e-05 0.003683
         vertex 0.0113284 -3.5e-05 0.00342376
         vertex 0.0115316 -3.5e-05 0.00342382
      endloop
   endfacet
   facet normal 0 -1 0
      outer loop
         vertex 0.0115316 -3.5e-05 0.00342382
         vertex 0.0122702 -3.5e-05 0.00283307
         vertex 0.0121053 -3.5e-05 0.00311944
      endloop
   endfacet
   facet normal 0 -1 0
      outer loop
         vertex 0.010287 -3.5e-05 0.0026416
         vertex 0.010287 -3.5e-05 0.00276736
         vertex 0.0099822 -3.5e-05 0.00275725
      endloop
   endfacet
   facet normal 0 -1 0
      outer loop
         vertex 0.00971052 -3.5e-05 0.00327374
         vertex 0.00973159 -3.5e-05 0.00324302
         vertex 0.00973159 -3.5e-05 0.0033867
      endloop
   endfacet
   facet normal 0 -1 0
      outer loop
         vertex 0.00979533 -3.5e-05 0.00424832
         vertex 0.0097885 -3.5e-05 0.0042117
         vertex 0.0098901 -3.5e-05 0.0043133
      endloop
   endfacet
   facet normal 0 -1 0
      outer loop
         vertex 0.010972 -3.5e-05 0.00445494
         vertex 0.0109412 -3.5e-05 0.00443387
         vertex 0.0110849 -3.5e-05 0.00443387
      endloop
   endfacet
   facet normal 0 -1 0
      outer loop
         vertex 0.0113284 -3.5e-05 0.003683
         vertex 0.0120006 -3.5e-05 0.0042625
         vertex 0.0117974 -3.5e-05 0.0042625
      endloop
   endfacet
   facet normal 0 -1 0
      outer loop
         vertex 0.0105556 -3.5e-05 0.00165651
         vertex 0.0105774 -3.5e-05 0.00169057
         vertex 0.0105842 -3.5e-05 0.00173044
      endloop
   endfacet
   facet normal 0 -1 0
      outer loop
         vertex 0.0126905 -3.5e-05 0.0049149
         vertex 0.0139675 -3.5e-05 0.00597664
         vertex 0.0139338 -3.5e-05 0.00599897
      endloop
   endfacet
   facet normal 0 -1 0
      outer loop
         vertex 0.0126905 -3.5e-05 0.0049149
         vertex 0.0141224 -3.5e-05 0.00539638
         vertex 0.0141224 -3.5e-05 0.00577962
      endloop
   endfacet
   facet normal 0 -1 0
      outer loop
         vertex 0.0140926 -3.5e-05 0.00532454
         vertex 0.014115 -3.5e-05 0.00535825
         vertex 0.0126905 -3.5e-05 0.0049149
      endloop
   endfacet
   facet normal 0 -1 0
      outer loop
         vertex 0.0123169 -3.5e-05 0.00341782
         vertex 0.0123381 -3.5e-05 0.00345222
         vertex 0.012171 -3.5e-05 0.00341549
      endloop
   endfacet
   facet normal 0 -1 0
      outer loop
         vertex 0.013161 -3.5e-05 0.00675598
         vertex 0.0131678 -3.5e-05 0.0067926
         vertex 0.0118258 -3.5e-05 0.0075838
      endloop
   endfacet
   facet normal 0 -1 0
      outer loop
         vertex 0.0128444 -3.5e-05 0.006691
         vertex 0.0130476 -3.5e-05 0.006437
         vertex 0.0130476 -3.5e-05 0.006691
      endloop
   endfacet
   facet normal 0 -1 0
      outer loop
         vertex 0.013071 -3.5e-05 0.006437
         vertex 0.0130476 -3.5e-05 0.006437
         vertex 0.0130476 -3.5e-05 0.005962
      endloop
   endfacet
   facet normal 0 -1 0
      outer loop
         vertex 0.0128444 -3.5e-05 0.005962
         vertex 0.0128444 -3.5e-05 0.005708
         vertex 0.0130476 -3.5e-05 0.005708
      endloop
   endfacet
   facet normal 0 -1 0
      outer loop
         vertex 0.012821 -3.5e-05 0.005962
         vertex 0.0128444 -3.5e-05 0.005962
         vertex 0.0128444 -3.5e-05 0.006437
      endloop
   endfacet
   facet normal 0 -1 0
      outer loop
         vertex 0.0126905 -3.5e-05 0.0051181
         vertex 0.0126905 -3.5e-05 0.0049149
         vertex 0.0131762 -3.5e-05 0.005708
      endloop
   endfacet
   facet normal 0 -1 0
      outer loop
         vertex 0.0117974 -3.5e-05 0.0045165
         vertex 0.0120006 -3.5e-05 0.0045165
         vertex 0.0124365 -3.5e-05 0.0049149
      endloop
   endfacet
   facet normal 0 -1 0
      outer loop
         vertex 0.0138956 -3.5e-05 0.0060064
         vertex 0.013325 -3.5e-05 0.00585679
         vertex 0.0131762 -3.5e-05 0.005708
      endloop
   endfacet
   facet normal 0 -1 0
      outer loop
         vertex 0.0133318 -3.5e-05 0.00594143
         vertex 0.013325 -3.5e-05 0.0059048
         vertex 0.0134266 -3.5e-05 0.0060064
      endloop
   endfacet
   facet normal 0 -1 0
      outer loop
         vertex 0.0118953 -3.5e-05 0.00254002
         vertex 0.0123192 -3.5e-05 0.00250627
         vertex 0.0122702 -3.5e-05 0.00283307
      endloop
   endfacet
   facet normal 0 -1 0
      outer loop
         vertex 0.0112523 -3.5e-05 0.00211042
         vertex 0.0111015 -3.5e-05 0.00221122
         vertex 0.0111375 -3.5e-05 0.0017
      endloop
   endfacet
   facet normal 0 -1 0
      outer loop
         vertex 0.0115316 -3.5e-05 0.00342382
         vertex 0.0115316 -3.5e-05 0.003683
         vertex 0.0113284 -3.5e-05 0.003683
      endloop
   endfacet
   facet normal 0 -1 0
      outer loop
         vertex 0.0121053 -3.5e-05 0.00311944
         vertex 0.0118472 -3.5e-05 0.00332585
         vertex 0.0115316 -3.5e-05 0.00342382
      endloop
   endfacet
   facet normal 0 -1 0
      outer loop
         vertex 0.00981592 -3.5e-05 0.00315869
         vertex 0.010461 -3.5e-05 0.00318746
         vertex 0.0097885 -3.5e-05 0.0034436
      endloop
   endfacet
   facet normal 0 -1 0
      outer loop
         vertex 0.0108207 -3.5e-05 0.0043133
         vertex 0.010461 -3.5e-05 0.00318746
         vertex 0.0112563 -3.5e-05 0.0042625
      endloop
   endfacet
   facet normal 0 -1 0
      outer loop
         vertex 0.0112563 -3.5e-05 0.0042625
         vertex 0.0107825 -3.5e-05 0.00350899
         vertex 0.0112026 -3.5e-05 0.003683
      endloop
   endfacet
   facet normal 0 -1 0
      outer loop
         vertex 0.00981592 -3.5e-05 0.00192131
         vertex 0.00989654 -3.5e-05 0.00165536
         vertex 0.00993025 -3.5e-05 0.00163303
      endloop
   endfacet
   facet normal 0 -1 0
      outer loop
         vertex 0.00977403 -3.5e-05 0.00178753
         vertex 0.00979509 -3.5e-05 0.00190048
         vertex 0.00977276 -3.5e-05 0.00186677
      endloop
   endfacet
   facet normal 0 -1 0
      outer loop
         vertex 0.0104827 -3.5e-05 0.0016256
         vertex 0.0105545 -3.5e-05 0.00179904
         vertex 0.010461 -3.5e-05 0.00189254
      endloop
   endfacet
   facet normal 0 -1 0
      outer loop
         vertex 0.0105842 -3.5e-05 0.00173044
         vertex 0.0105749 -3.5e-05 0.00176979
         vertex 0.0104827 -3.5e-05 0.0016256
      endloop
   endfacet
   facet normal 0 -1 0
      outer loop
         vertex 0.0125417 -3.5e-05 0.0042625
         vertex 0.0115316 -3.5e-05 0.003683
         vertex 0.0116574 -3.5e-05 0.003683
      endloop
   endfacet
   facet normal 0 -1 0
      outer loop
         vertex 0.0123444 -3.5e-05 0.0035763
         vertex 0.0140926 -3.5e-05 0.00532454
         vertex 0.0126905 -3.5e-05 0.00441129
      endloop
   endfacet
   facet normal 0 -1 0
      outer loop
         vertex 0.0126905 -3.5e-05 0.0049149
         vertex 0.0140926 -3.5e-05 0.00585146
         vertex 0.0139675 -3.5e-05 0.00597664
      endloop
   endfacet
   facet normal 0 -1 0
      outer loop
         vertex 0.014115 -3.5e-05 0.00535825
         vertex 0.0141224 -3.5e-05 0.00539638
         vertex 0.0126905 -3.5e-05 0.0049149
      endloop
   endfacet
   facet normal 0 -1 0
      outer loop
         vertex 0.0123444 -3.5e-05 0.00348733
         vertex 0.0120775 -3.5e-05 0.00350899
         vertex 0.012171 -3.5e-05 0.00341549
      endloop
   endfacet
   facet normal 0 -1 0
      outer loop
         vertex 0.0123444 -3.5e-05 0.006437
         vertex 0.012321 -3.5e-05 0.006437
         vertex 0.012321 -3.5e-05 0.005962
      endloop
   endfacet
   facet normal 0 -1 0
      outer loop
         vertex 0.0130476 -3.5e-05 0.005962
         vertex 0.013071 -3.5e-05 0.005962
         vertex 0.013071 -3.5e-05 0.006437
      endloop
   endfacet
   facet normal 0 -1 0
      outer loop
         vertex 0.0128444 -3.5e-05 0.006437
         vertex 0.012821 -3.5e-05 0.006437
         vertex 0.012821 -3.5e-05 0.005962
      endloop
   endfacet
   facet normal 0 -1 0
      outer loop
         vertex 0.0124365 -3.5e-05 0.0049149
         vertex 0.0126905 -3.5e-05 0.0051181
         vertex 0.0117974 -3.5e-05 0.0045165
      endloop
   endfacet
   facet normal 0 -1 0
      outer loop
         vertex 0.013325 -3.5e-05 0.0059048
         vertex 0.013325 -3.5e-05 0.00585679
         vertex 0.0138956 -3.5e-05 0.0060064
      endloop
   endfacet
   facet normal 0 -1 0
      outer loop
         vertex 0.0110007 -3.5e-05 0.00236207
         vertex 0.0109653 -3.5e-05 0.00254002
         vertex 0.0105465 -3.5e-05 0.0026416
      endloop
   endfacet
   facet normal 0 -1 0
      outer loop
         vertex 0.0115316 -3.5e-05 0.00342382
         vertex 0.0113284 -3.5e-05 0.00342376
         vertex 0.0122702 -3.5e-05 0.00283307
      endloop
   endfacet
   facet normal 0 -1 0
      outer loop
         vertex 0.0097885 -3.5e-05 0.0034436
         vertex 0.010461 -3.5e-05 0.00318746
         vertex 0.0108207 -3.5e-05 0.0043133
      endloop
   endfacet
   facet normal 0 -1 0
      outer loop
         vertex 0.0112563 -3.5e-05 0.0042625
         vertex 0.010461 -3.5e-05 0.00318746
         vertex 0.0107825 -3.5e-05 0.00350899
      endloop
   endfacet
   facet normal 0 -1 0
      outer loop
         vertex 0.0111375 -3.5e-05 0.0017
         vertex 0.0105465 -3.5e-05 0.0024384
         vertex 0.0106446 -3.5e-05 0.00212283
      endloop
   endfacet
   facet normal 0 -1 0
      outer loop
         vertex 0.00981592 -3.5e-05 0.00192131
         vertex 0.00979509 -3.5e-05 0.0017568
         vertex 0.00989654 -3.5e-05 0.00165536
      endloop
   endfacet
   facet normal 0 -1 0
      outer loop
         vertex 0.00977276 -3.5e-05 0.00186677
         vertex 0.00976535 -3.5e-05 0.00182702
         vertex 0.00977403 -3.5e-05 0.00178753
      endloop
   endfacet
   facet normal 0 -1 0
      outer loop
         vertex 0.00981592 -3.5e-05 0.00192131
         vertex 0.010461 -3.5e-05 0.00189254
         vertex 0.010287 -3.5e-05 0.00231264
      endloop
   endfacet
   facet normal 0 -1 0
      outer loop
         vertex 0.0105749 -3.5e-05 0.00176979
         vertex 0.0105545 -3.5e-05 0.00179904
         vertex 0.0104827 -3.5e-05 0.0016256
      endloop
   endfacet
   facet normal 0 -1 0
      outer loop
         vertex 0.0126905 -3.5e-05 0.00441129
         vertex 0.0125417 -3.5e-05 0.0042625
         vertex 0.0123444 -3.5e-05 0.0035763
      endloop
   endfacet
   facet normal 0 -1 0
      outer loop
         vertex 0.0141144 -3.5e-05 0.00581925
         vertex 0.0140926 -3.5e-05 0.00585146
         vertex 0.0126905 -3.5e-05 0.0049149
      endloop
   endfacet
   facet normal 0 -1 0
      outer loop
         vertex 0.0123381 -3.5e-05 0.00345222
         vertex 0.0123444 -3.5e-05 0.00348733
         vertex 0.012171 -3.5e-05 0.00341549
      endloop
   endfacet
   facet normal 0 -1 0
      outer loop
         vertex 0.0130476 -3.5e-05 0.006437
         vertex 0.0128444 -3.5e-05 0.006691
         vertex 0.0130476 -3.5e-05 0.005962
      endloop
   endfacet
   facet normal 0 -1 0
      outer loop
         vertex 0.0130476 -3.5e-05 0.005962
         vertex 0.0128444 -3.5e-05 0.006691
         vertex 0.0128444 -3.5e-05 0.006437
      endloop
   endfacet
   facet normal 0 -1 0
      outer loop
         vertex 0.0131762 -3.5e-05 0.005708
         vertex 0.0126905 -3.5e-05 0.0049149
         vertex 0.0138956 -3.5e-05 0.0060064
      endloop
   endfacet
   facet normal 0 -1 0
      outer loop
         vertex 0.0120006 -3.5e-05 0.0042625
         vertex 0.0120006 -3.5e-05 0.0045165
         vertex 0.0117974 -3.5e-05 0.0045165
      endloop
   endfacet
   facet normal 0 -1 0
      outer loop
         vertex 0.0115316 -3.5e-05 0.003683
         vertex 0.0125417 -3.5e-05 0.0042625
         vertex 0.0120006 -3.5e-05 0.0042625
      endloop
   endfacet
   facet normal 0 -1 0
      outer loop
         vertex 0.0113284 -3.5e-05 0.003683
         vertex 0.0117974 -3.5e-05 0.0042625
         vertex 0.0112563 -3.5e-05 0.0042625
      endloop
   endfacet
   facet normal 0 -1 0
      outer loop
         vertex 0.0111375 -3.5e-05 0.0017
         vertex 0.0105465 -3.5e-05 0.0026416
         vertex 0.0105465 -3.5e-05 0.0024384
      endloop
   endfacet
   facet normal 0 -1 0
      outer loop
         vertex 0.010287 -3.5e-05 0.0024384
         vertex 0.0105465 -3.5e-05 0.0024384
         vertex 0.0105465 -3.5e-05 0.0026416
      endloop
   endfacet
   facet normal 0 -1 0
      outer loop
         vertex 0.00993025 -3.5e-05 0.00163303
         vertex 0.00996838 -3.5e-05 0.0016256
         vertex 0.00981592 -3.5e-05 0.00192131
      endloop
   endfacet
   facet normal 0 -1 0
      outer loop
         vertex 0.00979509 -3.5e-05 0.0017568
         vertex 0.00981592 -3.5e-05 0.00192131
         vertex 0.00979509 -3.5e-05 0.00190048
      endloop
   endfacet
   facet normal 0 -1 0
      outer loop
         vertex 0.0099822 -3.5e-05 0.00232275
         vertex 0.010287 -3.5e-05 0.00231264
         vertex 0.010287 -3.5e-05 0.0024384
      endloop
   endfacet
   facet normal 0 -1 0
      outer loop
         vertex 0.010461 -3.5e-05 0.00189254
         vertex 0.00981592 -3.5e-05 0.00192131
         vertex 0.0104827 -3.5e-05 0.0016256
      endloop
   endfacet
   facet normal 0 -1 0
      outer loop
         vertex 0.0139338 -3.5e-05 0.00599897
         vertex 0.0138956 -3.5e-05 0.0060064
         vertex 0.0126905 -3.5e-05 0.0049149
      endloop
   endfacet
   facet normal 0 -1 0
      outer loop
         vertex 0.0123444 -3.5e-05 0.0035763
         vertex 0.0116574 -3.5e-05 0.003683
         vertex 0.0120775 -3.5e-05 0.00350899
      endloop
   endfacet
   facet normal 0 -1 0
      outer loop
         vertex 0.0126905 -3.5e-05 0.0056064
         vertex 0.0126905 -3.5e-05 0.0051181
         vertex 0.0128444 -3.5e-05 0.005708
      endloop
   endfacet
   facet normal 0 -1 0
      outer loop
         vertex 0.0117974 -3.5e-05 0.0045165
         vertex 0.0117974 -3.5e-05 0.0042625
         vertex 0.0120006 -3.5e-05 0.0042625
      endloop
   endfacet
   facet normal 0 -1 0
      outer loop
         vertex 0.010287 -3.5e-05 0.00276736
         vertex 0.010461 -3.5e-05 0.00318746
         vertex 0.00981592 -3.5e-05 0.00315869
      endloop
   endfacet
   facet normal 0 -1 0
      outer loop
         vertex 0.0105465 -3.5e-05 0.0026416
         vertex 0.010287 -3.5e-05 0.0026416
         vertex 0.010287 -3.5e-05 0.0024384
      endloop
   endfacet
   facet normal 0 -1 0
      outer loop
         vertex 0.00977403 -3.5e-05 0.00178753
         vertex 0.00979509 -3.5e-05 0.0017568
         vertex 0.00979509 -3.5e-05 0.00190048
      endloop
   endfacet
   facet normal 0 -1 0
      outer loop
         vertex 0.010287 -3.5e-05 0.00231264
         vertex 0.0099822 -3.5e-05 0.00232275
         vertex 0.00981592 -3.5e-05 0.00192131
      endloop
   endfacet
   facet normal 0 -1 0
      outer loop
         vertex 0.0123444 -3.5e-05 0.00348733
         vertex 0.0123444 -3.5e-05 0.0035763
         vertex 0.0120775 -3.5e-05 0.00350899
      endloop
   endfacet
   facet normal 0 -1 0
      outer loop
         vertex 0.0126905 -3.5e-05 0.0051181
         vertex 0.0124365 -3.5e-05 0.0049149
         vertex 0.0126905 -3.5e-05 0.0049149
      endloop
   endfacet
   facet normal 0 -1 0
      outer loop
         vertex 0.0106446 -3.5e-05 0.00212283
         vertex 0.0108511 -3.5e-05 0.00186483
         vertex 0.0111375 -3.5e-05 0.0017
      endloop
   endfacet
   facet normal 0 -1 0
      outer loop
         vertex 0.010287 -3.5e-05 0.0024384
         vertex 0.0099822 -3.5e-05 0.00275725
         vertex 0.0099822 -3.5e-05 0.00232275
      endloop
   endfacet
   facet normal 0 -1 0
      outer loop
         vertex 0.0130662 -3.5e-05 0.0075838
         vertex 0.0118258 -3.5e-05 0.0075838
         vertex 0.0131678 -3.5e-05 0.0067926
      endloop
   endfacet
   facet normal 0 -1 0
      outer loop
         vertex 0.0113615 -3.5e-05 0.0055165
         vertex 0.0117974 -3.5e-05 0.0045165
         vertex 0.0124365 -3.5e-05 0.0051181
      endloop
   endfacet
   facet normal 0 -1 0
      outer loop
         vertex 0.00996838 -3.5e-05 0.0016256
         vertex 0.0104827 -3.5e-05 0.0016256
         vertex 0.00981592 -3.5e-05 0.00192131
      endloop
   endfacet
   facet normal 0 -1 0
      outer loop
         vertex 0.0116574 -3.5e-05 0.003683
         vertex 0.0123444 -3.5e-05 0.0035763
         vertex 0.0125417 -3.5e-05 0.0042625
      endloop
   endfacet
   facet normal 0 -1 0
      outer loop
         vertex 0.0113615 -3.5e-05 0.0055165
         vertex 0.0113615 -3.5e-05 0.0045165
         vertex 0.0117974 -3.5e-05 0.0045165
      endloop
   endfacet
   facet normal 0 -1 0
      outer loop
         vertex 0.0120006 -3.5e-05 0.0045165
         vertex 0.0124365 -3.5e-05 0.0045165
         vertex 0.0124365 -3.5e-05 0.0049149
      endloop
   endfacet
   facet normal 0 -1 0
      outer loop
         vertex 0.0117974 -3.5e-05 0.0045165
         vertex 0.0126905 -3.5e-05 0.0051181
         vertex 0.0124365 -3.5e-05 0.0051181
      endloop
   endfacet
   facet normal 0 -1 0
      outer loop
         vertex 0.0124365 -3.5e-05 0.0051181
         vertex 0.0124365 -3.5e-05 0.0055165
         vertex 0.0113615 -3.5e-05 0.0055165
      endloop
   endfacet
   facet normal 0 -1 0
      outer loop
         vertex 0.0116082 -3.5e-05 0.00211042
         vertex 0.0114303 -3.5e-05 0.00207502
         vertex 0.0114643 -3.5e-05 0.00165108
      endloop
   endfacet
   facet normal -1 0 0
      outer loop
         vertex 0.0113615 -3.5e-05 0.0055165
         vertex 0.0113615 0 0.0055165
         vertex 0.0113615 0 0.0045165
      endloop
   endfacet
   facet normal -1 0 0
      outer loop
         vertex 0.0113615 0 0.0045165
         vertex 0.0113615 -3.5e-05 0.0045165
         vertex 0.0113615 -3.5e-05 0.0055165
      endloop
   endfacet
   facet normal 0 0 -1
      outer loop
         vertex 0.0113615 -3.5e-05 0.0045165
         vertex 0.0113615 0 0.0045165
         vertex 0.0117974 0 0.0045165
      endloop
   endfacet
   facet normal 0 0 -1
      outer loop
         vertex 0.0117974 0 0.0045165
         vertex 0.0117974 -3.5e-05 0.0045165
         vertex 0.0113615 -3.5e-05 0.0045165
      endloop
   endfacet
   facet normal -1 0 0
      outer loop
         vertex 0.0117974 -3.5e-05 0.0045165
         vertex 0.0117974 0 0.0045165
         vertex 0.0117974 0 0.0042625
      endloop
   endfacet
   facet normal -1 0 0
      outer loop
         vertex 0.0117974 0 0.0042625
         vertex 0.0117974 -3.5e-05 0.0042625
         vertex 0.0117974 -3.5e-05 0.0045165
      endloop
   endfacet
   facet normal 0 0 1
      outer loop
         vertex 0.0117974 -3.5e-05 0.0042625
         vertex 0.0117974 0 0.0042625
         vertex 0.0112563 0 0.0042625
      endloop
   endfacet
   facet normal 0 0 1
      outer loop
         vertex 0.0112563 0 0.0042625
         vertex 0.0112563 -3.5e-05 0.0042625
         vertex 0.0117974 -3.5e-05 0.0042625
      endloop
   endfacet
   facet normal 0.707107 0 0.707107
      outer loop
         vertex 0.0112563 -3.5e-05 0.0042625
         vertex 0.0112563 0 0.0042625
         vertex 0.0110849 0 0.00443387
      endloop
   endfacet
   facet normal 0.707107 0 0.707107
      outer loop
         vertex 0.0110849 0 0.00443387
         vertex 0.0110849 -3.5e-05 0.00443387
         vertex 0.0112563 -3.5e-05 0.0042625
      endloop
   endfacet
   facet normal 0.552273 0 0.833663
      outer loop
         vertex 0.0110849 -3.5e-05 0.00443387
         vertex 0.0110849 0 0.00443387
         vertex 0.0110512 0 0.0044562
      endloop
   endfacet
   facet normal 0.552273 0 0.833663
      outer loop
         vertex 0.0110512 0 0.0044562
         vertex 0.0110512 -3.5e-05 0.0044562
         vertex 0.0110849 -3.5e-05 0.00443387
      endloop
   endfacet
   facet normal 0.183392 0 0.98304
      outer loop
         vertex 0.0110512 -3.5e-05 0.0044562
         vertex 0.0110512 0 0.0044562
         vertex 0.0110115 0 0.00446362
      endloop
   endfacet
   facet normal 0.183392 0 0.98304
      outer loop
         vertex 0.0110115 0 0.00446362
         vertex 0.0110115 -3.5e-05 0.00446362
         vertex 0.0110512 -3.5e-05 0.0044562
      endloop
   endfacet
   facet normal -0.214612 0 0.976699
      outer loop
         vertex 0.0110115 -3.5e-05 0.00446362
         vertex 0.0110115 0 0.00446362
         vertex 0.010972 0 0.00445494
      endloop
   endfacet
   facet normal -0.214612 0 0.976699
      outer loop
         vertex 0.010972 0 0.00445494
         vertex 0.010972 -3.5e-05 0.00445494
         vertex 0.0110115 -3.5e-05 0.00446362
      endloop
   endfacet
   facet normal -0.565478 0 0.824763
      outer loop
         vertex 0.010972 -3.5e-05 0.00445494
         vertex 0.010972 0 0.00445494
         vertex 0.0109412 0 0.00443387
      endloop
   endfacet
   facet normal -0.565478 0 0.824763
      outer loop
         vertex 0.0109412 0 0.00443387
         vertex 0.0109412 -3.5e-05 0.00443387
         vertex 0.010972 -3.5e-05 0.00445494
      endloop
   endfacet
   facet normal -0.707107 0 0.707107
      outer loop
         vertex 0.0109412 -3.5e-05 0.00443387
         vertex 0.0109412 0 0.00443387
         vertex 0.0108207 0 0.0043133
      endloop
   endfacet
   facet normal -0.707107 0 0.707107
      outer loop
         vertex 0.0108207 0 0.0043133
         vertex 0.0108207 -3.5e-05 0.0043133
         vertex 0.0109412 -3.5e-05 0.00443387
      endloop
   endfacet
   facet normal 0 0 1
      outer loop
         vertex 0.0108207 -3.5e-05 0.0043133
         vertex 0.0108207 0 0.0043133
         vertex 0.0098901 0 0.0043133
      endloop
   endfacet
   facet normal 0 0 1
      outer loop
         vertex 0.0098901 0 0.0043133
         vertex 0.0098901 -3.5e-05 0.0043133
         vertex 0.0108207 -3.5e-05 0.0043133
      endloop
   endfacet
   facet normal -0.199 0 0.98
      outer loop
         vertex 0.0098901 -3.5e-05 0.0043133
         vertex 0.0098901 0 0.0043133
         vertex 0.00985047 0 0.00430525
      endloop
   endfacet
   facet normal -0.199 0 0.98
      outer loop
         vertex 0.00985047 0 0.00430525
         vertex 0.00985047 -3.5e-05 0.00430525
         vertex 0.0098901 -3.5e-05 0.0043133
      endloop
   endfacet
   facet normal -0.565478 0 0.824763
      outer loop
         vertex 0.00985047 -3.5e-05 0.00430525
         vertex 0.00985047 0 0.00430525
         vertex 0.00981712 0 0.00428239
      endloop
   endfacet
   facet normal -0.565478 0 0.824763
      outer loop
         vertex 0.00981712 0 0.00428239
         vertex 0.00981712 -3.5e-05 0.00428239
         vertex 0.00985047 -3.5e-05 0.00430525
      endloop
   endfacet
   facet normal -0.842372 0 0.538896
      outer loop
         vertex 0.00981712 -3.5e-05 0.00428239
         vertex 0.00981712 0 0.00428239
         vertex 0.00979533 0 0.00424832
      endloop
   endfacet
   facet normal -0.842372 0 0.538896
      outer loop
         vertex 0.00979533 0 0.00424832
         vertex 0.00979533 -3.5e-05 0.00424832
         vertex 0.00981712 -3.5e-05 0.00428239
      endloop
   endfacet
   facet normal -0.983048 0 0.18335
      outer loop
         vertex 0.00979533 -3.5e-05 0.00424832
         vertex 0.00979533 0 0.00424832
         vertex 0.0097885 0 0.0042117
      endloop
   endfacet
   facet normal -0.983048 0 0.18335
      outer loop
         vertex 0.0097885 0 0.0042117
         vertex 0.0097885 -3.5e-05 0.0042117
         vertex 0.00979533 -3.5e-05 0.00424832
      endloop
   endfacet
   facet normal -1 0 0
      outer loop
         vertex 0.0097885 -3.5e-05 0.0042117
         vertex 0.0097885 0 0.0042117
         vertex 0.0097885 0 0.0034436
      endloop
   endfacet
   facet normal -1 0 0
      outer loop
         vertex 0.0097885 0 0.0034436
         vertex 0.0097885 -3.5e-05 0.0034436
         vertex 0.0097885 -3.5e-05 0.0042117
      endloop
   endfacet
   facet normal -0.707107 0 0.707107
      outer loop
         vertex 0.0097885 -3.5e-05 0.0034436
         vertex 0.0097885 0 0.0034436
         vertex 0.00973159 0 0.0033867
      endloop
   endfacet
   facet normal -0.707107 0 0.707107
      outer loop
         vertex 0.00973159 0 0.0033867
         vertex 0.00973159 -3.5e-05 0.0033867
         vertex 0.0097885 -3.5e-05 0.0034436
      endloop
   endfacet
   facet normal -0.833663 0 0.552273
      outer loop
         vertex 0.00973159 -3.5e-05 0.0033867
         vertex 0.00973159 0 0.0033867
         vertex 0.00970926 0 0.00335299
      endloop
   endfacet
   facet normal -0.833663 0 0.552273
      outer loop
         vertex 0.00970926 0 0.00335299
         vertex 0.00970926 -3.5e-05 0.00335299
         vertex 0.00973159 -3.5e-05 0.0033867
      endloop
   endfacet
   facet normal -0.983048 0 0.18335
      outer loop
         vertex 0.00970926 -3.5e-05 0.00335299
         vertex 0.00970926 0 0.00335299
         vertex 0.00970185 0 0.00331324
      endloop
   endfacet
   facet normal -0.983048 0 0.18335
      outer loop
         vertex 0.00970185 0 0.00331324
         vertex 0.00970185 -3.5e-05 0.00331324
         vertex 0.00970926 -3.5e-05 0.00335299
      endloop
   endfacet
   facet normal -0.976699 0 -0.214614
      outer loop
         vertex 0.00970185 -3.5e-05 0.00331324
         vertex 0.00970185 0 0.00331324
         vertex 0.00971052 0 0.00327374
      endloop
   endfacet
   facet normal -0.976699 0 -0.214614
      outer loop
         vertex 0.00971052 0 0.00327374
         vertex 0.00971052 -3.5e-05 0.00327374
         vertex 0.00970185 -3.5e-05 0.00331324
      endloop
   endfacet
   facet normal -0.824753 0 -0.565492
      outer loop
         vertex 0.00971052 -3.5e-05 0.00327374
         vertex 0.00971052 0 0.00327374
         vertex 0.00973159 0 0.00324302
      endloop
   endfacet
   facet normal -0.824753 0 -0.565492
      outer loop
         vertex 0.00973159 0 0.00324302
         vertex 0.00973159 -3.5e-05 0.00324302
         vertex 0.00971052 -3.5e-05 0.00327374
      endloop
   endfacet
   facet normal -0.707107 0 -0.707107
      outer loop
         vertex 0.00973159 -3.5e-05 0.00324302
         vertex 0.00973159 0 0.00324302
         vertex 0.00981592 0 0.00315869
      endloop
   endfacet
   facet normal -0.707107 0 -0.707107
      outer loop
         vertex 0.00981592 0 0.00315869
         vertex 0.00981592 -3.5e-05 0.00315869
         vertex 0.00973159 -3.5e-05 0.00324302
      endloop
   endfacet
   facet normal -0.92388 0 -0.382682
      outer loop
         vertex 0.00981592 -3.5e-05 0.00315869
         vertex 0.00981592 0 0.00315869
         vertex 0.0099822 0 0.00275725
      endloop
   endfacet
   facet normal -0.92388 0 -0.382682
      outer loop
         vertex 0.0099822 0 0.00275725
         vertex 0.0099822 -3.5e-05 0.00275725
         vertex 0.00981592 -3.5e-05 0.00315869
      endloop
   endfacet
   facet normal -1 0 0
      outer loop
         vertex 0.0099822 -3.5e-05 0.00275725
         vertex 0.0099822 0 0.00275725
         vertex 0.0099822 0 0.00232275
      endloop
   endfacet
   facet normal -1 0 0
      outer loop
         vertex 0.0099822 0 0.00232275
         vertex 0.0099822 -3.5e-05 0.00232275
         vertex 0.0099822 -3.5e-05 0.00275725
      endloop
   endfacet
   facet normal -0.92388 0 0.382682
      outer loop
         vertex 0.0099822 -3.5e-05 0.00232275
         vertex 0.0099822 0 0.00232275
         vertex 0.00981592 0 0.00192131
      endloop
   endfacet
   facet normal -0.92388 0 0.382682
      outer loop
         vertex 0.00981592 0 0.00192131
         vertex 0.00981592 -3.5e-05 0.00192131
         vertex 0.0099822 -3.5e-05 0.00232275
      endloop
   endfacet
   facet normal -0.707107 0 0.707107
      outer loop
         vertex 0.00981592 -3.5e-05 0.00192131
         vertex 0.00981592 0 0.00192131
         vertex 0.00979509 0 0.00190048
      endloop
   endfacet
   facet normal -0.707107 0 0.707107
      outer loop
         vertex 0.00979509 0 0.00190048
         vertex 0.00979509 -3.5e-05 0.00190048
         vertex 0.00981592 -3.5e-05 0.00192131
      endloop
   endfacet
   facet normal -0.833663 0 0.552273
      outer loop
         vertex 0.00979509 -3.5e-05 0.00190048
         vertex 0.00979509 0 0.00190048
         vertex 0.00977276 0 0.00186677
      endloop
   endfacet
   facet normal -0.833663 0 0.552273
      outer loop
         vertex 0.00977276 0 0.00186677
         vertex 0.00977276 -3.5e-05 0.00186677
         vertex 0.00979509 -3.5e-05 0.00190048
      endloop
   endfacet
   facet normal -0.983048 0 0.18335
      outer loop
         vertex 0.00977276 -3.5e-05 0.00186677
         vertex 0.00977276 0 0.00186677
         vertex 0.00976535 0 0.00182702
      endloop
   endfacet
   facet normal -0.983048 0 0.18335
      outer loop
         vertex 0.00976535 0 0.00182702
         vertex 0.00976535 -3.5e-05 0.00182702
         vertex 0.00977276 -3.5e-05 0.00186677
      endloop
   endfacet
   facet normal -0.976699 0 -0.214614
      outer loop
         vertex 0.00976535 -3.5e-05 0.00182702
         vertex 0.00976535 0 0.00182702
         vertex 0.00977403 0 0.00178753
      endloop
   endfacet
   facet normal -0.976699 0 -0.214614
      outer loop
         vertex 0.00977403 0 0.00178753
         vertex 0.00977403 -3.5e-05 0.00178753
         vertex 0.00976535 -3.5e-05 0.00182702
      endloop
   endfacet
   facet normal -0.824753 0 -0.565492
      outer loop
         vertex 0.00977403 -3.5e-05 0.00178753
         vertex 0.00977403 0 0.00178753
         vertex 0.00979509 0 0.0017568
      endloop
   endfacet
   facet normal -0.824753 0 -0.565492
      outer loop
         vertex 0.00979509 0 0.0017568
         vertex 0.00979509 -3.5e-05 0.0017568
         vertex 0.00977403 -3.5e-05 0.00178753
      endloop
   endfacet
   facet normal -0.707107 0 -0.707107
      outer loop
         vertex 0.00979509 -3.5e-05 0.0017568
         vertex 0.00979509 0 0.0017568
         vertex 0.00989654 0 0.00165536
      endloop
   endfacet
   facet normal -0.707107 0 -0.707107
      outer loop
         vertex 0.00989654 0 0.00165536
         vertex 0.00989654 -3.5e-05 0.00165536
         vertex 0.00979509 -3.5e-05 0.0017568
      endloop
   endfacet
   facet normal -0.552273 0 -0.833663
      outer loop
         vertex 0.00989654 -3.5e-05 0.00165536
         vertex 0.00989654 0 0.00165536
         vertex 0.00993025 0 0.00163303
      endloop
   endfacet
   facet normal -0.552273 0 -0.833663
      outer loop
         vertex 0.00993025 0 0.00163303
         vertex 0.00993025 -3.5e-05 0.00163303
         vertex 0.00989654 -3.5e-05 0.00165536
      endloop
   endfacet
   facet normal -0.191209 0 -0.981549
      outer loop
         vertex 0.00993025 -3.5e-05 0.00163303
         vertex 0.00993025 0 0.00163303
         vertex 0.00996838 0 0.0016256
      endloop
   endfacet
   facet normal -0.191209 0 -0.981549
      outer loop
         vertex 0.00996838 0 0.0016256
         vertex 0.00996838 -3.5e-05 0.0016256
         vertex 0.00993025 -3.5e-05 0.00163303
      endloop
   endfacet
   facet normal 0 0 -1
      outer loop
         vertex 0.00996838 -3.5e-05 0.0016256
         vertex 0.00996838 0 0.0016256
         vertex 0.0104827 0 0.0016256
      endloop
   endfacet
   facet normal 0 0 -1
      outer loop
         vertex 0.0104827 0 0.0016256
         vertex 0.0104827 -3.5e-05 0.0016256
         vertex 0.00996838 -3.5e-05 0.0016256
      endloop
   endfacet
   facet normal 0.199 0 -0.98
      outer loop
         vertex 0.0104827 -3.5e-05 0.0016256
         vertex 0.0104827 0 0.0016256
         vertex 0.0105223 0 0.00163365
      endloop
   endfacet
   facet normal 0.199 0 -0.98
      outer loop
         vertex 0.0105223 0 0.00163365
         vertex 0.0105223 -3.5e-05 0.00163365
         vertex 0.0104827 -3.5e-05 0.0016256
      endloop
   endfacet
   facet normal 0.565478 0 -0.824763
      outer loop
         vertex 0.0105223 -3.5e-05 0.00163365
         vertex 0.0105223 0 0.00163365
         vertex 0.0105556 0 0.00165651
      endloop
   endfacet
   facet normal 0.565478 0 -0.824763
      outer loop
         vertex 0.0105556 0 0.00165651
         vertex 0.0105556 -3.5e-05 0.00165651
         vertex 0.0105223 -3.5e-05 0.00163365
      endloop
   endfacet
   facet normal 0.842372 0 -0.538896
      outer loop
         vertex 0.0105556 -3.5e-05 0.00165651
         vertex 0.0105556 0 0.00165651
         vertex 0.0105774 0 0.00169057
      endloop
   endfacet
   facet normal 0.842372 0 -0.538896
      outer loop
         vertex 0.0105774 0 0.00169057
         vertex 0.0105774 -3.5e-05 0.00169057
         vertex 0.0105556 -3.5e-05 0.00165651
      endloop
   endfacet
   facet normal 0.98585 0 -0.167629
      outer loop
         vertex 0.0105774 -3.5e-05 0.00169057
         vertex 0.0105774 0 0.00169057
         vertex 0.0105842 0 0.00173044
      endloop
   endfacet
   facet normal 0.98585 0 -0.167629
      outer loop
         vertex 0.0105842 0 0.00173044
         vertex 0.0105842 -3.5e-05 0.00173044
         vertex 0.0105774 -3.5e-05 0.00169057
      endloop
   endfacet
   facet normal 0.973172 0 0.230081
      outer loop
         vertex 0.0105842 -3.5e-05 0.00173044
         vertex 0.0105842 0 0.00173044
         vertex 0.0105749 0 0.00176979
      endloop
   endfacet
   facet normal 0.973172 0 0.230081
      outer loop
         vertex 0.0105749 0 0.00176979
         vertex 0.0105749 -3.5e-05 0.00176979
         vertex 0.0105842 -3.5e-05 0.00173044
      endloop
   endfacet
   facet normal 0.820179 0 0.572107
      outer loop
         vertex 0.0105749 -3.5e-05 0.00176979
         vertex 0.0105749 0 0.00176979
         vertex 0.0105545 0 0.00179904
      endloop
   endfacet
   facet normal 0.820179 0 0.572107
      outer loop
         vertex 0.0105545 0 0.00179904
         vertex 0.0105545 -3.5e-05 0.00179904
         vertex 0.0105749 -3.5e-05 0.00176979
      endloop
   endfacet
   facet normal 0.707107 0 0.707107
      outer loop
         vertex 0.0105545 -3.5e-05 0.00179904
         vertex 0.0105545 0 0.00179904
         vertex 0.010461 0 0.00189254
      endloop
   endfacet
   facet normal 0.707107 0 0.707107
      outer loop
         vertex 0.010461 0 0.00189254
         vertex 0.010461 -3.5e-05 0.00189254
         vertex 0.0105545 -3.5e-05 0.00179904
      endloop
   endfacet
   facet normal 0.92388 0 0.382682
      outer loop
         vertex 0.010461 -3.5e-05 0.00189254
         vertex 0.010461 0 0.00189254
         vertex 0.010287 0 0.00231264
      endloop
   endfacet
   facet normal 0.92388 0 0.382682
      outer loop
         vertex 0.010287 0 0.00231264
         vertex 0.010287 -3.5e-05 0.00231264
         vertex 0.010461 -3.5e-05 0.00189254
      endloop
   endfacet
   facet normal 1 0 0
      outer loop
         vertex 0.010287 -3.5e-05 0.00231264
         vertex 0.010287 0 0.00231264
         vertex 0.010287 0 0.0024384
      endloop
   endfacet
   facet normal 1 0 0
      outer loop
         vertex 0.010287 0 0.0024384
         vertex 0.010287 -3.5e-05 0.0024384
         vertex 0.010287 -3.5e-05 0.00231264
      endloop
   endfacet
   facet normal 0 0 -1
      outer loop
         vertex 0.010287 -3.5e-05 0.0024384
         vertex 0.010287 0 0.0024384
         vertex 0.0105465 0 0.0024384
      endloop
   endfacet
   facet normal 0 0 -1
      outer loop
         vertex 0.0105465 0 0.0024384
         vertex 0.0105465 -3.5e-05 0.0024384
         vertex 0.010287 -3.5e-05 0.0024384
      endloop
   endfacet
   facet normal -0.993454 0 -0.114233
      outer loop
         vertex 0.0105465 -3.5e-05 0.0024384
         vertex 0.0105465 0 0.0024384
         vertex 0.0106446 0 0.00212283
      endloop
   endfacet
   facet normal -0.883212 0 -0.468973
      outer loop
         vertex 0.0106446 -3.5e-05 0.00212283
         vertex 0.0106446 0 0.00212283
         vertex 0.0108511 0 0.00186483
      endloop
   endfacet
   facet normal -0.651093 0 -0.758998
      outer loop
         vertex 0.0108511 -3.5e-05 0.00186483
         vertex 0.0108511 0 0.00186483
         vertex 0.0111375 0 0.0017
      endloop
   endfacet
   facet normal -0.329127 0 -0.944286
      outer loop
         vertex 0.0111375 -3.5e-05 0.0017
         vertex 0.0111375 0 0.0017
         vertex 0.0114643 0 0.00165108
      endloop
   endfacet
   facet normal 0.0382569 0 -0.999268
      outer loop
         vertex 0.0114643 -3.5e-05 0.00165108
         vertex 0.0114643 0 0.00165108
         vertex 0.0117864 0 0.00172484
      endloop
   endfacet
   facet normal 0.400361 0 -0.916357
      outer loop
         vertex 0.0117864 -3.5e-05 0.00172484
         vertex 0.0117864 0 0.00172484
         vertex 0.0120594 0 0.00191109
      endloop
   endfacet
   facet normal 0.707218 0 -0.706995
      outer loop
         vertex 0.0120594 -3.5e-05 0.00191109
         vertex 0.0120594 0 0.00191109
         vertex 0.0122456 0 0.00218412
      endloop
   endfacet
   facet normal 0.916484 0 -0.400072
      outer loop
         vertex 0.0122456 -3.5e-05 0.00218412
         vertex 0.0122456 0 0.00218412
         vertex 0.0123192 0 0.00250627
      endloop
   endfacet
   facet normal 0.99928 0 -0.0379415
      outer loop
         vertex 0.0123192 -3.5e-05 0.00250627
         vertex 0.0123192 0 0.00250627
         vertex 0.0122702 0 0.00283307
      endloop
   endfacet
   facet normal 0.944182 0 0.329425
      outer loop
         vertex 0.0122702 -3.5e-05 0.00283307
         vertex 0.0122702 0 0.00283307
         vertex 0.0121053 0 0.00311944
      endloop
   endfacet
   facet normal 0.758792 0 0.651332
      outer loop
         vertex 0.0121053 -3.5e-05 0.00311944
         vertex 0.0121053 0 0.00311944
         vertex 0.0118472 0 0.00332585
      endloop
   endfacet
   facet normal 0.468694 0 0.88336
      outer loop
         vertex 0.0118472 -3.5e-05 0.00332585
         vertex 0.0118472 0 0.00332585
         vertex 0.0115316 0 0.00342382
      endloop
   endfacet
   facet normal 0.11392 0 0.99349
      outer loop
         vertex 0.0115316 0 0.00342382
         vertex 0.0115316 -3.5e-05 0.00342382
         vertex 0.0118472 -3.5e-05 0.00332585
      endloop
   endfacet
   facet normal 0.468694 0 0.88336
      outer loop
         vertex 0.0118472 0 0.00332585
         vertex 0.0118472 -3.5e-05 0.00332585
         vertex 0.0121053 -3.5e-05 0.00311944
      endloop
   endfacet
   facet normal 0.758792 0 0.651332
      outer loop
         vertex 0.0121053 0 0.00311944
         vertex 0.0121053 -3.5e-05 0.00311944
         vertex 0.0122702 -3.5e-05 0.00283307
      endloop
   endfacet
   facet normal 0.944182 0 0.329425
      outer loop
         vertex 0.0122702 0 0.00283307
         vertex 0.0122702 -3.5e-05 0.00283307
         vertex 0.0123192 -3.5e-05 0.00250627
      endloop
   endfacet
   facet normal 0.99928 0 -0.0379415
      outer loop
         vertex 0.0123192 0 0.00250627
         vertex 0.0123192 -3.5e-05 0.00250627
         vertex 0.0122456 -3.5e-05 0.00218412
      endloop
   endfacet
   facet normal 0.916484 0 -0.400072
      outer loop
         vertex 0.0122456 0 0.00218412
         vertex 0.0122456 -3.5e-05 0.00218412
         vertex 0.0120594 -3.5e-05 0.00191109
      endloop
   endfacet
   facet normal 0.707218 0 -0.706995
      outer loop
         vertex 0.0120594 0 0.00191109
         vertex 0.0120594 -3.5e-05 0.00191109
         vertex 0.0117864 -3.5e-05 0.00172484
      endloop
   endfacet
   facet normal 0.400361 0 -0.916357
      outer loop
         vertex 0.0117864 0 0.00172484
         vertex 0.0117864 -3.5e-05 0.00172484
         vertex 0.0114643 -3.5e-05 0.00165108
      endloop
   endfacet
   facet normal 0.0382569 0 -0.999268
      outer loop
         vertex 0.0114643 0 0.00165108
         vertex 0.0114643 -3.5e-05 0.00165108
         vertex 0.0111375 -3.5e-05 0.0017
      endloop
   endfacet
   facet normal -0.329127 0 -0.944286
      outer loop
         vertex 0.0111375 0 0.0017
         vertex 0.0111375 -3.5e-05 0.0017
         vertex 0.0108511 -3.5e-05 0.00186483
      endloop
   endfacet
   facet normal -0.651093 0 -0.758998
      outer loop
         vertex 0.0108511 0 0.00186483
         vertex 0.0108511 -3.5e-05 0.00186483
         vertex 0.0106446 -3.5e-05 0.00212283
      endloop
   endfacet
   facet normal -0.883212 0 -0.468973
      outer loop
         vertex 0.0106446 0 0.00212283
         vertex 0.0106446 -3.5e-05 0.00212283
         vertex 0.0105465 -3.5e-05 0.0024384
      endloop
   endfacet
   facet normal 1 0 0
      outer loop
         vertex 0.0115316 -3.5e-05 0.00342382
         vertex 0.0115316 0 0.00342382
         vertex 0.0115316 0 0.003683
      endloop
   endfacet
   facet normal 1 0 0
      outer loop
         vertex 0.0115316 0 0.003683
         vertex 0.0115316 -3.5e-05 0.003683
         vertex 0.0115316 -3.5e-05 0.00342382
      endloop
   endfacet
   facet normal 0 0 -1
      outer loop
         vertex 0.0115316 -3.5e-05 0.003683
         vertex 0.0115316 0 0.003683
         vertex 0.0116574 0 0.003683
      endloop
   endfacet
   facet normal 0 0 -1
      outer loop
         vertex 0.0116574 0 0.003683
         vertex 0.0116574 -3.5e-05 0.003683
         vertex 0.0115316 -3.5e-05 0.003683
      endloop
   endfacet
   facet normal -0.382681 0 -0.923881
      outer loop
         vertex 0.0116574 -3.5e-05 0.003683
         vertex 0.0116574 0 0.003683
         vertex 0.0120775 0 0.00350899
      endloop
   endfacet
   facet normal -0.382681 0 -0.923881
      outer loop
         vertex 0.0120775 0 0.00350899
         vertex 0.0120775 -3.5e-05 0.00350899
         vertex 0.0116574 -3.5e-05 0.003683
      endloop
   endfacet
   facet normal -0.707107 0 -0.707107
      outer loop
         vertex 0.0120775 -3.5e-05 0.00350899
         vertex 0.0120775 0 0.00350899
         vertex 0.012171 0 0.00341549
      endloop
   endfacet
   facet normal -0.707107 0 -0.707107
      outer loop
         vertex 0.012171 0 0.00341549
         vertex 0.012171 -3.5e-05 0.00341549
         vertex 0.0120775 -3.5e-05 0.00350899
      endloop
   endfacet
   facet normal -0.552273 0 -0.833663
      outer loop
         vertex 0.012171 -3.5e-05 0.00341549
         vertex 0.012171 0 0.00341549
         vertex 0.0122047 0 0.00339316
      endloop
   endfacet
   facet normal -0.552273 0 -0.833663
      outer loop
         vertex 0.0122047 0 0.00339316
         vertex 0.0122047 -3.5e-05 0.00339316
         vertex 0.012171 -3.5e-05 0.00341549
      endloop
   endfacet
   facet normal -0.183392 0 -0.98304
      outer loop
         vertex 0.0122047 -3.5e-05 0.00339316
         vertex 0.0122047 0 0.00339316
         vertex 0.0122444 0 0.00338574
      endloop
   endfacet
   facet normal -0.183392 0 -0.98304
      outer loop
         vertex 0.0122444 0 0.00338574
         vertex 0.0122444 -3.5e-05 0.00338574
         vertex 0.0122047 -3.5e-05 0.00339316
      endloop
   endfacet
   facet normal 0.214612 0 -0.976699
      outer loop
         vertex 0.0122444 -3.5e-05 0.00338574
         vertex 0.0122444 0 0.00338574
         vertex 0.0122839 0 0.00339442
      endloop
   endfacet
   facet normal 0.214612 0 -0.976699
      outer loop
         vertex 0.0122839 0 0.00339442
         vertex 0.0122839 -3.5e-05 0.00339442
         vertex 0.0122444 -3.5e-05 0.00338574
      endloop
   endfacet
   facet normal 0.578512 0 -0.815674
      outer loop
         vertex 0.0122839 -3.5e-05 0.00339442
         vertex 0.0122839 0 0.00339442
         vertex 0.0123169 0 0.00341782
      endloop
   endfacet
   facet normal 0.578512 0 -0.815674
      outer loop
         vertex 0.0123169 0 0.00341782
         vertex 0.0123169 -3.5e-05 0.00341782
         vertex 0.0122839 -3.5e-05 0.00339442
      endloop
   endfacet
   facet normal 0.850875 0 -0.525368
      outer loop
         vertex 0.0123169 -3.5e-05 0.00341782
         vertex 0.0123169 0 0.00341782
         vertex 0.0123381 0 0.00345222
      endloop
   endfacet
   facet normal 0.850875 0 -0.525368
      outer loop
         vertex 0.0123381 0 0.00345222
         vertex 0.0123381 -3.5e-05 0.00345222
         vertex 0.0123169 -3.5e-05 0.00341782
      endloop
   endfacet
   facet normal 0.984479 0 -0.175505
      outer loop
         vertex 0.0123381 -3.5e-05 0.00345222
         vertex 0.0123381 0 0.00345222
         vertex 0.0123444 0 0.00348733
      endloop
   endfacet
   facet normal 0.984479 0 -0.175505
      outer loop
         vertex 0.0123444 0 0.00348733
         vertex 0.0123444 -3.5e-05 0.00348733
         vertex 0.0123381 -3.5e-05 0.00345222
      endloop
   endfacet
   facet normal 1 0 0
      outer loop
         vertex 0.0123444 -3.5e-05 0.00348733
         vertex 0.0123444 0 0.00348733
         vertex 0.0123444 0 0.0035763
      endloop
   endfacet
   facet normal 1 0 0
      outer loop
         vertex 0.0123444 0 0.0035763
         vertex 0.0123444 -3.5e-05 0.0035763
         vertex 0.0123444 -3.5e-05 0.00348733
      endloop
   endfacet
   facet normal 0.707107 0 -0.707107
      outer loop
         vertex 0.0123444 0 0.0035763
         vertex 0.0140926 0 0.00532454
         vertex 0.0140926 -3.5e-05 0.00532454
      endloop
   endfacet
   facet normal 0.707107 0 -0.707107
      outer loop
         vertex 0.0140926 -3.5e-05 0.00532454
         vertex 0.0123444 -3.5e-05 0.0035763
         vertex 0.0123444 0 0.0035763
      endloop
   endfacet
   facet normal 0.833663 0 -0.552273
      outer loop
         vertex 0.014115 -3.5e-05 0.00535825
         vertex 0.0140926 -3.5e-05 0.00532454
         vertex 0.0140926 0 0.00532454
      endloop
   endfacet
   facet normal 0.833663 0 -0.552273
      outer loop
         vertex 0.0140926 0 0.00532454
         vertex 0.014115 0 0.00535825
         vertex 0.014115 -3.5e-05 0.00535825
      endloop
   endfacet
   facet normal 0.98155 0 -0.191207
      outer loop
         vertex 0.014115 -3.5e-05 0.00535825
         vertex 0.014115 0 0.00535825
         vertex 0.0141224 0 0.00539638
      endloop
   endfacet
   facet normal 0.98155 0 -0.191207
      outer loop
         vertex 0.0141224 0 0.00539638
         vertex 0.0141224 -3.5e-05 0.00539638
         vertex 0.014115 -3.5e-05 0.00535825
      endloop
   endfacet
   facet normal 1 0 0
      outer loop
         vertex 0.0141224 -3.5e-05 0.00539638
         vertex 0.0141224 0 0.00539638
         vertex 0.0141224 0 0.00577962
      endloop
   endfacet
   facet normal 1 0 0
      outer loop
         vertex 0.0141224 0 0.00577962
         vertex 0.0141224 -3.5e-05 0.00577962
         vertex 0.0141224 -3.5e-05 0.00539638
      endloop
   endfacet
   facet normal 0.979999 0 0.199002
      outer loop
         vertex 0.0141224 -3.5e-05 0.00577962
         vertex 0.0141224 0 0.00577962
         vertex 0.0141144 0 0.00581925
      endloop
   endfacet
   facet normal 0.979999 0 0.199002
      outer loop
         vertex 0.0141144 0 0.00581925
         vertex 0.0141144 -3.5e-05 0.00581925
         vertex 0.0141224 -3.5e-05 0.00577962
      endloop
   endfacet
   facet normal 0.829224 0 0.558917
      outer loop
         vertex 0.0141144 -3.5e-05 0.00581925
         vertex 0.0141144 0 0.00581925
         vertex 0.0140926 0 0.00585146
      endloop
   endfacet
   facet normal 0.829224 0 0.558917
      outer loop
         vertex 0.0140926 0 0.00585146
         vertex 0.0140926 -3.5e-05 0.00585146
         vertex 0.0141144 -3.5e-05 0.00581925
      endloop
   endfacet
   facet normal 0.707107 0 0.707107
      outer loop
         vertex 0.0140926 -3.5e-05 0.00585146
         vertex 0.0140926 0 0.00585146
         vertex 0.0139675 0 0.00597664
      endloop
   endfacet
   facet normal 0.707107 0 0.707107
      outer loop
         vertex 0.0139675 0 0.00597664
         vertex 0.0139675 -3.5e-05 0.00597664
         vertex 0.0140926 -3.5e-05 0.00585146
      endloop
   endfacet
   facet normal 0.552273 0 0.833663
      outer loop
         vertex 0.0139675 -3.5e-05 0.00597664
         vertex 0.0139675 0 0.00597664
         vertex 0.0139338 0 0.00599897
      endloop
   endfacet
   facet normal 0.552273 0 0.833663
      outer loop
         vertex 0.0139338 0 0.00599897
         vertex 0.0139338 -3.5e-05 0.00599897
         vertex 0.0139675 -3.5e-05 0.00597664
      endloop
   endfacet
   facet normal 0.191209 0 0.981549
      outer loop
         vertex 0.0139338 -3.5e-05 0.00599897
         vertex 0.0139338 0 0.00599897
         vertex 0.0138956 0 0.0060064
      endloop
   endfacet
   facet normal 0.191209 0 0.981549
      outer loop
         vertex 0.0138956 0 0.0060064
         vertex 0.0138956 -3.5e-05 0.0060064
         vertex 0.0139338 -3.5e-05 0.00599897
      endloop
   endfacet
   facet normal 0 0 1
      outer loop
         vertex 0.0138956 -3.5e-05 0.0060064
         vertex 0.0138956 0 0.0060064
         vertex 0.0134266 0 0.0060064
      endloop
   endfacet
   facet normal 0 0 1
      outer loop
         vertex 0.0134266 0 0.0060064
         vertex 0.0134266 -3.5e-05 0.0060064
         vertex 0.0138956 -3.5e-05 0.0060064
      endloop
   endfacet
   facet normal -0.199 0 0.98
      outer loop
         vertex 0.0134266 -3.5e-05 0.0060064
         vertex 0.0134266 0 0.0060064
         vertex 0.013387 0 0.00599835
      endloop
   endfacet
   facet normal -0.199 0 0.98
      outer loop
         vertex 0.013387 0 0.00599835
         vertex 0.013387 -3.5e-05 0.00599835
         vertex 0.0134266 -3.5e-05 0.0060064
      endloop
   endfacet
   facet normal -0.565478 0 0.824763
      outer loop
         vertex 0.013387 -3.5e-05 0.00599835
         vertex 0.013387 0 0.00599835
         vertex 0.0133536 0 0.00597549
      endloop
   endfacet
   facet normal -0.565478 0 0.824763
      outer loop
         vertex 0.0133536 0 0.00597549
         vertex 0.0133536 -3.5e-05 0.00597549
         vertex 0.013387 -3.5e-05 0.00599835
      endloop
   endfacet
   facet normal -0.842372 0 0.538896
      outer loop
         vertex 0.0133536 -3.5e-05 0.00597549
         vertex 0.0133536 0 0.00597549
         vertex 0.0133318 0 0.00594143
      endloop
   endfacet
   facet normal -0.842372 0 0.538896
      outer loop
         vertex 0.0133318 0 0.00594143
         vertex 0.0133318 -3.5e-05 0.00594143
         vertex 0.0133536 -3.5e-05 0.00597549
      endloop
   endfacet
   facet normal -0.983048 0 0.18335
      outer loop
         vertex 0.0133318 -3.5e-05 0.00594143
         vertex 0.0133318 0 0.00594143
         vertex 0.013325 0 0.0059048
      endloop
   endfacet
   facet normal -0.983048 0 0.18335
      outer loop
         vertex 0.013325 0 0.0059048
         vertex 0.013325 -3.5e-05 0.0059048
         vertex 0.0133318 -3.5e-05 0.00594143
      endloop
   endfacet
   facet normal -1 0 0
      outer loop
         vertex 0.013325 -3.5e-05 0.0059048
         vertex 0.013325 0 0.0059048
         vertex 0.013325 0 0.00585679
      endloop
   endfacet
   facet normal -1 0 0
      outer loop
         vertex 0.013325 0 0.00585679
         vertex 0.013325 -3.5e-05 0.00585679
         vertex 0.013325 -3.5e-05 0.0059048
      endloop
   endfacet
   facet normal -0.707107 0 0.707107
      outer loop
         vertex 0.013325 -3.5e-05 0.00585679
         vertex 0.013325 0 0.00585679
         vertex 0.0131762 0 0.005708
      endloop
   endfacet
   facet normal -0.707107 0 0.707107
      outer loop
         vertex 0.0131762 0 0.005708
         vertex 0.0131762 -3.5e-05 0.005708
         vertex 0.013325 -3.5e-05 0.00585679
      endloop
   endfacet
   facet normal 0 0 1
      outer loop
         vertex 0.0131762 -3.5e-05 0.005708
         vertex 0.0131762 0 0.005708
         vertex 0.0130476 0 0.005708
      endloop
   endfacet
   facet normal 0 0 1
      outer loop
         vertex 0.0130476 0 0.005708
         vertex 0.0130476 -3.5e-05 0.005708
         vertex 0.0131762 -3.5e-05 0.005708
      endloop
   endfacet
   facet normal 1 0 0
      outer loop
         vertex 0.0130476 -3.5e-05 0.005708
         vertex 0.0130476 0 0.005708
         vertex 0.0130476 0 0.005962
      endloop
   endfacet
   facet normal 1 0 0
      outer loop
         vertex 0.0130476 0 0.005962
         vertex 0.0130476 -3.5e-05 0.005962
         vertex 0.0130476 -3.5e-05 0.005708
      endloop
   endfacet
   facet normal 0 0 -1
      outer loop
         vertex 0.0130476 -3.5e-05 0.005962
         vertex 0.0130476 0 0.005962
         vertex 0.013071 0 0.005962
      endloop
   endfacet
   facet normal 0 0 -1
      outer loop
         vertex 0.013071 0 0.005962
         vertex 0.013071 -3.5e-05 0.005962
         vertex 0.0130476 -3.5e-05 0.005962
      endloop
   endfacet
   facet normal 1 0 0
      outer loop
         vertex 0.013071 -3.5e-05 0.005962
         vertex 0.013071 0 0.005962
         vertex 0.013071 0 0.006437
      endloop
   endfacet
   facet normal 1 0 0
      outer loop
         vertex 0.013071 0 0.006437
         vertex 0.013071 -3.5e-05 0.006437
         vertex 0.013071 -3.5e-05 0.005962
      endloop
   endfacet
   facet normal 0 0 1
      outer loop
         vertex 0.013071 -3.5e-05 0.006437
         vertex 0.013071 0 0.006437
         vertex 0.0130476 0 0.006437
      endloop
   endfacet
   facet normal 0 0 1
      outer loop
         vertex 0.0130476 0 0.006437
         vertex 0.0130476 -3.5e-05 0.006437
         vertex 0.013071 -3.5e-05 0.006437
      endloop
   endfacet
   facet normal 1 0 0
      outer loop
         vertex 0.0130476 -3.5e-05 0.006437
         vertex 0.0130476 0 0.006437
         vertex 0.0130476 0 0.006691
      endloop
   endfacet
   facet normal 1 0 0
      outer loop
         vertex 0.0130476 0 0.006691
         vertex 0.0130476 -3.5e-05 0.006691
         vertex 0.0130476 -3.5e-05 0.006437
      endloop
   endfacet
   facet normal 0 0 -1
      outer loop
         vertex 0.0130476 -3.5e-05 0.006691
         vertex 0.0130476 0 0.006691
         vertex 0.0130662 0 0.006691
      endloop
   endfacet
   facet normal 0 0 -1
      outer loop
         vertex 0.0130662 0 0.006691
         vertex 0.0130662 -3.5e-05 0.006691
         vertex 0.0130476 -3.5e-05 0.006691
      endloop
   endfacet
   facet normal 0.199 0 -0.98
      outer loop
         vertex 0.0130662 -3.5e-05 0.006691
         vertex 0.0130662 0 0.006691
         vertex 0.0131058 0 0.00669905
      endloop
   endfacet
   facet normal 0.199 0 -0.98
      outer loop
         vertex 0.0131058 0 0.00669905
         vertex 0.0131058 -3.5e-05 0.00669905
         vertex 0.0130662 -3.5e-05 0.006691
      endloop
   endfacet
   facet normal 0.565478 0 -0.824763
      outer loop
         vertex 0.0131058 -3.5e-05 0.00669905
         vertex 0.0131058 0 0.00669905
         vertex 0.0131392 0 0.00672191
      endloop
   endfacet
   facet normal 0.565478 0 -0.824763
      outer loop
         vertex 0.0131392 0 0.00672191
         vertex 0.0131392 -3.5e-05 0.00672191
         vertex 0.0131058 -3.5e-05 0.00669905
      endloop
   endfacet
   facet normal 0.842372 0 -0.538896
      outer loop
         vertex 0.0131392 -3.5e-05 0.00672191
         vertex 0.0131392 0 0.00672191
         vertex 0.013161 0 0.00675598
      endloop
   endfacet
   facet normal 0.842372 0 -0.538896
      outer loop
         vertex 0.013161 0 0.00675598
         vertex 0.013161 -3.5e-05 0.00675598
         vertex 0.0131392 -3.5e-05 0.00672191
      endloop
   endfacet
   facet normal 0.983048 0 -0.18335
      outer loop
         vertex 0.013161 -3.5e-05 0.00675598
         vertex 0.013161 0 0.00675598
         vertex 0.0131678 0 0.0067926
      endloop
   endfacet
   facet normal 0.983048 0 -0.18335
      outer loop
         vertex 0.0131678 0 0.0067926
         vertex 0.0131678 -3.5e-05 0.0067926
         vertex 0.013161 -3.5e-05 0.00675598
      endloop
   endfacet
   facet normal 1 0 0
      outer loop
         vertex 0.0131678 -3.5e-05 0.0067926
         vertex 0.0131678 0 0.0067926
         vertex 0.0131678 0 0.0074822
      endloop
   endfacet
   facet normal 1 0 0
      outer loop
         vertex 0.0131678 0 0.0074822
         vertex 0.0131678 -3.5e-05 0.0074822
         vertex 0.0131678 -3.5e-05 0.0067926
      endloop
   endfacet
   facet normal 0.979999 0 0.199002
      outer loop
         vertex 0.0131678 -3.5e-05 0.0074822
         vertex 0.0131678 0 0.0074822
         vertex 0.0131598 0 0.00752183
      endloop
   endfacet
   facet normal 0.979999 0 0.199002
      outer loop
         vertex 0.0131598 0 0.00752183
         vertex 0.0131598 -3.5e-05 0.00752183
         vertex 0.0131678 -3.5e-05 0.0074822
      endloop
   endfacet
   facet normal 0.824753 0 0.565492
      outer loop
         vertex 0.0131598 -3.5e-05 0.00752183
         vertex 0.0131598 0 0.00752183
         vertex 0.0131369 0 0.00755518
      endloop
   endfacet
   facet normal 0.824753 0 0.565492
      outer loop
         vertex 0.0131369 0 0.00755518
         vertex 0.0131369 -3.5e-05 0.00755518
         vertex 0.0131598 -3.5e-05 0.00752183
      endloop
   endfacet
   facet normal 0.538894 0 0.842373
      outer loop
         vertex 0.0131369 -3.5e-05 0.00755518
         vertex 0.0131369 0 0.00755518
         vertex 0.0131028 0 0.00757697
      endloop
   endfacet
   facet normal 0.538894 0 0.842373
      outer loop
         vertex 0.0131028 0 0.00757697
         vertex 0.0131028 -3.5e-05 0.00757697
         vertex 0.0131369 -3.5e-05 0.00755518
      endloop
   endfacet
   facet normal 0.183392 0 0.98304
      outer loop
         vertex 0.0131028 -3.5e-05 0.00757697
         vertex 0.0131028 0 0.00757697
         vertex 0.0130662 0 0.0075838
      endloop
   endfacet
   facet normal 0.183392 0 0.98304
      outer loop
         vertex 0.0130662 0 0.0075838
         vertex 0.0130662 -3.5e-05 0.0075838
         vertex 0.0131028 -3.5e-05 0.00757697
      endloop
   endfacet
   facet normal 0 0 1
      outer loop
         vertex 0.0130662 -3.5e-05 0.0075838
         vertex 0.0130662 0 0.0075838
         vertex 0.0118258 0 0.0075838
      endloop
   endfacet
   facet normal 0 0 1
      outer loop
         vertex 0.0118258 0 0.0075838
         vertex 0.0118258 -3.5e-05 0.0075838
         vertex 0.0130662 -3.5e-05 0.0075838
      endloop
   endfacet
   facet normal -0.199 0 0.98
      outer loop
         vertex 0.0118258 -3.5e-05 0.0075838
         vertex 0.0118258 0 0.0075838
         vertex 0.0117862 0 0.00757575
      endloop
   endfacet
   facet normal -0.199 0 0.98
      outer loop
         vertex 0.0117862 0 0.00757575
         vertex 0.0117862 -3.5e-05 0.00757575
         vertex 0.0118258 -3.5e-05 0.0075838
      endloop
   endfacet
   facet normal -0.565478 0 0.824763
      outer loop
         vertex 0.0117862 -3.5e-05 0.00757575
         vertex 0.0117862 0 0.00757575
         vertex 0.0117528 0 0.00755289
      endloop
   endfacet
   facet normal -0.565478 0 0.824763
      outer loop
         vertex 0.0117528 0 0.00755289
         vertex 0.0117528 -3.5e-05 0.00755289
         vertex 0.0117862 -3.5e-05 0.00757575
      endloop
   endfacet
   facet normal -0.842372 0 0.538896
      outer loop
         vertex 0.0117528 -3.5e-05 0.00755289
         vertex 0.0117528 0 0.00755289
         vertex 0.011731 0 0.00751882
      endloop
   endfacet
   facet normal -0.842372 0 0.538896
      outer loop
         vertex 0.011731 0 0.00751882
         vertex 0.011731 -3.5e-05 0.00751882
         vertex 0.0117528 -3.5e-05 0.00755289
      endloop
   endfacet
   facet normal -0.983048 0 0.18335
      outer loop
         vertex 0.011731 -3.5e-05 0.00751882
         vertex 0.011731 0 0.00751882
         vertex 0.0117242 0 0.0074822
      endloop
   endfacet
   facet normal -0.983048 0 0.18335
      outer loop
         vertex 0.0117242 0 0.0074822
         vertex 0.0117242 -3.5e-05 0.0074822
         vertex 0.011731 -3.5e-05 0.00751882
      endloop
   endfacet
   facet normal -1 0 0
      outer loop
         vertex 0.0117242 -3.5e-05 0.0074822
         vertex 0.0117242 0 0.0074822
         vertex 0.0117242 0 0.0067418
      endloop
   endfacet
   facet normal -1 0 0
      outer loop
         vertex 0.0117242 0 0.0067418
         vertex 0.0117242 -3.5e-05 0.0067418
         vertex 0.0117242 -3.5e-05 0.0074822
      endloop
   endfacet
   facet normal -0.979999 0 -0.199002
      outer loop
         vertex 0.0117242 -3.5e-05 0.0067418
         vertex 0.0117242 0 0.0067418
         vertex 0.0117322 0 0.00670217
      endloop
   endfacet
   facet normal -0.979999 0 -0.199002
      outer loop
         vertex 0.0117322 0 0.00670217
         vertex 0.0117322 -3.5e-05 0.00670217
         vertex 0.0117242 -3.5e-05 0.0067418
      endloop
   endfacet
   facet normal -0.824753 0 -0.565492
      outer loop
         vertex 0.0117322 -3.5e-05 0.00670217
         vertex 0.0117322 0 0.00670217
         vertex 0.0117551 0 0.00666882
      endloop
   endfacet
   facet normal -0.824753 0 -0.565492
      outer loop
         vertex 0.0117551 0 0.00666882
         vertex 0.0117551 -3.5e-05 0.00666882
         vertex 0.0117322 -3.5e-05 0.00670217
      endloop
   endfacet
   facet normal -0.538894 0 -0.842373
      outer loop
         vertex 0.0117551 -3.5e-05 0.00666882
         vertex 0.0117551 0 0.00666882
         vertex 0.0117892 0 0.00664703
      endloop
   endfacet
   facet normal -0.538894 0 -0.842373
      outer loop
         vertex 0.0117892 0 0.00664703
         vertex 0.0117892 -3.5e-05 0.00664703
         vertex 0.0117551 -3.5e-05 0.00666882
      endloop
   endfacet
   facet normal -0.183392 0 -0.98304
      outer loop
         vertex 0.0117892 -3.5e-05 0.00664703
         vertex 0.0117892 0 0.00664703
         vertex 0.0118258 0 0.0066402
      endloop
   endfacet
   facet normal -0.183392 0 -0.98304
      outer loop
         vertex 0.0118258 0 0.0066402
         vertex 0.0118258 -3.5e-05 0.0066402
         vertex 0.0117892 -3.5e-05 0.00664703
      endloop
   endfacet
   facet normal 0 0 -1
      outer loop
         vertex 0.0118258 -3.5e-05 0.0066402
         vertex 0.0118258 0 0.0066402
         vertex 0.0121229 0 0.0066402
      endloop
   endfacet
   facet normal 0 0 -1
      outer loop
         vertex 0.0121229 0 0.0066402
         vertex 0.0121229 -3.5e-05 0.0066402
         vertex 0.0118258 -3.5e-05 0.0066402
      endloop
   endfacet
   facet normal 0.199 0 -0.98
      outer loop
         vertex 0.0121229 -3.5e-05 0.0066402
         vertex 0.0121229 0 0.0066402
         vertex 0.0121625 0 0.00664825
      endloop
   endfacet
   facet normal 0.199 0 -0.98
      outer loop
         vertex 0.0121625 0 0.00664825
         vertex 0.0121625 -3.5e-05 0.00664825
         vertex 0.0121229 -3.5e-05 0.0066402
      endloop
   endfacet
   facet normal 0.55892 0 -0.829222
      outer loop
         vertex 0.0121625 -3.5e-05 0.00664825
         vertex 0.0121625 0 0.00664825
         vertex 0.0121947 0 0.00666996
      endloop
   endfacet
   facet normal 0.55892 0 -0.829222
      outer loop
         vertex 0.0121947 0 0.00666996
         vertex 0.0121947 -3.5e-05 0.00666996
         vertex 0.0121625 -3.5e-05 0.00664825
      endloop
   endfacet
   facet normal 0.707107 0 -0.707107
      outer loop
         vertex 0.0121947 -3.5e-05 0.00666996
         vertex 0.0121947 0 0.00666996
         vertex 0.0122158 0 0.006691
      endloop
   endfacet
   facet normal 0.707107 0 -0.707107
      outer loop
         vertex 0.0122158 0 0.006691
         vertex 0.0122158 -3.5e-05 0.006691
         vertex 0.0121947 -3.5e-05 0.00666996
      endloop
   endfacet
   facet normal 0 0 -1
      outer loop
         vertex 0.0122158 -3.5e-05 0.006691
         vertex 0.0122158 0 0.006691
         vertex 0.0123444 0 0.006691
      endloop
   endfacet
   facet normal 0 0 -1
      outer loop
         vertex 0.0123444 0 0.006691
         vertex 0.0123444 -3.5e-05 0.006691
         vertex 0.0122158 -3.5e-05 0.006691
      endloop
   endfacet
   facet normal -1 0 0
      outer loop
         vertex 0.0123444 -3.5e-05 0.006691
         vertex 0.0123444 0 0.006691
         vertex 0.0123444 0 0.006437
      endloop
   endfacet
   facet normal -1 0 0
      outer loop
         vertex 0.0123444 0 0.006437
         vertex 0.0123444 -3.5e-05 0.006437
         vertex 0.0123444 -3.5e-05 0.006691
      endloop
   endfacet
   facet normal 0 0 1
      outer loop
         vertex 0.0123444 -3.5e-05 0.006437
         vertex 0.0123444 0 0.006437
         vertex 0.012321 0 0.006437
      endloop
   endfacet
   facet normal 0 0 1
      outer loop
         vertex 0.012321 0 0.006437
         vertex 0.012321 -3.5e-05 0.006437
         vertex 0.0123444 -3.5e-05 0.006437
      endloop
   endfacet
   facet normal -1 0 0
      outer loop
         vertex 0.012321 -3.5e-05 0.006437
         vertex 0.012321 0 0.006437
         vertex 0.012321 0 0.005962
      endloop
   endfacet
   facet normal -1 0 0
      outer loop
         vertex 0.012321 0 0.005962
         vertex 0.012321 -3.5e-05 0.005962
         vertex 0.012321 -3.5e-05 0.006437
      endloop
   endfacet
   facet normal 0 0 -1
      outer loop
         vertex 0.012321 -3.5e-05 0.005962
         vertex 0.012321 0 0.005962
         vertex 0.012571 0 0.005962
      endloop
   endfacet
   facet normal 0 0 -1
      outer loop
         vertex 0.012571 0 0.005962
         vertex 0.012571 -3.5e-05 0.005962
         vertex 0.012321 -3.5e-05 0.005962
      endloop
   endfacet
   facet normal 1 0 0
      outer loop
         vertex 0.012571 -3.5e-05 0.005962
         vertex 0.012571 0 0.005962
         vertex 0.012571 0 0.006437
      endloop
   endfacet
   facet normal 1 0 0
      outer loop
         vertex 0.012571 0 0.006437
         vertex 0.012571 -3.5e-05 0.006437
         vertex 0.012571 -3.5e-05 0.005962
      endloop
   endfacet
   facet normal 0 0 1
      outer loop
         vertex 0.012571 -3.5e-05 0.006437
         vertex 0.012571 0 0.006437
         vertex 0.0125476 0 0.006437
      endloop
   endfacet
   facet normal 0 0 1
      outer loop
         vertex 0.0125476 0 0.006437
         vertex 0.0125476 -3.5e-05 0.006437
         vertex 0.012571 -3.5e-05 0.006437
      endloop
   endfacet
   facet normal 1 0 0
      outer loop
         vertex 0.0125476 -3.5e-05 0.006437
         vertex 0.0125476 0 0.006437
         vertex 0.0125476 0 0.006691
      endloop
   endfacet
   facet normal 1 0 0
      outer loop
         vertex 0.0125476 0 0.006691
         vertex 0.0125476 -3.5e-05 0.006691
         vertex 0.0125476 -3.5e-05 0.006437
      endloop
   endfacet
   facet normal 0 0 -1
      outer loop
         vertex 0.0125476 -3.5e-05 0.006691
         vertex 0.0125476 0 0.006691
         vertex 0.0128444 0 0.006691
      endloop
   endfacet
   facet normal 0 0 -1
      outer loop
         vertex 0.0128444 0 0.006691
         vertex 0.0128444 -3.5e-05 0.006691
         vertex 0.0125476 -3.5e-05 0.006691
      endloop
   endfacet
   facet normal -1 0 0
      outer loop
         vertex 0.0128444 -3.5e-05 0.006691
         vertex 0.0128444 0 0.006691
         vertex 0.0128444 0 0.006437
      endloop
   endfacet
   facet normal -1 0 0
      outer loop
         vertex 0.0128444 0 0.006437
         vertex 0.0128444 -3.5e-05 0.006437
         vertex 0.0128444 -3.5e-05 0.006691
      endloop
   endfacet
   facet normal 0 0 1
      outer loop
         vertex 0.0128444 -3.5e-05 0.006437
         vertex 0.0128444 0 0.006437
         vertex 0.012821 0 0.006437
      endloop
   endfacet
   facet normal 0 0 1
      outer loop
         vertex 0.012821 0 0.006437
         vertex 0.012821 -3.5e-05 0.006437
         vertex 0.0128444 -3.5e-05 0.006437
      endloop
   endfacet
   facet normal -1 0 0
      outer loop
         vertex 0.012821 -3.5e-05 0.006437
         vertex 0.012821 0 0.006437
         vertex 0.012821 0 0.005962
      endloop
   endfacet
   facet normal -1 0 0
      outer loop
         vertex 0.012821 0 0.005962
         vertex 0.012821 -3.5e-05 0.005962
         vertex 0.012821 -3.5e-05 0.006437
      endloop
   endfacet
   facet normal 0 0 -1
      outer loop
         vertex 0.012821 -3.5e-05 0.005962
         vertex 0.012821 0 0.005962
         vertex 0.0128444 0 0.005962
      endloop
   endfacet
   facet normal 0 0 -1
      outer loop
         vertex 0.0128444 0 0.005962
         vertex 0.0128444 -3.5e-05 0.005962
         vertex 0.012821 -3.5e-05 0.005962
      endloop
   endfacet
   facet normal -1 0 0
      outer loop
         vertex 0.0128444 -3.5e-05 0.005962
         vertex 0.0128444 0 0.005962
         vertex 0.0128444 0 0.005708
      endloop
   endfacet
   facet normal -1 0 0
      outer loop
         vertex 0.0128444 0 0.005708
         vertex 0.0128444 -3.5e-05 0.005708
         vertex 0.0128444 -3.5e-05 0.005962
      endloop
   endfacet
   facet normal 0 0 1
      outer loop
         vertex 0.0128444 -3.5e-05 0.005708
         vertex 0.0128444 0 0.005708
         vertex 0.0127921 0 0.005708
      endloop
   endfacet
   facet normal 0 0 1
      outer loop
         vertex 0.0127921 0 0.005708
         vertex 0.0127921 -3.5e-05 0.005708
         vertex 0.0128444 -3.5e-05 0.005708
      endloop
   endfacet
   facet normal -0.199 0 0.98
      outer loop
         vertex 0.0127921 -3.5e-05 0.005708
         vertex 0.0127921 0 0.005708
         vertex 0.0127525 0 0.00569995
      endloop
   endfacet
   facet normal -0.199 0 0.98
      outer loop
         vertex 0.0127525 0 0.00569995
         vertex 0.0127525 -3.5e-05 0.00569995
         vertex 0.0127921 -3.5e-05 0.005708
      endloop
   endfacet
   facet normal -0.565478 0 0.824763
      outer loop
         vertex 0.0127525 -3.5e-05 0.00569995
         vertex 0.0127525 0 0.00569995
         vertex 0.0127191 0 0.00567709
      endloop
   endfacet
   facet normal -0.565478 0 0.824763
      outer loop
         vertex 0.0127191 0 0.00567709
         vertex 0.0127191 -3.5e-05 0.00567709
         vertex 0.0127525 -3.5e-05 0.00569995
      endloop
   endfacet
   facet normal -0.842372 0 0.538896
      outer loop
         vertex 0.0127191 -3.5e-05 0.00567709
         vertex 0.0127191 0 0.00567709
         vertex 0.0126973 0 0.00564303
      endloop
   endfacet
   facet normal -0.842372 0 0.538896
      outer loop
         vertex 0.0126973 0 0.00564303
         vertex 0.0126973 -3.5e-05 0.00564303
         vertex 0.0127191 -3.5e-05 0.00567709
      endloop
   endfacet
   facet normal -0.983048 0 0.18335
      outer loop
         vertex 0.0126973 -3.5e-05 0.00564303
         vertex 0.0126973 0 0.00564303
         vertex 0.0126905 0 0.0056064
      endloop
   endfacet
   facet normal -0.983048 0 0.18335
      outer loop
         vertex 0.0126905 0 0.0056064
         vertex 0.0126905 -3.5e-05 0.0056064
         vertex 0.0126973 -3.5e-05 0.00564303
      endloop
   endfacet
   facet normal -1 0 0
      outer loop
         vertex 0.0126905 -3.5e-05 0.0056064
         vertex 0.0126905 0 0.0056064
         vertex 0.0126905 0 0.0051181
      endloop
   endfacet
   facet normal -1 0 0
      outer loop
         vertex 0.0126905 0 0.0051181
         vertex 0.0126905 -3.5e-05 0.0051181
         vertex 0.0126905 -3.5e-05 0.0056064
      endloop
   endfacet
   facet normal 0 0 1
      outer loop
         vertex 0.0126905 -3.5e-05 0.0051181
         vertex 0.0126905 0 0.0051181
         vertex 0.0124365 0 0.0051181
      endloop
   endfacet
   facet normal 0 0 1
      outer loop
         vertex 0.0124365 0 0.0051181
         vertex 0.0124365 -3.5e-05 0.0051181
         vertex 0.0126905 -3.5e-05 0.0051181
      endloop
   endfacet
   facet normal 1 0 0
      outer loop
         vertex 0.0124365 -3.5e-05 0.0051181
         vertex 0.0124365 0 0.0051181
         vertex 0.0124365 0 0.0055165
      endloop
   endfacet
   facet normal 1 0 0
      outer loop
         vertex 0.0124365 0 0.0055165
         vertex 0.0124365 -3.5e-05 0.0055165
         vertex 0.0124365 -3.5e-05 0.0051181
      endloop
   endfacet
   facet normal 0 0 1
      outer loop
         vertex 0.0124365 -3.5e-05 0.0055165
         vertex 0.0124365 0 0.0055165
         vertex 0.0113615 0 0.0055165
      endloop
   endfacet
   facet normal 0 0 1
      outer loop
         vertex 0.0113615 0 0.0055165
         vertex 0.0113615 -3.5e-05 0.0055165
         vertex 0.0124365 -3.5e-05 0.0055165
      endloop
   endfacet
   facet normal 1 0 0
      outer loop
         vertex 0.0120006 -3.5e-05 0.0042625
         vertex 0.0120006 0 0.0042625
         vertex 0.0120006 0 0.0045165
      endloop
   endfacet
   facet normal 1 0 0
      outer loop
         vertex 0.0120006 0 0.0045165
         vertex 0.0120006 -3.5e-05 0.0045165
         vertex 0.0120006 -3.5e-05 0.0042625
      endloop
   endfacet
   facet normal 0 0 -1
      outer loop
         vertex 0.0120006 -3.5e-05 0.0045165
         vertex 0.0120006 0 0.0045165
         vertex 0.0124365 0 0.0045165
      endloop
   endfacet
   facet normal 0 0 -1
      outer loop
         vertex 0.0124365 0 0.0045165
         vertex 0.0124365 -3.5e-05 0.0045165
         vertex 0.0120006 -3.5e-05 0.0045165
      endloop
   endfacet
   facet normal 1 0 0
      outer loop
         vertex 0.0124365 -3.5e-05 0.0045165
         vertex 0.0124365 0 0.0045165
         vertex 0.0124365 0 0.0049149
      endloop
   endfacet
   facet normal 1 0 0
      outer loop
         vertex 0.0124365 0 0.0049149
         vertex 0.0124365 -3.5e-05 0.0049149
         vertex 0.0124365 -3.5e-05 0.0045165
      endloop
   endfacet
   facet normal 0 0 -1
      outer loop
         vertex 0.0124365 -3.5e-05 0.0049149
         vertex 0.0124365 0 0.0049149
         vertex 0.0126905 0 0.0049149
      endloop
   endfacet
   facet normal 0 0 -1
      outer loop
         vertex 0.0126905 0 0.0049149
         vertex 0.0126905 -3.5e-05 0.0049149
         vertex 0.0124365 -3.5e-05 0.0049149
      endloop
   endfacet
   facet normal -1 0 0
      outer loop
         vertex 0.0126905 -3.5e-05 0.0049149
         vertex 0.0126905 0 0.0049149
         vertex 0.0126905 0 0.00441129
      endloop
   endfacet
   facet normal -1 0 0
      outer loop
         vertex 0.0126905 0 0.00441129
         vertex 0.0126905 -3.5e-05 0.00441129
         vertex 0.0126905 -3.5e-05 0.0049149
      endloop
   endfacet
   facet normal -0.707107 0 0.707107
      outer loop
         vertex 0.0126905 -3.5e-05 0.00441129
         vertex 0.0126905 0 0.00441129
         vertex 0.0125417 0 0.0042625
      endloop
   endfacet
   facet normal -0.707107 0 0.707107
      outer loop
         vertex 0.0125417 0 0.0042625
         vertex 0.0125417 -3.5e-05 0.0042625
         vertex 0.0126905 -3.5e-05 0.00441129
      endloop
   endfacet
   facet normal 0 0 1
      outer loop
         vertex 0.0125417 -3.5e-05 0.0042625
         vertex 0.0125417 0 0.0042625
         vertex 0.0120006 0 0.0042625
      endloop
   endfacet
   facet normal 0 0 1
      outer loop
         vertex 0.0120006 0 0.0042625
         vertex 0.0120006 -3.5e-05 0.0042625
         vertex 0.0125417 -3.5e-05 0.0042625
      endloop
   endfacet
   facet normal 1 0 0
      outer loop
         vertex 0.010287 -3.5e-05 0.0026416
         vertex 0.010287 0 0.0026416
         vertex 0.010287 0 0.00276736
      endloop
   endfacet
   facet normal 1 0 0
      outer loop
         vertex 0.010287 0 0.00276736
         vertex 0.010287 -3.5e-05 0.00276736
         vertex 0.010287 -3.5e-05 0.0026416
      endloop
   endfacet
   facet normal 0.92388 0 -0.382682
      outer loop
         vertex 0.010287 -3.5e-05 0.00276736
         vertex 0.010287 0 0.00276736
         vertex 0.010461 0 0.00318746
      endloop
   endfacet
   facet normal 0.92388 0 -0.382682
      outer loop
         vertex 0.010461 0 0.00318746
         vertex 0.010461 -3.5e-05 0.00318746
         vertex 0.010287 -3.5e-05 0.00276736
      endloop
   endfacet
   facet normal 0.707107 0 -0.707107
      outer loop
         vertex 0.010461 -3.5e-05 0.00318746
         vertex 0.010461 0 0.00318746
         vertex 0.0107825 0 0.00350899
      endloop
   endfacet
   facet normal 0.707107 0 -0.707107
      outer loop
         vertex 0.0107825 0 0.00350899
         vertex 0.0107825 -3.5e-05 0.00350899
         vertex 0.010461 -3.5e-05 0.00318746
      endloop
   endfacet
   facet normal 0.382681 0 -0.92388
      outer loop
         vertex 0.0107825 -3.5e-05 0.00350899
         vertex 0.0107825 0 0.00350899
         vertex 0.0112026 0 0.003683
      endloop
   endfacet
   facet normal 0.382681 0 -0.92388
      outer loop
         vertex 0.0112026 0 0.003683
         vertex 0.0112026 -3.5e-05 0.003683
         vertex 0.0107825 -3.5e-05 0.00350899
      endloop
   endfacet
   facet normal 0 0 -1
      outer loop
         vertex 0.0112026 -3.5e-05 0.003683
         vertex 0.0112026 0 0.003683
         vertex 0.0113284 0 0.003683
      endloop
   endfacet
   facet normal 0 0 -1
      outer loop
         vertex 0.0113284 0 0.003683
         vertex 0.0113284 -3.5e-05 0.003683
         vertex 0.0112026 -3.5e-05 0.003683
      endloop
   endfacet
   facet normal -1 0 0
      outer loop
         vertex 0.0113284 -3.5e-05 0.003683
         vertex 0.0113284 0 0.003683
         vertex 0.0113284 0 0.00342376
      endloop
   endfacet
   facet normal -1 0 0
      outer loop
         vertex 0.0113284 0 0.00342376
         vertex 0.0113284 -3.5e-05 0.00342376
         vertex 0.0113284 -3.5e-05 0.003683
      endloop
   endfacet
   facet normal -0.114501 0 0.993423
      outer loop
         vertex 0.0113284 -3.5e-05 0.00342376
         vertex 0.0113284 0 0.00342376
         vertex 0.0110432 0 0.00334099
      endloop
   endfacet
   facet normal -0.435104 0 0.90038
      outer loop
         vertex 0.0110432 -3.5e-05 0.00334099
         vertex 0.0110432 0 0.00334099
         vertex 0.0108011 0 0.00316895
      endloop
   endfacet
   facet normal -0.707218 0 0.706995
      outer loop
         vertex 0.0108011 -3.5e-05 0.00316895
         vertex 0.0108011 0 0.00316895
         vertex 0.0106292 0 0.00292683
      endloop
   endfacet
   facet normal -0.900517 0 0.43482
      outer loop
         vertex 0.0106292 -3.5e-05 0.00292683
         vertex 0.0106292 0 0.00292683
         vertex 0.0105465 0 0.0026416
      endloop
   endfacet
   facet normal -0.993459 0 0.114188
      outer loop
         vertex 0.0105465 0 0.0026416
         vertex 0.0105465 -3.5e-05 0.0026416
         vertex 0.0106292 -3.5e-05 0.00292683
      endloop
   endfacet
   facet normal -0.900517 0 0.43482
      outer loop
         vertex 0.0106292 0 0.00292683
         vertex 0.0106292 -3.5e-05 0.00292683
         vertex 0.0108011 -3.5e-05 0.00316895
      endloop
   endfacet
   facet normal -0.707218 0 0.706995
      outer loop
         vertex 0.0108011 0 0.00316895
         vertex 0.0108011 -3.5e-05 0.00316895
         vertex 0.0110432 -3.5e-05 0.00334099
      endloop
   endfacet
   facet normal -0.435104 0 0.90038
      outer loop
         vertex 0.0110432 0 0.00334099
         vertex 0.0110432 -3.5e-05 0.00334099
         vertex 0.0113284 -3.5e-05 0.00342376
      endloop
   endfacet
   facet normal 0 0 1
      outer loop
         vertex 0.0105465 -3.5e-05 0.0026416
         vertex 0.0105465 0 0.0026416
         vertex 0.010287 0 0.0026416
      endloop
   endfacet
   facet normal 0 0 1
      outer loop
         vertex 0.010287 0 0.0026416
         vertex 0.010287 -3.5e-05 0.0026416
         vertex 0.0105465 -3.5e-05 0.0026416
      endloop
   endfacet
endsolid 1-copper. Units = meters