solid 90695A033_Medium-Strength Steel Thin-Profile Hex Nut. STL generated by ONSHAPE BY PTC INC, 1.213. Units = meters
   facet normal 0.386149 -0.317631 -0.866025
      outer loop
         vertex 0.00226831 -0.00186582 -0.000740426
         vertex 0.00258612 -0.000935141 -0.0009
         vertex 0.00275 -0.0010315 -0.000740426
      endloop
   endfacet
   facet normal 0.468151 -0.175599 -0.866025
      outer loop
         vertex 0.00275 -0.0010315 -0.000740426
         vertex 0.00275 -0.00158771 -0.00065438
         vertex 0.00226831 -0.00186582 -0.000740426
      endloop
   endfacet
   facet normal 0.25 -0.433013 -0.866025
      outer loop
         vertex 0.001375 -0.00238157 -0.0009
         vertex 0.00210292 -0.00177207 -0.0009
         vertex 0.00226831 -0.00186582 -0.000740426
      endloop
   endfacet
   facet normal 0.386149 -0.317631 -0.866025
      outer loop
         vertex 0.00226831 -0.00186582 -0.000740426
         vertex 0.00210292 -0.00177207 -0.0009
         vertex 0.00258612 -0.000935141 -0.0009
      endloop
   endfacet
   facet normal 0.468151 -0.175599 -0.866025
      outer loop
         vertex 0.00275 -0.0010315 -0.000740426
         vertex 0.00258612 -0.000935141 -0.0009
         vertex 0.00275 1.80752e-18 -0.0009
      endloop
   endfacet
   facet normal 1 0 0
      outer loop
         vertex 0.00275 1.12418e-18 0.0009
         vertex 0.00275 -0.0010446 0.0007384
         vertex 0.00275 -0.0010315 -0.000740426
      endloop
   endfacet
   facet normal 1 0 0
      outer loop
         vertex 0.00275 1.80752e-18 -0.0009
         vertex 0.00275 0.0010446 -0.0007384
         vertex 0.00275 0.0010315 0.000740426
      endloop
   endfacet
   facet normal 1 0 0
      outer loop
         vertex 0.00275 0.0010446 -0.0007384
         vertex 0.00275 0.00158771 -0.00065438
         vertex 0.00275 0.00158771 0.00065438
      endloop
   endfacet
   facet normal 1 0 0
      outer loop
         vertex 0.00275 0.0010315 0.000740426
         vertex 0.00275 1.12418e-18 0.0009
         vertex 0.00275 1.80752e-18 -0.0009
      endloop
   endfacet
   facet normal 1 0 0
      outer loop
         vertex 0.00275 -0.0010315 -0.000740426
         vertex 0.00275 1.80752e-18 -0.0009
         vertex 0.00275 1.12418e-18 0.0009
      endloop
   endfacet
   facet normal 1 0 0
      outer loop
         vertex 0.00275 -0.0010446 0.0007384
         vertex 0.00275 -0.00158771 0.00065438
         vertex 0.00275 -0.00158771 -0.00065438
      endloop
   endfacet
   facet normal 1 0 0
      outer loop
         vertex 0.00275 -0.00158771 -0.00065438
         vertex 0.00275 -0.0010315 -0.000740426
         vertex 0.00275 -0.0010446 0.0007384
      endloop
   endfacet
   facet normal 1 0 0
      outer loop
         vertex 0.00275 0.00158771 0.00065438
         vertex 0.00275 0.0010315 0.000740426
         vertex 0.00275 0.0010446 -0.0007384
      endloop
   endfacet
   facet normal 0.467415 0.177549 -0.866025
      outer loop
         vertex 0.00275 0.0010446 -0.0007384
         vertex 0.0020992 0.00177647 -0.0009
         vertex 0.00226264 0.00186909 -0.000741439
      endloop
   endfacet
   facet normal 0.385485 0.318436 -0.866025
      outer loop
         vertex 0.00226264 0.00186909 -0.000741439
         vertex 0.00275 0.00158771 -0.00065438
         vertex 0.00275 0.0010446 -0.0007384
      endloop
   endfacet
   facet normal 0.5 3.35117e-16 -0.866025
      outer loop
         vertex 0.00275 1.80752e-18 -0.0009
         vertex 0.00258218 0.000945966 -0.0009
         vertex 0.00275 0.0010446 -0.0007384
      endloop
   endfacet
   facet normal 0.467415 0.177549 -0.866025
      outer loop
         vertex 0.00275 0.0010446 -0.0007384
         vertex 0.00258218 0.000945966 -0.0009
         vertex 0.0020992 0.00177647 -0.0009
      endloop
   endfacet
   facet normal 0.385485 0.318436 -0.866025
      outer loop
         vertex 0.00226264 0.00186909 -0.000741439
         vertex 0.0020992 0.00177647 -0.0009
         vertex 0.001375 0.00238157 -0.0009
      endloop
   endfacet
   facet normal 0.467415 -0.177549 0.866025
      outer loop
         vertex 0.00275 -0.0010446 0.0007384
         vertex 0.0020992 -0.00177647 0.0009
         vertex 0.00226264 -0.00186909 0.000741439
      endloop
   endfacet
   facet normal 0.385485 -0.318436 0.866025
      outer loop
         vertex 0.00226264 -0.00186909 0.000741439
         vertex 0.00275 -0.00158771 0.00065438
         vertex 0.00275 -0.0010446 0.0007384
      endloop
   endfacet
   facet normal 0.5 0 0.866025
      outer loop
         vertex 0.00275 1.12418e-18 0.0009
         vertex 0.00258218 -0.000945966 0.0009
         vertex 0.00275 -0.0010446 0.0007384
      endloop
   endfacet
   facet normal 0.467415 -0.177549 0.866025
      outer loop
         vertex 0.00275 -0.0010446 0.0007384
         vertex 0.00258218 -0.000945966 0.0009
         vertex 0.0020992 -0.00177647 0.0009
      endloop
   endfacet
   facet normal 0.385485 -0.318436 0.866025
      outer loop
         vertex 0.00226264 -0.00186909 0.000741439
         vertex 0.0020992 -0.00177647 0.0009
         vertex 0.001375 -0.00238157 0.0009
      endloop
   endfacet
   facet normal 0.386149 0.317631 0.866025
      outer loop
         vertex 0.00226831 0.00186582 0.000740426
         vertex 0.00258612 0.000935141 0.0009
         vertex 0.00275 0.0010315 0.000740426
      endloop
   endfacet
   facet normal 0.468151 0.175599 0.866025
      outer loop
         vertex 0.00275 0.0010315 0.000740426
         vertex 0.00275 0.00158771 0.00065438
         vertex 0.00226831 0.00186582 0.000740426
      endloop
   endfacet
   facet normal 0.25 0.433013 0.866025
      outer loop
         vertex 0.001375 0.00238157 0.0009
         vertex 0.00210292 0.00177207 0.0009
         vertex 0.00226831 0.00186582 0.000740426
      endloop
   endfacet
   facet normal 0.386149 0.317631 0.866025
      outer loop
         vertex 0.00226831 0.00186582 0.000740426
         vertex 0.00210292 0.00177207 0.0009
         vertex 0.00258612 0.000935141 0.0009
      endloop
   endfacet
   facet normal 0.468151 0.175599 0.866025
      outer loop
         vertex 0.00275 0.0010315 0.000740426
         vertex 0.00258612 0.000935141 0.0009
         vertex 0.00275 1.12418e-18 0.0009
      endloop
   endfacet
   facet normal 0.5 0.866025 0
      outer loop
         vertex 0.001375 0.00238157 0.0009
         vertex 0.00226831 0.00186582 0.000740426
         vertex 0.00226264 0.00186909 -0.000741439
      endloop
   endfacet
   facet normal 0.5 0.866025 0
      outer loop
         vertex 0.001375 0.00238157 0.0009
         vertex 0.001375 0.00238157 -0.0009
         vertex 0.000481694 0.00289732 -0.000740426
      endloop
   endfacet
   facet normal 0.5 0.866025 0
      outer loop
         vertex 0.000481694 0.00289732 0.000740426
         vertex 0.000481694 0.00289732 -0.000740426
         vertex -7.14498e-18 0.00317543 -0.00065438
      endloop
   endfacet
   facet normal 0.5 0.866025 0
      outer loop
         vertex 0.000481694 0.00289732 -0.000740426
         vertex 0.000481694 0.00289732 0.000740426
         vertex 0.001375 0.00238157 0.0009
      endloop
   endfacet
   facet normal 0.5 0.866025 0
      outer loop
         vertex 0.00226264 0.00186909 -0.000741439
         vertex 0.001375 0.00238157 -0.0009
         vertex 0.001375 0.00238157 0.0009
      endloop
   endfacet
   facet normal 0.5 0.866025 0
      outer loop
         vertex 0.00226831 0.00186582 0.000740426
         vertex 0.00275 0.00158771 0.00065438
         vertex 0.00275 0.00158771 -0.00065438
      endloop
   endfacet
   facet normal 0.5 0.866025 0
      outer loop
         vertex 0.00275 0.00158771 -0.00065438
         vertex 0.00226264 0.00186909 -0.000741439
         vertex 0.00226831 0.00186582 0.000740426
      endloop
   endfacet
   facet normal 0.5 0.866025 0
      outer loop
         vertex -7.14498e-18 0.00317543 -0.00065438
         vertex -7.17173e-18 0.00317543 0.00065438
         vertex 0.000481694 0.00289732 0.000740426
      endloop
   endfacet
   facet normal 0.082002 0.49323 -0.866025
      outer loop
         vertex 0.000481694 0.00289732 -0.000740426
         vertex -0.000483204 0.00270722 -0.0009
         vertex -0.000481694 0.00289732 -0.000740426
      endloop
   endfacet
   facet normal -0.082002 0.49323 -0.866025
      outer loop
         vertex -0.000481694 0.00289732 -0.000740426
         vertex -7.14498e-18 0.00317543 -0.00065438
         vertex 0.000481694 0.00289732 -0.000740426
      endloop
   endfacet
   facet normal 0.082002 0.49323 -0.866025
      outer loop
         vertex 0.000481694 0.00289732 -0.000740426
         vertex 0.000483204 0.00270722 -0.0009
         vertex -0.000483204 0.00270722 -0.0009
      endloop
   endfacet
   facet normal -0.082002 0.49323 -0.866025
      outer loop
         vertex -0.000481694 0.00289732 -0.000740426
         vertex -0.000483204 0.00270722 -0.0009
         vertex -0.001375 0.00238157 -0.0009
      endloop
   endfacet
   facet normal 0.25 0.433013 -0.866025
      outer loop
         vertex 0.001375 0.00238157 -0.0009
         vertex 0.000483204 0.00270722 -0.0009
         vertex 0.000481694 0.00289732 -0.000740426
      endloop
   endfacet
   facet normal 0.082002 0.49323 0.866025
      outer loop
         vertex 0.000481694 0.00289732 0.000740426
         vertex -7.17173e-18 0.00317543 0.00065438
         vertex -0.000481694 0.00289732 0.000740426
      endloop
   endfacet
   facet normal -0.0878552 0.492221 0.866025
      outer loop
         vertex -0.000483204 0.00270722 0.0009
         vertex 0.000483204 0.00270722 0.0009
         vertex 0.000481694 0.00289732 0.000740426
      endloop
   endfacet
   facet normal -0.082002 0.49323 0.866025
      outer loop
         vertex -0.000481694 0.00289732 0.000740426
         vertex -0.000483204 0.00270722 0.0009
         vertex 0.000481694 0.00289732 0.000740426
      endloop
   endfacet
   facet normal 0.082002 0.49323 0.866025
      outer loop
         vertex 0.000481694 0.00289732 0.000740426
         vertex 0.000483204 0.00270722 0.0009
         vertex 0.001375 0.00238157 0.0009
      endloop
   endfacet
   facet normal -0.25 0.433013 0.866025
      outer loop
         vertex -0.001375 0.00238157 0.0009
         vertex -0.000483204 0.00270722 0.0009
         vertex -0.000481694 0.00289732 0.000740426
      endloop
   endfacet
   facet normal 0.5 -0.866025 0
      outer loop
         vertex 0.001375 -0.00238157 -0.0009
         vertex 0.001375 -0.00238157 0.0009
         vertex 0.000481694 -0.00289732 0.000740426
      endloop
   endfacet
   facet normal 0.5 -0.866025 0
      outer loop
         vertex 0.001375 -0.00238157 -0.0009
         vertex 0.00226831 -0.00186582 -0.000740426
         vertex 0.00226264 -0.00186909 0.000741439
      endloop
   endfacet
   facet normal 0.5 -0.866025 0
      outer loop
         vertex 0.00226831 -0.00186582 -0.000740426
         vertex 0.00275 -0.00158771 -0.00065438
         vertex 0.00275 -0.00158771 0.00065438
      endloop
   endfacet
   facet normal 0.5 -0.866025 0
      outer loop
         vertex 0.00226264 -0.00186909 0.000741439
         vertex 0.001375 -0.00238157 0.0009
         vertex 0.001375 -0.00238157 -0.0009
      endloop
   endfacet
   facet normal 0.5 -0.866025 0
      outer loop
         vertex 0.000481694 -0.00289732 0.000740426
         vertex 0.000481694 -0.00289732 -0.000740426
         vertex 0.001375 -0.00238157 -0.0009
      endloop
   endfacet
   facet normal 0.5 -0.866025 0
      outer loop
         vertex 0.000481694 -0.00289732 -0.000740426
         vertex 0.000481694 -0.00289732 0.000740426
         vertex -2.41654e-18 -0.00317543 0.00065438
      endloop
   endfacet
   facet normal 0.5 -0.866025 0
      outer loop
         vertex -2.41654e-18 -0.00317543 0.00065438
         vertex -2.34138e-18 -0.00317543 -0.00065438
         vertex 0.000481694 -0.00289732 -0.000740426
      endloop
   endfacet
   facet normal 0.5 -0.866025 0
      outer loop
         vertex 0.00275 -0.00158771 0.00065438
         vertex 0.00226264 -0.00186909 0.000741439
         vertex 0.00226831 -0.00186582 -0.000740426
      endloop
   endfacet
   facet normal 0.082002 -0.49323 -0.866025
      outer loop
         vertex 0.000481694 -0.00289732 -0.000740426
         vertex -2.34138e-18 -0.00317543 -0.00065438
         vertex -0.000481694 -0.00289732 -0.000740426
      endloop
   endfacet
   facet normal -0.0878552 -0.492221 -0.866025
      outer loop
         vertex -0.000483204 -0.00270722 -0.0009
         vertex 0.000483204 -0.00270722 -0.0009
         vertex 0.000481694 -0.00289732 -0.000740426
      endloop
   endfacet
   facet normal -0.25 -0.433013 -0.866025
      outer loop
         vertex -0.001375 -0.00238157 -0.0009
         vertex -0.000483204 -0.00270722 -0.0009
         vertex -0.000481694 -0.00289732 -0.000740426
      endloop
   endfacet
   facet normal -0.082002 -0.49323 -0.866025
      outer loop
         vertex -0.000481694 -0.00289732 -0.000740426
         vertex -0.000483204 -0.00270722 -0.0009
         vertex 0.000481694 -0.00289732 -0.000740426
      endloop
   endfacet
   facet normal 0.082002 -0.49323 -0.866025
      outer loop
         vertex 0.000481694 -0.00289732 -0.000740426
         vertex 0.000483204 -0.00270722 -0.0009
         vertex 0.001375 -0.00238157 -0.0009
      endloop
   endfacet
   facet normal -0.082002 -0.49323 0.866025
      outer loop
         vertex -0.000481694 -0.00289732 0.000740426
         vertex -2.41654e-18 -0.00317543 0.00065438
         vertex 0.000481694 -0.00289732 0.000740426
      endloop
   endfacet
   facet normal 0.0878552 -0.492221 0.866025
      outer loop
         vertex 0.000483204 -0.00270722 0.0009
         vertex -0.000483204 -0.00270722 0.0009
         vertex -0.000481694 -0.00289732 0.000740426
      endloop
   endfacet
   facet normal 0.25 -0.433013 0.866025
      outer loop
         vertex 0.001375 -0.00238157 0.0009
         vertex 0.000483204 -0.00270722 0.0009
         vertex 0.000481694 -0.00289732 0.000740426
      endloop
   endfacet
   facet normal 0.082002 -0.49323 0.866025
      outer loop
         vertex 0.000481694 -0.00289732 0.000740426
         vertex 0.000483204 -0.00270722 0.0009
         vertex -0.000481694 -0.00289732 0.000740426
      endloop
   endfacet
   facet normal -0.082002 -0.49323 0.866025
      outer loop
         vertex -0.000481694 -0.00289732 0.000740426
         vertex -0.000483204 -0.00270722 0.0009
         vertex -0.001375 -0.00238157 0.0009
      endloop
   endfacet
   facet normal 0 0 -1
      outer loop
         vertex 0.0020992 0.00177647 -0.0009
         vertex 0.00258218 0.000945966 -0.0009
         vertex 0.00143583 0.000594738 -0.0009
      endloop
   endfacet
   facet normal 0 0 -1
      outer loop
         vertex 0.00258218 0.000945966 -0.0009
         vertex 0.00275 1.80752e-18 -0.0009
         vertex 0.00155413 3.80651e-19 -0.0009
      endloop
   endfacet
   facet normal 0 0 -1
      outer loop
         vertex 0.00155413 3.80651e-19 -0.0009
         vertex 0.00143583 0.000594738 -0.0009
         vertex 0.00258218 0.000945966 -0.0009
      endloop
   endfacet
   facet normal 0 0 -1
      outer loop
         vertex 0.00258612 -0.000935141 -0.0009
         vertex 0.00143583 -0.000594738 -0.0009
         vertex 0.00155413 3.80651e-19 -0.0009
      endloop
   endfacet
   facet normal 0 0 -1
      outer loop
         vertex 0.00155413 3.80651e-19 -0.0009
         vertex 0.00275 1.80752e-18 -0.0009
         vertex 0.00258612 -0.000935141 -0.0009
      endloop
   endfacet
   facet normal 0 0 -1
      outer loop
         vertex 0.00210292 -0.00177207 -0.0009
         vertex 0.00109893 -0.00109893 -0.0009
         vertex 0.00143583 -0.000594738 -0.0009
      endloop
   endfacet
   facet normal 0 0 -1
      outer loop
         vertex 0.00143583 -0.000594738 -0.0009
         vertex 0.00258612 -0.000935141 -0.0009
         vertex 0.00210292 -0.00177207 -0.0009
      endloop
   endfacet
   facet normal 0 0 -1
      outer loop
         vertex 0.001375 -0.00238157 -0.0009
         vertex 0.000594738 -0.00143583 -0.0009
         vertex 0.00109893 -0.00109893 -0.0009
      endloop
   endfacet
   facet normal 0 0 -1
      outer loop
         vertex -0.000483204 -0.00270722 -0.0009
         vertex -0.001375 -0.00238157 -0.0009
         vertex -0.000594738 -0.00143583 -0.0009
      endloop
   endfacet
   facet normal 0 0 -1
      outer loop
         vertex -0.00258612 0.000935141 -0.0009
         vertex -0.00143583 0.000594738 -0.0009
         vertex -0.00155413 -1.90326e-19 -0.0009
      endloop
   endfacet
   facet normal 0 0 -1
      outer loop
         vertex -0.00210292 0.00177207 -0.0009
         vertex -0.00109893 0.00109893 -0.0009
         vertex -0.00143583 0.000594738 -0.0009
      endloop
   endfacet
   facet normal 0 0 -1
      outer loop
         vertex 0.00109893 -0.00109893 -0.0009
         vertex 0.00210292 -0.00177207 -0.0009
         vertex 0.001375 -0.00238157 -0.0009
      endloop
   endfacet
   facet normal 0 0 -1
      outer loop
         vertex 0.000483204 -0.00270722 -0.0009
         vertex 9.51628e-20 -0.00155413 -0.0009
         vertex 0.000594738 -0.00143583 -0.0009
      endloop
   endfacet
   facet normal 0 0 -1
      outer loop
         vertex 9.51628e-20 -0.00155413 -0.0009
         vertex 0.000483204 -0.00270722 -0.0009
         vertex -0.000483204 -0.00270722 -0.0009
      endloop
   endfacet
   facet normal 0 0 -1
      outer loop
         vertex -0.001375 -0.00238157 -0.0009
         vertex -0.00210292 -0.00177207 -0.0009
         vertex -0.00109893 -0.00109893 -0.0009
      endloop
   endfacet
   facet normal 0 0 -1
      outer loop
         vertex -0.00143583 0.000594738 -0.0009
         vertex -0.00258612 0.000935141 -0.0009
         vertex -0.00210292 0.00177207 -0.0009
      endloop
   endfacet
   facet normal 0 0 -1
      outer loop
         vertex -0.001375 0.00238157 -0.0009
         vertex -0.000594738 0.00143583 -0.0009
         vertex -0.00109893 0.00109893 -0.0009
      endloop
   endfacet
   facet normal 0 0 -1
      outer loop
         vertex 0.000483204 0.00270722 -0.0009
         vertex 0.001375 0.00238157 -0.0009
         vertex 0.000594738 0.00143583 -0.0009
      endloop
   endfacet
   facet normal 0 0 -1
      outer loop
         vertex 0.000594738 -0.00143583 -0.0009
         vertex 0.001375 -0.00238157 -0.0009
         vertex 0.000483204 -0.00270722 -0.0009
      endloop
   endfacet
   facet normal 0 0 -1
      outer loop
         vertex -0.00109893 -0.00109893 -0.0009
         vertex -0.000594738 -0.00143583 -0.0009
         vertex -0.001375 -0.00238157 -0.0009
      endloop
   endfacet
   facet normal 0 0 -1
      outer loop
         vertex -0.00109893 0.00109893 -0.0009
         vertex -0.00210292 0.00177207 -0.0009
         vertex -0.001375 0.00238157 -0.0009
      endloop
   endfacet
   facet normal 0 0 -1
      outer loop
         vertex -0.000483204 0.00270722 -0.0009
         vertex -2.85488e-19 0.00155413 -0.0009
         vertex -0.000594738 0.00143583 -0.0009
      endloop
   endfacet
   facet normal 0 0 -1
      outer loop
         vertex -2.85488e-19 0.00155413 -0.0009
         vertex -0.000483204 0.00270722 -0.0009
         vertex 0.000483204 0.00270722 -0.0009
      endloop
   endfacet
   facet normal 0 0 -1
      outer loop
         vertex 0.001375 0.00238157 -0.0009
         vertex 0.0020992 0.00177647 -0.0009
         vertex 0.00109893 0.00109893 -0.0009
      endloop
   endfacet
   facet normal 0 0 -1
      outer loop
         vertex -0.000594738 -0.00143583 -0.0009
         vertex 9.51628e-20 -0.00155413 -0.0009
         vertex -0.000483204 -0.00270722 -0.0009
      endloop
   endfacet
   facet normal 0 0 -1
      outer loop
         vertex -0.00210292 -0.00177207 -0.0009
         vertex -0.00258612 -0.000935141 -0.0009
         vertex -0.00143583 -0.000594738 -0.0009
      endloop
   endfacet
   facet normal 0 0 -1
      outer loop
         vertex -0.000594738 0.00143583 -0.0009
         vertex -0.001375 0.00238157 -0.0009
         vertex -0.000483204 0.00270722 -0.0009
      endloop
   endfacet
   facet normal 0 0 -1
      outer loop
         vertex 0.00109893 0.00109893 -0.0009
         vertex 0.000594738 0.00143583 -0.0009
         vertex 0.001375 0.00238157 -0.0009
      endloop
   endfacet
   facet normal 0 0 -1
      outer loop
         vertex -0.00143583 -0.000594738 -0.0009
         vertex -0.00109893 -0.00109893 -0.0009
         vertex -0.00210292 -0.00177207 -0.0009
      endloop
   endfacet
   facet normal 0 0 -1
      outer loop
         vertex -0.00258612 -0.000935141 -0.0009
         vertex -0.00275 -1.68389e-19 -0.0009
         vertex -0.00155413 -1.90326e-19 -0.0009
      endloop
   endfacet
   facet normal 0 0 -1
      outer loop
         vertex 0.000594738 0.00143583 -0.0009
         vertex -2.85488e-19 0.00155413 -0.0009
         vertex 0.000483204 0.00270722 -0.0009
      endloop
   endfacet
   facet normal 0 0 -1
      outer loop
         vertex -0.00155413 -1.90326e-19 -0.0009
         vertex -0.00143583 -0.000594738 -0.0009
         vertex -0.00258612 -0.000935141 -0.0009
      endloop
   endfacet
   facet normal 0 0 -1
      outer loop
         vertex 0.00143583 0.000594738 -0.0009
         vertex 0.00109893 0.00109893 -0.0009
         vertex 0.0020992 0.00177647 -0.0009
      endloop
   endfacet
   facet normal 0 0 -1
      outer loop
         vertex -0.00155413 -1.90326e-19 -0.0009
         vertex -0.00275 -1.68389e-19 -0.0009
         vertex -0.00258612 0.000935141 -0.0009
      endloop
   endfacet
   facet normal -0.468151 -0.175599 -0.866025
      outer loop
         vertex -0.00275 -0.0010315 -0.000740426
         vertex -0.00210292 -0.00177207 -0.0009
         vertex -0.00226831 -0.00186582 -0.000740426
      endloop
   endfacet
   facet normal -0.386149 -0.317631 -0.866025
      outer loop
         vertex -0.00226831 -0.00186582 -0.000740426
         vertex -0.00275 -0.00158771 -0.00065438
         vertex -0.00275 -0.0010315 -0.000740426
      endloop
   endfacet
   facet normal -0.5 6.12323e-17 -0.866025
      outer loop
         vertex -0.00275 -1.68389e-19 -0.0009
         vertex -0.00258612 -0.000935141 -0.0009
         vertex -0.00275 -0.0010315 -0.000740426
      endloop
   endfacet
   facet normal -0.468151 -0.175599 -0.866025
      outer loop
         vertex -0.00275 -0.0010315 -0.000740426
         vertex -0.00258612 -0.000935141 -0.0009
         vertex -0.00210292 -0.00177207 -0.0009
      endloop
   endfacet
   facet normal -0.386149 -0.317631 -0.866025
      outer loop
         vertex -0.00226831 -0.00186582 -0.000740426
         vertex -0.00210292 -0.00177207 -0.0009
         vertex -0.001375 -0.00238157 -0.0009
      endloop
   endfacet
   facet normal -0.468151 0.175599 -0.866025
      outer loop
         vertex -0.00275 0.0010315 -0.000740426
         vertex -0.00275 0.00158771 -0.00065438
         vertex -0.00226831 0.00186582 -0.000740426
      endloop
   endfacet
   facet normal -0.382348 0.322195 -0.866025
      outer loop
         vertex -0.00210292 0.00177207 -0.0009
         vertex -0.00258612 0.000935141 -0.0009
         vertex -0.00275 0.0010315 -0.000740426
      endloop
   endfacet
   facet normal -0.25 0.433013 -0.866025
      outer loop
         vertex -0.001375 0.00238157 -0.0009
         vertex -0.00210292 0.00177207 -0.0009
         vertex -0.00226831 0.00186582 -0.000740426
      endloop
   endfacet
   facet normal -0.386149 0.317631 -0.866025
      outer loop
         vertex -0.00226831 0.00186582 -0.000740426
         vertex -0.00210292 0.00177207 -0.0009
         vertex -0.00275 0.0010315 -0.000740426
      endloop
   endfacet
   facet normal -0.468151 0.175599 -0.866025
      outer loop
         vertex -0.00275 0.0010315 -0.000740426
         vertex -0.00258612 0.000935141 -0.0009
         vertex -0.00275 -1.68389e-19 -0.0009
      endloop
   endfacet
   facet normal -0.5 -0.866025 0
      outer loop
         vertex -0.001375 -0.00238157 0.0009
         vertex -0.00226831 -0.00186582 0.000740426
         vertex -0.00226831 -0.00186582 -0.000740426
      endloop
   endfacet
   facet normal -0.5 -0.866025 0
      outer loop
         vertex -0.001375 -0.00238157 0.0009
         vertex -0.001375 -0.00238157 -0.0009
         vertex -0.000481694 -0.00289732 -0.000740426
      endloop
   endfacet
   facet normal -0.5 -0.866025 0
      outer loop
         vertex -0.000481694 -0.00289732 0.000740426
         vertex -0.000481694 -0.00289732 -0.000740426
         vertex -2.34138e-18 -0.00317543 -0.00065438
      endloop
   endfacet
   facet normal -0.5 -0.866025 0
      outer loop
         vertex -0.000481694 -0.00289732 -0.000740426
         vertex -0.000481694 -0.00289732 0.000740426
         vertex -0.001375 -0.00238157 0.0009
      endloop
   endfacet
   facet normal -0.5 -0.866025 0
      outer loop
         vertex -0.00226831 -0.00186582 -0.000740426
         vertex -0.001375 -0.00238157 -0.0009
         vertex -0.001375 -0.00238157 0.0009
      endloop
   endfacet
   facet normal -0.5 -0.866025 0
      outer loop
         vertex -0.00226831 -0.00186582 -0.000740426
         vertex -0.00226831 -0.00186582 0.000740426
         vertex -0.00275 -0.00158771 0.00065438
      endloop
   endfacet
   facet normal -0.5 -0.866025 0
      outer loop
         vertex -0.00275 -0.00158771 0.00065438
         vertex -0.00275 -0.00158771 -0.00065438
         vertex -0.00226831 -0.00186582 -0.000740426
      endloop
   endfacet
   facet normal -0.5 -0.866025 0
      outer loop
         vertex -2.34138e-18 -0.00317543 -0.00065438
         vertex -2.41654e-18 -0.00317543 0.00065438
         vertex -0.000481694 -0.00289732 0.000740426
      endloop
   endfacet
   facet normal -0.386149 -0.317631 0.866025
      outer loop
         vertex -0.00226831 -0.00186582 0.000740426
         vertex -0.00258612 -0.000935141 0.0009
         vertex -0.00275 -0.0010315 0.000740426
      endloop
   endfacet
   facet normal -0.468151 -0.175599 0.866025
      outer loop
         vertex -0.00275 -0.0010315 0.000740426
         vertex -0.00275 -0.00158771 0.00065438
         vertex -0.00226831 -0.00186582 0.000740426
      endloop
   endfacet
   facet normal -0.25 -0.433013 0.866025
      outer loop
         vertex -0.001375 -0.00238157 0.0009
         vertex -0.00210292 -0.00177207 0.0009
         vertex -0.00226831 -0.00186582 0.000740426
      endloop
   endfacet
   facet normal -0.386149 -0.317631 0.866025
      outer loop
         vertex -0.00226831 -0.00186582 0.000740426
         vertex -0.00210292 -0.00177207 0.0009
         vertex -0.00258612 -0.000935141 0.0009
      endloop
   endfacet
   facet normal -0.468151 -0.175599 0.866025
      outer loop
         vertex -0.00275 -0.0010315 0.000740426
         vertex -0.00258612 -0.000935141 0.0009
         vertex -0.00275 1.68389e-19 0.0009
      endloop
   endfacet
   facet normal -1 0 0
      outer loop
         vertex -0.00275 1.68389e-19 0.0009
         vertex -0.00275 0.0010315 0.000740426
         vertex -0.00275 0.0010315 -0.000740426
      endloop
   endfacet
   facet normal -1 0 0
      outer loop
         vertex -0.00275 -1.68389e-19 -0.0009
         vertex -0.00275 -0.0010315 -0.000740426
         vertex -0.00275 -0.0010315 0.000740426
      endloop
   endfacet
   facet normal -1 0 0
      outer loop
         vertex -0.00275 -0.0010315 0.000740426
         vertex -0.00275 -0.0010315 -0.000740426
         vertex -0.00275 -0.00158771 -0.00065438
      endloop
   endfacet
   facet normal -1 0 0
      outer loop
         vertex -0.00275 -0.0010315 0.000740426
         vertex -0.00275 1.68389e-19 0.0009
         vertex -0.00275 -1.68389e-19 -0.0009
      endloop
   endfacet
   facet normal -1 0 0
      outer loop
         vertex -0.00275 0.0010315 -0.000740426
         vertex -0.00275 -1.68389e-19 -0.0009
         vertex -0.00275 1.68389e-19 0.0009
      endloop
   endfacet
   facet normal -1 0 0
      outer loop
         vertex -0.00275 0.0010315 -0.000740426
         vertex -0.00275 0.0010315 0.000740426
         vertex -0.00275 0.00158771 0.00065438
      endloop
   endfacet
   facet normal -1 0 0
      outer loop
         vertex -0.00275 0.00158771 0.00065438
         vertex -0.00275 0.00158771 -0.00065438
         vertex -0.00275 0.0010315 -0.000740426
      endloop
   endfacet
   facet normal -1 0 0
      outer loop
         vertex -0.00275 -0.00158771 -0.00065438
         vertex -0.00275 -0.00158771 0.00065438
         vertex -0.00275 -0.0010315 0.000740426
      endloop
   endfacet
   facet normal -0.5 0.866025 0
      outer loop
         vertex -0.001375 0.00238157 -0.0009
         vertex -0.001375 0.00238157 0.0009
         vertex -0.000481694 0.00289732 0.000740426
      endloop
   endfacet
   facet normal -0.5 0.866025 0
      outer loop
         vertex -0.001375 0.00238157 -0.0009
         vertex -0.00226831 0.00186582 -0.000740426
         vertex -0.00226831 0.00186582 0.000740426
      endloop
   endfacet
   facet normal -0.5 0.866025 0
      outer loop
         vertex -0.00226831 0.00186582 0.000740426
         vertex -0.00226831 0.00186582 -0.000740426
         vertex -0.00275 0.00158771 -0.00065438
      endloop
   endfacet
   facet normal -0.5 0.866025 0
      outer loop
         vertex -0.00226831 0.00186582 0.000740426
         vertex -0.001375 0.00238157 0.0009
         vertex -0.001375 0.00238157 -0.0009
      endloop
   endfacet
   facet normal -0.5 0.866025 0
      outer loop
         vertex -0.000481694 0.00289732 0.000740426
         vertex -0.000481694 0.00289732 -0.000740426
         vertex -0.001375 0.00238157 -0.0009
      endloop
   endfacet
   facet normal -0.5 0.866025 0
      outer loop
         vertex -0.000481694 0.00289732 -0.000740426
         vertex -0.000481694 0.00289732 0.000740426
         vertex -7.17173e-18 0.00317543 0.00065438
      endloop
   endfacet
   facet normal -0.5 0.866025 0
      outer loop
         vertex -7.17173e-18 0.00317543 0.00065438
         vertex -7.14498e-18 0.00317543 -0.00065438
         vertex -0.000481694 0.00289732 -0.000740426
      endloop
   endfacet
   facet normal -0.5 0.866025 0
      outer loop
         vertex -0.00275 0.00158771 -0.00065438
         vertex -0.00275 0.00158771 0.00065438
         vertex -0.00226831 0.00186582 0.000740426
      endloop
   endfacet
   facet normal -0.468151 0.175599 0.866025
      outer loop
         vertex -0.00275 0.0010315 0.000740426
         vertex -0.00210292 0.00177207 0.0009
         vertex -0.00226831 0.00186582 0.000740426
      endloop
   endfacet
   facet normal -0.386149 0.317631 0.866025
      outer loop
         vertex -0.00226831 0.00186582 0.000740426
         vertex -0.00275 0.00158771 0.00065438
         vertex -0.00275 0.0010315 0.000740426
      endloop
   endfacet
   facet normal -0.5 -6.12323e-17 0.866025
      outer loop
         vertex -0.00275 1.68389e-19 0.0009
         vertex -0.00258612 0.000935141 0.0009
         vertex -0.00275 0.0010315 0.000740426
      endloop
   endfacet
   facet normal -0.468151 0.175599 0.866025
      outer loop
         vertex -0.00275 0.0010315 0.000740426
         vertex -0.00258612 0.000935141 0.0009
         vertex -0.00210292 0.00177207 0.0009
      endloop
   endfacet
   facet normal -0.386149 0.317631 0.866025
      outer loop
         vertex -0.00226831 0.00186582 0.000740426
         vertex -0.00210292 0.00177207 0.0009
         vertex -0.001375 0.00238157 0.0009
      endloop
   endfacet
   facet normal 0 0 1
      outer loop
         vertex 0.00258612 0.000935141 0.0009
         vertex 0.00143583 0.000594738 0.0009
         vertex 0.00155413 -3.80651e-19 0.0009
      endloop
   endfacet
   facet normal 0 0 1
      outer loop
         vertex 0.00210292 0.00177207 0.0009
         vertex 0.00109893 0.00109893 0.0009
         vertex 0.00143583 0.000594738 0.0009
      endloop
   endfacet
   facet normal 0 0 1
      outer loop
         vertex 0.00143583 0.000594738 0.0009
         vertex 0.00258612 0.000935141 0.0009
         vertex 0.00210292 0.00177207 0.0009
      endloop
   endfacet
   facet normal 0 0 1
      outer loop
         vertex 0.001375 0.00238157 0.0009
         vertex 0.000594738 0.00143583 0.0009
         vertex 0.00109893 0.00109893 0.0009
      endloop
   endfacet
   facet normal 0 0 1
      outer loop
         vertex -0.000483204 0.00270722 0.0009
         vertex -0.001375 0.00238157 0.0009
         vertex -0.000594738 0.00143583 0.0009
      endloop
   endfacet
   facet normal 0 0 1
      outer loop
         vertex 0.00109893 0.00109893 0.0009
         vertex 0.00210292 0.00177207 0.0009
         vertex 0.001375 0.00238157 0.0009
      endloop
   endfacet
   facet normal 0 0 1
      outer loop
         vertex 0.000483204 0.00270722 0.0009
         vertex 9.51628e-20 0.00155413 0.0009
         vertex 0.000594738 0.00143583 0.0009
      endloop
   endfacet
   facet normal 0 0 1
      outer loop
         vertex 9.51628e-20 0.00155413 0.0009
         vertex 0.000483204 0.00270722 0.0009
         vertex -0.000483204 0.00270722 0.0009
      endloop
   endfacet
   facet normal 0 0 1
      outer loop
         vertex -0.001375 0.00238157 0.0009
         vertex -0.00210292 0.00177207 0.0009
         vertex -0.00109893 0.00109893 0.0009
      endloop
   endfacet
   facet normal 0 0 1
      outer loop
         vertex 0.000594738 0.00143583 0.0009
         vertex 0.001375 0.00238157 0.0009
         vertex 0.000483204 0.00270722 0.0009
      endloop
   endfacet
   facet normal 0 0 1
      outer loop
         vertex -0.00109893 0.00109893 0.0009
         vertex -0.000594738 0.00143583 0.0009
         vertex -0.001375 0.00238157 0.0009
      endloop
   endfacet
   facet normal 0 0 1
      outer loop
         vertex -0.000594738 0.00143583 0.0009
         vertex 9.51628e-20 0.00155413 0.0009
         vertex -0.000483204 0.00270722 0.0009
      endloop
   endfacet
   facet normal 0 0 1
      outer loop
         vertex -0.00210292 0.00177207 0.0009
         vertex -0.00258612 0.000935141 0.0009
         vertex -0.00143583 0.000594738 0.0009
      endloop
   endfacet
   facet normal 0 0 1
      outer loop
         vertex -0.00143583 0.000594738 0.0009
         vertex -0.00109893 0.00109893 0.0009
         vertex -0.00210292 0.00177207 0.0009
      endloop
   endfacet
   facet normal 0 0 1
      outer loop
         vertex -0.00258612 0.000935141 0.0009
         vertex -0.00275 1.68389e-19 0.0009
         vertex -0.00155413 1.90326e-19 0.0009
      endloop
   endfacet
   facet normal 0 0 1
      outer loop
         vertex -0.00155413 1.90326e-19 0.0009
         vertex -0.00143583 0.000594738 0.0009
         vertex -0.00258612 0.000935141 0.0009
      endloop
   endfacet
   facet normal 0 0 1
      outer loop
         vertex -0.00258612 -0.000935141 0.0009
         vertex -0.00143583 -0.000594738 0.0009
         vertex -0.00155413 1.90326e-19 0.0009
      endloop
   endfacet
   facet normal 0 0 1
      outer loop
         vertex -0.00155413 1.90326e-19 0.0009
         vertex -0.00275 1.68389e-19 0.0009
         vertex -0.00258612 -0.000935141 0.0009
      endloop
   endfacet
   facet normal 0 0 1
      outer loop
         vertex -0.00210292 -0.00177207 0.0009
         vertex -0.00109893 -0.00109893 0.0009
         vertex -0.00143583 -0.000594738 0.0009
      endloop
   endfacet
   facet normal 0 0 1
      outer loop
         vertex -0.00143583 -0.000594738 0.0009
         vertex -0.00258612 -0.000935141 0.0009
         vertex -0.00210292 -0.00177207 0.0009
      endloop
   endfacet
   facet normal 0 0 1
      outer loop
         vertex -0.001375 -0.00238157 0.0009
         vertex -0.000594738 -0.00143583 0.0009
         vertex -0.00109893 -0.00109893 0.0009
      endloop
   endfacet
   facet normal 0 0 1
      outer loop
         vertex 0.000483204 -0.00270722 0.0009
         vertex 0.001375 -0.00238157 0.0009
         vertex 0.000594738 -0.00143583 0.0009
      endloop
   endfacet
   facet normal 0 0 1
      outer loop
         vertex -0.00109893 -0.00109893 0.0009
         vertex -0.00210292 -0.00177207 0.0009
         vertex -0.001375 -0.00238157 0.0009
      endloop
   endfacet
   facet normal 0 0 1
      outer loop
         vertex -0.000483204 -0.00270722 0.0009
         vertex -2.85488e-19 -0.00155413 0.0009
         vertex -0.000594738 -0.00143583 0.0009
      endloop
   endfacet
   facet normal 0 0 1
      outer loop
         vertex -2.85488e-19 -0.00155413 0.0009
         vertex -0.000483204 -0.00270722 0.0009
         vertex 0.000483204 -0.00270722 0.0009
      endloop
   endfacet
   facet normal 0 0 1
      outer loop
         vertex 0.001375 -0.00238157 0.0009
         vertex 0.0020992 -0.00177647 0.0009
         vertex 0.00109893 -0.00109893 0.0009
      endloop
   endfacet
   facet normal 0 0 1
      outer loop
         vertex -0.000594738 -0.00143583 0.0009
         vertex -0.001375 -0.00238157 0.0009
         vertex -0.000483204 -0.00270722 0.0009
      endloop
   endfacet
   facet normal 0 0 1
      outer loop
         vertex 0.00109893 -0.00109893 0.0009
         vertex 0.000594738 -0.00143583 0.0009
         vertex 0.001375 -0.00238157 0.0009
      endloop
   endfacet
   facet normal 0 0 1
      outer loop
         vertex 0.0020992 -0.00177647 0.0009
         vertex 0.00258218 -0.000945966 0.0009
         vertex 0.00143583 -0.000594738 0.0009
      endloop
   endfacet
   facet normal 0 0 1
      outer loop
         vertex 0.00258218 -0.000945966 0.0009
         vertex 0.00275 1.12418e-18 0.0009
         vertex 0.00155413 -3.80651e-19 0.0009
      endloop
   endfacet
   facet normal 0 0 1
      outer loop
         vertex 0.000594738 -0.00143583 0.0009
         vertex -2.85488e-19 -0.00155413 0.0009
         vertex 0.000483204 -0.00270722 0.0009
      endloop
   endfacet
   facet normal 0 0 1
      outer loop
         vertex 0.00155413 -3.80651e-19 0.0009
         vertex 0.00143583 -0.000594738 0.0009
         vertex 0.00258218 -0.000945966 0.0009
      endloop
   endfacet
   facet normal 0 0 1
      outer loop
         vertex 0.00143583 -0.000594738 0.0009
         vertex 0.00109893 -0.00109893 0.0009
         vertex 0.0020992 -0.00177647 0.0009
      endloop
   endfacet
   facet normal 0 0 1
      outer loop
         vertex 0.00155413 -3.80651e-19 0.0009
         vertex 0.00275 1.12418e-18 0.0009
         vertex 0.00258612 0.000935141 0.0009
      endloop
   endfacet
   facet normal 0.353553 -0.353553 0.866025
      outer loop
         vertex -0.00109893 0.00109893 0.0009
         vertex -0.00143583 0.000594738 0.0009
         vertex -0.00108578 0.000449745 0.00068125
      endloop
   endfacet
   facet normal -0.46194 -0.191342 0.866025
      outer loop
         vertex 0.00143583 0.000594738 0.0009
         vertex 0.0012599 0.000727588 0.000842712
         vertex 0.00130205 0.000596976 0.000839007
      endloop
   endfacet
   facet normal -0.353553 -0.353553 0.866025
      outer loop
         vertex 0.00109893 0.00109893 0.0009
         vertex 0.00111313 0.000924287 0.000849233
         vertex 0.0012599 0.000727588 0.000842712
      endloop
   endfacet
   facet normal -0.353553 -0.353553 0.866025
      outer loop
         vertex 0.00109893 0.00109893 0.0009
         vertex 0.00103137 0.00103387 0.000852865
         vertex 0.00111313 0.000924287 0.000849233
      endloop
   endfacet
   facet normal -0.432986 -0.250047 0.866025
      outer loop
         vertex 0.0012599 0.000727588 0.000842712
         vertex 0.00143583 0.000594738 0.0009
         vertex 0.00109893 0.00109893 0.0009
      endloop
   endfacet
   facet normal -0.5 0 0.866025
      outer loop
         vertex 0.00155413 -3.80651e-19 0.0009
         vertex 0.00140609 0.000274559 0.00082986
         vertex 0.00140402 0.000193044 0.000827472
      endloop
   endfacet
   facet normal -0.46194 -0.191342 0.866025
      outer loop
         vertex 0.00143583 0.000594738 0.0009
         vertex 0.00131799 0.000547579 0.000837606
         vertex 0.00140609 0.000274559 0.00082986
      endloop
   endfacet
   facet normal -0.490732 -0.0958227 0.866025
      outer loop
         vertex 0.00140609 0.000274559 0.00082986
         vertex 0.00155413 -3.80651e-19 0.0009
         vertex 0.00143583 0.000594738 0.0009
      endloop
   endfacet
   facet normal -0.46194 0.191342 0.866025
      outer loop
         vertex 0.00143583 -0.000594738 0.0009
         vertex 0.00155413 -3.80651e-19 0.0009
         vertex 0.00139402 -0.000201369 0.000815918
      endloop
   endfacet
   facet normal -0.494864 0.0714838 0.866025
      outer loop
         vertex 0.00139402 -0.000201369 0.000815918
         vertex 0.00139053 -0.000210777 0.000815633
         vertex 0.00143583 -0.000594738 0.0009
      endloop
   endfacet
   facet normal -0.5 0 0.866025
      outer loop
         vertex 0.00155413 -3.80651e-19 0.0009
         vertex 0.00139914 4.99125e-07 0.000821832
         vertex 0.00139402 -0.000201369 0.000815918
      endloop
   endfacet
   facet normal -0.353553 0.353553 0.866025
      outer loop
         vertex 0.00109893 -0.00109893 0.0009
         vertex 0.00103047 -0.000880404 0.000793934
         vertex 0.000999824 -0.000918094 0.000792581
      endloop
   endfacet
   facet normal -0.353553 0.353553 0.866025
      outer loop
         vertex 0.00109893 -0.00109893 0.0009
         vertex 0.00143583 -0.000594738 0.0009
         vertex 0.00123566 -0.000628045 0.000802996
      endloop
   endfacet
   facet normal -0.44573 0.226549 0.866025
      outer loop
         vertex 0.00123566 -0.000628045 0.000802996
         vertex 0.00103047 -0.000880404 0.000793934
         vertex 0.00109893 -0.00109893 0.0009
      endloop
   endfacet
   facet normal -0.46194 0.191342 0.866025
      outer loop
         vertex 0.00143583 -0.000594738 0.0009
         vertex 0.00127287 -0.000527785 0.000806032
         vertex 0.00125498 -0.000575991 0.000804572
      endloop
   endfacet
   facet normal -0.454424 0.208564 0.866025
      outer loop
         vertex 0.00125498 -0.000575991 0.000804572
         vertex 0.00123566 -0.000628045 0.000802996
         vertex 0.00143583 -0.000594738 0.0009
      endloop
   endfacet
   facet normal -0.353553 0.353553 0.866025
      outer loop
         vertex 0.00109893 -0.00109893 0.0009
         vertex 0.000950647 -0.000978575 0.000790409
         vertex 0.000686877 -0.00114063 0.000780914
      endloop
   endfacet
   facet normal -0.257938 0.428332 0.866025
      outer loop
         vertex 0.000686877 -0.00114063 0.000780914
         vertex 0.000594738 -0.00143583 0.0009
         vertex 0.00109893 -0.00109893 0.0009
      endloop
   endfacet
   facet normal -0.257938 0.428332 0.866025
      outer loop
         vertex 0.000686877 -0.00114063 0.000780914
         vertex 0.000565694 -0.00121508 0.000776551
         vertex 0.000594738 -0.00143583 0.0009
      endloop
   endfacet
   facet normal -0.353553 0.353553 0.866025
      outer loop
         vertex 0.00109893 -0.00109893 0.0009
         vertex 0.000962969 -0.000963421 0.000790953
         vertex 0.000950647 -0.000978575 0.000790409
      endloop
   endfacet
   facet normal -1.38778e-16 0.5 0.866025
      outer loop
         vertex -2.85488e-19 -0.00155413 0.0009
         vertex 0.000594738 -0.00143583 0.0009
         vertex 0.000354828 -0.00126218 0.00077
      endloop
   endfacet
   facet normal -0.191342 0.46194 0.866025
      outer loop
         vertex 0.000594738 -0.00143583 0.0009
         vertex 0.000509982 -0.00122752 0.00077482
         vertex 0.000354828 -0.00126218 0.00077
      endloop
   endfacet
   facet normal -0.135317 0.481341 0.866025
      outer loop
         vertex 0.000354828 -0.00126218 0.00077
         vertex 0.000141297 -0.00130987 0.000763365
         vertex -2.85488e-19 -0.00155413 0.0009
      endloop
   endfacet
   facet normal 0.191342 0.46194 0.866025
      outer loop
         vertex -0.000594738 -0.00143583 0.0009
         vertex -0.000283794 -0.00126454 0.000750968
         vertex -0.000360356 -0.00122825 0.000748248
      endloop
   endfacet
   facet normal 0.140761 0.479777 0.866025
      outer loop
         vertex -0.000360356 -0.00122825 0.000748248
         vertex -0.000378548 -0.00121963 0.000747602
         vertex -0.000594738 -0.00143583 0.0009
      endloop
   endfacet
   facet normal -1.38778e-16 0.5 0.866025
      outer loop
         vertex -2.85488e-19 -0.00155413 0.0009
         vertex -4.88735e-07 -0.00129475 0.00075923
         vertex -0.000283794 -0.00126454 0.000750968
      endloop
   endfacet
   facet normal -1.38778e-16 0.5 0.866025
      outer loop
         vertex -2.85488e-19 -0.00155413 0.0009
         vertex 1.64891e-06 -0.00129498 0.000759292
         vertex -4.88735e-07 -0.00129475 0.00075923
      endloop
   endfacet
   facet normal 0.109489 0.487865 0.866025
      outer loop
         vertex -0.000283794 -0.00126454 0.000750968
         vertex -0.000594738 -0.00143583 0.0009
         vertex -2.85488e-19 -0.00155413 0.0009
      endloop
   endfacet
   facet normal 0.353553 0.353553 0.866025
      outer loop
         vertex -0.00109893 -0.00109893 0.0009
         vertex -0.000594738 -0.00143583 0.0009
         vertex -0.000670118 -0.00108143 0.000737244
      endloop
   endfacet
   facet normal 0.263365 0.425017 0.866025
      outer loop
         vertex -0.000670118 -0.00108143 0.000737244
         vertex -0.000698619 -0.00105351 0.000735953
         vertex -0.00109893 -0.00109893 0.0009
      endloop
   endfacet
   facet normal 0.191342 0.46194 0.866025
      outer loop
         vertex -0.000594738 -0.00143583 0.0009
         vertex -0.000483595 -0.00116984 0.00074387
         vertex -0.000670118 -0.00108143 0.000737244
      endloop
   endfacet
   facet normal 0.46194 0.191342 0.866025
      outer loop
         vertex -0.00143583 -0.000594738 0.0009
         vertex -0.00109893 -0.00109893 0.0009
         vertex -0.000966421 -0.000791173 0.000723818
      endloop
   endfacet
   facet normal 0.386887 0.31673 0.866025
      outer loop
         vertex -0.000966421 -0.000791173 0.000723818
         vertex -0.00111936 -0.00049055 0.000713539
         vertex -0.00143583 -0.000594738 0.0009
      endloop
   endfacet
   facet normal 0.353553 0.353553 0.866025
      outer loop
         vertex -0.00109893 -0.00109893 0.0009
         vertex -0.000952491 -0.00080482 0.000724449
         vertex -0.00096398 -0.000793565 0.000723928
      endloop
   endfacet
   facet normal 0.353553 0.353553 0.866025
      outer loop
         vertex -0.00109893 -0.00109893 0.0009
         vertex -0.000878 -0.000877791 0.000727824
         vertex -0.000952491 -0.00080482 0.000724449
      endloop
   endfacet
   facet normal 0.386024 0.317782 0.866025
      outer loop
         vertex -0.00096398 -0.000793565 0.000723928
         vertex -0.000966421 -0.000791173 0.000723818
         vertex -0.00109893 -0.00109893 0.0009
      endloop
   endfacet
   facet normal 0.46194 0.191342 0.866025
      outer loop
         vertex -0.00143583 -0.000594738 0.0009
         vertex -0.00114924 -0.000431814 0.00071153
         vertex -0.00118651 -0.0001589 0.000702282
      endloop
   endfacet
   facet normal 0.495576 0.0663683 0.866025
      outer loop
         vertex -0.00118651 -0.0001589 0.000702282
         vertex -0.00155413 1.90326e-19 0.0009
         vertex -0.00143583 -0.000594738 0.0009
      endloop
   endfacet
   facet normal 0.495576 0.0663683 0.866025
      outer loop
         vertex -0.00118651 -0.0001589 0.000702282
         vertex -0.00120381 -3.22731e-05 0.000697992
         vertex -0.00155413 1.90326e-19 0.0009
      endloop
   endfacet
   facet normal 0.46194 0.191342 0.866025
      outer loop
         vertex -0.00143583 -0.000594738 0.0009
         vertex -0.00113087 -0.000467917 0.000712765
         vertex -0.00114924 -0.000431814 0.00071153
      endloop
   endfacet
   facet normal 0.46194 -0.191342 0.866025
      outer loop
         vertex -0.00143583 0.000594738 0.0009
         vertex -0.001126 0.000354909 0.000684349
         vertex -0.00108948 0.000440715 0.00068125
      endloop
   endfacet
   facet normal 0.46194 -0.191342 0.866025
      outer loop
         vertex -0.00143583 0.000594738 0.0009
         vertex -0.00155413 1.90326e-19 0.0009
         vertex -0.00116051 0.000183182 0.0006904
      endloop
   endfacet
   facet normal 0.5 8.32667e-17 0.866025
      outer loop
         vertex -0.00155413 1.90326e-19 0.0009
         vertex -0.00119751 -9.67972e-07 0.000696889
         vertex -0.00116051 0.000183182 0.0006904
      endloop
   endfacet
   facet normal 0.493885 -0.0779578 0.866025
      outer loop
         vertex -0.00116051 0.000183182 0.0006904
         vertex -0.001126 0.000354909 0.000684349
         vertex -0.00143583 0.000594738 0.0009
      endloop
   endfacet
   facet normal 0.191342 -0.46194 0.866025
      outer loop
         vertex -0.000594738 0.00143583 0.0009
         vertex -0.00109893 0.00109893 0.0009
         vertex -0.000581738 0.0013826 0.00086875
      endloop
   endfacet
   facet normal 0.353553 -0.353553 0.866025
      outer loop
         vertex -0.00109893 0.00109893 0.0009
         vertex -0.000831021 0.000831021 0.00068125
         vertex -0.000455788 0.00108326 0.00068125
      endloop
   endfacet
   facet normal 0.193913 -0.460866 0.866025
      outer loop
         vertex -0.000455788 0.00108326 0.00068125
         vertex -0.000581738 0.0013826 0.00086875
         vertex -0.00109893 0.00109893 0.0009
      endloop
   endfacet
   facet normal 5.55112e-17 -0.5 0.866025
      outer loop
         vertex 9.51628e-20 0.00155413 0.0009
         vertex -0.000594738 0.00143583 0.0009
         vertex -0.000574025 0.00138582 0.00086875
      endloop
   endfacet
   facet normal -0.191342 -0.46194 0.866025
      outer loop
         vertex 0.000594738 0.00143583 0.0009
         vertex 9.51628e-20 0.00155413 0.0009
         vertex 9.18485e-20 0.0015 0.00086875
      endloop
   endfacet
   facet normal -0.353553 -0.353553 0.866025
      outer loop
         vertex 0.00109893 0.00109893 0.0009
         vertex 0.000785597 0.00124081 0.000861811
         vertex 0.000829151 0.00121052 0.000860329
      endloop
   endfacet
   facet normal -0.191342 -0.46194 0.866025
      outer loop
         vertex 0.000594738 0.00143583 0.0009
         vertex 0.000581738 0.0013826 0.00086875
         vertex 0.000785597 0.00124081 0.000861811
      endloop
   endfacet
   facet normal -0.267465 -0.422448 0.866025
      outer loop
         vertex 0.000785597 0.00124081 0.000861811
         vertex 0.00109893 0.00109893 0.0009
         vertex 0.000594738 0.00143583 0.0009
      endloop
   endfacet
   facet normal -0.191342 -0.46194 0.866025
      outer loop
         vertex 0.000594738 0.00143583 0.0009
         vertex 0.000574025 0.00138582 0.00086875
         vertex 0.000581738 0.0013826 0.00086875
      endloop
   endfacet
   facet normal -0.282551 -0.412511 0.866025
      outer loop
         vertex 0.000829151 0.00121052 0.000860329
         vertex 0.000975506 0.00110873 0.000855347
         vertex 0.00109893 0.00109893 0.0009
      endloop
   endfacet
   facet normal -0.33028 -0.375386 0.866025
      outer loop
         vertex 0.000975506 0.00110873 0.000855347
         vertex 0.00103137 0.00103387 0.000852865
         vertex 0.00109893 0.00109893 0.0009
      endloop
   endfacet
   facet normal -3.06162e-17 -0.5 0.866025
      outer loop
         vertex 9.18485e-20 0.0015 0.00086875
         vertex 0.000574025 0.00138582 0.00086875
         vertex 0.000594738 0.00143583 0.0009
      endloop
   endfacet
   facet normal 0.191342 -0.46194 0.866025
      outer loop
         vertex -0.000574025 0.00138582 0.00086875
         vertex 9.18485e-20 0.0015 0.00086875
         vertex 9.51628e-20 0.00155413 0.0009
      endloop
   endfacet
   facet normal 0.193913 -0.460866 0.866025
      outer loop
         vertex -0.000581738 0.0013826 0.00086875
         vertex -0.000574025 0.00138582 0.00086875
         vertex -0.000594738 0.00143583 0.0009
      endloop
   endfacet
   facet normal 0.463512 -0.1875 0.866025
      outer loop
         vertex -0.00108948 0.000440715 0.00068125
         vertex -0.00108578 0.000449745 0.00068125
         vertex -0.00143583 0.000594738 0.0009
      endloop
   endfacet
   facet normal 0.49982 0.0133998 0.866025
      outer loop
         vertex -0.00120381 -3.22731e-05 0.000697992
         vertex -0.00119751 -9.67972e-07 0.000696889
         vertex -0.00155413 1.90326e-19 0.0009
      endloop
   endfacet
   facet normal 0.457954 0.200694 0.866025
      outer loop
         vertex -0.00111936 -0.00049055 0.000713539
         vertex -0.00113087 -0.000467917 0.000712765
         vertex -0.00143583 -0.000594738 0.0009
      endloop
   endfacet
   facet normal 0.27633 0.416704 0.866025
      outer loop
         vertex -0.000698619 -0.00105351 0.000735953
         vertex -0.000878 -0.000877791 0.000727824
         vertex -0.00109893 -0.00109893 0.0009
      endloop
   endfacet
   facet normal 0.148215 0.477527 0.866025
      outer loop
         vertex -0.000378548 -0.00121963 0.000747602
         vertex -0.000483595 -0.00116984 0.00074387
         vertex -0.000594738 -0.00143583 0.0009
      endloop
   endfacet
   facet normal -0.0536244 0.497116 0.866025
      outer loop
         vertex 0.000141297 -0.00130987 0.000763365
         vertex 1.64891e-06 -0.00129498 0.000759292
         vertex -2.85488e-19 -0.00155413 0.0009
      endloop
   endfacet
   facet normal -0.211031 0.453283 0.866025
      outer loop
         vertex 0.000565694 -0.00121508 0.000776551
         vertex 0.000509982 -0.00122752 0.00077482
         vertex 0.000594738 -0.00143583 0.0009
      endloop
   endfacet
   facet normal -0.368285 0.33818 0.866025
      outer loop
         vertex 0.000999824 -0.000918094 0.000792581
         vertex 0.000962969 -0.000963421 0.000790953
         vertex 0.00109893 -0.00109893 0.0009
      endloop
   endfacet
   facet normal -0.494353 0.0749342 0.866025
      outer loop
         vertex 0.00139053 -0.000210777 0.000815633
         vertex 0.00127287 -0.000527785 0.000806032
         vertex 0.00143583 -0.000594738 0.0009
      endloop
   endfacet
   facet normal -0.49534 -0.0681062 0.866025
      outer loop
         vertex 0.00140402 0.000193044 0.000827472
         vertex 0.00139914 4.99125e-07 0.000821832
         vertex 0.00155413 -3.80651e-19 0.0009
      endloop
   endfacet
   facet normal -0.454505 -0.208386 0.866025
      outer loop
         vertex 0.00130205 0.000596976 0.000839007
         vertex 0.00131799 0.000547579 0.000837606
         vertex 0.00143583 0.000594738 0.0009
      endloop
   endfacet
   facet normal 0.46194 -0.191342 0.866025
      outer loop
         vertex -0.00108578 0.000449745 0.00068125
         vertex -0.000831021 0.000831021 0.00068125
         vertex -0.00109893 0.00109893 0.0009
      endloop
   endfacet
   facet normal 0.191342 0.46194 -0.866025
      outer loop
         vertex -0.000594738 -0.00143583 -0.0009
         vertex -0.00109893 -0.00109893 -0.0009
         vertex -0.000831021 -0.000831021 -0.00068125
      endloop
   endfacet
   facet normal -0.46194 0.191342 -0.866025
      outer loop
         vertex 0.00143583 -0.000594738 -0.0009
         vertex 0.00109893 -0.00109893 -0.0009
         vertex 0.0011925 -0.000863564 -0.000852784
      endloop
   endfacet
   facet normal -0.404967 0.293261 -0.866025
      outer loop
         vertex 0.0011925 -0.000863564 -0.000852784
         vertex 0.00130596 -0.000586243 -0.000844918
         vertex 0.00143583 -0.000594738 -0.0009
      endloop
   endfacet
   facet normal -0.353553 0.353553 -0.866025
      outer loop
         vertex 0.00109893 -0.00109893 -0.0009
         vertex 0.00102909 -0.00102939 -0.000859144
         vertex 0.00111996 -0.000937175 -0.000855607
      endloop
   endfacet
   facet normal -0.383458 0.320874 -0.866025
      outer loop
         vertex 0.00111996 -0.000937175 -0.000855607
         vertex 0.0011925 -0.000863564 -0.000852784
         vertex 0.00109893 -0.00109893 -0.0009
      endloop
   endfacet
   facet normal -0.5 0 -0.866025
      outer loop
         vertex 0.00155413 3.80651e-19 -0.0009
         vertex 0.0014097 -0.000207595 -0.000834092
         vertex 0.00141258 -0.000115313 -0.000831416
      endloop
   endfacet
   facet normal -0.5 0 -0.866025
      outer loop
         vertex 0.00155413 3.80651e-19 -0.0009
         vertex 0.00143583 -0.000594738 -0.0009
         vertex 0.00140547 -0.000343018 -0.000838018
      endloop
   endfacet
   facet normal -0.485743 0.11855 -0.866025
      outer loop
         vertex 0.00140547 -0.000343018 -0.000838018
         vertex 0.0014097 -0.000207595 -0.000834092
         vertex 0.00155413 3.80651e-19 -0.0009
      endloop
   endfacet
   facet normal -0.46194 0.191342 -0.866025
      outer loop
         vertex 0.00143583 -0.000594738 -0.0009
         vertex 0.00132176 -0.000547617 -0.000843822
         vertex 0.00140547 -0.000343018 -0.000838018
      endloop
   endfacet
   facet normal -0.5 0 -0.866025
      outer loop
         vertex 0.00155413 3.80651e-19 -0.0009
         vertex 0.00141966 0.000111456 -0.000824841
         vertex 0.00136293 0.000293191 -0.000819427
      endloop
   endfacet
   facet normal -0.488818 -0.105153 -0.866025
      outer loop
         vertex 0.00136293 0.000293191 -0.000819427
         vertex 0.00143583 0.000594738 -0.0009
         vertex 0.00155413 3.80651e-19 -0.0009
      endloop
   endfacet
   facet normal -0.5 0 -0.866025
      outer loop
         vertex 0.00155413 3.80651e-19 -0.0009
         vertex 0.00141619 4.17179e-07 -0.00082806
         vertex 0.00141966 0.000111456 -0.000824841
      endloop
   endfacet
   facet normal -0.353553 -0.353553 -0.866025
      outer loop
         vertex 0.00109893 0.00109893 -0.0009
         vertex 0.00143583 0.000594738 -0.0009
         vertex 0.00121188 0.000660331 -0.000808082
      endloop
   endfacet
   facet normal -0.46194 -0.191342 -0.866025
      outer loop
         vertex 0.00143583 0.000594738 -0.0009
         vertex 0.00127271 0.000582235 -0.000810816
         vertex 0.00121188 0.000660331 -0.000808082
      endloop
   endfacet
   facet normal -0.439053 -0.239232 -0.866025
      outer loop
         vertex 0.00121188 0.000660331 -0.000808082
         vertex 0.000974834 0.00096464 -0.000797426
         vertex 0.00109893 0.00109893 -0.0009
      endloop
   endfacet
   facet normal -0.46194 -0.191342 -0.866025
      outer loop
         vertex 0.00143583 0.000594738 -0.0009
         vertex 0.00128771 0.000534174 -0.000812248
         vertex 0.00127271 0.000582235 -0.000810816
      endloop
   endfacet
   facet normal -0.353553 -0.353553 -0.866025
      outer loop
         vertex 0.00109893 0.00109893 -0.0009
         vertex 0.00095745 0.000986957 -0.000796644
         vertex 0.000647862 0.00117388 -0.000785585
      endloop
   endfacet
   facet normal -0.241597 -0.437757 -0.866025
      outer loop
         vertex 0.000647862 0.00117388 -0.000785585
         vertex 0.000594738 0.00143583 -0.0009
         vertex 0.00109893 0.00109893 -0.0009
      endloop
   endfacet
   facet normal -0.241597 -0.437757 -0.866025
      outer loop
         vertex 0.000647862 0.00117388 -0.000785585
         vertex 0.00055014 0.00123288 -0.000782094
         vertex 0.000594738 0.00143583 -0.0009
      endloop
   endfacet
   facet normal -0.353553 -0.353553 -0.866025
      outer loop
         vertex 0.00109893 0.00109893 -0.0009
         vertex 0.000970083 0.000970738 -0.000797212
         vertex 0.00095745 0.000986957 -0.000796644
      endloop
   endfacet
   facet normal -1.38778e-16 -0.5 -0.866025
      outer loop
         vertex -2.85488e-19 0.00155413 -0.0009
         vertex 0.000594738 0.00143583 -0.0009
         vertex 0.000272062 0.0012881 -0.000773627
      endloop
   endfacet
   facet normal -0.191342 -0.46194 -0.866025
      outer loop
         vertex 0.000594738 0.00143583 -0.0009
         vertex 0.000514822 0.0012399 -0.000781019
         vertex 0.000272062 0.0012881 -0.000773627
      endloop
   endfacet
   facet normal -0.103326 -0.489207 -0.866025
      outer loop
         vertex 0.000272062 0.0012881 -0.000773627
         vertex 9.88801e-05 0.00132248 -0.000768355
         vertex -2.85488e-19 0.00155413 -0.0009
      endloop
   endfacet
   facet normal 0.191342 -0.46194 -0.866025
      outer loop
         vertex -0.000594738 0.00143583 -0.0009
         vertex -0.000403878 0.00123572 -0.000753463
         vertex -0.000447636 0.00120929 -0.000751801
      endloop
   endfacet
   facet normal -1.38778e-16 -0.5 -0.866025
      outer loop
         vertex -2.85488e-19 0.00155413 -0.0009
         vertex -9.7472e-05 0.0012886 -0.000762539
         vertex -0.000403878 0.00123572 -0.000753463
      endloop
   endfacet
   facet normal -1.38778e-16 -0.5 -0.866025
      outer loop
         vertex -2.85488e-19 0.00155413 -0.0009
         vertex 2.63638e-06 0.00130587 -0.000765504
         vertex -9.7472e-05 0.0012886 -0.000762539
      endloop
   endfacet
   facet normal 0.155333 -0.47526 -0.866025
      outer loop
         vertex -0.000403878 0.00123572 -0.000753463
         vertex -0.000594738 0.00143583 -0.0009
         vertex -2.85488e-19 0.00155413 -0.0009
      endloop
   endfacet
   facet normal 0.353553 -0.353553 -0.866025
      outer loop
         vertex -0.00109893 0.00109893 -0.0009
         vertex -0.000783098 0.00100673 -0.000739059
         vertex -0.000861371 0.000910243 -0.000735151
      endloop
   endfacet
   facet normal 0.191342 -0.46194 -0.866025
      outer loop
         vertex -0.000594738 0.00143583 -0.0009
         vertex -0.000488519 0.00118461 -0.000750248
         vertex -0.000759609 0.00102092 -0.000739951
      endloop
   endfacet
   facet normal 0.298469 -0.401144 -0.866025
      outer loop
         vertex -0.000759609 0.00102092 -0.000739951
         vertex -0.00109893 0.00109893 -0.0009
         vertex -0.000594738 0.00143583 -0.0009
      endloop
   endfacet
   facet normal 0.298469 -0.401144 -0.866025
      outer loop
         vertex -0.000759609 0.00102092 -0.000739951
         vertex -0.000783098 0.00100673 -0.000739059
         vertex -0.00109893 0.00109893 -0.0009
      endloop
   endfacet
   facet normal 0.46194 -0.191342 -0.866025
      outer loop
         vertex -0.00143583 0.000594738 -0.0009
         vertex -0.00106052 0.000664744 -0.000725207
         vertex -0.00107407 0.00062524 -0.000723919
      endloop
   endfacet
   facet normal 0.353553 -0.353553 -0.866025
      outer loop
         vertex -0.00109893 0.00109893 -0.0009
         vertex -0.000882091 0.000884702 -0.000734116
         vertex -0.00106052 0.000664744 -0.000725207
      endloop
   endfacet
   facet normal 0.423654 -0.26555 -0.866025
      outer loop
         vertex -0.00106052 0.000664744 -0.000725207
         vertex -0.00143583 0.000594738 -0.0009
         vertex -0.00109893 0.00109893 -0.0009
      endloop
   endfacet
   facet normal 0.46194 -0.191342 -0.866025
      outer loop
         vertex -0.00143583 0.000594738 -0.0009
         vertex -0.00118457 0.000303003 -0.000713413
         vertex -0.00120138 0.000254 -0.000711815
      endloop
   endfacet
   facet normal 0.46194 -0.191342 -0.866025
      outer loop
         vertex -0.00143583 0.000594738 -0.0009
         vertex -0.00112783 0.000468461 -0.000718808
         vertex -0.00118457 0.000303003 -0.000713413
      endloop
   endfacet
   facet normal 0.489186 -0.103426 -0.866025
      outer loop
         vertex -0.00120138 0.000254 -0.000711815
         vertex -0.00155413 -1.90326e-19 -0.0009
         vertex -0.00143583 0.000594738 -0.0009
      endloop
   endfacet
   facet normal 0.46194 0.191342 -0.866025
      outer loop
         vertex -0.00143583 -0.000594738 -0.0009
         vertex -0.00155413 -1.90326e-19 -0.0009
         vertex -0.00118569 -0.00019452 -0.000696326
      endloop
   endfacet
   facet normal 0.493404 0.0809462 -0.866025
      outer loop
         vertex -0.00118569 -0.00019452 -0.000696326
         vertex -0.00110713 -0.000373572 -0.000689929
         vertex -0.00143583 -0.000594738 -0.0009
      endloop
   endfacet
   facet normal 0.5 -8.32667e-17 -0.866025
      outer loop
         vertex -0.00155413 -1.90326e-19 -0.0009
         vertex -0.00119252 7.21101e-07 -0.000703068
         vertex -0.00119122 -3.62977e-05 -0.00070179
      endloop
   endfacet
   facet normal 0.499768 0.0152284 -0.866025
      outer loop
         vertex -0.00119122 -3.62977e-05 -0.00070179
         vertex -0.00118569 -0.00019452 -0.000696326
         vertex -0.00155413 -1.90326e-19 -0.0009
      endloop
   endfacet
   facet normal 0.353553 0.353553 -0.866025
      outer loop
         vertex -0.00109893 -0.00109893 -0.0009
         vertex -0.00143583 -0.000594738 -0.0009
         vertex -0.00100055 -0.000616519 -0.00068125
      endloop
   endfacet
   facet normal 0.46194 0.191342 -0.866025
      outer loop
         vertex -0.00143583 -0.000594738 -0.0009
         vertex -0.00107575 -0.000445099 -0.000687374
         vertex -0.00100055 -0.000616519 -0.00068125
      endloop
   endfacet
   facet normal 5.55112e-17 0.5 -0.866025
      outer loop
         vertex 9.51628e-20 -0.00155413 -0.0009
         vertex -0.000594738 -0.00143583 -0.0009
         vertex -0.000363848 -0.0014552 -0.00086875
      endloop
   endfacet
   facet normal 0.191342 0.46194 -0.866025
      outer loop
         vertex -0.000449745 -0.00108578 -0.00068125
         vertex -0.000285072 -0.00114014 -0.00068125
         vertex -0.000363848 -0.0014552 -0.00086875
      endloop
   endfacet
   facet normal 0.121283 0.485068 -0.866025
      outer loop
         vertex -0.000363848 -0.0014552 -0.00086875
         vertex -0.000594738 -0.00143583 -0.0009
         vertex -0.000449745 -0.00108578 -0.00068125
      endloop
   endfacet
   facet normal -0.191342 0.46194 -0.866025
      outer loop
         vertex 0.000594738 -0.00143583 -0.0009
         vertex 9.51628e-20 -0.00155413 -0.0009
         vertex 9.18485e-20 -0.0015 -0.00086875
      endloop
   endfacet
   facet normal -0.353553 0.353553 -0.866025
      outer loop
         vertex 0.00109893 -0.00109893 -0.0009
         vertex 0.000782242 -0.00127988 -0.00086875
         vertex 0.000823987 -0.00123752 -0.000867125
      endloop
   endfacet
   facet normal -0.191342 0.46194 -0.866025
      outer loop
         vertex 0.000594738 -0.00143583 -0.0009
         vertex 0.000574025 -0.00138582 -0.00086875
         vertex 0.000782242 -0.00127988 -0.00086875
      endloop
   endfacet
   facet normal -0.260747 0.426627 -0.866025
      outer loop
         vertex 0.000782242 -0.00127988 -0.00086875
         vertex 0.00109893 -0.00109893 -0.0009
         vertex 0.000594738 -0.00143583 -0.0009
      endloop
   endfacet
   facet normal -0.277111 0.416184 -0.866025
      outer loop
         vertex 0.000823987 -0.00123752 -0.000867125
         vertex 0.00102909 -0.00102939 -0.000859144
         vertex 0.00109893 -0.00109893 -0.0009
      endloop
   endfacet
   facet normal -3.06162e-17 0.5 -0.866025
      outer loop
         vertex 9.18485e-20 -0.0015 -0.00086875
         vertex 0.000574025 -0.00138582 -0.00086875
         vertex 0.000594738 -0.00143583 -0.0009
      endloop
   endfacet
   facet normal 0.121283 0.485068 -0.866025
      outer loop
         vertex -0.000363848 -0.0014552 -0.00086875
         vertex 9.18485e-20 -0.0015 -0.00086875
         vertex 9.51628e-20 -0.00155413 -0.0009
      endloop
   endfacet
   facet normal 0.425677 0.262295 -0.866025
      outer loop
         vertex -0.00100055 -0.000616519 -0.00068125
         vertex -0.000831021 -0.000831021 -0.00068125
         vertex -0.00109893 -0.00109893 -0.0009
      endloop
   endfacet
   facet normal 0.473757 0.159856 -0.866025
      outer loop
         vertex -0.00110713 -0.000373572 -0.000689929
         vertex -0.00107575 -0.000445099 -0.000687374
         vertex -0.00143583 -0.000594738 -0.0009
      endloop
   endfacet
   facet normal 0.489186 -0.103426 -0.866025
      outer loop
         vertex -0.00120138 0.000254 -0.000711815
         vertex -0.00119252 7.21101e-07 -0.000703068
         vertex -0.00155413 -1.90326e-19 -0.0009
      endloop
   endfacet
   facet normal 0.432117 -0.251545 -0.866025
      outer loop
         vertex -0.00107407 0.00062524 -0.000723919
         vertex -0.00112783 0.000468461 -0.000718808
         vertex -0.00143583 0.000594738 -0.0009
      endloop
   endfacet
   facet normal 0.343669 -0.363168 -0.866025
      outer loop
         vertex -0.000861371 0.000910243 -0.000735151
         vertex -0.000882091 0.000884702 -0.000734116
         vertex -0.00109893 0.00109893 -0.0009
      endloop
   endfacet
   facet normal 0.173572 -0.468906 -0.866025
      outer loop
         vertex -0.000447636 0.00120929 -0.000751801
         vertex -0.000488519 0.00118461 -0.000750248
         vertex -0.000594738 0.00143583 -0.0009
      endloop
   endfacet
   facet normal -0.0372802 -0.498608 -0.866025
      outer loop
         vertex 9.88801e-05 0.00132248 -0.000768355
         vertex 2.63638e-06 0.00130587 -0.000765504
         vertex -2.85488e-19 0.00155413 -0.0009
      endloop
   endfacet
   facet normal -0.203747 -0.456604 -0.866025
      outer loop
         vertex 0.00055014 0.00123288 -0.000782094
         vertex 0.000514822 0.0012399 -0.000781019
         vertex 0.000594738 0.00143583 -0.0009
      endloop
   endfacet
   facet normal -0.355407 -0.35169 -0.866025
      outer loop
         vertex 0.000974834 0.00096464 -0.000797426
         vertex 0.000970083 0.000970738 -0.000797212
         vertex 0.00109893 0.00109893 -0.0009
      endloop
   endfacet
   facet normal -0.488818 -0.105153 -0.866025
      outer loop
         vertex 0.00136293 0.000293191 -0.000819427
         vertex 0.00128771 0.000534174 -0.000812248
         vertex 0.00143583 0.000594738 -0.0009
      endloop
   endfacet
   facet normal -0.498342 0.0406812 -0.866025
      outer loop
         vertex 0.00141258 -0.000115313 -0.000831416
         vertex 0.00141619 4.17179e-07 -0.00082806
         vertex 0.00155413 3.80651e-19 -0.0009
      endloop
   endfacet
   facet normal -0.456149 0.204764 -0.866025
      outer loop
         vertex 0.00130596 -0.000586243 -0.000844918
         vertex 0.00132176 -0.000547617 -0.000843822
         vertex 0.00143583 -0.000594738 -0.0009
      endloop
   endfacet
   facet normal 0.353553 0.353553 -0.866025
      outer loop
         vertex -0.000831021 -0.000831021 -0.00068125
         vertex -0.000449745 -0.00108578 -0.00068125
         vertex -0.000594738 -0.00143583 -0.0009
      endloop
   endfacet
   facet normal 0.707107 -0.707107 0
      outer loop
         vertex -0.000831021 0.000831021 0.00068125
         vertex -0.00105671 0.000490962 0.00067735
         vertex -0.00103337 0.000526762 0.000674571
      endloop
   endfacet
   facet normal 0.890925 -0.454151 0
      outer loop
         vertex -0.00103337 0.000526762 0.000674571
         vertex -0.000852635 0.000803931 0.000653055
         vertex -0.000831021 0.000831021 0.00068125
      endloop
   endfacet
   facet normal 0.92388 -0.382683 0
      outer loop
         vertex -0.00108578 0.000449745 0.00068125
         vertex -0.00108424 0.000448743 0.000680627
         vertex -0.00105671 0.000490962 0.00067735
      endloop
   endfacet
   facet normal 0.906896 -0.421355 0
      outer loop
         vertex -0.00105671 0.000490962 0.00067735
         vertex -0.000831021 0.000831021 0.00068125
         vertex -0.00108578 0.000449745 0.00068125
      endloop
   endfacet
   facet normal 0.727582 -0.686021 0
      outer loop
         vertex -0.000852635 0.000803931 0.000653055
         vertex -0.000842685 0.00081919 0.000651871
         vertex -0.000831021 0.000831021 0.00068125
      endloop
   endfacet
   facet normal 0.707107 0.707107 0
      outer loop
         vertex -0.000831021 -0.000831021 -0.00068125
         vertex -0.00100055 -0.000616519 -0.00068125
         vertex -0.000964338 -0.000666165 -0.000677266
      endloop
   endfacet
   facet normal 0.822772 0.568371 0
      outer loop
         vertex -0.000964338 -0.000666165 -0.000677266
         vertex -0.000892738 -0.000764335 -0.000669389
         vertex -0.000831021 -0.000831021 -0.00068125
      endloop
   endfacet
   facet normal 0.707107 0.707107 0
      outer loop
         vertex -0.000831021 -0.000831021 -0.00068125
         vertex -0.000817018 -0.000824565 -0.000662604
         vertex -0.000554259 -0.00103357 -0.000639058
      endloop
   endfacet
   facet normal 0.472593 0.881281 0
      outer loop
         vertex -0.000554259 -0.00103357 -0.000639058
         vertex -0.000449745 -0.00108578 -0.00068125
         vertex -0.000831021 -0.000831021 -0.00068125
      endloop
   endfacet
   facet normal 0.707107 0.707107 0
      outer loop
         vertex -0.000831021 -0.000831021 -0.00068125
         vertex -0.000822447 -0.000820247 -0.00066309
         vertex -0.000817018 -0.000824565 -0.000662604
      endloop
   endfacet
   facet normal 0.472593 0.881281 0
      outer loop
         vertex -0.000554259 -0.00103357 -0.000639058
         vertex -0.00054391 -0.0010418 -0.000638131
         vertex -0.000449745 -0.00108578 -0.00068125
      endloop
   endfacet
   facet normal 0.083034 0.996547 0
      outer loop
         vertex -9.7585e-05 -0.00117118 -0.000668636
         vertex -0.000285072 -0.00114014 -0.00068125
         vertex -0.000224918 -0.00114041 -0.000615046
      endloop
   endfacet
   facet normal 0.118179 0.992992 0
      outer loop
         vertex -0.000138889 -0.001167 -0.000608821
         vertex -6.60821e-05 -0.00116804 -0.000666569
         vertex -9.7585e-05 -0.00117118 -0.000668636
      endloop
   endfacet
   facet normal 0.38373 0.923445 0
      outer loop
         vertex -0.000445547 -0.00107221 -0.000631013
         vertex -0.000224918 -0.00114041 -0.000615046
         vertex -0.000285072 -0.00114014 -0.00068125
      endloop
   endfacet
   facet normal 0.242565 0.970135 0
      outer loop
         vertex -0.000285072 -0.00114014 -0.00068125
         vertex -0.000449745 -0.00108578 -0.00068125
         vertex -0.000445547 -0.00107221 -0.000631013
      endloop
   endfacet
   facet normal -3.38132e-05 1 0
      outer loop
         vertex 3.94849e-08 -0.00116774 -0.00060001
         vertex -1.35901e-06 -0.00116159 -0.000662322
         vertex -6.60821e-05 -0.00116804 -0.000666569
      endloop
   endfacet
   facet normal 0.0564848 0.998403 0
      outer loop
         vertex -6.60821e-05 -0.00116804 -0.000666569
         vertex -0.000138889 -0.001167 -0.000608821
         vertex 3.94849e-08 -0.00116774 -0.00060001
      endloop
   endfacet
   facet normal -0.360697 0.932683 0
      outer loop
         vertex 0.000418074 -0.00108105 -0.000570988
         vertex 0.000326883 -0.00112887 -0.000640783
         vertex 0.000253255 -0.00113621 -0.000645614
      endloop
   endfacet
   facet normal -0.360697 0.932683 0
      outer loop
         vertex 0.000418074 -0.00108105 -0.000570988
         vertex 0.000441916 -0.00107038 -0.000631645
         vertex 0.000326883 -0.00112887 -0.000640783
      endloop
   endfacet
   facet normal -0.217556 0.976048 0
      outer loop
         vertex 0.000253255 -0.00113621 -0.000645614
         vertex 0.000126584 -0.0011684 -0.000591984
         vertex 0.000418074 -0.00108105 -0.000570988
      endloop
   endfacet
   facet normal 0.00116996 0.999999 0
      outer loop
         vertex -1.35901e-06 -0.00116159 -0.000662322
         vertex 0.000104467 -0.00116829 -0.000593387
         vertex 0.000126584 -0.0011684 -0.000591984
      endloop
   endfacet
   facet normal 0.00116996 0.999999 0
      outer loop
         vertex -1.35901e-06 -0.00116159 -0.000662322
         vertex 3.94849e-08 -0.00116774 -0.00060001
         vertex 0.000104467 -0.00116829 -0.000593387
      endloop
   endfacet
   facet normal -0.107709 0.994182 0
      outer loop
         vertex 0.000126584 -0.0011684 -0.000591984
         vertex 0.000253255 -0.00113621 -0.000645614
         vertex -1.35901e-06 -0.00116159 -0.000662322
      endloop
   endfacet
   facet normal -0.381615 0.924321 0
      outer loop
         vertex 0.000441916 -0.00107038 -0.000631645
         vertex 0.000445831 -0.00107273 -0.000568988
         vertex 0.000536877 -0.00104544 -0.00056243
      endloop
   endfacet
   facet normal -0.481986 0.876179 0
      outer loop
         vertex 0.000556708 -0.00101201 -0.000622527
         vertex 0.000536877 -0.00104544 -0.00056243
         vertex 0.000690624 -0.000950909 -0.000549637
      endloop
   endfacet
   facet normal -0.587645 0.809119 0
      outer loop
         vertex 0.000690624 -0.000950909 -0.000549637
         vertex 0.000719545 -0.000929217 -0.000609592
         vertex 0.000556708 -0.00101201 -0.000622527
      endloop
   endfacet
   facet normal -0.587645 0.809119 0
      outer loop
         vertex 0.000690624 -0.000950909 -0.000549637
         vertex 0.00071048 -0.000929626 -0.000547663
         vertex 0.000719545 -0.000929217 -0.000609592
      endloop
   endfacet
   facet normal -0.607229 0.794527 0
      outer loop
         vertex 0.00071048 -0.000929626 -0.000547663
         vertex 0.000815758 -0.00081678 -0.000537197
         vertex 0.000819853 -0.000820697 -0.000599585
      endloop
   endfacet
   facet normal -0.706743 0.70747 0
      outer loop
         vertex 0.000819853 -0.000820697 -0.000599585
         vertex 0.000719545 -0.000929217 -0.000609592
         vertex 0.00071048 -0.000929626 -0.000547663
      endloop
   endfacet
   facet normal -0.836299 0.548274 0
      outer loop
         vertex 0.000982852 -0.000644354 -0.000583323
         vertex 0.000820268 -0.000820248 -0.000599543
         vertex 0.000841254 -0.000789452 -0.000534663
      endloop
   endfacet
   facet normal -0.707115 0.707098 0
      outer loop
         vertex 0.000820268 -0.000820248 -0.000599543
         vertex 0.000815758 -0.00081678 -0.000537197
         vertex 0.000841254 -0.000789452 -0.000534663
      endloop
   endfacet
   facet normal -0.729201 0.684299 0
      outer loop
         vertex 0.000841254 -0.000789452 -0.000534663
         vertex 0.000996486 -0.000623062 -0.000519231
         vertex 0.000982852 -0.000644354 -0.000583323
      endloop
   endfacet
   facet normal -0.8479 0.530157 0
      outer loop
         vertex 0.000996486 -0.000623062 -0.000519231
         vertex 0.0010326 -0.00053083 -0.00051268
         vertex 0.00101808 -0.000560709 -0.000577364
      endloop
   endfacet
   facet normal -0.923917 0.382592 0
      outer loop
         vertex 0.00106797 -0.000442245 -0.000568923
         vertex 0.00101808 -0.000560709 -0.000577364
         vertex 0.0010326 -0.00053083 -0.00051268
      endloop
   endfacet
   facet normal -0.889366 0.457197 0
      outer loop
         vertex 0.0010326 -0.00053083 -0.00051268
         vertex 0.0010672 -0.000442469 -0.000506403
         vertex 0.00106797 -0.000442245 -0.000568923
      endloop
   endfacet
   facet normal -0.875938 0.482424 0
      outer loop
         vertex 0.00101808 -0.000560709 -0.000577364
         vertex 0.000982852 -0.000644354 -0.000583323
         vertex 0.000996486 -0.000623062 -0.000519231
      endloop
   endfacet
   facet normal -1 -0.000641943 0
      outer loop
         vertex 0.00116185 7.45842e-07 -0.000537447
         vertex 0.00114912 -0.000227355 -0.000553621
         vertex 0.00115461 -0.000219227 -0.000490545
      endloop
   endfacet
   facet normal -0.923751 0.382994 0
      outer loop
         vertex 0.0010672 -0.000442469 -0.000506403
         vertex 0.00115096 -0.000228542 -0.000491207
         vertex 0.00114289 -0.000264362 -0.000556249
      endloop
   endfacet
   facet normal -0.980984 0.194088 0
      outer loop
         vertex 0.00114912 -0.000227355 -0.000553621
         vertex 0.0011477 -0.000252953 -0.000555436
         vertex 0.00115096 -0.000228542 -0.000491207
      endloop
   endfacet
   facet normal -0.98085 0.194763 0
      outer loop
         vertex 0.00115096 -0.000228542 -0.000491207
         vertex 0.00115461 -0.000219227 -0.000490545
         vertex 0.00114912 -0.000227355 -0.000553621
      endloop
   endfacet
   facet normal -0.976562 0.215235 0
      outer loop
         vertex 0.0011477 -0.000252953 -0.000555436
         vertex 0.00114289 -0.000264362 -0.000556249
         vertex 0.00115096 -0.000228542 -0.000491207
      endloop
   endfacet
   facet normal -0.974276 0.22536 0
      outer loop
         vertex 0.00114289 -0.000264362 -0.000556249
         vertex 0.00106797 -0.000442245 -0.000568923
         vertex 0.0010672 -0.000442469 -0.000506403
      endloop
   endfacet
   facet normal -1 -0.000641943 0
      outer loop
         vertex 0.00116185 7.45842e-07 -0.000537447
         vertex 0.00115485 2.2369e-08 -0.000474998
         vertex 0.00115496 0.000100889 -0.000467846
      endloop
   endfacet
   facet normal -0.996206 -0.0870211 0
      outer loop
         vertex 0.00115496 0.000100889 -0.000467846
         vertex 0.00116871 0.00012371 -0.000528728
         vertex 0.00116801 0.000111067 -0.000529625
      endloop
   endfacet
   facet normal -0.923747 -0.383004 0
      outer loop
         vertex 0.0010668 0.000442318 -0.000443605
         vertex 0.00107112 0.000445292 -0.000505925
         vertex 0.00107208 0.00044211 -0.000506151
      endloop
   endfacet
   facet normal -0.924476 -0.38124 0
      outer loop
         vertex 0.00107208 0.00044211 -0.000506151
         vertex 0.00116871 0.00012371 -0.000528728
         vertex 0.00115509 0.000216688 -0.000459635
      endloop
   endfacet
   facet normal -0.994444 -0.105263 0
      outer loop
         vertex 0.00116871 0.00012371 -0.000528728
         vertex 0.00115496 0.000100889 -0.000467846
         vertex 0.00115509 0.000216688 -0.000459635
      endloop
   endfacet
   facet normal -0.982855 -0.184378 0
      outer loop
         vertex 0.00115509 0.000216688 -0.000459635
         vertex 0.00107162 0.000430011 -0.000444479
         vertex 0.00107208 0.00044211 -0.000506151
      endloop
   endfacet
   facet normal -0.924476 -0.38124 0
      outer loop
         vertex 0.00107208 0.00044211 -0.000506151
         vertex 0.00107162 0.000430011 -0.000444479
         vertex 0.0010668 0.000442318 -0.000443605
      endloop
   endfacet
   facet normal -0.923747 -0.383004 0
      outer loop
         vertex 0.0010668 0.000442318 -0.000443605
         vertex 0.00099539 0.000624811 -0.000430639
         vertex 0.00104034 0.000546705 -0.000498735
      endloop
   endfacet
   facet normal -0.706655 -0.707558 0
      outer loop
         vertex 0.000816524 0.000817567 -0.000412822
         vertex 0.000822874 0.000824644 -0.000475471
         vertex 0.000903447 0.000721665 -0.000484091
      endloop
   endfacet
   facet normal -0.78133 -0.624119 0
      outer loop
         vertex 0.000903447 0.000721665 -0.000484091
         vertex 0.00104034 0.000546705 -0.000498735
         vertex 0.00099539 0.000624811 -0.000430639
      endloop
   endfacet
   facet normal -0.846967 -0.531646 0
      outer loop
         vertex 0.00099539 0.000624811 -0.000430639
         vertex 0.000919475 0.000706622 -0.000423077
         vertex 0.000903447 0.000721665 -0.000484091
      endloop
   endfacet
   facet normal -0.78133 -0.624119 0
      outer loop
         vertex 0.000903447 0.000721665 -0.000484091
         vertex 0.000919475 0.000706622 -0.000423077
         vertex 0.000816524 0.000817567 -0.000412822
      endloop
   endfacet
   facet normal -0.38186 -0.92422 0
      outer loop
         vertex 0.000441501 0.00106857 -0.000380893
         vertex 0.000443989 0.00107575 -0.000443291
         vertex 0.000670227 0.000945806 -0.000461791
      endloop
   endfacet
   facet normal -0.578179 -0.81591 0
      outer loop
         vertex 0.000670227 0.000945806 -0.000461791
         vertex 0.000697372 0.000945971 -0.000400952
         vertex 0.00069655 0.000946366 -0.000400888
      endloop
   endfacet
   facet normal -0.593387 -0.804917 0
      outer loop
         vertex 0.000697372 0.000945971 -0.000400952
         vertex 0.000670227 0.000945806 -0.000461791
         vertex 0.000767793 0.000889767 -0.000469769
      endloop
   endfacet
   facet normal -0.653307 -0.757093 0
      outer loop
         vertex 0.000767793 0.000889767 -0.000469769
         vertex 0.000816524 0.000817567 -0.000412822
         vertex 0.000697372 0.000945971 -0.000400952
      endloop
   endfacet
   facet normal -0.653307 -0.757093 0
      outer loop
         vertex 0.000767793 0.000889767 -0.000469769
         vertex 0.000780914 0.000878273 -0.000470983
         vertex 0.000816524 0.000817567 -0.000412822
      endloop
   endfacet
   facet normal -0.664472 -0.747314 0
      outer loop
         vertex 0.000780914 0.000878273 -0.000470983
         vertex 0.000822874 0.000824644 -0.000475471
         vertex 0.000816524 0.000817567 -0.000412822
      endloop
   endfacet
   facet normal -0.381507 -0.924366 0
      outer loop
         vertex 0.000443989 0.00107575 -0.000443291
         vertex 0.000441501 0.00106857 -0.000380893
         vertex 0.000387465 0.00109446 -0.000376657
      endloop
   endfacet
   facet normal -0.255525 -0.966802 0
      outer loop
         vertex 0.000300303 0.00113623 -0.000369824
         vertex 5.74686e-05 0.00115416 -0.000353987
         vertex 0.000139811 0.00116689 -0.000421381
      endloop
   endfacet
   facet normal -0.316355 -0.948641 0
      outer loop
         vertex 0.000371456 0.00111387 -0.000437486
         vertex 0.000387465 0.00109446 -0.000376657
         vertex 0.000300303 0.00113623 -0.000369824
      endloop
   endfacet
   facet normal -0.118964 -0.992899 0
      outer loop
         vertex 0.000139811 0.00116689 -0.000421381
         vertex 0.000371456 0.00111387 -0.000437486
         vertex 0.000300303 0.00113623 -0.000369824
      endloop
   endfacet
   facet normal 0.00106597 -0.999999 0
      outer loop
         vertex -1.23492e-06 0.0011585 -0.000350159
         vertex 1.07476e-06 0.00115816 -0.000412359
         vertex 4.41262e-05 0.00116087 -0.000415159
      endloop
   endfacet
   facet normal -0.037984 -0.999278 0
      outer loop
         vertex 4.41262e-05 0.00116087 -0.000415159
         vertex 5.74686e-05 0.00115416 -0.000353987
         vertex -1.23492e-06 0.0011585 -0.000350159
      endloop
   endfacet
   facet normal -0.037984 -0.999278 0
      outer loop
         vertex 4.41262e-05 0.00116087 -0.000415159
         vertex 0.000139811 0.00116689 -0.000421381
         vertex 5.74686e-05 0.00115416 -0.000353987
      endloop
   endfacet
   facet normal -0.316355 -0.948641 0
      outer loop
         vertex 0.000371456 0.00111387 -0.000437486
         vertex 0.000381712 0.00111152 -0.000438199
         vertex 0.000387465 0.00109446 -0.000376657
      endloop
   endfacet
   facet normal 0.316151 -0.948709 0
      outer loop
         vertex -0.000365084 0.00109555 -0.000324756
         vertex -0.000285139 0.00114013 -0.000393745
         vertex -0.00027631 0.00114068 -0.000394319
      endloop
   endfacet
   facet normal 0.316151 -0.948709 0
      outer loop
         vertex -0.000365084 0.00109555 -0.000324756
         vertex -0.000441552 0.00106801 -0.000381584
         vertex -0.000285139 0.00114013 -0.000393745
      endloop
   endfacet
   facet normal 0.235424 -0.971893 0
      outer loop
         vertex -0.00027631 0.00114068 -0.000394319
         vertex -0.000142431 0.00116658 -0.000340947
         vertex -0.000365084 0.00109555 -0.000324756
      endloop
   endfacet
   facet normal 0.235424 -0.971893 0
      outer loop
         vertex -0.00027631 0.00114068 -0.000394319
         vertex 1.07476e-06 0.00115816 -0.000412359
         vertex -0.000130111 0.00116802 -0.000341754
      endloop
   endfacet
   facet normal -0.000927991 -1 0
      outer loop
         vertex 1.07476e-06 0.00115816 -0.000412359
         vertex -5.28331e-05 0.00116231 -0.000346794
         vertex -0.000130111 0.00116802 -0.000341754
      endloop
   endfacet
   facet normal -0.000927991 -1 0
      outer loop
         vertex 1.07476e-06 0.00115816 -0.000412359
         vertex -1.23492e-06 0.0011585 -0.000350159
         vertex -5.28331e-05 0.00116231 -0.000346794
      endloop
   endfacet
   facet normal 0.11071 -0.993853 0
      outer loop
         vertex -0.000130111 0.00116802 -0.000341754
         vertex -0.000142431 0.00116658 -0.000340947
         vertex -0.00027631 0.00114068 -0.000394319
      endloop
   endfacet
   facet normal 0.572393 -0.81998 0
      outer loop
         vertex -0.000664545 0.000951993 -0.000301277
         vertex -0.000681877 0.000957201 -0.000362897
         vertex -0.000578449 0.00100489 -0.000370939
      endloop
   endfacet
   facet normal 0.382069 -0.924134 0
      outer loop
         vertex -0.000441552 0.00106801 -0.000381584
         vertex -0.000444752 0.00107014 -0.000318962
         vertex -0.000559427 0.00103355 -0.000310624
      endloop
   endfacet
   facet normal 0.476011 -0.879439 0
      outer loop
         vertex -0.000559427 0.00103355 -0.000310624
         vertex -0.000578449 0.00100489 -0.000370939
         vertex -0.000441552 0.00106801 -0.000381584
      endloop
   endfacet
   facet normal 0.572393 -0.81998 0
      outer loop
         vertex -0.000664545 0.000951993 -0.000301277
         vertex -0.000827051 0.000825906 -0.000286828
         vertex -0.000804516 0.000828917 -0.000350818
      endloop
   endfacet
   facet normal 0.707596 -0.706617 0
      outer loop
         vertex -0.000827051 0.000825906 -0.000286828
         vertex -0.000816122 0.000816777 -0.000349675
         vertex -0.000804516 0.000828917 -0.000350818
      endloop
   endfacet
   facet normal 0.696466 -0.71759 0
      outer loop
         vertex -0.000804516 0.000828917 -0.000350818
         vertex -0.000681877 0.000957201 -0.000362897
         vertex -0.000664545 0.000951993 -0.000301277
      endloop
   endfacet
   facet normal 0.706823 -0.70739 0
      outer loop
         vertex -0.000816122 0.000816777 -0.000349675
         vertex -0.00086217 0.000798657 -0.000283705
         vertex -0.000906233 0.00072908 -0.000278371
      endloop
   endfacet
   facet normal 0.706823 -0.70739 0
      outer loop
         vertex -0.000816122 0.000816777 -0.000349675
         vertex -0.000827051 0.000825906 -0.000286828
         vertex -0.00086217 0.000798657 -0.000283705
      endloop
   endfacet
   facet normal 0.779149 -0.626839 0
      outer loop
         vertex -0.000906233 0.00072908 -0.000278371
         vertex -0.00107884 0.000456536 -0.000257478
         vertex -0.00101399 0.000572416 -0.000328177
      endloop
   endfacet
   facet normal 0.920935 -0.389716 0
      outer loop
         vertex -0.00107884 0.000456536 -0.000257478
         vertex -0.00103424 0.000523268 -0.000324679
         vertex -0.00101399 0.000572416 -0.000328177
      endloop
   endfacet
   facet normal 0.920935 -0.389716 0
      outer loop
         vertex -0.00107884 0.000456536 -0.000257478
         vertex -0.00106763 0.000442265 -0.000318913
         vertex -0.00103424 0.000523268 -0.000324679
      endloop
   endfacet
   facet normal 0.870823 -0.491597 0
      outer loop
         vertex -0.00101399 0.000572416 -0.000328177
         vertex -0.000986896 0.000638142 -0.000332855
         vertex -0.000906233 0.00072908 -0.000278371
      endloop
   endfacet
   facet normal 0.920935 -0.389716 0
      outer loop
         vertex -0.00107884 0.000456536 -0.000257478
         vertex -0.00108389 0.00044855 -0.000256866
         vertex -0.00106763 0.000442265 -0.000318913
      endloop
   endfacet
   facet normal 1 0.000349387 0
      outer loop
         vertex -0.00115471 -4.0344e-07 -0.000287471
         vertex -0.00115034 0.000221421 -0.0003032
         vertex -0.00115677 0.000139169 -0.000234868
      endloop
   endfacet
   facet normal 0.927953 -0.372698 0
      outer loop
         vertex -0.00109057 0.00043801 -0.000256058
         vertex -0.00115677 0.000139169 -0.000234868
         vertex -0.00114993 0.000242607 -0.000304703
      endloop
   endfacet
   facet normal 0.992841 -0.119446 0
      outer loop
         vertex -0.00115677 0.000139169 -0.000234868
         vertex -0.00115034 0.000221421 -0.0003032
         vertex -0.00114993 0.000242607 -0.000304703
      endloop
   endfacet
   facet normal 0.978461 -0.206431 0
      outer loop
         vertex -0.00114993 0.000242607 -0.000304703
         vertex -0.00106763 0.000442265 -0.000318913
         vertex -0.00109057 0.00043801 -0.000256058
      endloop
   endfacet
   facet normal 0.923868 -0.382711 0
      outer loop
         vertex -0.00106763 0.000442265 -0.000318913
         vertex -0.00108389 0.00044855 -0.000256866
         vertex -0.00109057 0.00043801 -0.000256058
      endloop
   endfacet
   facet normal 0.992841 -0.119446 0
      outer loop
         vertex -0.00115677 0.000139169 -0.000234868
         vertex -0.00117352 6.35702e-05 -0.000229508
         vertex -0.00115471 -4.0344e-07 -0.000287471
      endloop
   endfacet
   facet normal 1 -0.000558055 0
      outer loop
         vertex -0.00116791 6.51761e-07 -0.000225046
         vertex -0.0011509 -0.000190267 -0.000211509
         vertex -0.00115697 -0.00011531 -0.000279324
      endloop
   endfacet
   facet normal 0.986609 0.163106 0
      outer loop
         vertex -0.0011509 -0.000190267 -0.000211509
         vertex -0.00115858 -0.000197165 -0.000273519
         vertex -0.00115697 -0.00011531 -0.000279324
      endloop
   endfacet
   facet normal 0.938558 0.345122 0
      outer loop
         vertex -0.00108334 -0.000398363 -0.000259242
         vertex -0.00115858 -0.000197165 -0.000273519
         vertex -0.00114379 -0.000270051 -0.000205851
      endloop
   endfacet
   facet normal 0.985827 0.167766 0
      outer loop
         vertex -0.00115858 -0.000197165 -0.000273519
         vertex -0.0011509 -0.000190267 -0.000211509
         vertex -0.00114379 -0.000270051 -0.000205851
      endloop
   endfacet
   facet normal 0.924041 0.382294 0
      outer loop
         vertex -0.00106768 -0.000441722 -0.000193566
         vertex -0.00106679 -0.000442641 -0.0002561
         vertex -0.00108334 -0.000398363 -0.000259242
      endloop
   endfacet
   facet normal 0.973242 0.229784 0
      outer loop
         vertex -0.00114379 -0.000270051 -0.000205851
         vertex -0.00106768 -0.000441722 -0.000193566
         vertex -0.00108334 -0.000398363 -0.000259242
      endloop
   endfacet
   facet normal 0.706504 0.707709 0
      outer loop
         vertex -0.000818142 -0.000819537 -0.000225351
         vertex -0.000903666 -0.000723601 -0.000234004
         vertex -0.000864843 -0.000768705 -0.000167521
      endloop
   endfacet
   facet normal 0.823764 0.566932 0
      outer loop
         vertex -0.000968121 -0.000666282 -0.000177495
         vertex -0.000864843 -0.000768705 -0.000167521
         vertex -0.000903666 -0.000723601 -0.000234004
      endloop
   endfacet
   facet normal 0.780587 0.625047 0
      outer loop
         vertex -0.000903666 -0.000723601 -0.000234004
         vertex -0.00093943 -0.000683483 -0.000237623
         vertex -0.000968121 -0.000666282 -0.000177495
      endloop
   endfacet
   facet normal 0.854012 0.520253 0
      outer loop
         vertex -0.00100367 -0.000611423 -0.000244122
         vertex -0.00106679 -0.000442641 -0.0002561
         vertex -0.00103811 -0.000508419 -0.000188792
      endloop
   endfacet
   facet normal 0.823764 0.566932 0
      outer loop
         vertex -0.000968121 -0.000666282 -0.000177495
         vertex -0.00093943 -0.000683483 -0.000237623
         vertex -0.00100367 -0.000611423 -0.000244122
      endloop
   endfacet
   facet normal 0.923646 0.383248 0
      outer loop
         vertex -0.00106679 -0.000442641 -0.0002561
         vertex -0.00106768 -0.000441722 -0.000193566
         vertex -0.00103811 -0.000508419 -0.000188792
      endloop
   endfacet
   facet normal 0.898078 0.439837 0
      outer loop
         vertex -0.00103811 -0.000508419 -0.000188792
         vertex -0.000968121 -0.000666282 -0.000177495
         vertex -0.00100367 -0.000611423 -0.000244122
      endloop
   endfacet
   facet normal 0.381897 0.924205 0
      outer loop
         vertex -0.00044107 -0.00106741 -0.000193408
         vertex -0.000674596 -0.000957124 -0.000211658
         vertex -0.000658205 -0.000973631 -0.000147567
      endloop
   endfacet
   facet normal 0.56006 0.828452 0
      outer loop
         vertex -0.000658205 -0.000973631 -0.000147567
         vertex -0.000455691 -0.00106084 -0.000132039
         vertex -0.00044107 -0.00106741 -0.000193408
      endloop
   endfacet
   facet normal 0.64032 0.768109 0
      outer loop
         vertex -0.000742205 -0.000890327 -0.000155678
         vertex -0.000658205 -0.000973631 -0.000147567
         vertex -0.00069587 -0.000947077 -0.000213321
      endloop
   endfacet
   facet normal 0.56006 0.828452 0
      outer loop
         vertex -0.000658205 -0.000973631 -0.000147567
         vertex -0.000674596 -0.000957124 -0.000211658
         vertex -0.00069587 -0.000947077 -0.000213321
      endloop
   endfacet
   facet normal 0.706504 0.707709 0
      outer loop
         vertex -0.000818142 -0.000819537 -0.000225351
         vertex -0.000816634 -0.000816514 -0.000162866
         vertex -0.000742205 -0.000890327 -0.000155678
      endloop
   endfacet
   facet normal 0.64032 0.768109 0
      outer loop
         vertex -0.000742205 -0.000890327 -0.000155678
         vertex -0.000722212 -0.000927146 -0.000215645
         vertex -0.000818142 -0.000819537 -0.000225351
      endloop
   endfacet
   facet normal 0.592109 0.805858 0
      outer loop
         vertex -0.00069587 -0.000947077 -0.000213321
         vertex -0.000722212 -0.000927146 -0.000215645
         vertex -0.000742205 -0.000890327 -0.000155678
      endloop
   endfacet
   facet normal 0.217037 0.976163 0
      outer loop
         vertex -0.00025507 -0.00114723 -0.000116656
         vertex -0.000289313 -0.00113907 -0.000181548
         vertex -0.000368281 -0.00110178 -0.00018772
      endloop
   endfacet
   facet normal 0.317018 0.948419 0
      outer loop
         vertex -0.000368281 -0.00110178 -0.00018772
         vertex -0.000441614 -0.0010669 -0.00013096
         vertex -0.00025507 -0.00114723 -0.000116656
      endloop
   endfacet
   facet normal 0.317018 0.948419 0
      outer loop
         vertex -0.000368281 -0.00110178 -0.00018772
         vertex -0.000374657 -0.00109877 -0.000188218
         vertex -0.000441614 -0.0010669 -0.00013096
      endloop
   endfacet
   facet normal -0.000587861 1 0
      outer loop
         vertex 6.79883e-07 -0.00115654 -0.000100089
         vertex -4.19012e-05 -0.00117154 -0.000165041
         vertex -5.86145e-05 -0.00117378 -0.000166151
      endloop
   endfacet
   facet normal 0.246173 0.969226 0
      outer loop
         vertex -0.000289313 -0.00113907 -0.000181548
         vertex -0.00025507 -0.00114723 -0.000116656
         vertex -0.000130473 -0.00115176 -0.000108585
      endloop
   endfacet
   facet normal 0.112561 0.993645 0
      outer loop
         vertex -0.000130473 -0.00115176 -0.000108585
         vertex -5.86145e-05 -0.00117378 -0.000166151
         vertex -0.000289313 -0.00113907 -0.000181548
      endloop
   endfacet
   facet normal -0.000587861 1 0
      outer loop
         vertex 6.79883e-07 -0.00115654 -0.000100089
         vertex -1.22288e-06 -0.00116609 -0.00016234
         vertex -4.19012e-05 -0.00117154 -0.000165041
      endloop
   endfacet
   facet normal 0.0498744 0.998755 0
      outer loop
         vertex -5.86145e-05 -0.00117378 -0.000166151
         vertex -0.000130473 -0.00115176 -0.000108585
         vertex 6.79883e-07 -0.00115654 -0.000100089
      endloop
   endfacet
   facet normal -0.200231 0.979749 0
      outer loop
         vertex 0.00023532 -0.00115144 -8.47058e-05
         vertex 0.000442022 -0.0010669 -6.90153e-05
         vertex 0.00036533 -0.00111702 -0.000138002
      endloop
   endfacet
   facet normal -0.382756 0.923849 0
      outer loop
         vertex 0.000442022 -0.0010669 -6.90153e-05
         vertex 0.000443303 -0.00107408 -0.000131691
         vertex 0.00036533 -0.00111702 -0.000138002
      endloop
   endfacet
   facet normal 0.0010487 0.999999 0
      outer loop
         vertex -1.22288e-06 -0.00116609 -0.00016234
         vertex 6.79883e-07 -0.00115654 -0.000100089
         vertex 0.000146906 -0.00116186 -9.06167e-05
      endloop
   endfacet
   facet normal -0.125442 0.992101 0
      outer loop
         vertex 0.000146906 -0.00116186 -9.06167e-05
         vertex 0.000276162 -0.00112895 -0.000143922
         vertex -1.22288e-06 -0.00116609 -0.00016234
      endloop
   endfacet
   facet normal -0.125442 0.992101 0
      outer loop
         vertex 0.000146906 -0.00116186 -9.06167e-05
         vertex 0.000170989 -0.00116274 -8.90566e-05
         vertex 0.000276162 -0.00112895 -0.000143922
      endloop
   endfacet
   facet normal -0.145493 0.989359 0
      outer loop
         vertex 0.000170989 -0.00116274 -8.90566e-05
         vertex 0.00023532 -0.00115144 -8.47058e-05
         vertex 0.000276162 -0.00112895 -0.000143922
      endloop
   endfacet
   facet normal -0.395079 0.918647 0
      outer loop
         vertex 0.000456322 -0.00106105 -6.79299e-05
         vertex 0.000639029 -0.000986323 -5.40609e-05
         vertex 0.000564737 -0.00100721 -0.000121863
      endloop
   endfacet
   facet normal -0.381512 0.924364 0
      outer loop
         vertex 0.000443303 -0.00107408 -0.000131691
         vertex 0.000442022 -0.0010669 -6.90153e-05
         vertex 0.000456322 -0.00106105 -6.79299e-05
      endloop
   endfacet
   facet normal -0.637029 0.77084 0
      outer loop
         vertex 0.000748662 -0.000905923 -0.000106978
         vertex 0.000564737 -0.00100721 -0.000121863
         vertex 0.000639029 -0.000986323 -5.40609e-05
      endloop
   endfacet
   facet normal -0.543743 0.839252 0
      outer loop
         vertex 0.000639029 -0.000986323 -5.40609e-05
         vertex 0.000751528 -0.000895527 -4.39336e-05
         vertex 0.000748662 -0.000905923 -0.000106978
      endloop
   endfacet
   facet normal -0.706198 0.708014 0
      outer loop
         vertex 0.000818868 -0.000820974 -9.96499e-05
         vertex 0.000748662 -0.000905923 -0.000106978
         vertex 0.000751528 -0.000895527 -4.39336e-05
      endloop
   endfacet
   facet normal -0.642833 0.766006 0
      outer loop
         vertex 0.000751528 -0.000895527 -4.39336e-05
         vertex 0.000829185 -0.000832852 -3.69427e-05
         vertex 0.000818868 -0.000820974 -9.96499e-05
      endloop
   endfacet
   facet normal -0.705545 0.708665 0
      outer loop
         vertex 0.000829185 -0.000832852 -3.69427e-05
         vertex 0.000830631 -0.000830752 -3.67768e-05
         vertex 0.000818868 -0.000820974 -9.96499e-05
      endloop
   endfacet
   facet normal -0.707055 0.707158 0
      outer loop
         vertex 0.000830631 -0.000830752 -3.67768e-05
         vertex 0.000851385 -0.000781629 -9.62558e-05
         vertex 0.000827085 -0.000811032 -9.87922e-05
      endloop
   endfacet
   facet normal -0.913604 0.406605 0
      outer loop
         vertex 0.0010737 -0.000477859 -8.88375e-06
         vertex 0.00104455 -0.000522304 -7.45353e-05
         vertex 0.0010307 -0.000564657 -7.75384e-05
      endloop
   endfacet
   facet normal -0.73664 0.676285 0
      outer loop
         vertex 0.000851385 -0.000781629 -9.62558e-05
         vertex 0.000830631 -0.000830752 -3.67768e-05
         vertex 0.000961611 -0.000640596 -2.17466e-05
      endloop
   endfacet
   facet normal -0.832241 0.554414 0
      outer loop
         vertex 0.000961611 -0.000640596 -2.17466e-05
         vertex 0.0010307 -0.000564657 -7.75384e-05
         vertex 0.000851385 -0.000781629 -9.62558e-05
      endloop
   endfacet
   facet normal -0.877016 0.480461 0
      outer loop
         vertex 0.0010307 -0.000564657 -7.75384e-05
         vertex 0.000961611 -0.000640596 -2.17466e-05
         vertex 0.0010737 -0.000477859 -8.88375e-06
      endloop
   endfacet
   facet normal -0.913604 0.406605 0
      outer loop
         vertex 0.0010737 -0.000477859 -8.88375e-06
         vertex 0.00106995 -0.00044457 -6.90233e-05
         vertex 0.00104455 -0.000522304 -7.45353e-05
      endloop
   endfacet
   facet normal -0.714002 0.700143 0
      outer loop
         vertex 0.000827085 -0.000811032 -9.87922e-05
         vertex 0.000818868 -0.000820974 -9.96499e-05
         vertex 0.000830631 -0.000830752 -3.67768e-05
      endloop
   endfacet
   facet normal -1 0.000942755 0
      outer loop
         vertex 0.00115642 -1.09022e-06 -3.75773e-05
         vertex 0.00117399 -5.41853e-05 2.11579e-05
         vertex 0.0011716 -3.74222e-05 2.23465e-05
      endloop
   endfacet
   facet normal -0.923457 0.383701 0
      outer loop
         vertex 0.00106995 -0.00044457 -6.90233e-05
         vertex 0.00108065 -0.000448529 -6.80403e-06
         vertex 0.00110177 -0.000359276 -4.75368e-07
      endloop
   endfacet
   facet normal -0.998937 0.0461057 0
      outer loop
         vertex 0.00117399 -5.41853e-05 2.11579e-05
         vertex 0.00116524 -0.000153009 -4.83495e-05
         vertex 0.00114538 -0.000213765 -5.26575e-05
      endloop
   endfacet
   facet normal -0.998937 0.0461057 0
      outer loop
         vertex 0.00117399 -5.41853e-05 2.11579e-05
         vertex 0.00115642 -1.09022e-06 -3.75773e-05
         vertex 0.00116524 -0.000153009 -4.83495e-05
      endloop
   endfacet
   facet normal -0.983026 0.183464 0
      outer loop
         vertex 0.00114538 -0.000213765 -5.26575e-05
         vertex 0.00110177 -0.000359276 -4.75368e-07
         vertex 0.00117399 -5.41853e-05 2.11579e-05
      endloop
   endfacet
   facet normal -0.950729 0.310022 0
      outer loop
         vertex 0.00110177 -0.000359276 -4.75368e-07
         vertex 0.00114538 -0.000213765 -5.26575e-05
         vertex 0.00106995 -0.00044457 -6.90233e-05
      endloop
   endfacet
   facet normal -0.976226 -0.216754 0
      outer loop
         vertex 0.00113048 0.000251003 4.2798e-05
         vertex 0.00113972 0.000286764 -1.71663e-05
         vertex 0.00115161 8.18869e-05 -3.16936e-05
      endloop
   endfacet
   facet normal -0.997481 -0.0709276 0
      outer loop
         vertex 0.00115161 8.18869e-05 -3.16936e-05
         vertex 0.00116644 -1.25216e-06 2.49112e-05
         vertex 0.00113048 0.000251003 4.2798e-05
      endloop
   endfacet
   facet normal -0.969774 -0.244005 0
      outer loop
         vertex 0.00113972 0.000286764 -1.71663e-05
         vertex 0.00113048 0.000251003 4.2798e-05
         vertex 0.00111207 0.000380126 5.19538e-05
      endloop
   endfacet
   facet normal -0.924317 -0.381626 0
      outer loop
         vertex 0.00107602 0.000444259 5.67112e-05
         vertex 0.00107368 0.000444687 -5.95853e-06
         vertex 0.00108908 0.000407856 -8.57237e-06
      endloop
   endfacet
   facet normal -0.936485 -0.350709 0
      outer loop
         vertex 0.00108908 0.000407856 -8.57237e-06
         vertex 0.00111207 0.000380126 5.19538e-05
         vertex 0.00107602 0.000444259 5.67112e-05
      endloop
   endfacet
   facet normal -0.946247 -0.323446 0
      outer loop
         vertex 0.00111207 0.000380126 5.19538e-05
         vertex 0.00108908 0.000407856 -8.57237e-06
         vertex 0.00113972 0.000286764 -1.71663e-05
      endloop
   endfacet
   facet normal -0.706492 -0.707722 0
      outer loop
         vertex 0.00081819 0.000819614 2.46486e-05
         vertex 0.000899544 0.000728084 1.64077e-05
         vertex 0.000902772 0.000752458 7.95737e-05
      endloop
   endfacet
   facet normal -0.768159 -0.640259 0
      outer loop
         vertex 0.000902772 0.000752458 7.95737e-05
         vertex 0.000828541 0.000813488 8.62957e-05
         vertex 0.00081819 0.000819614 2.46486e-05
      endloop
   endfacet
   facet normal -0.768159 -0.640259 0
      outer loop
         vertex 0.000902772 0.000752458 7.95737e-05
         vertex 0.000899544 0.000728084 1.64077e-05
         vertex 0.00100461 0.000609875 5.7649e-06
      endloop
   endfacet
   facet normal -0.918324 -0.395829 0
      outer loop
         vertex 0.00106727 0.000460029 -4.86966e-06
         vertex 0.00107602 0.000444259 5.67112e-05
         vertex 0.00101186 0.000558394 6.51778e-05
      endloop
   endfacet
   facet normal -0.875531 -0.483161 0
      outer loop
         vertex 0.00101186 0.000558394 6.51778e-05
         vertex 0.00100461 0.000609875 5.7649e-06
         vertex 0.00106727 0.000460029 -4.86966e-06
      endloop
   endfacet
   facet normal -0.918324 -0.395829 0
      outer loop
         vertex 0.00106727 0.000460029 -4.86966e-06
         vertex 0.00107368 0.000444687 -5.95853e-06
         vertex 0.00107602 0.000444259 5.67112e-05
      endloop
   endfacet
   facet normal -0.854813 -0.518937 0
      outer loop
         vertex 0.00100461 0.000609875 5.7649e-06
         vertex 0.00101186 0.000558394 6.51778e-05
         vertex 0.000902772 0.000752458 7.95737e-05
      endloop
   endfacet
   facet normal -0.383615 -0.923493 0
      outer loop
         vertex 0.000442902 0.00106622 5.64371e-05
         vertex 0.000596924 0.00101236 4.50695e-05
         vertex 0.000563719 0.00103122 0.000110277
      endloop
   endfacet
   facet normal -0.708 -0.706213 0
      outer loop
         vertex 0.000821418 0.000819345 8.69408e-05
         vertex 0.000698583 0.000920336 9.80643e-05
         vertex 0.000723519 0.000926127 3.42384e-05
      endloop
   endfacet
   facet normal -0.604605 -0.796526 0
      outer loop
         vertex 0.000698583 0.000920336 9.80643e-05
         vertex 0.000671 0.000961901 3.87318e-05
         vertex 0.000723519 0.000926127 3.42384e-05
      endloop
   endfacet
   facet normal -0.604605 -0.796526 0
      outer loop
         vertex 0.000698583 0.000920336 9.80643e-05
         vertex 0.000563719 0.00103122 0.000110277
         vertex 0.000596924 0.00101236 4.50695e-05
      endloop
   endfacet
   facet normal -0.507917 -0.861406 0
      outer loop
         vertex 0.000596924 0.00101236 4.50695e-05
         vertex 0.000671 0.000961901 3.87318e-05
         vertex 0.000698583 0.000920336 9.80643e-05
      endloop
   endfacet
   facet normal -0.615635 -0.788032 0
      outer loop
         vertex 0.000723519 0.000926127 3.42384e-05
         vertex 0.00081819 0.000819614 2.46486e-05
         vertex 0.000821418 0.000819345 8.69408e-05
      endloop
   endfacet
   facet normal -0.383781 -0.923424 0
      outer loop
         vertex 0.000444531 0.00106959 0.000118957
         vertex 0.000405426 0.00108219 0.000121805
         vertex 0.000407983 0.00107843 5.90143e-05
      endloop
   endfacet
   facet normal -0.350824 -0.936441 0
      outer loop
         vertex 0.000405426 0.00108219 0.000121805
         vertex 0.000143883 0.0011664 0.000140851
         vertex 0.000164009 0.00116374 7.70209e-05
      endloop
   endfacet
   facet normal -0.139553 -0.990215 0
      outer loop
         vertex 0.000164009 0.00116374 7.70209e-05
         vertex 0.000407983 0.00107843 5.90143e-05
         vertex 0.000405426 0.00108219 0.000121805
      endloop
   endfacet
   facet normal -0.0673767 -0.997728 0
      outer loop
         vertex 7.85128e-05 0.00116263 0.000145096
         vertex 9.82531e-07 0.00115817 0.000150131
         vertex 2.48741e-05 0.00115716 8.60575e-05
      endloop
   endfacet
   facet normal -0.000848351 -1 0
      outer loop
         vertex 9.82531e-07 0.00115817 0.000150131
         vertex 9.06515e-07 0.00115603 8.76142e-05
         vertex 2.48741e-05 0.00115716 8.60575e-05
      endloop
   endfacet
   facet normal -0.0720498 -0.997401 0
      outer loop
         vertex 8.37918e-05 0.00115995 8.22309e-05
         vertex 0.000164009 0.00116374 7.70209e-05
         vertex 0.000143883 0.0011664 0.000140851
      endloop
   endfacet
   facet normal -0.122429 -0.992477 0
      outer loop
         vertex 0.000143883 0.0011664 0.000140851
         vertex 7.85128e-05 0.00116263 0.000145096
         vertex 8.37918e-05 0.00115995 8.22309e-05
      endloop
   endfacet
   facet normal -0.0214908 -0.999769 0
      outer loop
         vertex 2.48741e-05 0.00115716 8.60575e-05
         vertex 8.37918e-05 0.00115995 8.22309e-05
         vertex 7.85128e-05 0.00116263 0.000145096
      endloop
   endfacet
   facet normal 0.382323 -0.924029 0
      outer loop
         vertex -0.000442032 0.00106834 0.000118434
         vertex -0.000293941 0.00113384 0.000107018
         vertex -0.000306371 0.0011346 0.000170254
      endloop
   endfacet
   facet normal 0.235617 -0.971846 0
      outer loop
         vertex -0.000276907 0.00114215 0.000168177
         vertex -0.000306371 0.0011346 0.000170254
         vertex -0.000293941 0.00113384 0.000107018
      endloop
   endfacet
   facet normal -0.00078416 -1 0
      outer loop
         vertex 9.06515e-07 0.00115603 8.76142e-05
         vertex 9.82531e-07 0.00115817 0.000150131
         vertex -0.00025093 0.00114365 0.00016649
      endloop
   endfacet
   facet normal 0.214313 -0.976765 0
      outer loop
         vertex -0.00025093 0.00114365 0.00016649
         vertex -0.000273029 0.00114309 0.000105406
         vertex 9.06515e-07 0.00115603 8.76142e-05
      endloop
   endfacet
   facet normal 0.214313 -0.976765 0
      outer loop
         vertex -0.00025093 0.00114365 0.00016649
         vertex -0.000276907 0.00114215 0.000168177
         vertex -0.000273029 0.00114309 0.000105406
      endloop
   endfacet
   facet normal 0.250949 -0.968 0
      outer loop
         vertex -0.000293941 0.00113384 0.000107018
         vertex -0.000273029 0.00114309 0.000105406
         vertex -0.000276907 0.00114215 0.000168177
      endloop
   endfacet
   facet normal 0.480016 -0.87726 0
      outer loop
         vertex -0.000554786 0.00101391 0.000189788
         vertex -0.000702635 0.000942069 0.000201414
         vertex -0.000662003 0.000971052 0.000135391
      endloop
   endfacet
   facet normal 0.382323 -0.924029 0
      outer loop
         vertex -0.000442032 0.00106834 0.000118434
         vertex -0.000441556 0.00106892 0.000180884
         vertex -0.000554786 0.00101391 0.000189788
      endloop
   endfacet
   facet normal 0.480016 -0.87726 0
      outer loop
         vertex -0.000554786 0.00101391 0.000189788
         vertex -0.000598628 0.000999081 0.000130506
         vertex -0.000442032 0.00106834 0.000118434
      endloop
   endfacet
   facet normal 0.707021 -0.707192 0
      outer loop
         vertex -0.000815446 0.000815642 0.000150324
         vertex -0.000662003 0.000971052 0.000135391
         vertex -0.000702635 0.000942069 0.000201414
      endloop
   endfacet
   facet normal 0.597865 -0.801597 0
      outer loop
         vertex -0.000702635 0.000942069 0.000201414
         vertex -0.000827031 0.000826718 0.000213142
         vertex -0.000815446 0.000815642 0.000150324
      endloop
   endfacet
   facet normal 0.833366 -0.552721 0
      outer loop
         vertex -0.000979406 0.00064958 0.00016628
         vertex -0.000821752 0.000809255 0.000150937
         vertex -0.000886448 0.000771622 0.000218744
      endloop
   endfacet
   facet normal 0.712504 -0.701668 0
      outer loop
         vertex -0.000821752 0.000809255 0.000150937
         vertex -0.000834082 0.00082018 0.000213807
         vertex -0.000886448 0.000771622 0.000218744
      endloop
   endfacet
   facet normal 0.70724 -0.706973 0
      outer loop
         vertex -0.000827031 0.000826718 0.000213142
         vertex -0.000834082 0.00082018 0.000213807
         vertex -0.000821752 0.000809255 0.000150937
      endloop
   endfacet
   facet normal 0.712504 -0.701668 0
      outer loop
         vertex -0.000821752 0.000809255 0.000150937
         vertex -0.000815446 0.000815642 0.000150324
         vertex -0.000827031 0.000826718 0.000213142
      endloop
   endfacet
   facet normal 0.85961 -0.510951 0
      outer loop
         vertex -0.000993445 0.000590502 0.000232347
         vertex -0.00107897 0.000445725 0.00024322
         vertex -0.0010399 0.000505657 0.000176542
      endloop
   endfacet
   facet normal 0.899316 -0.437299 0
      outer loop
         vertex -0.0010399 0.000505657 0.000176542
         vertex -0.00102111 0.000550349 0.000173355
         vertex -0.000993445 0.000590502 0.000232347
      endloop
   endfacet
   facet normal 0.924243 -0.381806 0
      outer loop
         vertex -0.00107897 0.000445725 0.00024322
         vertex -0.00106676 0.00044175 0.000181099
         vertex -0.0010399 0.000505657 0.000176542
      endloop
   endfacet
   facet normal 0.880284 -0.474447 0
      outer loop
         vertex -0.00102111 0.000550349 0.000173355
         vertex -0.000979406 0.00064958 0.00016628
         vertex -0.000993445 0.000590502 0.000232347
      endloop
   endfacet
   facet normal 0.923915 -0.382598 0
      outer loop
         vertex -0.00106676 0.00044175 0.000181099
         vertex -0.00110361 0.000404012 0.000246353
         vertex -0.00112066 0.000301208 0.000253642
      endloop
   endfacet
   facet normal 0.965725 -0.259566 0
      outer loop
         vertex -0.00112066 0.000301208 0.000253642
         vertex -0.00115031 0.000202514 0.00019814
         vertex -0.00114938 0.000245172 0.000195115
      endloop
   endfacet
   facet normal 1 0.00063912 0
      outer loop
         vertex -0.00117072 -7.48231e-07 0.000275053
         vertex -0.00115474 -4.46244e-07 0.000212532
         vertex -0.00115031 0.000202514 0.00019814
      endloop
   endfacet
   facet normal 0.984854 -0.173385 0
      outer loop
         vertex -0.00115031 0.000202514 0.00019814
         vertex -0.00112066 0.000301208 0.000253642
         vertex -0.00117072 -7.48231e-07 0.000275053
      endloop
   endfacet
   facet normal 0.923915 -0.382598 0
      outer loop
         vertex -0.00106676 0.00044175 0.000181099
         vertex -0.00107897 0.000445725 0.00024322
         vertex -0.00110361 0.000404012 0.000246353
      endloop
   endfacet
   facet normal 1 0.000386447 0
      outer loop
         vertex -0.00115474 -4.46244e-07 0.000212532
         vertex -0.00117495 -2.62469e-05 0.000276861
         vertex -0.00117437 -2.89327e-05 0.000277052
      endloop
   endfacet
   facet normal 1 0.000386447 0
      outer loop
         vertex -0.00115474 -4.46244e-07 0.000212532
         vertex -0.00117072 -7.48231e-07 0.000275053
         vertex -0.00117495 -2.62469e-05 0.000276861
      endloop
   endfacet
   facet normal 0.999697 0.0246293 0
      outer loop
         vertex -0.00117437 -2.89327e-05 0.000277052
         vertex -0.00115898 -0.000194846 0.000226316
         vertex -0.00115769 -0.000135786 0.000222128
      endloop
   endfacet
   facet normal 0.952378 0.30492 0
      outer loop
         vertex -0.00110492 -0.000353759 0.000300084
         vertex -0.00107107 -0.000432057 0.000243145
         vertex -0.00115898 -0.000194846 0.000226316
      endloop
   endfacet
   facet normal 0.986161 0.165793 0
      outer loop
         vertex -0.00115898 -0.000194846 0.000226316
         vertex -0.00117437 -2.89327e-05 0.000277052
         vertex -0.00110492 -0.000353759 0.000300084
      endloop
   endfacet
   facet normal 0.9238 0.382876 0
      outer loop
         vertex -0.00108446 -0.000449462 0.00030687
         vertex -0.00106708 -0.000442813 0.000243908
         vertex -0.00107107 -0.000432057 0.000243145
      endloop
   endfacet
   facet normal 0.952378 0.30492 0
      outer loop
         vertex -0.00110492 -0.000353759 0.000300084
         vertex -0.00108446 -0.000449462 0.00030687
         vertex -0.00107107 -0.000432057 0.000243145
      endloop
   endfacet
   facet normal 0.921471 0.388446 0
      outer loop
         vertex -0.00108295 -0.000456518 0.000307371
         vertex -0.000961979 -0.000640701 0.000321664
         vertex -0.00100604 -0.000607511 0.000255593
      endloop
   endfacet
   facet normal 0.92363 0.383285 0
      outer loop
         vertex -0.00106708 -0.000442813 0.000243908
         vertex -0.00108446 -0.000449462 0.00030687
         vertex -0.00108295 -0.000456518 0.000307371
      endloop
   endfacet
   facet normal 0.832297 0.55433 0
      outer loop
         vertex -0.000961979 -0.000640701 0.000321664
         vertex -0.000849154 -0.000812483 0.000334994
         vertex -0.000893646 -0.000735168 0.000267021
      endloop
   endfacet
   facet normal 0.722536 0.691333 0
      outer loop
         vertex -0.000849154 -0.000812483 0.000334994
         vertex -0.000818759 -0.000820223 0.000274635
         vertex -0.000893646 -0.000735168 0.000267021
      endloop
   endfacet
   facet normal 0.772259 0.635308 0
      outer loop
         vertex -0.000893646 -0.000735168 0.000267021
         vertex -0.000916714 -0.000708967 0.000264676
         vertex -0.000961979 -0.000640701 0.000321664
      endloop
   endfacet
   facet normal 0.791036 0.61177 0
      outer loop
         vertex -0.000916714 -0.000708967 0.000264676
         vertex -0.00100604 -0.000607511 0.000255593
         vertex -0.000961979 -0.000640701 0.000321664
      endloop
   endfacet
   facet normal 0.856031 0.516925 0
      outer loop
         vertex -0.00100604 -0.000607511 0.000255593
         vertex -0.00106708 -0.000442813 0.000243908
         vertex -0.00108295 -0.000456518 0.000307371
      endloop
   endfacet
   facet normal 0.418143 0.908381 0
      outer loop
         vertex -0.000491419 -0.00106757 0.000366006
         vertex -0.0004479 -0.00107833 0.00036906
         vertex -0.000447963 -0.00107842 0.000306559
      endloop
   endfacet
   facet normal 0.577207 0.816598 0
      outer loop
         vertex -0.000666406 -0.000942791 0.000350836
         vertex -0.000659765 -0.000964092 0.000289499
         vertex -0.000730019 -0.000921012 0.000283658
      endloop
   endfacet
   facet normal 0.418143 0.908381 0
      outer loop
         vertex -0.000491419 -0.00106757 0.000366006
         vertex -0.000489846 -0.00106829 0.000303628
         vertex -0.000659765 -0.000964092 0.000289499
      endloop
   endfacet
   facet normal 0.564755 0.825258 0
      outer loop
         vertex -0.000659765 -0.000964092 0.000289499
         vertex -0.000666406 -0.000942791 0.000350836
         vertex -0.000491419 -0.00106757 0.000366006
      endloop
   endfacet
   facet normal 0.706475 0.707738 0
      outer loop
         vertex -0.000818759 -0.000820223 0.000274635
         vertex -0.000828369 -0.000827304 0.000336796
         vertex -0.00075494 -0.000879662 0.000343162
      endloop
   endfacet
   facet normal 0.651261 0.758854 0
      outer loop
         vertex -0.00075494 -0.000879662 0.000343162
         vertex -0.000730019 -0.000921012 0.000283658
         vertex -0.000818759 -0.000820223 0.000274635
      endloop
   endfacet
   facet normal 0.621165 0.783679 0
      outer loop
         vertex -0.000730019 -0.000921012 0.000283658
         vertex -0.00075494 -0.000879662 0.000343162
         vertex -0.000666406 -0.000942791 0.000350836
      endloop
   endfacet
   facet normal 0.0449296 0.99899 0
      outer loop
         vertex -5.28031e-05 -0.00117405 0.000334215
         vertex -6.27075e-05 -0.00117357 0.00039609
         vertex -3.96452e-05 -0.00117063 0.000397617
      endloop
   endfacet
   facet normal 0.00103491 0.999999 0
      outer loop
         vertex -1.20644e-06 -0.00116574 0.000400161
         vertex -1.21284e-06 -0.00116671 0.000337654
         vertex -2.23827e-05 -0.00116972 0.000336243
      endloop
   endfacet
   facet normal 0.0191316 0.999817 0
      outer loop
         vertex -2.23827e-05 -0.00116972 0.000336243
         vertex -3.96452e-05 -0.00117063 0.000397617
         vertex -1.20644e-06 -0.00116574 0.000400161
      endloop
   endfacet
   facet normal 0.312071 0.950059 0
      outer loop
         vertex -0.000361138 -0.00109944 0.000312636
         vertex -0.000447963 -0.00107842 0.000306559
         vertex -0.0004479 -0.00107833 0.00036906
      endloop
   endfacet
   facet normal 0.0533572 0.998575 0
      outer loop
         vertex -6.27075e-05 -0.00117357 0.00039609
         vertex -5.28031e-05 -0.00117405 0.000334215
         vertex -0.000348818 -0.00110242 0.000313498
      endloop
   endfacet
   facet normal 0.301671 0.953412 0
      outer loop
         vertex -0.000348818 -0.00110242 0.000313498
         vertex -0.00036751 -0.0010982 0.000374701
         vertex -6.27075e-05 -0.00117357 0.00039609
      endloop
   endfacet
   facet normal 0.301671 0.953412 0
      outer loop
         vertex -0.000348818 -0.00110242 0.000313498
         vertex -0.000361138 -0.00109944 0.000312636
         vertex -0.00036751 -0.0010982 0.000374701
      endloop
   endfacet
   facet normal 0.383592 0.923503 0
      outer loop
         vertex -0.0004479 -0.00107833 0.00036906
         vertex -0.00036751 -0.0010982 0.000374701
         vertex -0.000361138 -0.00109944 0.000312636
      endloop
   endfacet
   facet normal -0.381819 0.924237 0
      outer loop
         vertex 0.000444768 -0.00107661 0.000368309
         vertex 0.000378358 -0.00111267 0.000362952
         vertex 0.000385889 -0.00111008 0.000426007
      endloop
   endfacet
   facet normal 0.00103954 0.999999 0
      outer loop
         vertex -1.21284e-06 -0.00116671 0.000337654
         vertex -1.20644e-06 -0.00116574 0.000400161
         vertex 0.000256461 -0.00113297 0.00041722
      endloop
   endfacet
   facet normal -0.301668 0.953413 0
      outer loop
         vertex 0.000354533 -0.00112049 0.000423712
         vertex 0.000378358 -0.00111267 0.000362952
         vertex 0.000295795 -0.00112442 0.00035745
      endloop
   endfacet
   facet normal -0.254408 0.967097 0
      outer loop
         vertex 0.000295795 -0.00112442 0.00035745
         vertex 0.000256461 -0.00113297 0.00041722
         vertex 0.000354533 -0.00112049 0.000423712
      endloop
   endfacet
   facet normal -0.220777 0.975324 0
      outer loop
         vertex 0.000256461 -0.00113297 0.00041722
         vertex 0.000295795 -0.00112442 0.00035745
         vertex -1.21284e-06 -0.00116671 0.000337654
      endloop
   endfacet
   facet normal -0.301668 0.953413 0
      outer loop
         vertex 0.000354533 -0.00112049 0.000423712
         vertex 0.000385889 -0.00111008 0.000426007
         vertex 0.000378358 -0.00111267 0.000362952
      endloop
   endfacet
   facet normal -0.381819 0.924237 0
      outer loop
         vertex 0.000444768 -0.00107661 0.000368309
         vertex 0.000444246 -0.00107628 0.000430789
         vertex 0.000559284 -0.00100966 0.000440215
      endloop
   endfacet
   facet normal -0.484559 0.874758 0
      outer loop
         vertex 0.000559284 -0.00100966 0.000440215
         vertex 0.00077084 -0.000887128 0.00045755
         vertex 0.000727157 -0.000923273 0.000391086
      endloop
   endfacet
   facet normal -0.61873 0.785603 0
      outer loop
         vertex 0.000727157 -0.000923273 0.000391086
         vertex 0.000581154 -0.00100255 0.00037931
         vertex 0.000559284 -0.00100966 0.000440215
      endloop
   endfacet
   facet normal -0.706305 0.707907 0
      outer loop
         vertex 0.000817261 -0.000819115 0.000400312
         vertex 0.000727157 -0.000923273 0.000391086
         vertex 0.00077084 -0.000887128 0.00045755
      endloop
   endfacet
   facet normal -0.6559 0.754848 0
      outer loop
         vertex 0.00077084 -0.000887128 0.00045755
         vertex 0.000826914 -0.000827179 0.000463119
         vertex 0.000817261 -0.000819115 0.000400312
      endloop
   endfacet
   facet normal -0.706305 0.707907 0
      outer loop
         vertex 0.000817261 -0.000819115 0.000400312
         vertex 0.000826914 -0.000827179 0.000463119
         vertex 0.000837607 -0.000815747 0.000464181
      endloop
   endfacet
   facet normal -0.866483 0.499206 0
      outer loop
         vertex 0.00101833 -0.000586687 0.0004209
         vertex 0.000864612 -0.000764377 0.00040516
         vertex 0.000936581 -0.000709934 0.00047401
      endloop
   endfacet
   facet normal -0.7492 0.662344 0
      outer loop
         vertex 0.000864612 -0.000764377 0.00040516
         vertex 0.000837607 -0.000815747 0.000464181
         vertex 0.000936581 -0.000709934 0.00047401
      endloop
   endfacet
   facet normal -0.796927 0.604075 0
      outer loop
         vertex 0.000936581 -0.000709934 0.00047401
         vertex 0.000984644 -0.000614479 0.000480942
         vertex 0.00101833 -0.000586687 0.0004209
      endloop
   endfacet
   facet normal -0.7492 0.662344 0
      outer loop
         vertex 0.000864612 -0.000764377 0.00040516
         vertex 0.000836836 -0.000796486 0.000402316
         vertex 0.000837607 -0.000815747 0.000464181
      endloop
   endfacet
   facet normal -0.848356 0.529427 0
      outer loop
         vertex 0.000984644 -0.000614479 0.000480942
         vertex 0.00107127 -0.00044244 0.000493435
         vertex 0.00105989 -0.000506555 0.000426581
      endloop
   endfacet
   facet normal -0.924274 0.38173 0
      outer loop
         vertex 0.00107127 -0.00044244 0.000493435
         vertex 0.00107813 -0.000447782 0.000430749
         vertex 0.00106617 -0.00049443 0.000427441
      endloop
   endfacet
   facet normal -0.907197 0.420706 0
      outer loop
         vertex 0.00106617 -0.00049443 0.000427441
         vertex 0.00105989 -0.000506555 0.000426581
         vertex 0.00107127 -0.00044244 0.000493435
      endloop
   endfacet
   facet normal -0.902249 0.431215 0
      outer loop
         vertex 0.00105989 -0.000506555 0.000426581
         vertex 0.00101833 -0.000586687 0.0004209
         vertex 0.000984644 -0.000614479 0.000480942
      endloop
   endfacet
   facet normal -0.986078 0.166285 0
      outer loop
         vertex 0.00114344 -0.000192822 0.000448828
         vertex 0.00107813 -0.000447782 0.000430749
         vertex 0.00112806 -0.000329654 0.000501625
      endloop
   endfacet
   facet normal -0.999999 -0.0012466 0
      outer loop
         vertex 0.00116041 1.44656e-06 0.000525103
         vertex 0.00117258 -7.90999e-05 0.000456891
         vertex 0.00114344 -0.000192822 0.000448828
      endloop
   endfacet
   facet normal -0.999999 -0.0012466 0
      outer loop
         vertex 0.00116041 1.44656e-06 0.000525103
         vertex 0.00116994 -1.76499e-07 0.000462487
         vertex 0.00117258 -7.90999e-05 0.000456891
      endloop
   endfacet
   facet normal -0.986078 0.166285 0
      outer loop
         vertex 0.00114344 -0.000192822 0.000448828
         vertex 0.00112827 -0.000327493 0.000501778
         vertex 0.00116041 1.44656e-06 0.000525103
      endloop
   endfacet
   facet normal -0.923513 0.383566 0
      outer loop
         vertex 0.00107813 -0.000447782 0.000430749
         vertex 0.00107127 -0.00044244 0.000493435
         vertex 0.00112806 -0.000329654 0.000501625
      endloop
   endfacet
   facet normal -0.996276 -0.0862233 0
      outer loop
         vertex 0.00116657 0.000100961 0.000469659
         vertex 0.00116994 -1.76499e-07 0.000462487
         vertex 0.00116072 4.6046e-06 0.000525327
      endloop
   endfacet
   facet normal -1 0.000150862 0
      outer loop
         vertex 0.00116994 -1.76499e-07 0.000462487
         vertex 0.00116041 1.44656e-06 0.000525103
         vertex 0.00116072 4.6046e-06 0.000525327
      endloop
   endfacet
   facet normal -0.995996 -0.089396 0
      outer loop
         vertex 0.00117054 0.000105062 0.00053245
         vertex 0.00116469 0.000157089 0.000473639
         vertex 0.00116657 0.000100961 0.000469659
      endloop
   endfacet
   facet normal -0.991027 -0.133665 0
      outer loop
         vertex 0.00116469 0.000157089 0.000473639
         vertex 0.00117054 0.000105062 0.00053245
         vertex 0.00110725 0.000326495 0.000548151
      endloop
   endfacet
   facet normal -0.95917 -0.282831 0
      outer loop
         vertex 0.00110725 0.000326495 0.000548151
         vertex 0.00107505 0.000423666 0.000492541
         vertex 0.00116469 0.000157089 0.000473639
      endloop
   endfacet
   facet normal -0.923383 -0.383881 0
      outer loop
         vertex 0.00107306 0.000446108 0.000556632
         vertex 0.00106826 0.000443852 0.000493972
         vertex 0.00107505 0.000423666 0.000492541
      endloop
   endfacet
   facet normal -0.95917 -0.282831 0
      outer loop
         vertex 0.00110725 0.000326495 0.000548151
         vertex 0.00107306 0.000446108 0.000556632
         vertex 0.00107505 0.000423666 0.000492541
      endloop
   endfacet
   facet normal -0.910864 -0.412707 0
      outer loop
         vertex 0.00105654 0.000478712 0.000496444
         vertex 0.00107306 0.000446108 0.000556632
         vertex 0.00104927 0.000529362 0.000562536
      endloop
   endfacet
   facet normal -0.892812 -0.450429 0
      outer loop
         vertex 0.00104927 0.000529362 0.000562536
         vertex 0.00102296 0.000578577 0.000503525
         vertex 0.00105654 0.000478712 0.000496444
      endloop
   endfacet
   facet normal -0.844045 -0.536272 0
      outer loop
         vertex 0.000978872 0.000621936 0.000570177
         vertex 0.000823959 0.000825648 0.000586991
         vertex 0.000884847 0.000742346 0.000517814
      endloop
   endfacet
   facet normal -0.706382 -0.707831 0
      outer loop
         vertex 0.000823959 0.000825648 0.000586991
         vertex 0.000818776 0.000820692 0.00052465
         vertex 0.000884847 0.000742346 0.000517814
      endloop
   endfacet
   facet normal -0.870422 -0.492305 0
      outer loop
         vertex 0.00102296 0.000578577 0.000503525
         vertex 0.00104927 0.000529362 0.000562536
         vertex 0.000978872 0.000621936 0.000570177
      endloop
   endfacet
   facet normal -0.766099 -0.642723 0
      outer loop
         vertex 0.000884847 0.000742346 0.000517814
         vertex 0.00102296 0.000578577 0.000503525
         vertex 0.000978872 0.000621936 0.000570177
      endloop
   endfacet
   facet normal -0.43808 -0.898936 0
      outer loop
         vertex 0.000508096 0.00104261 0.000614097
         vertex 0.000444177 0.0010757 0.000556695
         vertex 0.000648316 0.000962905 0.00054016
      endloop
   endfacet
   facet normal -0.558499 -0.829506 0
      outer loop
         vertex 0.000648316 0.000962905 0.00054016
         vertex 0.000779762 0.000876237 0.000591516
         vertex 0.000508096 0.00104261 0.000614097
      endloop
   endfacet
   facet normal -0.43808 -0.898936 0
      outer loop
         vertex 0.000508096 0.00104261 0.000614097
         vertex 0.000446434 0.00108037 0.000619222
         vertex 0.000444177 0.0010757 0.000556695
      endloop
   endfacet
   facet normal -0.632154 -0.774843 0
      outer loop
         vertex 0.000742933 0.000910626 0.000532497
         vertex 0.000818776 0.000820692 0.00052465
         vertex 0.00079048 0.000869674 0.000590625
      endloop
   endfacet
   facet normal -0.672611 -0.739996 0
      outer loop
         vertex 0.00079048 0.000869674 0.000590625
         vertex 0.000779762 0.000876237 0.000591516
         vertex 0.000742933 0.000910626 0.000532497
      endloop
   endfacet
   facet normal -0.70628 -0.707933 0
      outer loop
         vertex 0.000818776 0.000820692 0.00052465
         vertex 0.000823959 0.000825648 0.000586991
         vertex 0.00079048 0.000869674 0.000590625
      endloop
   endfacet
   facet normal -0.381662 -0.924302 0
      outer loop
         vertex 0.000444177 0.0010757 0.000556695
         vertex 0.000446434 0.00108037 0.000619222
         vertex 0.000415387 0.00109938 0.000621803
      endloop
   endfacet
   facet normal -0.353448 -0.935454 0
      outer loop
         vertex 0.000415387 0.00109938 0.000621803
         vertex 0.000375528 0.00111363 0.000562255
         vertex 0.000394618 0.00110308 0.000560709
      endloop
   endfacet
   facet normal -0.319533 -0.947575 0
      outer loop
         vertex 0.000375528 0.00111363 0.000562255
         vertex 0.000415387 0.00109938 0.000621803
         vertex 0.000182179 0.00113989 0.000637566
      endloop
   endfacet
   facet normal -0.157818 -0.987468 0
      outer loop
         vertex 0.000182179 0.00113989 0.000637566
         vertex 6.0391e-05 0.0011575 0.000583234
         vertex 0.000375528 0.00111363 0.000562255
      endloop
   endfacet
   facet normal 0.000532816 -1 0
      outer loop
         vertex -6.2427e-07 0.00117164 0.000649923
         vertex -1.27324e-06 0.00116608 0.000587339
         vertex 3.61028e-06 0.0011654 0.000587014
      endloop
   endfacet
   facet normal -0.00309787 -0.999995 0
      outer loop
         vertex 3.61028e-06 0.0011654 0.000587014
         vertex 6.0391e-05 0.0011575 0.000583234
         vertex -6.2427e-07 0.00117164 0.000649923
      endloop
   endfacet
   facet normal -0.157818 -0.987468 0
      outer loop
         vertex 0.000182179 0.00113989 0.000637566
         vertex -6.2427e-07 0.00117164 0.000649923
         vertex 6.0391e-05 0.0011575 0.000583234
      endloop
   endfacet
   facet normal 0.0010919 -0.999999 0
      outer loop
         vertex -1.27324e-06 0.00116608 0.000587339
         vertex -6.2427e-07 0.00117164 0.000649923
         vertex -2.03352e-05 0.00117506 0.000651255
      endloop
   endfacet
   facet normal 0.115428 -0.993316 0
      outer loop
         vertex -0.000133769 0.00115115 0.000659069
         vertex -0.000449493 0.00108459 0.000680816
         vertex -0.000309907 0.00111309 0.000608734
      endloop
   endfacet
   facet normal 0.0485903 -0.998819 0
      outer loop
         vertex -5.71053e-05 0.00117385 0.000591056
         vertex -2.03352e-05 0.00117506 0.000651255
         vertex -0.000133769 0.00115115 0.000659069
      endloop
   endfacet
   facet normal 0.38286 -0.923806 0
      outer loop
         vertex -0.000449493 0.00108459 0.000680816
         vertex -0.000448311 0.00107982 0.000618413
         vertex -0.000309907 0.00111309 0.000608734
      endloop
   endfacet
   facet normal 0.268219 -0.963358 0
      outer loop
         vertex -0.000309907 0.00111309 0.000608734
         vertex -5.71053e-05 0.00117385 0.000591056
         vertex -0.000133769 0.00115115 0.000659069
      endloop
   endfacet
   facet normal 0.383439 -0.923566 0
      outer loop
         vertex -0.000448311 0.00107982 0.000618413
         vertex -0.000449493 0.00108459 0.000680816
         vertex -0.000455788 0.00108326 0.00068125
      endloop
   endfacet
   facet normal 0.707107 -0.707107 0
      outer loop
         vertex -0.000831021 0.000831021 0.00068125
         vertex -0.000829302 0.00082857 0.000650716
         vertex -0.000609712 0.000982488 0.000631775
      endloop
   endfacet
   facet normal 0.527295 -0.849682 0
      outer loop
         vertex -0.000609712 0.000982488 0.000631775
         vertex -0.000455788 0.00108326 0.00068125
         vertex -0.000831021 0.000831021 0.00068125
      endloop
   endfacet
   facet normal 0.527295 -0.849682 0
      outer loop
         vertex -0.000609712 0.000982488 0.000631775
         vertex -0.000482617 0.00107157 0.000620812
         vertex -0.000455788 0.00108326 0.00068125
      endloop
   endfacet
   facet normal 0.387825 -0.921733 0
      outer loop
         vertex -0.000455788 0.00108326 0.00068125
         vertex -0.000482617 0.00107157 0.000620812
         vertex -0.000448311 0.00107982 0.000618413
      endloop
   endfacet
   facet normal 0.017303 -0.99985 0
      outer loop
         vertex -2.03352e-05 0.00117506 0.000651255
         vertex -5.71053e-05 0.00117385 0.000591056
         vertex -1.27324e-06 0.00116608 0.000587339
      endloop
   endfacet
   facet normal -0.353448 -0.935454 0
      outer loop
         vertex 0.000415387 0.00109938 0.000621803
         vertex 0.000394618 0.00110308 0.000560709
         vertex 0.000444177 0.0010757 0.000556695
      endloop
   endfacet
   facet normal -0.558499 -0.829506 0
      outer loop
         vertex 0.000648316 0.000962905 0.00054016
         vertex 0.000742933 0.000910626 0.000532497
         vertex 0.000779762 0.000876237 0.000591516
      endloop
   endfacet
   facet normal -0.910864 -0.412707 0
      outer loop
         vertex 0.00105654 0.000478712 0.000496444
         vertex 0.00106826 0.000443852 0.000493972
         vertex 0.00107306 0.000446108 0.000556632
      endloop
   endfacet
   facet normal -0.999992 -0.00396699 0
      outer loop
         vertex 0.00116072 4.6046e-06 0.000525327
         vertex 0.00117054 0.000105062 0.00053245
         vertex 0.00116657 0.000100961 0.000469659
      endloop
   endfacet
   facet normal -0.959854 0.280499 0
      outer loop
         vertex 0.00112806 -0.000329654 0.000501625
         vertex 0.00112827 -0.000327493 0.000501778
         vertex 0.00114344 -0.000192822 0.000448828
      endloop
   endfacet
   facet normal -0.716393 0.697697 0
      outer loop
         vertex 0.000837607 -0.000815747 0.000464181
         vertex 0.000836836 -0.000796486 0.000402316
         vertex 0.000817261 -0.000819115 0.000400312
      endloop
   endfacet
   facet normal -0.484559 0.874758 0
      outer loop
         vertex 0.000559284 -0.00100966 0.000440215
         vertex 0.000581154 -0.00100255 0.00037931
         vertex 0.000444768 -0.00107661 0.000368309
      endloop
   endfacet
   facet normal -0.328349 0.944557 0
      outer loop
         vertex 0.000385889 -0.00111008 0.000426007
         vertex 0.000444246 -0.00107628 0.000430789
         vertex 0.000444768 -0.00107661 0.000368309
      endloop
   endfacet
   facet normal 0.0338471 0.999427 0
      outer loop
         vertex -3.96452e-05 -0.00117063 0.000397617
         vertex -2.23827e-05 -0.00116972 0.000336243
         vertex -5.28031e-05 -0.00117405 0.000334215
      endloop
   endfacet
   facet normal 0.383608 0.923496 0
      outer loop
         vertex -0.000447963 -0.00107842 0.000306559
         vertex -0.000489846 -0.00106829 0.000303628
         vertex -0.000491419 -0.00106757 0.000366006
      endloop
   endfacet
   facet normal 0.722536 0.691333 0
      outer loop
         vertex -0.000849154 -0.000812483 0.000334994
         vertex -0.000828369 -0.000827304 0.000336796
         vertex -0.000818759 -0.000820223 0.000274635
      endloop
   endfacet
   facet normal 0.999697 0.0246293 0
      outer loop
         vertex -0.00117437 -2.89327e-05 0.000277052
         vertex -0.00115769 -0.000135786 0.000222128
         vertex -0.00115474 -4.46244e-07 0.000212532
      endloop
   endfacet
   facet normal 0.965725 -0.259566 0
      outer loop
         vertex -0.00112066 0.000301208 0.000253642
         vertex -0.00114938 0.000245172 0.000195115
         vertex -0.00106676 0.00044175 0.000181099
      endloop
   endfacet
   facet normal 0.754269 -0.656565 0
      outer loop
         vertex -0.000886448 0.000771622 0.000218744
         vertex -0.000993445 0.000590502 0.000232347
         vertex -0.000979406 0.00064958 0.00016628
      endloop
   endfacet
   facet normal 0.563292 -0.826258 0
      outer loop
         vertex -0.000662003 0.000971052 0.000135391
         vertex -0.000598628 0.000999081 0.000130506
         vertex -0.000554786 0.00101391 0.000189788
      endloop
   endfacet
   facet normal 0.260688 -0.965423 0
      outer loop
         vertex -0.000306371 0.0011346 0.000170254
         vertex -0.000441556 0.00106892 0.000180884
         vertex -0.000442032 0.00106834 0.000118434
      endloop
   endfacet
   facet normal -0.353839 -0.935306 0
      outer loop
         vertex 0.000407983 0.00107843 5.90143e-05
         vertex 0.000442902 0.00106622 5.64371e-05
         vertex 0.000444531 0.00106959 0.000118957
      endloop
   endfacet
   facet normal -0.479663 -0.877453 0
      outer loop
         vertex 0.000563719 0.00103122 0.000110277
         vertex 0.000444531 0.00106959 0.000118957
         vertex 0.000442902 0.00106622 5.64371e-05
      endloop
   endfacet
   facet normal -0.713559 -0.700595 0
      outer loop
         vertex 0.000828541 0.000813488 8.62957e-05
         vertex 0.000821418 0.000819345 8.69408e-05
         vertex 0.00081819 0.000819614 2.46486e-05
      endloop
   endfacet
   facet normal -0.997481 -0.0709276 0
      outer loop
         vertex 0.00115161 8.18869e-05 -3.16936e-05
         vertex 0.00115642 -1.09022e-06 -3.75773e-05
         vertex 0.00116644 -1.25216e-06 2.49112e-05
      endloop
   endfacet
   facet normal -0.99949 0.0319248 0
      outer loop
         vertex 0.0011716 -3.74222e-05 2.23465e-05
         vertex 0.00116644 -1.25216e-06 2.49112e-05
         vertex 0.00115642 -1.09022e-06 -3.75773e-05
      endloop
   endfacet
   facet normal -0.913604 0.406605 0
      outer loop
         vertex 0.0010737 -0.000477859 -8.88375e-06
         vertex 0.00108065 -0.000448529 -6.80403e-06
         vertex 0.00106995 -0.00044457 -6.90233e-05
      endloop
   endfacet
   facet normal -0.489066 0.872247 0
      outer loop
         vertex 0.000564737 -0.00100721 -0.000121863
         vertex 0.000443303 -0.00107408 -0.000131691
         vertex 0.000456322 -0.00106105 -6.79299e-05
      endloop
   endfacet
   facet normal -0.310855 0.950457 0
      outer loop
         vertex 0.00036533 -0.00111702 -0.000138002
         vertex 0.000276162 -0.00112895 -0.000143922
         vertex 0.00023532 -0.00115144 -8.47058e-05
      endloop
   endfacet
   facet normal 0.322733 0.94649 0
      outer loop
         vertex -0.000374657 -0.00109877 -0.000188218
         vertex -0.00044107 -0.00106741 -0.000193408
         vertex -0.000441614 -0.0010669 -0.00013096
      endloop
   endfacet
   facet normal 0.394685 0.918816 0
      outer loop
         vertex -0.000455691 -0.00106084 -0.000132039
         vertex -0.000441614 -0.0010669 -0.00013096
         vertex -0.00044107 -0.00106741 -0.000193408
      endloop
   endfacet
   facet normal 0.747428 0.664343 0
      outer loop
         vertex -0.000864843 -0.000768705 -0.000167521
         vertex -0.000816634 -0.000816514 -0.000162866
         vertex -0.000818142 -0.000819537 -0.000225351
      endloop
   endfacet
   facet normal 0.99507 0.099174 0
      outer loop
         vertex -0.00115697 -0.00011531 -0.000279324
         vertex -0.00115471 -4.0344e-07 -0.000287471
         vertex -0.00116791 6.51761e-07 -0.000225046
      endloop
   endfacet
   facet normal 0.998536 -0.0540913 0
      outer loop
         vertex -0.00117352 6.35702e-05 -0.000229508
         vertex -0.00116791 6.51761e-07 -0.000225046
         vertex -0.00115471 -4.0344e-07 -0.000287471
      endloop
   endfacet
   facet normal 0.779149 -0.626839 0
      outer loop
         vertex -0.000906233 0.00072908 -0.000278371
         vertex -0.000986896 0.000638142 -0.000332855
         vertex -0.000816122 0.000816777 -0.000349675
      endloop
   endfacet
   facet normal 0.498884 -0.866669 0
      outer loop
         vertex -0.000578449 0.00100489 -0.000370939
         vertex -0.000559427 0.00103355 -0.000310624
         vertex -0.000664545 0.000951993 -0.000301277
      endloop
   endfacet
   facet normal 0.316151 -0.948709 0
      outer loop
         vertex -0.000365084 0.00109555 -0.000324756
         vertex -0.000444752 0.00107014 -0.000318962
         vertex -0.000441552 0.00106801 -0.000381584
      endloop
   endfacet
   facet normal -0.333727 -0.94267 0
      outer loop
         vertex 0.000387465 0.00109446 -0.000376657
         vertex 0.000381712 0.00111152 -0.000438199
         vertex 0.000443989 0.00107575 -0.000443291
      endloop
   endfacet
   facet normal -0.578179 -0.81591 0
      outer loop
         vertex 0.000670227 0.000945806 -0.000461791
         vertex 0.00069655 0.000946366 -0.000400888
         vertex 0.000441501 0.00106857 -0.000380893
      endloop
   endfacet
   facet normal -0.885213 -0.465186 0
      outer loop
         vertex 0.00104034 0.000546705 -0.000498735
         vertex 0.00107112 0.000445292 -0.000505925
         vertex 0.0010668 0.000442318 -0.000443605
      endloop
   endfacet
   facet normal -0.996206 -0.0870211 0
      outer loop
         vertex 0.00115496 0.000100889 -0.000467846
         vertex 0.00116801 0.000111067 -0.000529625
         vertex 0.00116185 7.45842e-07 -0.000537447
      endloop
   endfacet
   facet normal -0.982448 0.186538 0
      outer loop
         vertex 0.00115461 -0.000219227 -0.000490545
         vertex 0.00115485 2.2369e-08 -0.000474998
         vertex 0.00116185 7.45842e-07 -0.000537447
      endloop
   endfacet
   facet normal -0.707115 0.707098 0
      outer loop
         vertex 0.000820268 -0.000820248 -0.000599543
         vertex 0.000819853 -0.000820697 -0.000599585
         vertex 0.000815758 -0.00081678 -0.000537197
      endloop
   endfacet
   facet normal -0.456823 0.889557 0
      outer loop
         vertex 0.000536877 -0.00104544 -0.00056243
         vertex 0.000556708 -0.00101201 -0.000622527
         vertex 0.000441916 -0.00107038 -0.000631645
      endloop
   endfacet
   facet normal -0.360697 0.932683 0
      outer loop
         vertex 0.000418074 -0.00108105 -0.000570988
         vertex 0.000445831 -0.00107273 -0.000568988
         vertex 0.000441916 -0.00107038 -0.000631645
      endloop
   endfacet
   facet normal 0.193498 0.981101 0
      outer loop
         vertex -0.000224918 -0.00114041 -0.000615046
         vertex -0.000138889 -0.001167 -0.000608821
         vertex -9.7585e-05 -0.00117118 -0.000668636
      endloop
   endfacet
   facet normal 0.462808 0.886459 0
      outer loop
         vertex -0.00054391 -0.0010418 -0.000638131
         vertex -0.000445547 -0.00107221 -0.000631013
         vertex -0.000449745 -0.00108578 -0.00068125
      endloop
   endfacet
   facet normal 0.759622 0.650365 0
      outer loop
         vertex -0.000892738 -0.000764335 -0.000669389
         vertex -0.000822447 -0.000820247 -0.00066309
         vertex -0.000831021 -0.000831021 -0.00068125
      endloop
   endfacet
   facet normal 0.717032 -0.69704 0
      outer loop
         vertex -0.000842685 0.00081919 0.000651871
         vertex -0.000829302 0.00082857 0.000650716
         vertex -0.000831021 0.000831021 0.00068125
      endloop
   endfacet
   facet normal 0.92399 -0.382418 0
      outer loop
         vertex -0.00108424 0.000448743 0.000680627
         vertex -0.00108578 0.000449745 0.00068125
         vertex -0.00108948 0.000440715 0.00068125
      endloop
   endfacet
   facet normal 0.114196 -0.489221 0.864651
      outer loop
         vertex -0.000133769 0.00115115 0.000659069
         vertex -0.000172085 0.00146413 0.000846674
         vertex -0.000445337 0.00143237 0.000860805
      endloop
   endfacet
   facet normal 0.193047 -0.463013 0.865073
      outer loop
         vertex -0.000445337 0.00143237 0.000860805
         vertex -0.000573894 0.00138546 0.000868293
         vertex -0.000455788 0.00108326 0.00068125
      endloop
   endfacet
   facet normal 0.249607 -0.436429 0.864423
      outer loop
         vertex -0.000455788 0.00108326 0.00068125
         vertex -0.000449493 0.00108459 0.000680816
         vertex -0.000445337 0.00143237 0.000860805
      endloop
   endfacet
   facet normal 0.23516 -0.443174 0.865041
      outer loop
         vertex -0.000573894 0.00138546 0.000868293
         vertex -0.000581738 0.0013826 0.00086875
         vertex -0.000455788 0.00108326 0.00068125
      endloop
   endfacet
   facet normal 0.0535531 -0.499258 0.864797
      outer loop
         vertex -6.2427e-07 0.00117164 0.000649923
         vertex 0.000182179 0.00113989 0.000637566
         vertex 0.000232312 0.00146287 0.000825292
      endloop
   endfacet
   facet normal 0.0535531 -0.499258 0.864797
      outer loop
         vertex -6.2427e-07 0.00117164 0.000649923
         vertex 0.00010492 0.00149633 0.00083235
         vertex 1.8184e-06 0.00148434 0.000837682
      endloop
   endfacet
   facet normal 0.0414812 -0.499601 0.865262
      outer loop
         vertex 1.8184e-06 0.00148434 0.000837682
         vertex -2.03352e-05 0.00117506 0.000651255
         vertex -6.2427e-07 0.00117164 0.000649923
      endloop
   endfacet
   facet normal 0.10215 -0.490945 0.865181
      outer loop
         vertex -0.000172085 0.00146413 0.000846674
         vertex -0.000133769 0.00115115 0.000659069
         vertex -2.03352e-05 0.00117506 0.000651255
      endloop
   endfacet
   facet normal 0.0622577 -0.498278 0.864779
      outer loop
         vertex -2.03352e-05 0.00117506 0.000651255
         vertex 1.8184e-06 0.00148434 0.000837682
         vertex -0.000172085 0.00146413 0.000846674
      endloop
   endfacet
   facet normal -0.134135 -0.484561 0.864412
      outer loop
         vertex 0.000446434 0.00108037 0.000619222
         vertex 0.000508096 0.00104261 0.000614097
         vertex 0.000657045 0.00134514 0.000801586
      endloop
   endfacet
   facet normal -0.134135 -0.484561 0.864412
      outer loop
         vertex 0.000446434 0.00108037 0.000619222
         vertex 0.000643832 0.0013548 0.00080249
         vertex 0.000570907 0.00137395 0.000806531
      endloop
   endfacet
   facet normal -0.147269 -0.47962 0.865029
      outer loop
         vertex 0.000570907 0.00137395 0.000806531
         vertex 0.000415387 0.00109938 0.000621803
         vertex 0.000446434 0.00108037 0.000619222
      endloop
   endfacet
   facet normal -0.0346262 -0.500313 0.865152
      outer loop
         vertex 0.000232312 0.00146287 0.000825292
         vertex 0.000182179 0.00113989 0.000637566
         vertex 0.000415387 0.00109938 0.000621803
      endloop
   endfacet
   facet normal -0.119816 -0.48825 0.86444
      outer loop
         vertex 0.000415387 0.00109938 0.000621803
         vertex 0.000570907 0.00137395 0.000806531
         vertex 0.000232312 0.00146287 0.000825292
      endloop
   endfacet
   facet normal -0.176283 -0.469732 0.86503
      outer loop
         vertex 0.000657045 0.00134514 0.000801586
         vertex 0.000508096 0.00104261 0.000614097
         vertex 0.000779762 0.000876237 0.000591516
      endloop
   endfacet
   facet normal -0.320498 -0.385889 0.865084
      outer loop
         vertex 0.00105565 0.0010538 0.000774316
         vertex 0.000985322 0.00110521 0.000779127
         vertex 0.00079048 0.000869674 0.000590625
      endloop
   endfacet
   facet normal -0.333325 -0.374807 0.865109
      outer loop
         vertex 0.00109538 0.00102477 0.000771598
         vertex 0.000823959 0.000825648 0.000586991
         vertex 0.000978872 0.000621936 0.000570177
      endloop
   endfacet
   facet normal -0.391877 -0.314087 0.864744
      outer loop
         vertex 0.000978872 0.000621936 0.000570177
         vertex 0.00124395 0.000792275 0.000757589
         vertex 0.00109538 0.00102477 0.000771598
      endloop
   endfacet
   facet normal -0.333325 -0.374807 0.865109
      outer loop
         vertex 0.00109538 0.00102477 0.000771598
         vertex 0.00105565 0.0010538 0.000774316
         vertex 0.000823959 0.000825648 0.000586991
      endloop
   endfacet
   facet normal -0.29672 -0.404499 0.865066
      outer loop
         vertex 0.000985322 0.00110521 0.000779127
         vertex 0.000779762 0.000876237 0.000591516
         vertex 0.00079048 0.000869674 0.000590625
      endloop
   endfacet
   facet normal -0.438948 -0.244478 0.864613
      outer loop
         vertex 0.00107306 0.000446108 0.000556632
         vertex 0.00110725 0.000326495 0.000548151
         vertex 0.0014181 0.000419969 0.000735832
      endloop
   endfacet
   facet normal -0.438948 -0.244478 0.864613
      outer loop
         vertex 0.00107306 0.000446108 0.000556632
         vertex 0.00139009 0.000563595 0.000743811
         vertex 0.00138412 0.000572941 0.000744374
      endloop
   endfacet
   facet normal -0.444519 -0.232131 0.865169
      outer loop
         vertex 0.00138412 0.000572941 0.000744374
         vertex 0.00104927 0.000529362 0.000562536
         vertex 0.00107306 0.000446108 0.000556632
      endloop
   endfacet
   facet normal -0.398431 -0.304329 0.865238
      outer loop
         vertex 0.00124395 0.000792275 0.000757589
         vertex 0.000978872 0.000621936 0.000570177
         vertex 0.00104927 0.000529362 0.000562536
      endloop
   endfacet
   facet normal -0.421079 -0.273752 0.864727
      outer loop
         vertex 0.00104927 0.000529362 0.000562536
         vertex 0.00138412 0.000572941 0.000744374
         vertex 0.00124395 0.000792275 0.000757589
      endloop
   endfacet
   facet normal -0.466068 -0.185404 0.865105
      outer loop
         vertex 0.0014181 0.000419969 0.000735832
         vertex 0.00110725 0.000326495 0.000548151
         vertex 0.00117054 0.000105062 0.00053245
      endloop
   endfacet
   facet normal -0.491612 -0.105418 0.86441
      outer loop
         vertex 0.00117054 0.000105062 0.00053245
         vertex 0.00149923 3.92787e-06 0.000712718
         vertex 0.0014181 0.000419969 0.000735832
      endloop
   endfacet
   facet normal -0.499422 -0.0480569 0.865025
      outer loop
         vertex 0.0015 2.90511e-18 0.0007125
         vertex 0.00116041 1.44656e-06 0.000525103
         vertex 0.00112827 -0.000327493 0.000501778
      endloop
   endfacet
   facet normal -0.49894 -0.0626952 0.864366
      outer loop
         vertex 0.00116041 1.44656e-06 0.000525103
         vertex 0.0015 2.90511e-18 0.0007125
         vertex 0.00149923 3.92787e-06 0.000712718
      endloop
   endfacet
   facet normal -0.49929 -0.0494136 0.865025
      outer loop
         vertex 0.00149923 3.92787e-06 0.000712718
         vertex 0.00116072 4.6046e-06 0.000525327
         vertex 0.00116041 1.44656e-06 0.000525103
      endloop
   endfacet
   facet normal -0.483936 0.131636 0.865146
      outer loop
         vertex 0.00140618 -0.000522158 0.000683491
         vertex 0.00142538 -0.00041532 0.000689427
         vertex 0.00112806 -0.000329654 0.000501625
      endloop
   endfacet
   facet normal -0.483293 0.137428 0.864604
      outer loop
         vertex 0.00107127 -0.00044244 0.000493435
         vertex 0.0013781 -0.000569438 0.000680707
         vertex 0.00140618 -0.000522158 0.000683491
      endloop
   endfacet
   facet normal -0.446506 0.227993 0.865246
      outer loop
         vertex 0.00125277 -0.000780404 0.000668282
         vertex 0.0013781 -0.000569438 0.000680707
         vertex 0.00107127 -0.00044244 0.000493435
      endloop
   endfacet
   facet normal -0.483293 0.137428 0.864604
      outer loop
         vertex 0.00107127 -0.00044244 0.000493435
         vertex 0.000984644 -0.000614479 0.000480942
         vertex 0.00125277 -0.000780404 0.000668282
      endloop
   endfacet
   facet normal -0.492542 0.0948701 0.865102
      outer loop
         vertex 0.00142538 -0.00041532 0.000689427
         vertex 0.00112827 -0.000327493 0.000501778
         vertex 0.00112806 -0.000329654 0.000501625
      endloop
   endfacet
   facet normal -0.398763 0.305938 0.864517
      outer loop
         vertex 0.000837607 -0.000815747 0.000464181
         vertex 0.00107378 -0.00104557 0.000651785
         vertex 0.00113115 -0.000985142 0.000656224
      endloop
   endfacet
   facet normal -0.446506 0.227993 0.865246
      outer loop
         vertex 0.00125277 -0.000780404 0.000668282
         vertex 0.000984644 -0.000614479 0.000480942
         vertex 0.000936581 -0.000709934 0.00047401
      endloop
   endfacet
   facet normal -0.431959 0.256526 0.864642
      outer loop
         vertex 0.000936581 -0.000709934 0.00047401
         vertex 0.00113115 -0.000985142 0.000656224
         vertex 0.00125277 -0.000780404 0.000668282
      endloop
   endfacet
   facet normal -0.284173 0.413494 0.865025
      outer loop
         vertex 0.00071371 -0.00129086 0.000627648
         vertex 0.00104247 -0.00107854 0.000649363
         vertex 0.00077084 -0.000887128 0.00045755
      endloop
   endfacet
   facet normal -0.386012 0.320332 0.865091
      outer loop
         vertex 0.00106002 -0.00106006 0.000650721
         vertex 0.00107378 -0.00104557 0.000651785
         vertex 0.000837607 -0.000815747 0.000464181
      endloop
   endfacet
   facet normal -0.394942 0.310917 0.864495
      outer loop
         vertex 0.000826914 -0.000827179 0.000463119
         vertex 0.00077084 -0.000887128 0.00045755
         vertex 0.00104247 -0.00107854 0.000649363
      endloop
   endfacet
   facet normal -0.380638 0.326719 0.865083
      outer loop
         vertex 0.00104247 -0.00107854 0.000649363
         vertex 0.00106002 -0.00106006 0.000650721
         vertex 0.000826914 -0.000827179 0.000463119
      endloop
   endfacet
   facet normal -0.398763 0.305938 0.864517
      outer loop
         vertex 0.000837607 -0.000815747 0.000464181
         vertex 0.000826914 -0.000827179 0.000463119
         vertex 0.00106002 -0.00106006 0.000650721
      endloop
   endfacet
   facet normal -0.228719 0.446524 0.865046
      outer loop
         vertex 0.00055422 -0.00139386 0.000617113
         vertex 0.000385889 -0.00111008 0.000426007
         vertex 0.000354533 -0.00112049 0.000423712
      endloop
   endfacet
   facet normal -0.207633 0.457794 0.864473
      outer loop
         vertex 0.000354533 -0.00112049 0.000423712
         vertex 0.000324647 -0.00143782 0.000604847
         vertex 0.00055422 -0.00139386 0.000617113
      endloop
   endfacet
   facet normal -0.284173 0.413494 0.865025
      outer loop
         vertex 0.00071371 -0.00129086 0.000627648
         vertex 0.000559284 -0.00100966 0.000440215
         vertex 0.000444246 -0.00107628 0.000430789
      endloop
   endfacet
   facet normal -0.247093 0.437896 0.864403
      outer loop
         vertex 0.000444246 -0.00107628 0.000430789
         vertex 0.00057186 -0.00138247 0.000618278
         vertex 0.00071371 -0.00129086 0.000627648
      endloop
   endfacet
   facet normal -0.220743 0.451654 0.864455
      outer loop
         vertex 0.000385889 -0.00111008 0.000426007
         vertex 0.00055422 -0.00139386 0.000617113
         vertex 0.00057186 -0.00138247 0.000618278
      endloop
   endfacet
   facet normal -0.247093 0.437896 0.864403
      outer loop
         vertex 0.000444246 -0.00107628 0.000430789
         vertex 0.000385889 -0.00111008 0.000426007
         vertex 0.00057186 -0.00138247 0.000618278
      endloop
   endfacet
   facet normal -0.0530454 0.499328 0.864787
      outer loop
         vertex -1.20644e-06 -0.00116574 0.000400161
         vertex -3.96452e-05 -0.00117063 0.000397617
         vertex -4.87528e-05 -0.00149194 0.000584931
      endloop
   endfacet
   facet normal -0.0416305 0.499567 0.865275
      outer loop
         vertex 1.83697e-19 -0.0015 0.0005875
         vertex 0.000324647 -0.00143782 0.000604847
         vertex 0.000256461 -0.00113297 0.00041722
      endloop
   endfacet
   facet normal -0.166762 0.474088 0.864541
      outer loop
         vertex 0.000256461 -0.00113297 0.00041722
         vertex -1.20644e-06 -0.00116574 0.000400161
         vertex 1.83697e-19 -0.0015 0.0005875
      endloop
   endfacet
   facet normal 0.113282 0.488702 0.865065
      outer loop
         vertex -0.000474142 -0.00142163 0.000562511
         vertex -4.87528e-05 -0.00149194 0.000584931
         vertex -6.27075e-05 -0.00117357 0.00039609
      endloop
   endfacet
   facet normal -0.0257464 0.500685 0.865246
      outer loop
         vertex -4.87528e-05 -0.00149194 0.000584931
         vertex -3.96452e-05 -0.00117063 0.000397617
         vertex -6.27075e-05 -0.00117357 0.00039609
      endloop
   endfacet
   facet normal 0.249222 0.435437 0.865033
      outer loop
         vertex -0.000856587 -0.00120842 0.000538188
         vertex -0.000566588 -0.00137269 0.000556704
         vertex -0.000491419 -0.00106757 0.000366006
      endloop
   endfacet
   facet normal 0.100868 0.492474 0.864462
      outer loop
         vertex -0.00036751 -0.0010982 0.000374701
         vertex -0.0004479 -0.00107833 0.00036906
         vertex -0.000566588 -0.00137269 0.000556704
      endloop
   endfacet
   facet normal 0.146066 0.479992 0.865027
      outer loop
         vertex -0.000566588 -0.00137269 0.000556704
         vertex -0.00048266 -0.00142022 0.000562062
         vertex -0.00036751 -0.0010982 0.000374701
      endloop
   endfacet
   facet normal 0.116076 0.48805 0.865063
      outer loop
         vertex -0.00048266 -0.00142022 0.000562062
         vertex -0.000474142 -0.00142163 0.000562511
         vertex -0.00036751 -0.0010982 0.000374701
      endloop
   endfacet
   facet normal 0.134942 0.484343 0.864409
      outer loop
         vertex -0.0004479 -0.00107833 0.00036906
         vertex -0.000491419 -0.00106757 0.000366006
         vertex -0.000566588 -0.00137269 0.000556704
      endloop
   endfacet
   facet normal 0.278796 0.418325 0.864452
      outer loop
         vertex -0.00075494 -0.000879662 0.000343162
         vertex -0.000969938 -0.00114421 0.000530951
         vertex -0.000856587 -0.00120842 0.000538188
      endloop
   endfacet
   facet normal 0.278796 0.418325 0.864452
      outer loop
         vertex -0.00075494 -0.000879662 0.000343162
         vertex -0.000975206 -0.0011392 0.000530558
         vertex -0.000969938 -0.00114421 0.000530951
      endloop
   endfacet
   facet normal 0.391911 0.312726 0.865222
      outer loop
         vertex -0.00122754 -0.00081796 0.000509137
         vertex -0.00109538 -0.00102477 0.000521598
         vertex -0.000849154 -0.000812483 0.000334994
      endloop
   endfacet
   facet normal 0.288909 0.410129 0.865058
      outer loop
         vertex -0.000975206 -0.0011392 0.000530558
         vertex -0.00075494 -0.000879662 0.000343162
         vertex -0.000828369 -0.000827304 0.000336796
      endloop
   endfacet
   facet normal 0.320312 0.386031 0.86509
      outer loop
         vertex -0.00105924 -0.00105917 0.000524292
         vertex -0.000828369 -0.000827304 0.000336796
         vertex -0.000849154 -0.000812483 0.000334994
      endloop
   endfacet
   facet normal 0.319958 0.387587 0.864525
      outer loop
         vertex -0.000849154 -0.000812483 0.000334994
         vertex -0.00109538 -0.00102477 0.000521598
         vertex -0.00105924 -0.00105917 0.000524292
      endloop
   endfacet
   facet normal 0.311155 0.394748 0.864498
      outer loop
         vertex -0.000828369 -0.000827304 0.000336796
         vertex -0.00105924 -0.00105917 0.000524292
         vertex -0.000975206 -0.0011392 0.000530558
      endloop
   endfacet
   facet normal 0.446168 0.228958 0.865166
      outer loop
         vertex -0.00139009 -0.000563595 0.000493811
         vertex -0.00138412 -0.000572941 0.000494374
         vertex -0.00108295 -0.000456518 0.000307371
      endloop
   endfacet
   facet normal 0.439446 0.243509 0.864633
      outer loop
         vertex -0.00108446 -0.000449462 0.00030687
         vertex -0.00141182 -0.000452167 0.00048762
         vertex -0.00139009 -0.000563595 0.000493811
      endloop
   endfacet
   facet normal 0.438054 0.245972 0.864642
      outer loop
         vertex -0.00108295 -0.000456518 0.000307371
         vertex -0.00108446 -0.000449462 0.00030687
         vertex -0.00139009 -0.000563595 0.000493811
      endloop
   endfacet
   facet normal 0.391911 0.312726 0.865222
      outer loop
         vertex -0.00122754 -0.00081796 0.000509137
         vertex -0.000961979 -0.000640701 0.000321664
         vertex -0.00108295 -0.000456518 0.000307371
      endloop
   endfacet
   facet normal 0.438054 0.245972 0.864642
      outer loop
         vertex -0.00108295 -0.000456518 0.000307371
         vertex -0.00138412 -0.000572941 0.000494374
         vertex -0.00122754 -0.00081796 0.000509137
      endloop
   endfacet
   facet normal 0.461979 0.195316 0.865117
      outer loop
         vertex -0.00141182 -0.000452167 0.00048762
         vertex -0.00110492 -0.000353759 0.000300084
         vertex -0.00117437 -2.89327e-05 0.000277052
      endloop
   endfacet
   facet normal 0.494499 -0.0841858 0.865091
      outer loop
         vertex -0.00143095 0.000384288 0.000441151
         vertex -0.0015 -2.81709e-16 0.0004625
         vertex -0.00117072 -7.48231e-07 0.000275053
      endloop
   endfacet
   facet normal 0.499422 0.0480569 0.865025
      outer loop
         vertex -0.0015 -2.81709e-16 0.0004625
         vertex -0.00149302 -3.57978e-05 0.000464489
         vertex -0.00117495 -2.62469e-05 0.000276861
      endloop
   endfacet
   facet normal 0.497567 0.0724073 0.864398
      outer loop
         vertex -0.00117495 -2.62469e-05 0.000276861
         vertex -0.00117072 -7.48231e-07 0.000275053
         vertex -0.0015 -2.81709e-16 0.0004625
      endloop
   endfacet
   facet normal 0.498083 0.0603687 0.865025
      outer loop
         vertex -0.00149302 -3.57978e-05 0.000464489
         vertex -0.00117437 -2.89327e-05 0.000277052
         vertex -0.00117495 -2.62469e-05 0.000276861
      endloop
   endfacet
   facet normal 0.45086 -0.219188 0.865264
      outer loop
         vertex -0.0012685 0.000753927 0.000419841
         vertex -0.0013781 0.000569438 0.000430707
         vertex -0.00107897 0.000445725 0.00024322
      endloop
   endfacet
   facet normal 0.478705 -0.14945 0.865163
      outer loop
         vertex -0.0013781 0.000569438 0.000430707
         vertex -0.00110361 0.000404012 0.000246353
         vertex -0.00107897 0.000445725 0.00024322
      endloop
   endfacet
   facet normal 0.483142 -0.137863 0.86462
      outer loop
         vertex -0.00107897 0.000445725 0.00024322
         vertex -0.000993445 0.000590502 0.000232347
         vertex -0.0012685 0.000753927 0.000419841
      endloop
   endfacet
   facet normal 0.494499 -0.0841858 0.865091
      outer loop
         vertex -0.00143095 0.000384288 0.000441151
         vertex -0.00112066 0.000301208 0.000253642
         vertex -0.00110361 0.000404012 0.000246353
      endloop
   endfacet
   facet normal 0.488539 -0.117539 0.864589
      outer loop
         vertex -0.00110361 0.000404012 0.000246353
         vertex -0.00140618 0.000522158 0.000433491
         vertex -0.00143095 0.000384288 0.000441151
      endloop
   endfacet
   facet normal 0.388536 -0.317252 0.865096
      outer loop
         vertex -0.00106847 0.00105115 0.000401375
         vertex -0.00113115 0.000985142 0.000406224
         vertex -0.000886448 0.000771622 0.000218744
      endloop
   endfacet
   facet normal 0.45086 -0.219188 0.865264
      outer loop
         vertex -0.0012685 0.000753927 0.000419841
         vertex -0.000993445 0.000590502 0.000232347
         vertex -0.000886448 0.000771622 0.000218744
      endloop
   endfacet
   facet normal 0.414567 -0.283999 0.864569
      outer loop
         vertex -0.000886448 0.000771622 0.000218744
         vertex -0.00113115 0.000985142 0.000406224
         vertex -0.0012685 0.000753927 0.000419841
      endloop
   endfacet
   facet normal 0.386012 -0.320332 0.865091
      outer loop
         vertex -0.00106002 0.00106006 0.000400721
         vertex -0.00106847 0.00105115 0.000401375
         vertex -0.000834082 0.00082018 0.000213807
      endloop
   endfacet
   facet normal 0.380638 -0.326719 0.865083
      outer loop
         vertex -0.00104247 0.00107854 0.000399363
         vertex -0.000827031 0.000826718 0.000213142
         vertex -0.000702635 0.000942069 0.000201414
      endloop
   endfacet
   facet normal 0.347174 -0.363661 0.864419
      outer loop
         vertex -0.000702635 0.000942069 0.000201414
         vertex -0.00070576 0.00129599 0.000377123
         vertex -0.00104247 0.00107854 0.000399363
      endloop
   endfacet
   facet normal 0.380638 -0.326719 0.865083
      outer loop
         vertex -0.00104247 0.00107854 0.000399363
         vertex -0.00106002 0.00106006 0.000400721
         vertex -0.000827031 0.000826718 0.000213142
      endloop
   endfacet
   facet normal 0.397245 -0.307919 0.864513
      outer loop
         vertex -0.000834082 0.00082018 0.000213807
         vertex -0.000827031 0.000826718 0.000213142
         vertex -0.00106002 0.00106006 0.000400721
      endloop
   endfacet
   facet normal 0.151495 -0.478145 0.865117
      outer loop
         vertex -0.00031564 0.00143955 0.000354365
         vertex -0.000306371 0.0011346 0.000170254
         vertex -0.000276907 0.00114215 0.000168177
      endloop
   endfacet
   facet normal 0.235043 -0.443243 0.865038
      outer loop
         vertex -0.00057186 0.00138247 0.000368278
         vertex -0.00070576 0.00129599 0.000377123
         vertex -0.000554786 0.00101391 0.000189788
      endloop
   endfacet
   facet normal 0.228719 -0.446524 0.865046
      outer loop
         vertex -0.00055422 0.00139386 0.000367113
         vertex -0.000441556 0.00106892 0.000180884
         vertex -0.000306371 0.0011346 0.000170254
      endloop
   endfacet
   facet normal 0.187308 -0.46642 0.864504
      outer loop
         vertex -0.000306371 0.0011346 0.000170254
         vertex -0.00031564 0.00143955 0.000354365
         vertex -0.00055422 0.00139386 0.000367113
      endloop
   endfacet
   facet normal 0.228719 -0.446524 0.865046
      outer loop
         vertex -0.00055422 0.00139386 0.000367113
         vertex -0.00057186 0.00138247 0.000368278
         vertex -0.000441556 0.00106892 0.000180884
      endloop
   endfacet
   facet normal 0.292986 -0.408626 0.864398
      outer loop
         vertex -0.000554786 0.00101391 0.000189788
         vertex -0.000441556 0.00106892 0.000180884
         vertex -0.00057186 0.00138247 0.000368278
      endloop
   endfacet
   facet normal 0.0534771 -0.499302 0.864776
      outer loop
         vertex 9.82531e-07 0.00115817 0.000150131
         vertex 7.85128e-05 0.00116263 0.000145096
         vertex 9.73469e-05 0.00148391 0.000332369
      endloop
   endfacet
   facet normal 0.0416305 -0.499567 0.865275
      outer loop
         vertex 0 0.0015 0.0003375
         vertex -0.00031564 0.00143955 0.000354365
         vertex -0.00025093 0.00114365 0.00016649
      endloop
   endfacet
   facet normal 0.16375 -0.475126 0.864547
      outer loop
         vertex -0.00025093 0.00114365 0.00016649
         vertex 9.82531e-07 0.00115817 0.000150131
         vertex 0 0.0015 0.0003375
      endloop
   endfacet
   facet normal -0.116076 -0.48805 0.865063
      outer loop
         vertex 0.00048266 0.00142022 0.000312062
         vertex 9.73469e-05 0.00148391 0.000332369
         vertex 0.000143883 0.0011664 0.000140851
      endloop
   endfacet
   facet normal -0.118106 -0.488664 0.864441
      outer loop
         vertex 0.000405426 0.00108219 0.000121805
         vertex 0.000521337 0.00139832 0.000309593
         vertex 0.00048266 0.00142022 0.000312062
      endloop
   endfacet
   facet normal 0.00990806 -0.501295 0.86522
      outer loop
         vertex 9.73469e-05 0.00148391 0.000332369
         vertex 7.85128e-05 0.00116263 0.000145096
         vertex 0.000143883 0.0011664 0.000140851
      endloop
   endfacet
   facet normal -0.264258 -0.426465 0.865041
      outer loop
         vertex 0.000901357 0.00118306 0.000285329
         vertex 0.000566588 0.00137269 0.000306704
         vertex 0.000563719 0.00103122 0.000110277
      endloop
   endfacet
   facet normal -0.118106 -0.488664 0.864441
      outer loop
         vertex 0.000405426 0.00108219 0.000121805
         vertex 0.000444531 0.00106959 0.000118957
         vertex 0.000566588 0.00137269 0.000306704
      endloop
   endfacet
   facet normal -0.146066 -0.479992 0.865027
      outer loop
         vertex 0.000566588 0.00137269 0.000306704
         vertex 0.000521337 0.00139832 0.000309593
         vertex 0.000405426 0.00108219 0.000121805
      endloop
   endfacet
   facet normal -0.134577 -0.484479 0.864389
      outer loop
         vertex 0.000444531 0.00106959 0.000118957
         vertex 0.000563719 0.00103122 0.000110277
         vertex 0.000566588 0.00137269 0.000306704
      endloop
   endfacet
   facet normal -0.311003 -0.394912 0.864477
      outer loop
         vertex 0.000821418 0.000819345 8.69408e-05
         vertex 0.00105924 0.00105917 0.000274292
         vertex 0.000969938 0.00114421 0.000280951
      endloop
   endfacet
   facet normal -0.286881 -0.411554 0.865057
      outer loop
         vertex 0.000969938 0.00114421 0.000280951
         vertex 0.000698583 0.000920336 9.80643e-05
         vertex 0.000821418 0.000819345 8.69408e-05
      endloop
   endfacet
   facet normal -0.320312 -0.386031 0.86509
      outer loop
         vertex 0.00105924 0.00105917 0.000274292
         vertex 0.000821418 0.000819345 8.69408e-05
         vertex 0.000828541 0.000813488 8.62957e-05
      endloop
   endfacet
   facet normal -0.314255 -0.392252 0.864512
      outer loop
         vertex 0.000828541 0.000813488 8.62957e-05
         vertex 0.0010678 0.00105103 0.000273654
         vertex 0.00105924 0.00105917 0.000274292
      endloop
   endfacet
   facet normal -0.41701 -0.278264 0.865258
      outer loop
         vertex 0.00129461 0.000713016 0.000252814
         vertex 0.00109538 0.00102477 0.000271598
         vertex 0.000902772 0.000752458 7.95737e-05
      endloop
   endfacet
   facet normal -0.314255 -0.392252 0.864512
      outer loop
         vertex 0.000828541 0.000813488 8.62957e-05
         vertex 0.000902772 0.000752458 7.95737e-05
         vertex 0.00109538 0.00102477 0.000271598
      endloop
   endfacet
   facet normal -0.333325 -0.374807 0.865109
      outer loop
         vertex 0.00109538 0.00102477 0.000271598
         vertex 0.0010678 0.00105103 0.000273654
         vertex 0.000828541 0.000813488 8.62957e-05
      endloop
   endfacet
   facet normal -0.477579 -0.153527 0.865071
      outer loop
         vertex 0.00143794 0.000318258 0.000230181
         vertex 0.00139009 0.000563595 0.000243811
         vertex 0.00111207 0.000380126 5.19538e-05
      endloop
   endfacet
   facet normal -0.41701 -0.278264 0.865258
      outer loop
         vertex 0.00129461 0.000713016 0.000252814
         vertex 0.00101186 0.000558394 6.51778e-05
         vertex 0.00107602 0.000444259 5.67112e-05
      endloop
   endfacet
   facet normal -0.439561 -0.243369 0.864614
      outer loop
         vertex 0.00107602 0.000444259 5.67112e-05
         vertex 0.00138412 0.000572941 0.000244374
         vertex 0.00129461 0.000713016 0.000252814
      endloop
   endfacet
   facet normal -0.453564 -0.216341 0.864567
      outer loop
         vertex 0.00111207 0.000380126 5.19538e-05
         vertex 0.00139009 0.000563595 0.000243811
         vertex 0.00138412 0.000572941 0.000244374
      endloop
   endfacet
   facet normal -0.439561 -0.243369 0.864614
      outer loop
         vertex 0.00107602 0.000444259 5.67112e-05
         vertex 0.00111207 0.000380126 5.19538e-05
         vertex 0.00138412 0.000572941 0.000244374
      endloop
   endfacet
   facet normal -0.499101 -0.0612173 0.864379
      outer loop
         vertex 0.00116644 -1.25216e-06 2.49112e-05
         vertex 0.0011716 -3.74222e-05 2.23465e-05
         vertex 0.00149176 -4.58666e-05 0.000209952
      endloop
   endfacet
   facet normal -0.499422 -0.0480569 0.865025
      outer loop
         vertex 0.0015 3.02742e-16 0.0002125
         vertex 0.00143794 0.000318258 0.000230181
         vertex 0.00113048 0.000251003 4.2798e-05
      endloop
   endfacet
   facet normal -0.474454 -0.166075 0.864473
      outer loop
         vertex 0.00113048 0.000251003 4.2798e-05
         vertex 0.00116644 -1.25216e-06 2.49112e-05
         vertex 0.0015 3.02742e-16 0.0002125
      endloop
   endfacet
   facet normal -0.489169 0.110817 0.86512
      outer loop
         vertex 0.00141706 -0.000461646 0.000186853
         vertex 0.00149176 -4.58666e-05 0.000209952
         vertex 0.00117399 -5.41853e-05 2.11579e-05
      endloop
   endfacet
   facet normal -0.500687 -0.032291 0.865026
      outer loop
         vertex 0.00149176 -4.58666e-05 0.000209952
         vertex 0.0011716 -3.74222e-05 2.23465e-05
         vertex 0.00117399 -5.41853e-05 2.11579e-05
      endloop
   endfacet
   facet normal -0.439555 0.241214 0.865221
      outer loop
         vertex 0.00122892 -0.000820551 0.000165917
         vertex 0.0013781 -0.000569438 0.000180707
         vertex 0.0010737 -0.000477859 -8.88375e-06
      endloop
   endfacet
   facet normal -0.482854 0.138826 0.864627
      outer loop
         vertex 0.00108065 -0.000448529 -6.80403e-06
         vertex 0.0010737 -0.000477859 -8.88375e-06
         vertex 0.0013781 -0.000569438 0.000180707
      endloop
   endfacet
   facet normal -0.482854 0.138826 0.864627
      outer loop
         vertex 0.00108065 -0.000448529 -6.80403e-06
         vertex 0.00140618 -0.000522158 0.000183491
         vertex 0.00141706 -0.000461646 0.000186853
      endloop
   endfacet
   facet normal -0.489169 0.110817 0.86512
      outer loop
         vertex 0.00141706 -0.000461646 0.000186853
         vertex 0.00110177 -0.000359276 -4.75368e-07
         vertex 0.00108065 -0.000448529 -6.80403e-06
      endloop
   endfacet
   facet normal -0.478705 0.14945 0.865163
      outer loop
         vertex 0.0013781 -0.000569438 0.000180707
         vertex 0.00140618 -0.000522158 0.000183491
         vertex 0.00108065 -0.000448529 -6.80403e-06
      endloop
   endfacet
   facet normal -0.394138 0.31191 0.864504
      outer loop
         vertex 0.000829185 -0.000832852 -3.69427e-05
         vertex 0.000751528 -0.000895527 -4.39336e-05
         vertex 0.00095503 -0.00113501 0.000143587
      endloop
   endfacet
   facet normal -0.357274 0.352187 0.865055
      outer loop
         vertex 0.00095503 -0.00113501 0.000143587
         vertex 0.00104247 -0.00107854 0.000149363
         vertex 0.000829185 -0.000832852 -3.69427e-05
      endloop
   endfacet
   facet normal -0.445898 0.231172 0.864716
      outer loop
         vertex 0.000961611 -0.000640596 -2.17466e-05
         vertex 0.000830631 -0.000830752 -3.67768e-05
         vertex 0.00113115 -0.000985142 0.000156224
      endloop
   endfacet
   facet normal -0.394795 0.311075 0.864505
      outer loop
         vertex 0.000830631 -0.000830752 -3.67768e-05
         vertex 0.00106002 -0.00106006 0.000150721
         vertex 0.00113115 -0.000985142 0.000156224
      endloop
   endfacet
   facet normal -0.406515 0.293761 0.86513
      outer loop
         vertex 0.00113115 -0.000985142 0.000156224
         vertex 0.00122892 -0.000820551 0.000165917
         vertex 0.000961611 -0.000640596 -2.17466e-05
      endloop
   endfacet
   facet normal -0.394795 0.311075 0.864505
      outer loop
         vertex 0.000830631 -0.000830752 -3.67768e-05
         vertex 0.000829185 -0.000832852 -3.69427e-05
         vertex 0.00106002 -0.00106006 0.000150721
      endloop
   endfacet
   facet normal -0.241026 0.440017 0.865039
      outer loop
         vertex 0.00058819 -0.00137192 0.000119357
         vertex 0.00095503 -0.00113501 0.000143587
         vertex 0.000639029 -0.000986323 -5.40609e-05
      endloop
   endfacet
   facet normal -0.357274 0.352187 0.865055
      outer loop
         vertex 0.00095503 -0.00113501 0.000143587
         vertex 0.000751528 -0.000895527 -4.39336e-05
         vertex 0.000639029 -0.000986323 -5.40609e-05
      endloop
   endfacet
   facet normal -0.248138 0.437345 0.864382
      outer loop
         vertex 0.000442022 -0.0010669 -6.90153e-05
         vertex 0.00057186 -0.00138247 0.000118278
         vertex 0.00058819 -0.00137192 0.000119357
      endloop
   endfacet
   facet normal -0.228719 0.446524 0.865046
      outer loop
         vertex 0.00055422 -0.00139386 0.000117113
         vertex 0.000442022 -0.0010669 -6.90153e-05
         vertex 0.00023532 -0.00115144 -8.47058e-05
      endloop
   endfacet
   facet normal -0.156921 0.477401 0.86456
      outer loop
         vertex 0.00023532 -0.00115144 -8.47058e-05
         vertex 0.000182831 -0.00146498 9.72691e-05
         vertex 0.00055422 -0.00139386 0.000117113
      endloop
   endfacet
   facet normal -0.228719 0.446524 0.865046
      outer loop
         vertex 0.00055422 -0.00139386 0.000117113
         vertex 0.00057186 -0.00138247 0.000118278
         vertex 0.000442022 -0.0010669 -6.90153e-05
      endloop
   endfacet
   facet normal -0.241026 0.440017 0.865039
      outer loop
         vertex 0.00058819 -0.00137192 0.000119357
         vertex 0.000456322 -0.00106105 -6.79299e-05
         vertex 0.000442022 -0.0010669 -6.90153e-05
      endloop
   endfacet
   facet normal -0.156921 0.477401 0.86456
      outer loop
         vertex 0.00023532 -0.00115144 -8.47058e-05
         vertex 0.000170989 -0.00116274 -8.90566e-05
         vertex 0.000182831 -0.00146498 9.72691e-05
      endloop
   endfacet
   facet normal -0.0542876 0.499221 0.864772
      outer loop
         vertex 6.79883e-07 -0.00115654 -0.000100089
         vertex -0.000130473 -0.00115176 -0.000108585
         vertex -0.000164339 -0.00147284 7.88387e-05
      endloop
   endfacet
   facet normal -0.0416305 0.499567 0.865275
      outer loop
         vertex -5.97683e-17 -0.0015 8.75e-05
         vertex 0.000182831 -0.00146498 9.72691e-05
         vertex 0.000146906 -0.00116186 -9.06167e-05
      endloop
   endfacet
   facet normal -0.118403 0.488237 0.864642
      outer loop
         vertex 0.000146906 -0.00116186 -9.06167e-05
         vertex 6.79883e-07 -0.00115654 -0.000100089
         vertex -5.97683e-17 -0.0015 8.75e-05
      endloop
   endfacet
   facet normal 0.0512499 0.499938 0.864543
      outer loop
         vertex -0.00025507 -0.00114723 -0.000116656
         vertex -0.000441614 -0.0010669 -0.00013096
         vertex -0.000566588 -0.00137269 5.67035e-05
      endloop
   endfacet
   facet normal 0.133711 0.484732 0.864382
      outer loop
         vertex -0.000441614 -0.0010669 -0.00013096
         vertex -0.000455691 -0.00106084 -0.000132039
         vertex -0.000583506 -0.0013631 5.56233e-05
      endloop
   endfacet
   facet normal 0.15328 0.477717 0.865039
      outer loop
         vertex -0.000583506 -0.0013631 5.56233e-05
         vertex -0.000566588 -0.00137269 5.67035e-05
         vertex -0.000441614 -0.0010669 -0.00013096
      endloop
   endfacet
   facet normal 0.0119405 0.501311 0.865185
      outer loop
         vertex -0.000164339 -0.00147284 7.88387e-05
         vertex -0.000130473 -0.00115176 -0.000108585
         vertex -0.00025507 -0.00114723 -0.000116656
      endloop
   endfacet
   facet normal 0.0512499 0.499938 0.864543
      outer loop
         vertex -0.00025507 -0.00114723 -0.000116656
         vertex -0.00048266 -0.00142022 6.2062e-05
         vertex -0.000164339 -0.00147284 7.88387e-05
      endloop
   endfacet
   facet normal 0.15328 0.477717 0.865039
      outer loop
         vertex -0.000583506 -0.0013631 5.56233e-05
         vertex -0.000455691 -0.00106084 -0.000132039
         vertex -0.000658205 -0.000973631 -0.000147567
      endloop
   endfacet
   facet normal 0.228855 0.447693 0.864405
      outer loop
         vertex -0.000658205 -0.000973631 -0.000147567
         vertex -0.00096087 -0.00114935 3.15298e-05
         vertex -0.000583506 -0.0013631 5.56233e-05
      endloop
   endfacet
   facet normal 0.320312 0.386031 0.86509
      outer loop
         vertex -0.00105924 -0.00105917 2.42919e-05
         vertex -0.000969938 -0.00114421 3.09509e-05
         vertex -0.000742205 -0.000890327 -0.000155678
      endloop
   endfacet
   facet normal 0.273686 0.4217 0.864445
      outer loop
         vertex -0.000742205 -0.000890327 -0.000155678
         vertex -0.000816634 -0.000816514 -0.000162866
         vertex -0.00105924 -0.00105917 2.42919e-05
      endloop
   endfacet
   facet normal 0.31031 0.395483 0.864466
      outer loop
         vertex -0.000816634 -0.000816514 -0.000162866
         vertex -0.000864843 -0.000768705 -0.000167521
         vertex -0.00111488 -0.00099425 1.97589e-05
      endloop
   endfacet
   facet normal 0.342648 0.36627 0.865123
      outer loop
         vertex -0.00111488 -0.00099425 1.97589e-05
         vertex -0.00109538 -0.00102477 2.15976e-05
         vertex -0.000816634 -0.000816514 -0.000162866
      endloop
   endfacet
   facet normal 0.333325 0.374807 0.865109
      outer loop
         vertex -0.00109538 -0.00102477 2.15976e-05
         vertex -0.00105924 -0.00105917 2.42919e-05
         vertex -0.000816634 -0.000816514 -0.000162866
      endloop
   endfacet
   facet normal 0.429794 0.258216 0.865218
      outer loop
         vertex -0.00133452 -0.00065056 -9.49286e-07
         vertex -0.00111488 -0.00099425 1.97589e-05
         vertex -0.000968121 -0.000666282 -0.000177495
      endloop
   endfacet
   facet normal 0.342648 0.36627 0.865123
      outer loop
         vertex -0.00111488 -0.00099425 1.97589e-05
         vertex -0.000864843 -0.000768705 -0.000167521
         vertex -0.000968121 -0.000666282 -0.000177495
      endloop
   endfacet
   facet normal 0.439211 0.244055 0.864599
      outer loop
         vertex -0.00106768 -0.000441722 -0.000193566
         vertex -0.00138412 -0.000572941 -5.62608e-06
         vertex -0.00133452 -0.00065056 -9.49286e-07
      endloop
   endfacet
   facet normal 0.446168 0.228958 0.865166
      outer loop
         vertex -0.00139009 -0.000563595 -6.18914e-06
         vertex -0.00106768 -0.000441722 -0.000193566
         vertex -0.00114379 -0.000270051 -0.000205851
      endloop
   endfacet
   facet normal 0.472046 0.172749 0.864483
      outer loop
         vertex -0.00114379 -0.000270051 -0.000205851
         vertex -0.00145346 -0.00023866 -2.42411e-05
         vertex -0.00139009 -0.000563595 -6.18914e-06
      endloop
   endfacet
   facet normal 0.446168 0.228958 0.865166
      outer loop
         vertex -0.00139009 -0.000563595 -6.18914e-06
         vertex -0.00138412 -0.000572941 -5.62608e-06
         vertex -0.00106768 -0.000441722 -0.000193566
      endloop
   endfacet
   facet normal 0.429794 0.258216 0.865218
      outer loop
         vertex -0.00133452 -0.00065056 -9.49286e-07
         vertex -0.00103811 -0.000508419 -0.000188792
         vertex -0.00106768 -0.000441722 -0.000193566
      endloop
   endfacet
   facet normal 0.499422 0.0480569 0.865025
      outer loop
         vertex -0.0015 2.09168e-18 -3.75e-05
         vertex -0.00116791 6.51761e-07 -0.000225046
         vertex -0.00117352 6.35702e-05 -0.000229508
      endloop
   endfacet
   facet normal 0.499422 0.0480569 0.865025
      outer loop
         vertex -0.0015 2.09168e-18 -3.75e-05
         vertex -0.00145346 -0.00023866 -2.42411e-05
         vertex -0.0011509 -0.000190267 -0.000211509
      endloop
   endfacet
   facet normal 0.482616 0.140803 0.86444
      outer loop
         vertex -0.0011509 -0.000190267 -0.000211509
         vertex -0.00116791 6.51761e-07 -0.000225046
         vertex -0.0015 2.09168e-18 -3.75e-05
      endloop
   endfacet
   facet normal 0.501643 0.0341183 0.864402
      outer loop
         vertex -0.00117352 6.35702e-05 -0.000229508
         vertex -0.00146825 0.000176686 -4.73159e-05
         vertex -0.0015 2.09168e-18 -3.75e-05
      endloop
   endfacet
   facet normal 0.477181 -0.154165 0.865177
      outer loop
         vertex -0.00137191 0.000579858 -6.9907e-05
         vertex -0.0013781 0.000569438 -6.92933e-05
         vertex -0.00109057 0.00043801 -0.000256058
      endloop
   endfacet
   facet normal 0.484428 -0.133255 0.864623
      outer loop
         vertex -0.00109057 0.00043801 -0.000256058
         vertex -0.00108389 0.00044855 -0.000256866
         vertex -0.00137191 0.000579858 -6.9907e-05
      endloop
   endfacet
   facet normal 0.483936 -0.131636 0.865146
      outer loop
         vertex -0.00140618 0.000522158 -6.65088e-05
         vertex -0.00146825 0.000176686 -4.73159e-05
         vertex -0.00115677 0.000139169 -0.000234868
      endloop
   endfacet
   facet normal 0.484428 -0.133255 0.864623
      outer loop
         vertex -0.00109057 0.00043801 -0.000256058
         vertex -0.0013781 0.000569438 -6.92933e-05
         vertex -0.00140618 0.000522158 -6.65088e-05
      endloop
   endfacet
   facet normal 0.502769 0.00037816 0.864421
      outer loop
         vertex -0.00115677 0.000139169 -0.000234868
         vertex -0.00109057 0.00043801 -0.000256058
         vertex -0.00140618 0.000522158 -6.65088e-05
      endloop
   endfacet
   facet normal 0.417585 -0.277718 0.865156
      outer loop
         vertex -0.00116154 0.000933982 -9.0763e-05
         vertex -0.00137191 0.000579858 -6.9907e-05
         vertex -0.00107884 0.000456536 -0.000257478
      endloop
   endfacet
   facet normal 0.325358 -0.381918 0.865032
      outer loop
         vertex -0.000844462 0.00120642 -0.000113716
         vertex -0.00104247 0.00107854 -0.000100637
         vertex -0.000827051 0.000825906 -0.000286828
      endloop
   endfacet
   facet normal 0.395225 -0.310559 0.864494
      outer loop
         vertex -0.000827051 0.000825906 -0.000286828
         vertex -0.00104247 0.00107854 -0.000100637
         vertex -0.00106002 0.00106006 -9.92789e-05
      endloop
   endfacet
   facet normal 0.386012 -0.320332 0.865091
      outer loop
         vertex -0.00106002 0.00106006 -9.92789e-05
         vertex -0.00086217 0.000798657 -0.000283705
         vertex -0.000827051 0.000825906 -0.000286828
      endloop
   endfacet
   facet normal 0.405974 -0.296238 0.864539
      outer loop
         vertex -0.00086217 0.000798657 -0.000283705
         vertex -0.00113115 0.000985142 -9.3776e-05
         vertex -0.00116154 0.000933982 -9.0763e-05
      endloop
   endfacet
   facet normal 0.405974 -0.296238 0.864539
      outer loop
         vertex -0.00086217 0.000798657 -0.000283705
         vertex -0.00106002 0.00106006 -9.92789e-05
         vertex -0.00113115 0.000985142 -9.3776e-05
      endloop
   endfacet
   facet normal 0.417585 -0.277718 0.865156
      outer loop
         vertex -0.00116154 0.000933982 -9.0763e-05
         vertex -0.000906233 0.00072908 -0.000278371
         vertex -0.00086217 0.000798657 -0.000283705
      endloop
   endfacet
   facet normal 0.248435 -0.43716 0.86439
      outer loop
         vertex -0.000444752 0.00107014 -0.000318962
         vertex -0.000365084 0.00109555 -0.000324756
         vertex -0.000471347 0.00140973 -0.000137315
      endloop
   endfacet
   facet normal 0.248435 -0.43716 0.86439
      outer loop
         vertex -0.000444752 0.00107014 -0.000318962
         vertex -0.00055422 0.00139386 -0.000132887
         vertex -0.00057186 0.00138247 -0.000131722
      endloop
   endfacet
   facet normal 0.235043 -0.443243 0.865038
      outer loop
         vertex -0.00057186 0.00138247 -0.000131722
         vertex -0.000559427 0.00103355 -0.000310624
         vertex -0.000444752 0.00107014 -0.000318962
      endloop
   endfacet
   facet normal 0.325358 -0.381918 0.865032
      outer loop
         vertex -0.000844462 0.00120642 -0.000113716
         vertex -0.000664545 0.000951993 -0.000301277
         vertex -0.000559427 0.00103355 -0.000310624
      endloop
   endfacet
   facet normal 0.291441 -0.409729 0.864398
      outer loop
         vertex -0.000559427 0.00103355 -0.000310624
         vertex -0.00057186 0.00138247 -0.000131722
         vertex -0.000844462 0.00120642 -0.000113716
      endloop
   endfacet
   facet normal 0.202471 -0.458986 0.865065
      outer loop
         vertex -0.000471347 0.00140973 -0.000137315
         vertex -0.000365084 0.00109555 -0.000324756
         vertex -0.000142431 0.00116658 -0.000340947
      endloop
   endfacet
   facet normal 0.116504 -0.488686 0.864646
      outer loop
         vertex -0.000142431 0.00116658 -0.000340947
         vertex -6.4234e-05 0.0014877 -0.000159068
         vertex -0.000471347 0.00140973 -0.000137315
      endloop
   endfacet
   facet normal 0.116504 -0.488686 0.864646
      outer loop
         vertex -0.000142431 0.00116658 -0.000340947
         vertex -0.000130111 0.00116802 -0.000341754
         vertex -6.4234e-05 0.0014877 -0.000159068
      endloop
   endfacet
   facet normal 0.0544483 -0.4992 0.864775
      outer loop
         vertex -1.23492e-06 0.0011585 -0.000350159
         vertex 5.74686e-05 0.00115416 -0.000353987
         vertex 7.35162e-05 0.00148785 -0.000166375
      endloop
   endfacet
   facet normal 0.0416305 -0.499567 0.865275
      outer loop
         vertex 0 0.0015 -0.0001625
         vertex -6.4234e-05 0.0014877 -0.000159068
         vertex -5.28331e-05 0.00116231 -0.000346794
      endloop
   endfacet
   facet normal 0.0764261 -0.496366 0.864743
      outer loop
         vertex -5.28331e-05 0.00116231 -0.000346794
         vertex -1.23492e-06 0.0011585 -0.000350159
         vertex 0 0.0015 -0.0001625
      endloop
   endfacet
   facet normal -0.0703456 -0.497671 0.864509
      outer loop
         vertex 0.000300303 0.00113623 -0.000369824
         vertex 0.000387465 0.00109446 -0.000376657
         vertex 0.000500572 0.00141008 -0.000189082
      endloop
   endfacet
   facet normal 0.0176761 -0.501059 0.865233
      outer loop
         vertex 7.35162e-05 0.00148785 -0.000166375
         vertex 5.74686e-05 0.00115416 -0.000353987
         vertex 0.000300303 0.00113623 -0.000369824
      endloop
   endfacet
   facet normal -0.0703456 -0.497671 0.864509
      outer loop
         vertex 0.000300303 0.00113623 -0.000369824
         vertex 0.00048266 0.00142022 -0.000187938
         vertex 7.35162e-05 0.00148785 -0.000166375
      endloop
   endfacet
   facet normal -0.146066 -0.479992 0.865027
      outer loop
         vertex 0.000566588 0.00137269 -0.000193296
         vertex 0.000441501 0.00106857 -0.000380893
         vertex 0.00069655 0.000946366 -0.000400888
      endloop
   endfacet
   facet normal -0.146066 -0.479992 0.865027
      outer loop
         vertex 0.000566588 0.00137269 -0.000193296
         vertex 0.000387465 0.00109446 -0.000376657
         vertex 0.000441501 0.00106857 -0.000380893
      endloop
   endfacet
   facet normal -0.246763 -0.438054 0.864417
      outer loop
         vertex 0.00069655 0.000946366 -0.000400888
         vertex 0.000881367 0.00119438 -0.000213394
         vertex 0.000566588 0.00137269 -0.000193296
      endloop
   endfacet
   facet normal -0.368551 -0.340075 0.86517
      outer loop
         vertex 0.00117188 0.000905064 -0.000235615
         vertex 0.000697372 0.000945971 -0.000400952
         vertex 0.000816524 0.000817567 -0.000412822
      endloop
   endfacet
   facet normal -0.25757 -0.430545 0.865037
      outer loop
         vertex 0.000881367 0.00119438 -0.000213394
         vertex 0.00069655 0.000946366 -0.000400888
         vertex 0.000697372 0.000945971 -0.000400952
      endloop
   endfacet
   facet normal -0.247114 -0.437856 0.864417
      outer loop
         vertex 0.000697372 0.000945971 -0.000400952
         vertex 0.00105924 0.00105917 -0.000225708
         vertex 0.000969938 0.00114421 -0.000219049
      endloop
   endfacet
   facet normal -0.247114 -0.437856 0.864417
      outer loop
         vertex 0.000697372 0.000945971 -0.000400952
         vertex 0.00117188 0.000905064 -0.000235615
         vertex 0.00109538 0.00102477 -0.000228402
      endloop
   endfacet
   facet normal -0.333325 -0.374807 0.865109
      outer loop
         vertex 0.00109538 0.00102477 -0.000228402
         vertex 0.00105924 0.00105917 -0.000225708
         vertex 0.000697372 0.000945971 -0.000400952
      endloop
   endfacet
   facet normal -0.247114 -0.437856 0.864417
      outer loop
         vertex 0.000697372 0.000945971 -0.000400952
         vertex 0.000969938 0.00114421 -0.000219049
         vertex 0.000881367 0.00119438 -0.000213394
      endloop
   endfacet
   facet normal -0.444519 -0.232131 0.865169
      outer loop
         vertex 0.00138412 0.000572941 -0.000255626
         vertex 0.00117188 0.000905064 -0.000235615
         vertex 0.00099539 0.000624811 -0.000430639
      endloop
   endfacet
   facet normal -0.394047 -0.311336 0.864752
      outer loop
         vertex 0.00099539 0.000624811 -0.000430639
         vertex 0.0010668 0.000442318 -0.000443605
         vertex 0.00138412 0.000572941 -0.000255626
      endloop
   endfacet
   facet normal -0.442134 -0.238633 0.864622
      outer loop
         vertex 0.00107162 0.000430011 -0.000444479
         vertex 0.00139115 0.000558161 -0.000256491
         vertex 0.00139009 0.000563595 -0.000256189
      endloop
   endfacet
   facet normal -0.446168 -0.228958 0.865166
      outer loop
         vertex 0.00139009 0.000563595 -0.000256189
         vertex 0.00138412 0.000572941 -0.000255626
         vertex 0.00107162 0.000430011 -0.000444479
      endloop
   endfacet
   facet normal -0.368551 -0.340075 0.86517
      outer loop
         vertex 0.00117188 0.000905064 -0.000235615
         vertex 0.000919475 0.000706622 -0.000423077
         vertex 0.00099539 0.000624811 -0.000430639
      endloop
   endfacet
   facet normal -0.447 -0.227341 0.865163
      outer loop
         vertex 0.00139115 0.000558161 -0.000256491
         vertex 0.00107162 0.000430011 -0.000444479
         vertex 0.00115509 0.000216688 -0.000459635
      endloop
   endfacet
   facet normal -0.479427 -0.151234 0.864452
      outer loop
         vertex 0.00115509 0.000216688 -0.000459635
         vertex 0.00147561 0.00012508 -0.000280551
         vertex 0.00139115 0.000558161 -0.000256491
      endloop
   endfacet
   facet normal -0.499422 -0.0480569 0.865025
      outer loop
         vertex 0.0015 2.87606e-18 -0.0002875
         vertex 0.00115485 2.2369e-08 -0.000474998
         vertex 0.00115461 -0.000219227 -0.000490545
      endloop
   endfacet
   facet normal -0.499422 -0.0480569 0.865025
      outer loop
         vertex 0.0015 2.87606e-18 -0.0002875
         vertex 0.00147561 0.00012508 -0.000280551
         vertex 0.00115496 0.000100889 -0.000467846
      endloop
   endfacet
   facet normal -0.491984 -0.103677 0.864409
      outer loop
         vertex 0.00115496 0.000100889 -0.000467846
         vertex 0.00115485 2.2369e-08 -0.000474998
         vertex 0.0015 2.87606e-18 -0.0002875
      endloop
   endfacet
   facet normal -0.501566 0.0339362 0.864454
      outer loop
         vertex 0.00115461 -0.000219227 -0.000490545
         vertex 0.00144818 -0.000288423 -0.000303523
         vertex 0.0015 2.87606e-18 -0.0002875
      endloop
   endfacet
   facet normal -0.483936 0.131636 0.865146
      outer loop
         vertex 0.00140618 -0.000522158 -0.000316509
         vertex 0.00144818 -0.000288423 -0.000303523
         vertex 0.00115096 -0.000228542 -0.000491207
      endloop
   endfacet
   facet normal -0.483156 0.137942 0.864599
      outer loop
         vertex 0.0010672 -0.000442469 -0.000506403
         vertex 0.0013781 -0.000569438 -0.000319293
         vertex 0.00140618 -0.000522158 -0.000316509
      endloop
   endfacet
   facet normal -0.483156 0.137942 0.864599
      outer loop
         vertex 0.0010672 -0.000442469 -0.000506403
         vertex 0.0010326 -0.00053083 -0.00051268
         vertex 0.00131647 -0.000673182 -0.000325403
      endloop
   endfacet
   facet normal -0.464071 0.189764 0.865233
      outer loop
         vertex 0.00131647 -0.000673182 -0.000325403
         vertex 0.0013781 -0.000569438 -0.000319293
         vertex 0.0010672 -0.000442469 -0.000506403
      endloop
   endfacet
   facet normal -0.406515 0.293761 0.86513
      outer loop
         vertex 0.00113115 -0.000985142 -0.000343776
         vertex 0.00131647 -0.000673182 -0.000325403
         vertex 0.000996486 -0.000623062 -0.000519231
      endloop
   endfacet
   facet normal -0.404135 0.29876 0.864533
      outer loop
         vertex 0.000841254 -0.000789452 -0.000534663
         vertex 0.00109285 -0.00102548 -0.000346739
         vertex 0.00113115 -0.000985142 -0.000343776
      endloop
   endfacet
   facet normal -0.464071 0.189764 0.865233
      outer loop
         vertex 0.00131647 -0.000673182 -0.000325403
         vertex 0.0010326 -0.00053083 -0.00051268
         vertex 0.000996486 -0.000623062 -0.000519231
      endloop
   endfacet
   facet normal -0.386012 0.320332 0.865091
      outer loop
         vertex 0.00106002 -0.00106006 -0.000349279
         vertex 0.00109285 -0.00102548 -0.000346739
         vertex 0.000841254 -0.000789452 -0.000534663
      endloop
   endfacet
   facet normal -0.395324 0.310517 0.864464
      outer loop
         vertex 0.000815758 -0.00081678 -0.000537197
         vertex 0.00071048 -0.000929626 -0.000547663
         vertex 0.000898908 -0.00117126 -0.00036012
      endloop
   endfacet
   facet normal -0.341405 0.367622 0.865042
      outer loop
         vertex 0.000898908 -0.00117126 -0.00036012
         vertex 0.00104247 -0.00107854 -0.000350637
         vertex 0.000815758 -0.00081678 -0.000537197
      endloop
   endfacet
   facet normal -0.380638 0.326719 0.865083
      outer loop
         vertex 0.00104247 -0.00107854 -0.000350637
         vertex 0.00106002 -0.00106006 -0.000349279
         vertex 0.000815758 -0.00081678 -0.000537197
      endloop
   endfacet
   facet normal -0.248301 0.437225 0.864396
      outer loop
         vertex 0.000445831 -0.00107273 -0.000568988
         vertex 0.00055422 -0.00139386 -0.000382887
         vertex 0.00057186 -0.00138247 -0.000381722
      endloop
   endfacet
   facet normal -0.248301 0.437225 0.864396
      outer loop
         vertex 0.000445831 -0.00107273 -0.000568988
         vertex 0.000539022 -0.00139677 -0.000383699
         vertex 0.00055422 -0.00139386 -0.000382887
      endloop
   endfacet
   facet normal -0.235043 0.443243 0.865038
      outer loop
         vertex 0.00057186 -0.00138247 -0.000381722
         vertex 0.000536877 -0.00104544 -0.00056243
         vertex 0.000445831 -0.00107273 -0.000568988
      endloop
   endfacet
   facet normal -0.341405 0.367622 0.865042
      outer loop
         vertex 0.000898908 -0.00117126 -0.00036012
         vertex 0.000690624 -0.000950909 -0.000549637
         vertex 0.000536877 -0.00104544 -0.00056243
      endloop
   endfacet
   facet normal -0.282441 0.415979 0.864401
      outer loop
         vertex 0.000536877 -0.00104544 -0.00056243
         vertex 0.00057186 -0.00138247 -0.000381722
         vertex 0.000898908 -0.00117126 -0.00036012
      endloop
   endfacet
   facet normal -0.341405 0.367622 0.865042
      outer loop
         vertex 0.000898908 -0.00117126 -0.00036012
         vertex 0.00071048 -0.000929626 -0.000547663
         vertex 0.000690624 -0.000950909 -0.000549637
      endloop
   endfacet
   facet normal -0.223952 0.448928 0.865049
      outer loop
         vertex 0.000539022 -0.00139677 -0.000383699
         vertex 0.000418074 -0.00108105 -0.000570988
         vertex 0.000126584 -0.0011684 -0.000591984
      endloop
   endfacet
   facet normal -0.109533 0.490267 0.864662
      outer loop
         vertex 0.000126584 -0.0011684 -0.000591984
         vertex 0.000129683 -0.00147516 -0.000405571
         vertex 0.000539022 -0.00139677 -0.000383699
      endloop
   endfacet
   facet normal -0.0416305 0.499567 0.865275
      outer loop
         vertex 1.83697e-19 -0.0015 -0.0004125
         vertex 3.94849e-08 -0.00116774 -0.00060001
         vertex -0.000138889 -0.001167 -0.000608821
      endloop
   endfacet
   facet normal -0.0416305 0.499567 0.865275
      outer loop
         vertex 1.83697e-19 -0.0015 -0.0004125
         vertex 0.000129683 -0.00147516 -0.000405571
         vertex 0.000104467 -0.00116829 -0.000593387
      endloop
   endfacet
   facet normal -0.0997646 0.492307 0.864685
      outer loop
         vertex 0.000104467 -0.00116829 -0.000593387
         vertex 3.94849e-08 -0.00116774 -0.00060001
         vertex 1.83697e-19 -0.0015 -0.0004125
      endloop
   endfacet
   facet normal 0.00304381 0.502366 0.86465
      outer loop
         vertex -0.000138889 -0.001167 -0.000608821
         vertex -0.000288795 -0.00145227 -0.000427721
         vertex 1.83697e-19 -0.0015 -0.0004125
      endloop
   endfacet
   facet normal 0.116076 0.48805 0.865063
      outer loop
         vertex -0.00048266 -0.00142022 -0.000437938
         vertex -0.000288795 -0.00145227 -0.000427721
         vertex -0.000224918 -0.00114041 -0.000615046
      endloop
   endfacet
   facet normal 0.13469 0.484437 0.864395
      outer loop
         vertex -0.000445547 -0.00107221 -0.000631013
         vertex -0.000566588 -0.00137269 -0.000443296
         vertex -0.00048266 -0.00142022 -0.000437938
      endloop
   endfacet
   facet normal 0.146066 0.479992 0.865027
      outer loop
         vertex -0.000566588 -0.00137269 -0.000443296
         vertex -0.000445547 -0.00107221 -0.000631013
         vertex -0.00054391 -0.0010418 -0.000638131
      endloop
   endfacet
   facet normal 0.176685 0.470739 0.8644
      outer loop
         vertex -0.00054391 -0.0010418 -0.000638131
         vertex -0.00069658 -0.00129905 -0.000451596
         vertex -0.000566588 -0.00137269 -0.000443296
      endloop
   endfacet
   facet normal 0.0402251 0.500908 0.864565
      outer loop
         vertex -0.000224918 -0.00114041 -0.000615046
         vertex -0.000445547 -0.00107221 -0.000631013
         vertex -0.00048266 -0.00142022 -0.000437938
      endloop
   endfacet
   facet normal 0.286881 0.411554 0.865057
      outer loop
         vertex -0.000969938 -0.00114421 -0.000469049
         vertex -0.00069658 -0.00129905 -0.000451596
         vertex -0.000554259 -0.00103357 -0.000639058
      endloop
   endfacet
   facet normal 0.308642 0.396709 0.864501
      outer loop
         vertex -0.000817018 -0.000824565 -0.000662604
         vertex -0.00105278 -0.00106533 -0.000475226
         vertex -0.000969938 -0.00114421 -0.000469049
      endloop
   endfacet
   facet normal 0.386287 0.319683 0.865208
      outer loop
         vertex -0.00121371 -0.000839602 -0.000489559
         vertex -0.00109538 -0.00102477 -0.000478402
         vertex -0.000892738 -0.000764335 -0.000669389
      endloop
   endfacet
   facet normal 0.311087 0.39484 0.86448
      outer loop
         vertex -0.000822447 -0.000820247 -0.00066309
         vertex -0.000892738 -0.000764335 -0.000669389
         vertex -0.00109538 -0.00102477 -0.000478402
      endloop
   endfacet
   facet normal 0.320312 0.386031 0.86509
      outer loop
         vertex -0.00105924 -0.00105917 -0.000475708
         vertex -0.000817018 -0.000824565 -0.000662604
         vertex -0.000822447 -0.000820247 -0.00066309
      endloop
   endfacet
   facet normal 0.333325 0.374807 0.865109
      outer loop
         vertex -0.00109538 -0.00102477 -0.000478402
         vertex -0.00105924 -0.00105917 -0.000475708
         vertex -0.000822447 -0.000820247 -0.00066309
      endloop
   endfacet
   facet normal 0.320312 0.386031 0.86509
      outer loop
         vertex -0.00105924 -0.00105917 -0.000475708
         vertex -0.00105278 -0.00106533 -0.000475226
         vertex -0.000817018 -0.000824565 -0.000662604
      endloop
   endfacet
   facet normal 0.444519 0.232131 0.865169
      outer loop
         vertex -0.00138412 -0.000572941 -0.000505626
         vertex -0.00121371 -0.000839602 -0.000489559
         vertex -0.00100055 -0.000616519 -0.00068125
      endloop
   endfacet
   facet normal 0.396751 0.307851 0.864764
      outer loop
         vertex -0.00100055 -0.000616519 -0.00068125
         vertex -0.00107575 -0.000445099 -0.000687374
         vertex -0.00138412 -0.000572941 -0.000505626
      endloop
   endfacet
   facet normal 0.454309 0.214631 0.864602
      outer loop
         vertex -0.00110713 -0.000373572 -0.000689929
         vertex -0.00140656 -0.000479174 -0.000510879
         vertex -0.00139009 -0.000563595 -0.000506189
      endloop
   endfacet
   facet normal 0.446168 0.228958 0.865166
      outer loop
         vertex -0.00139009 -0.000563595 -0.000506189
         vertex -0.00138412 -0.000572941 -0.000505626
         vertex -0.00110713 -0.000373572 -0.000689929
      endloop
   endfacet
   facet normal 0.386287 0.319683 0.865208
      outer loop
         vertex -0.00121371 -0.000839602 -0.000489559
         vertex -0.000964338 -0.000666165 -0.000677266
         vertex -0.00100055 -0.000616519 -0.00068125
      endloop
   endfacet
   facet normal 0.458384 0.203563 0.865128
      outer loop
         vertex -0.00140656 -0.000479174 -0.000510879
         vertex -0.00110713 -0.000373572 -0.000689929
         vertex -0.00118569 -0.00019452 -0.000696326
      endloop
   endfacet
   facet normal 0.482961 0.139191 0.864508
      outer loop
         vertex -0.00118569 -0.00019452 -0.000696326
         vertex -0.00149137 -4.42527e-05 -0.000535042
         vertex -0.00140656 -0.000479174 -0.000510879
      endloop
   endfacet
   facet normal 0.499422 0.0480569 0.865025
      outer loop
         vertex -0.0015 -1.13009e-17 -0.0005375
         vertex -0.00119252 7.21101e-07 -0.000703068
         vertex -0.00120138 0.000254 -0.000711815
      endloop
   endfacet
   facet normal 0.4991 0.0601067 0.864457
      outer loop
         vertex -0.00119252 7.21101e-07 -0.000703068
         vertex -0.0015 -1.13009e-17 -0.0005375
         vertex -0.00149137 -4.42527e-05 -0.000535042
      endloop
   endfacet
   facet normal 0.497724 0.0632594 0.865026
      outer loop
         vertex -0.00149137 -4.42527e-05 -0.000535042
         vertex -0.00119122 -3.62977e-05 -0.00070179
         vertex -0.00119252 7.21101e-07 -0.000703068
      endloop
   endfacet
   facet normal 0.500254 -0.0470901 0.864597
      outer loop
         vertex -0.00120138 0.000254 -0.000711815
         vertex -0.0014337 0.000369008 -0.000558
         vertex -0.0015 -1.13009e-17 -0.0005375
      endloop
   endfacet
   facet normal 0.483936 -0.131636 0.865146
      outer loop
         vertex -0.00140618 0.000522158 -0.000566509
         vertex -0.0014337 0.000369008 -0.000558
         vertex -0.00118457 0.000303003 -0.000713413
      endloop
   endfacet
   facet normal 0.481955 -0.141169 0.864749
      outer loop
         vertex -0.00112783 0.000468461 -0.000718808
         vertex -0.0013781 0.000569438 -0.000569293
         vertex -0.00140618 0.000522158 -0.000566509
      endloop
   endfacet
   facet normal 0.478705 -0.14945 0.865163
      outer loop
         vertex -0.0013781 0.000569438 -0.000569293
         vertex -0.00112783 0.000468461 -0.000718808
         vertex -0.00107407 0.00062524 -0.000723919
      endloop
   endfacet
   facet normal 0.456966 -0.20751 0.864941
      outer loop
         vertex -0.00107407 0.00062524 -0.000723919
         vertex -0.00127625 0.000740877 -0.00057939
         vertex -0.0013781 0.000569438 -0.000569293
      endloop
   endfacet
   facet normal 0.406515 -0.293761 0.86513
      outer loop
         vertex -0.00113115 0.000985142 -0.000593776
         vertex -0.00127625 0.000740877 -0.00057939
         vertex -0.00106052 0.000664744 -0.000725207
      endloop
   endfacet
   facet normal 0.391935 -0.314166 0.864689
      outer loop
         vertex -0.000882091 0.000884702 -0.000734116
         vertex -0.00106002 0.00106006 -0.000599279
         vertex -0.00113115 0.000985142 -0.000593776
      endloop
   endfacet
   facet normal 0.391935 -0.314166 0.864689
      outer loop
         vertex -0.000882091 0.000884702 -0.000734116
         vertex -0.000861371 0.000910243 -0.000735151
         vertex -0.0010314 0.00108569 -0.000601368
      endloop
   endfacet
   facet normal 0.377772 -0.330039 0.865079
      outer loop
         vertex -0.0010314 0.00108569 -0.000601368
         vertex -0.00104247 0.00107854 -0.000600637
         vertex -0.000882091 0.000884702 -0.000734116
      endloop
   endfacet
   facet normal 0.380638 -0.326719 0.865083
      outer loop
         vertex -0.00104247 0.00107854 -0.000600637
         vertex -0.00106002 0.00106006 -0.000599279
         vertex -0.000882091 0.000884702 -0.000734116
      endloop
   endfacet
   facet normal 0.45294 -0.214824 0.865272
      outer loop
         vertex -0.00127625 0.000740877 -0.00057939
         vertex -0.00107407 0.00062524 -0.000723919
         vertex -0.00106052 0.000664744 -0.000725207
      endloop
   endfacet
   facet normal 0.377772 -0.330039 0.865079
      outer loop
         vertex -0.0010314 0.00108569 -0.000601368
         vertex -0.000861371 0.000910243 -0.000735151
         vertex -0.000783098 0.00100673 -0.000739059
      endloop
   endfacet
   facet normal 0.350681 -0.359683 0.864668
      outer loop
         vertex -0.000783098 0.00100673 -0.000739059
         vertex -0.000881351 0.0011826 -0.000611279
         vertex -0.0010314 0.00108569 -0.000601368
      endloop
   endfacet
   facet normal 0.3363 -0.372305 0.865038
      outer loop
         vertex -0.000881351 0.0011826 -0.000611279
         vertex -0.000759609 0.00102092 -0.000739951
         vertex -0.000488519 0.00118461 -0.000750248
      endloop
   endfacet
   facet normal 0.241854 -0.440256 0.864686
      outer loop
         vertex -0.000488519 0.00118461 -0.000750248
         vertex -0.00057186 0.00138247 -0.000631722
         vertex -0.000881351 0.0011826 -0.000611279
      endloop
   endfacet
   facet normal 0.225185 -0.448934 0.864726
      outer loop
         vertex -0.000447636 0.00120929 -0.000751801
         vertex -0.000521169 0.00140019 -0.000634653
         vertex -0.00055422 0.00139386 -0.000632887
      endloop
   endfacet
   facet normal 0.228719 -0.446524 0.865046
      outer loop
         vertex -0.00055422 0.00139386 -0.000632887
         vertex -0.00057186 0.00138247 -0.000631722
         vertex -0.000447636 0.00120929 -0.000751801
      endloop
   endfacet
   facet normal 0.0817654 -0.494696 0.865211
      outer loop
         vertex -0.000112435 0.00147847 -0.000656492
         vertex -0.000521169 0.00140019 -0.000634653
         vertex -0.000403878 0.00123572 -0.000753463
      endloop
   endfacet
   facet normal 0.218326 -0.451683 0.865053
      outer loop
         vertex -0.000521169 0.00140019 -0.000634653
         vertex -0.000447636 0.00120929 -0.000751801
         vertex -0.000403878 0.00123572 -0.000753463
      endloop
   endfacet
   facet normal -0.0584344 -0.498148 0.865121
      outer loop
         vertex 0.000306684 0.00144931 -0.000678663
         vertex 0 0.0015 -0.0006625
         vertex 9.88801e-05 0.00132248 -0.000768355
      endloop
   endfacet
   facet normal 0.0817654 -0.494696 0.865211
      outer loop
         vertex -0.000112435 0.00147847 -0.000656492
         vertex -9.7472e-05 0.0012886 -0.000762539
         vertex 2.63638e-06 0.00130587 -0.000765504
      endloop
   endfacet
   facet normal 0.0468453 -0.499512 0.865039
      outer loop
         vertex 2.63638e-06 0.00130587 -0.000765504
         vertex 0 0.0015 -0.0006625
         vertex -0.000112435 0.00147847 -0.000656492
      endloop
   endfacet
   facet normal 0.0468453 -0.499512 0.865039
      outer loop
         vertex 2.63638e-06 0.00130587 -0.000765504
         vertex 9.88801e-05 0.00132248 -0.000768355
         vertex 0 0.0015 -0.0006625
      endloop
   endfacet
   facet normal -0.199452 -0.46038 0.865025
      outer loop
         vertex 0.000712412 0.00129008 -0.000702607
         vertex 0.000566588 0.00137269 -0.000693296
         vertex 0.00055014 0.00123288 -0.000782094
      endloop
   endfacet
   facet normal -0.0529154 -0.499173 0.864885
      outer loop
         vertex 0.000272062 0.0012881 -0.000773627
         vertex 0.000514822 0.0012399 -0.000781019
         vertex 0.00048266 0.00142022 -0.000687938
      endloop
   endfacet
   facet normal -0.142306 -0.481528 0.8648
      outer loop
         vertex 0.000514822 0.0012399 -0.000781019
         vertex 0.000566588 0.00137269 -0.000693296
         vertex 0.00048266 0.00142022 -0.000687938
      endloop
   endfacet
   facet normal -0.116076 -0.48805 0.865063
      outer loop
         vertex 0.00048266 0.00142022 -0.000687938
         vertex 0.000306684 0.00144931 -0.000678663
         vertex 0.000272062 0.0012881 -0.000773627
      endloop
   endfacet
   facet normal -0.142306 -0.481528 0.8648
      outer loop
         vertex 0.000514822 0.0012399 -0.000781019
         vertex 0.00055014 0.00123288 -0.000782094
         vertex 0.000566588 0.00137269 -0.000693296
      endloop
   endfacet
   facet normal -0.31709 -0.389079 0.864912
      outer loop
         vertex 0.000970083 0.000970738 -0.000797212
         vertex 0.00106542 0.0010533 -0.000726168
         vertex 0.00105924 0.00105917 -0.000725708
      endloop
   endfacet
   facet normal -0.320312 -0.386031 0.86509
      outer loop
         vertex 0.00105924 0.00105917 -0.000725708
         vertex 0.00095745 0.000986957 -0.000796644
         vertex 0.000970083 0.000970738 -0.000797212
      endloop
   endfacet
   facet normal -0.19494 -0.462727 0.864802
      outer loop
         vertex 0.000647862 0.00117388 -0.000785585
         vertex 0.00095745 0.000986957 -0.000796644
         vertex 0.000969938 0.00114421 -0.000719049
      endloop
   endfacet
   facet normal -0.311214 -0.393806 0.864906
      outer loop
         vertex 0.00095745 0.000986957 -0.000796644
         vertex 0.00105924 0.00105917 -0.000725708
         vertex 0.000969938 0.00114421 -0.000719049
      endloop
   endfacet
   facet normal -0.286881 -0.411554 0.865057
      outer loop
         vertex 0.000969938 0.00114421 -0.000719049
         vertex 0.000712412 0.00129008 -0.000702607
         vertex 0.000647862 0.00117388 -0.000785585
      endloop
   endfacet
   facet normal -0.333325 -0.374807 0.865109
      outer loop
         vertex 0.00109538 0.00102477 -0.000728402
         vertex 0.000974834 0.00096464 -0.000797426
         vertex 0.00121188 0.000660331 -0.000808082
      endloop
   endfacet
   facet normal -0.416422 -0.279526 0.865135
      outer loop
         vertex 0.00121188 0.000660331 -0.000808082
         vertex 0.00129763 0.00070829 -0.000747471
         vertex 0.00109538 0.00102477 -0.000728402
      endloop
   endfacet
   facet normal -0.443009 -0.235476 0.86504
      outer loop
         vertex 0.00128771 0.000534174 -0.000812248
         vertex 0.00136293 0.000293191 -0.000819427
         vertex 0.00143913 0.000312163 -0.000770158
      endloop
   endfacet
   facet normal -0.443009 -0.235476 0.86504
      outer loop
         vertex 0.00128771 0.000534174 -0.000812248
         vertex 0.00139009 0.000563595 -0.000756189
         vertex 0.00138412 0.000572941 -0.000755626
      endloop
   endfacet
   facet normal -0.444519 -0.232131 0.865169
      outer loop
         vertex 0.00138412 0.000572941 -0.000755626
         vertex 0.00127271 0.000582235 -0.000810816
         vertex 0.00128771 0.000534174 -0.000812248
      endloop
   endfacet
   facet normal -0.418007 -0.276775 0.865255
      outer loop
         vertex 0.00129763 0.00070829 -0.000747471
         vertex 0.00121188 0.000660331 -0.000808082
         vertex 0.00127271 0.000582235 -0.000810816
      endloop
   endfacet
   facet normal -0.434695 -0.250371 0.865075
      outer loop
         vertex 0.00127271 0.000582235 -0.000810816
         vertex 0.00138412 0.000572941 -0.000755626
         vertex 0.00129763 0.00070829 -0.000747471
      endloop
   endfacet
   facet normal -0.499328 -0.0510411 0.864908
      outer loop
         vertex 0.00141619 4.17179e-07 -0.00082806
         vertex 0.00141258 -0.000115313 -0.000831416
         vertex 0.00148434 -0.000119689 -0.000794149
      endloop
   endfacet
   facet normal -0.499422 -0.0480569 0.865025
      outer loop
         vertex 0.0015 3.67003e-16 -0.0007875
         vertex 0.00141966 0.000111456 -0.000824841
         vertex 0.00141619 4.17179e-07 -0.00082806
      endloop
   endfacet
   facet normal -0.4782 -0.151589 0.86507
      outer loop
         vertex 0.00143913 0.000312163 -0.000770158
         vertex 0.00136293 0.000293191 -0.000819427
         vertex 0.00141966 0.000111456 -0.000824841
      endloop
   endfacet
   facet normal -0.493882 -0.0893889 0.864922
      outer loop
         vertex 0.00141966 0.000111456 -0.000824841
         vertex 0.0015 3.67003e-16 -0.0007875
         vertex 0.00143913 0.000312163 -0.000770158
      endloop
   endfacet
   facet normal -0.501663 -0.00742623 0.865031
      outer loop
         vertex 0.00148434 -0.000119689 -0.000794149
         vertex 0.00141258 -0.000115313 -0.000831416
         vertex 0.0014097 -0.000207595 -0.000834092
      endloop
   endfacet
   facet normal -0.47923 0.148151 0.865095
      outer loop
         vertex 0.00132176 -0.000547617 -0.000843822
         vertex 0.00136394 -0.000563482 -0.000818995
         vertex 0.00144951 -0.000385917 -0.00080894
      endloop
   endfacet
   facet normal -0.47923 0.148151 0.865095
      outer loop
         vertex 0.00132176 -0.000547617 -0.000843822
         vertex 0.00130596 -0.000586243 -0.000844918
         vertex 0.00134532 -0.000602115 -0.000821183
      endloop
   endfacet
   facet normal -0.473777 0.16425 0.865192
      outer loop
         vertex 0.00134532 -0.000602115 -0.000821183
         vertex 0.00136394 -0.000563482 -0.000818995
         vertex 0.00132176 -0.000547617 -0.000843822
      endloop
   endfacet
   facet normal -0.501064 0.0251109 0.865046
      outer loop
         vertex 0.00147185 -0.000215124 -0.000799451
         vertex 0.0014097 -0.000207595 -0.000834092
         vertex 0.00140547 -0.000343018 -0.000838018
      endloop
   endfacet
   facet normal -0.49665 0.0713863 0.86501
      outer loop
         vertex 0.00140547 -0.000343018 -0.000838018
         vertex 0.00144951 -0.000385917 -0.00080894
         vertex 0.00147185 -0.000215124 -0.000799451
      endloop
   endfacet
   facet normal -0.412206 0.285766 0.865115
      outer loop
         vertex 0.00111996 -0.000937175 -0.000855607
         vertex 0.00113969 -0.000953014 -0.000842472
         vertex 0.001205 -0.000893295 -0.000837671
      endloop
   endfacet
   facet normal -0.473777 0.16425 0.865192
      outer loop
         vertex 0.00134532 -0.000602115 -0.000821183
         vertex 0.00130596 -0.000586243 -0.000844918
         vertex 0.0011925 -0.000863564 -0.000852784
      endloop
   endfacet
   facet normal -0.430781 0.256762 0.86516
      outer loop
         vertex 0.0011925 -0.000863564 -0.000852784
         vertex 0.001205 -0.000893295 -0.000837671
         vertex 0.00134532 -0.000602115 -0.000821183
      endloop
   endfacet
   facet normal -0.412206 0.285766 0.865115
      outer loop
         vertex 0.00111996 -0.000937175 -0.000855607
         vertex 0.00102909 -0.00102939 -0.000859144
         vertex 0.00104304 -0.0010414 -0.000849578
      endloop
   endfacet
   facet normal -0.317274 0.388667 0.865029
      outer loop
         vertex 0.000826176 -0.00123971 -0.00086552
         vertex 0.00104304 -0.0010414 -0.000849578
         vertex 0.00102909 -0.00102939 -0.000859144
      endloop
   endfacet
   facet normal -0.386916 0.319369 0.865043
      outer loop
         vertex 0.00102909 -0.00102939 -0.000859144
         vertex 0.000823987 -0.00123752 -0.000867125
         vertex 0.000826176 -0.00123971 -0.00086552
      endloop
   endfacet
   facet normal -0.301438 0.401081 0.865025
      outer loop
         vertex 0.000782242 -0.00127988 -0.00086875
         vertex 0.000826176 -0.00123971 -0.00086552
         vertex 0.000823987 -0.00123752 -0.000867125
      endloop
   endfacet
   facet normal -0.386796 0.319448 0.865067
      outer loop
         vertex 0.00104304 -0.0010414 -0.000849578
         vertex 0.00113969 -0.000953014 -0.000842472
         vertex 0.00111996 -0.000937175 -0.000855607
      endloop
   endfacet
   facet normal -0.427536 0.262051 0.865183
      outer loop
         vertex 0.001205 -0.000893295 -0.000837671
         vertex 0.0011925 -0.000863564 -0.000852784
         vertex 0.00111996 -0.000937175 -0.000855607
      endloop
   endfacet
   facet normal -0.494596 0.0836207 0.865091
      outer loop
         vertex 0.00144951 -0.000385917 -0.00080894
         vertex 0.00140547 -0.000343018 -0.000838018
         vertex 0.00132176 -0.000547617 -0.000843822
      endloop
   endfacet
   facet normal -0.501303 0.0231461 0.864962
      outer loop
         vertex 0.0014097 -0.000207595 -0.000834092
         vertex 0.00147185 -0.000215124 -0.000799451
         vertex 0.00148434 -0.000119689 -0.000794149
      endloop
   endfacet
   facet normal -0.501663 -0.00742623 0.865031
      outer loop
         vertex 0.00148434 -0.000119689 -0.000794149
         vertex 0.0015 3.67003e-16 -0.0007875
         vertex 0.00141619 4.17179e-07 -0.00082806
      endloop
   endfacet
   facet normal -0.4782 -0.151589 0.86507
      outer loop
         vertex 0.00143913 0.000312163 -0.000770158
         vertex 0.00139009 0.000563595 -0.000756189
         vertex 0.00128771 0.000534174 -0.000812248
      endloop
   endfacet
   facet normal -0.333325 -0.374807 0.865109
      outer loop
         vertex 0.00109538 0.00102477 -0.000728402
         vertex 0.00106542 0.0010533 -0.000726168
         vertex 0.000974834 0.00096464 -0.000797426
      endloop
   endfacet
   facet normal -0.31709 -0.389079 0.864912
      outer loop
         vertex 0.000970083 0.000970738 -0.000797212
         vertex 0.000974834 0.00096464 -0.000797426
         vertex 0.00106542 0.0010533 -0.000726168
      endloop
   endfacet
   facet normal -0.154974 -0.477595 0.864804
      outer loop
         vertex 0.00055014 0.00123288 -0.000782094
         vertex 0.000647862 0.00117388 -0.000785585
         vertex 0.000712412 0.00129008 -0.000702607
      endloop
   endfacet
   facet normal 0.011595 -0.501661 0.864987
      outer loop
         vertex 9.88801e-05 0.00132248 -0.000768355
         vertex 0.000272062 0.0012881 -0.000773627
         vertex 0.000306684 0.00144931 -0.000678663
      endloop
   endfacet
   facet normal 0.20666 -0.45771 0.864751
      outer loop
         vertex -0.000403878 0.00123572 -0.000753463
         vertex -9.7472e-05 0.0012886 -0.000762539
         vertex -0.000112435 0.00147847 -0.000656492
      endloop
   endfacet
   facet normal 0.241854 -0.440256 0.864686
      outer loop
         vertex -0.000488519 0.00118461 -0.000750248
         vertex -0.000447636 0.00120929 -0.000751801
         vertex -0.00057186 0.00138247 -0.000631722
      endloop
   endfacet
   facet normal 0.350681 -0.359683 0.864668
      outer loop
         vertex -0.000783098 0.00100673 -0.000739059
         vertex -0.000759609 0.00102092 -0.000739951
         vertex -0.000881351 0.0011826 -0.000611279
      endloop
   endfacet
   facet normal 0.450129 -0.222094 0.864904
      outer loop
         vertex -0.00106052 0.000664744 -0.000725207
         vertex -0.000882091 0.000884702 -0.000734116
         vertex -0.00113115 0.000985142 -0.000593776
      endloop
   endfacet
   facet normal 0.497643 -0.0690216 0.864632
      outer loop
         vertex -0.00118457 0.000303003 -0.000713413
         vertex -0.00112783 0.000468461 -0.000718808
         vertex -0.00140618 0.000522158 -0.000566509
      endloop
   endfacet
   facet normal 0.500254 -0.0470901 0.864597
      outer loop
         vertex -0.00120138 0.000254 -0.000711815
         vertex -0.00118457 0.000303003 -0.000713413
         vertex -0.0014337 0.000369008 -0.000558
      endloop
   endfacet
   facet normal 0.482961 0.139191 0.864508
      outer loop
         vertex -0.00118569 -0.00019452 -0.000696326
         vertex -0.00119122 -3.62977e-05 -0.00070179
         vertex -0.00149137 -4.42527e-05 -0.000535042
      endloop
   endfacet
   facet normal 0.439379 0.243672 0.864621
      outer loop
         vertex -0.00107575 -0.000445099 -0.000687374
         vertex -0.00110713 -0.000373572 -0.000689929
         vertex -0.00138412 -0.000572941 -0.000505626
      endloop
   endfacet
   facet normal 0.341576 0.368555 0.864577
      outer loop
         vertex -0.000892738 -0.000764335 -0.000669389
         vertex -0.000964338 -0.000666165 -0.000677266
         vertex -0.00121371 -0.000839602 -0.000489559
      endloop
   endfacet
   facet normal 0.182038 0.468697 0.864399
      outer loop
         vertex -0.000554259 -0.00103357 -0.000639058
         vertex -0.000817018 -0.000824565 -0.000662604
         vertex -0.000969938 -0.00114421 -0.000469049
      endloop
   endfacet
   facet normal 0.176685 0.470739 0.8644
      outer loop
         vertex -0.00054391 -0.0010418 -0.000638131
         vertex -0.000554259 -0.00103357 -0.000639058
         vertex -0.00069658 -0.00129905 -0.000451596
      endloop
   endfacet
   facet normal 0.00304381 0.502366 0.86465
      outer loop
         vertex -0.000138889 -0.001167 -0.000608821
         vertex -0.000224918 -0.00114041 -0.000615046
         vertex -0.000288795 -0.00145227 -0.000427721
      endloop
   endfacet
   facet normal -0.109533 0.490267 0.864662
      outer loop
         vertex 0.000126584 -0.0011684 -0.000591984
         vertex 0.000104467 -0.00116829 -0.000593387
         vertex 0.000129683 -0.00147516 -0.000405571
      endloop
   endfacet
   facet normal -0.248301 0.437225 0.864396
      outer loop
         vertex 0.000445831 -0.00107273 -0.000568988
         vertex 0.000418074 -0.00108105 -0.000570988
         vertex 0.000539022 -0.00139677 -0.000383699
      endloop
   endfacet
   facet normal -0.404135 0.29876 0.864533
      outer loop
         vertex 0.000841254 -0.000789452 -0.000534663
         vertex 0.000815758 -0.00081678 -0.000537197
         vertex 0.00106002 -0.00106006 -0.000349279
      endloop
   endfacet
   facet normal -0.452035 0.218777 0.864755
      outer loop
         vertex 0.000996486 -0.000623062 -0.000519231
         vertex 0.000841254 -0.000789452 -0.000534663
         vertex 0.00113115 -0.000985142 -0.000343776
      endloop
   endfacet
   facet normal -0.501237 0.0383737 0.864459
      outer loop
         vertex 0.00115096 -0.000228542 -0.000491207
         vertex 0.0010672 -0.000442469 -0.000506403
         vertex 0.00140618 -0.000522158 -0.000316509
      endloop
   endfacet
   facet normal -0.501566 0.0339362 0.864454
      outer loop
         vertex 0.00115461 -0.000219227 -0.000490545
         vertex 0.00115096 -0.000228542 -0.000491207
         vertex 0.00144818 -0.000288423 -0.000303523
      endloop
   endfacet
   facet normal -0.479427 -0.151234 0.864452
      outer loop
         vertex 0.00115509 0.000216688 -0.000459635
         vertex 0.00115496 0.000100889 -0.000467846
         vertex 0.00147561 0.00012508 -0.000280551
      endloop
   endfacet
   facet normal -0.439018 -0.244402 0.864599
      outer loop
         vertex 0.0010668 0.000442318 -0.000443605
         vertex 0.00107162 0.000430011 -0.000444479
         vertex 0.00138412 0.000572941 -0.000255626
      endloop
   endfacet
   facet normal -0.310046 -0.395689 0.864466
      outer loop
         vertex 0.000816524 0.000817567 -0.000412822
         vertex 0.000919475 0.000706622 -0.000423077
         vertex 0.00117188 0.000905064 -0.000235615
      endloop
   endfacet
   facet normal -0.146066 -0.479992 0.865027
      outer loop
         vertex 0.000566588 0.00137269 -0.000193296
         vertex 0.000500572 0.00141008 -0.000189082
         vertex 0.000387465 0.00109446 -0.000376657
      endloop
   endfacet
   facet normal -0.122754 -0.486423 0.865058
      outer loop
         vertex 0.000500572 0.00141008 -0.000189082
         vertex 0.00048266 0.00142022 -0.000187938
         vertex 0.000300303 0.00113623 -0.000369824
      endloop
   endfacet
   facet normal 0.0176761 -0.501059 0.865233
      outer loop
         vertex 7.35162e-05 0.00148785 -0.000166375
         vertex 0 0.0015 -0.0001625
         vertex -1.23492e-06 0.0011585 -0.000350159
      endloop
   endfacet
   facet normal 0.111087 -0.489924 0.864658
      outer loop
         vertex -0.000130111 0.00116802 -0.000341754
         vertex -5.28331e-05 0.00116231 -0.000346794
         vertex -6.4234e-05 0.0014877 -0.000159068
      endloop
   endfacet
   facet normal 0.202471 -0.458986 0.865065
      outer loop
         vertex -0.000471347 0.00140973 -0.000137315
         vertex -0.00055422 0.00139386 -0.000132887
         vertex -0.000444752 0.00107014 -0.000318962
      endloop
   endfacet
   facet normal 0.395225 -0.310559 0.864494
      outer loop
         vertex -0.000827051 0.000825906 -0.000286828
         vertex -0.000664545 0.000951993 -0.000301277
         vertex -0.000844462 0.00120642 -0.000113716
      endloop
   endfacet
   facet normal 0.481657 -0.142817 0.864644
      outer loop
         vertex -0.00107884 0.000456536 -0.000257478
         vertex -0.000906233 0.00072908 -0.000278371
         vertex -0.00116154 0.000933982 -9.0763e-05
      endloop
   endfacet
   facet normal 0.482958 -0.138439 0.864631
      outer loop
         vertex -0.00108389 0.00044855 -0.000256866
         vertex -0.00107884 0.000456536 -0.000257478
         vertex -0.00137191 0.000579858 -6.9907e-05
      endloop
   endfacet
   facet normal 0.501643 0.0341183 0.864402
      outer loop
         vertex -0.00117352 6.35702e-05 -0.000229508
         vertex -0.00115677 0.000139169 -0.000234868
         vertex -0.00146825 0.000176686 -4.73159e-05
      endloop
   endfacet
   facet normal 0.472046 0.172749 0.864483
      outer loop
         vertex -0.00114379 -0.000270051 -0.000205851
         vertex -0.0011509 -0.000190267 -0.000211509
         vertex -0.00145346 -0.00023866 -2.42411e-05
      endloop
   endfacet
   facet normal 0.379867 0.328633 0.864697
      outer loop
         vertex -0.000968121 -0.000666282 -0.000177495
         vertex -0.00103811 -0.000508419 -0.000188792
         vertex -0.00133452 -0.00065056 -9.49286e-07
      endloop
   endfacet
   facet normal 0.286881 0.411554 0.865057
      outer loop
         vertex -0.000969938 -0.00114421 3.09509e-05
         vertex -0.00096087 -0.00114935 3.15298e-05
         vertex -0.000742205 -0.000890327 -0.000155678
      endloop
   endfacet
   facet normal 0.228855 0.447693 0.864405
      outer loop
         vertex -0.000658205 -0.000973631 -0.000147567
         vertex -0.000742205 -0.000890327 -0.000155678
         vertex -0.00096087 -0.00114935 3.15298e-05
      endloop
   endfacet
   facet normal 0.146066 0.479992 0.865027
      outer loop
         vertex -0.000566588 -0.00137269 5.67035e-05
         vertex -0.00048266 -0.00142022 6.2062e-05
         vertex -0.00025507 -0.00114723 -0.000116656
      endloop
   endfacet
   facet normal 0.0119405 0.501311 0.865185
      outer loop
         vertex -0.000164339 -0.00147284 7.88387e-05
         vertex -5.97683e-17 -0.0015 8.75e-05
         vertex 6.79883e-07 -0.00115654 -0.000100089
      endloop
   endfacet
   facet normal -0.129011 0.485584 0.864618
      outer loop
         vertex 0.000170989 -0.00116274 -8.90566e-05
         vertex 0.000146906 -0.00116186 -9.06167e-05
         vertex 0.000182831 -0.00146498 9.72691e-05
      endloop
   endfacet
   facet normal -0.322734 0.385555 0.864401
      outer loop
         vertex 0.000639029 -0.000986323 -5.40609e-05
         vertex 0.000456322 -0.00106105 -6.79299e-05
         vertex 0.00058819 -0.00137192 0.000119357
      endloop
   endfacet
   facet normal -0.380638 0.326719 0.865083
      outer loop
         vertex 0.00104247 -0.00107854 0.000149363
         vertex 0.00106002 -0.00106006 0.000150721
         vertex 0.000829185 -0.000832852 -3.69427e-05
      endloop
   endfacet
   facet normal -0.478861 0.151808 0.864666
      outer loop
         vertex 0.0010737 -0.000477859 -8.88375e-06
         vertex 0.000961611 -0.000640596 -2.17466e-05
         vertex 0.00122892 -0.000820551 0.000165917
      endloop
   endfacet
   facet normal -0.501354 -0.0381526 0.864401
      outer loop
         vertex 0.00117399 -5.41853e-05 2.11579e-05
         vertex 0.00110177 -0.000359276 -4.75368e-07
         vertex 0.00141706 -0.000461646 0.000186853
      endloop
   endfacet
   facet normal -0.500687 -0.032291 0.865026
      outer loop
         vertex 0.00149176 -4.58666e-05 0.000209952
         vertex 0.0015 3.02742e-16 0.0002125
         vertex 0.00116644 -1.25216e-06 2.49112e-05
      endloop
   endfacet
   facet normal -0.453564 -0.216341 0.864567
      outer loop
         vertex 0.00111207 0.000380126 5.19538e-05
         vertex 0.00113048 0.000251003 4.2798e-05
         vertex 0.00143794 0.000318258 0.000230181
      endloop
   endfacet
   facet normal -0.346603 -0.363798 0.864591
      outer loop
         vertex 0.000902772 0.000752458 7.95737e-05
         vertex 0.00101186 0.000558394 6.51778e-05
         vertex 0.00129461 0.000713016 0.000252814
      endloop
   endfacet
   facet normal -0.286881 -0.411554 0.865057
      outer loop
         vertex 0.000969938 0.00114421 0.000280951
         vertex 0.000901357 0.00118306 0.000285329
         vertex 0.000698583 0.000920336 9.80643e-05
      endloop
   endfacet
   facet normal -0.185614 -0.467294 0.864398
      outer loop
         vertex 0.000563719 0.00103122 0.000110277
         vertex 0.000698583 0.000920336 9.80643e-05
         vertex 0.000901357 0.00118306 0.000285329
      endloop
   endfacet
   facet normal -0.00509193 -0.502358 0.864644
      outer loop
         vertex 0.000143883 0.0011664 0.000140851
         vertex 0.000405426 0.00108219 0.000121805
         vertex 0.00048266 0.00142022 0.000312062
      endloop
   endfacet
   facet normal 0.00990806 -0.501295 0.86522
      outer loop
         vertex 9.73469e-05 0.00148391 0.000332369
         vertex 0 0.0015 0.0003375
         vertex 9.82531e-07 0.00115817 0.000150131
      endloop
   endfacet
   facet normal 0.174764 -0.471224 0.864526
      outer loop
         vertex -0.000276907 0.00114215 0.000168177
         vertex -0.00025093 0.00114365 0.00016649
         vertex -0.00031564 0.00143955 0.000354365
      endloop
   endfacet
   facet normal 0.347174 -0.363661 0.864419
      outer loop
         vertex -0.000702635 0.000942069 0.000201414
         vertex -0.000554786 0.00101391 0.000189788
         vertex -0.00070576 0.00129599 0.000377123
      endloop
   endfacet
   facet normal 0.414567 -0.283999 0.864569
      outer loop
         vertex -0.000886448 0.000771622 0.000218744
         vertex -0.000834082 0.00082018 0.000213807
         vertex -0.00106847 0.00105115 0.000401375
      endloop
   endfacet
   facet normal 0.478705 -0.14945 0.865163
      outer loop
         vertex -0.0013781 0.000569438 0.000430707
         vertex -0.00140618 0.000522158 0.000433491
         vertex -0.00110361 0.000404012 0.000246353
      endloop
   endfacet
   facet normal 0.499008 0.0618471 0.864388
      outer loop
         vertex -0.00117072 -7.48231e-07 0.000275053
         vertex -0.00112066 0.000301208 0.000253642
         vertex -0.00143095 0.000384288 0.000441151
      endloop
   endfacet
   facet normal 0.497394 0.0735869 0.864398
      outer loop
         vertex -0.00117437 -2.89327e-05 0.000277052
         vertex -0.00149302 -3.57978e-05 0.000464489
         vertex -0.00141182 -0.000452167 0.00048762
      endloop
   endfacet
   facet normal 0.439446 0.243509 0.864633
      outer loop
         vertex -0.00108446 -0.000449462 0.00030687
         vertex -0.00110492 -0.000353759 0.000300084
         vertex -0.00141182 -0.000452167 0.00048762
      endloop
   endfacet
   facet normal 0.319958 0.387587 0.864525
      outer loop
         vertex -0.000849154 -0.000812483 0.000334994
         vertex -0.000961979 -0.000640701 0.000321664
         vertex -0.00122754 -0.00081796 0.000509137
      endloop
   endfacet
   facet normal 0.249222 0.435437 0.865033
      outer loop
         vertex -0.000856587 -0.00120842 0.000538188
         vertex -0.000666406 -0.000942791 0.000350836
         vertex -0.00075494 -0.000879662 0.000343162
      endloop
   endfacet
   facet normal 0.153241 0.478864 0.864411
      outer loop
         vertex -0.000491419 -0.00106757 0.000366006
         vertex -0.000666406 -0.000942791 0.000350836
         vertex -0.000856587 -0.00120842 0.000538188
      endloop
   endfacet
   facet normal -0.0279447 0.501458 0.864731
      outer loop
         vertex -6.27075e-05 -0.00117357 0.00039609
         vertex -0.00036751 -0.0010982 0.000374701
         vertex -0.000474142 -0.00142163 0.000562511
      endloop
   endfacet
   facet normal -0.0257464 0.500685 0.865246
      outer loop
         vertex -4.87528e-05 -0.00149194 0.000584931
         vertex 1.83697e-19 -0.0015 0.0005875
         vertex -1.20644e-06 -0.00116574 0.000400161
      endloop
   endfacet
   facet normal -0.207633 0.457794 0.864473
      outer loop
         vertex 0.000354533 -0.00112049 0.000423712
         vertex 0.000256461 -0.00113297 0.00041722
         vertex 0.000324647 -0.00143782 0.000604847
      endloop
   endfacet
   facet normal -0.372777 0.337273 0.864456
      outer loop
         vertex 0.00077084 -0.000887128 0.00045755
         vertex 0.000559284 -0.00100966 0.000440215
         vertex 0.00071371 -0.00129086 0.000627648
      endloop
   endfacet
   facet normal -0.406515 0.293761 0.86513
      outer loop
         vertex 0.00113115 -0.000985142 0.000656224
         vertex 0.000936581 -0.000709934 0.00047401
         vertex 0.000837607 -0.000815747 0.000464181
      endloop
   endfacet
   facet normal -0.4956 0.0835286 0.864525
      outer loop
         vertex 0.00112806 -0.000329654 0.000501625
         vertex 0.00107127 -0.00044244 0.000493435
         vertex 0.00140618 -0.000522158 0.000683491
      endloop
   endfacet
   facet normal -0.495764 0.0825653 0.864523
      outer loop
         vertex 0.00112827 -0.000327493 0.000501778
         vertex 0.00142538 -0.00041532 0.000689427
         vertex 0.0015 2.90511e-18 0.0007125
      endloop
   endfacet
   facet normal -0.491612 -0.105418 0.86441
      outer loop
         vertex 0.00117054 0.000105062 0.00053245
         vertex 0.00116072 4.6046e-06 0.000525327
         vertex 0.00149923 3.92787e-06 0.000712718
      endloop
   endfacet
   facet normal -0.466068 -0.185404 0.865105
      outer loop
         vertex 0.0014181 0.000419969 0.000735832
         vertex 0.00139009 0.000563595 0.000743811
         vertex 0.00107306 0.000446108 0.000556632
      endloop
   endfacet
   facet normal -0.291378 -0.409621 0.86447
      outer loop
         vertex 0.00079048 0.000869674 0.000590625
         vertex 0.000823959 0.000825648 0.000586991
         vertex 0.00105565 0.0010538 0.000774316
      endloop
   endfacet
   facet normal -0.2868 -0.412855 0.864463
      outer loop
         vertex 0.000779762 0.000876237 0.000591516
         vertex 0.000985322 0.00110521 0.000779127
         vertex 0.000657045 0.00134514 0.000801586
      endloop
   endfacet
   facet normal -0.176283 -0.469732 0.86503
      outer loop
         vertex 0.000657045 0.00134514 0.000801586
         vertex 0.000643832 0.0013548 0.00080249
         vertex 0.000446434 0.00108037 0.000619222
      endloop
   endfacet
   facet normal -0.0346262 -0.500313 0.865152
      outer loop
         vertex 0.000232312 0.00146287 0.000825292
         vertex 0.00010492 0.00149633 0.00083235
         vertex -6.2427e-07 0.00117164 0.000649923
      endloop
   endfacet
   facet normal 0.193047 -0.463013 0.865073
      outer loop
         vertex -0.000445337 0.00143237 0.000860805
         vertex -0.000449493 0.00108459 0.000680816
         vertex -0.000133769 0.00115115 0.000659069
      endloop
   endfacet
   facet normal 0.425249 -0.265588 -0.865232
      outer loop
         vertex -0.00131706 0.000672181 0.000487156
         vertex -0.00103337 0.000526762 0.000674571
         vertex -0.00105671 0.000490962 0.00067735
      endloop
   endfacet
   facet normal 0.346804 -0.362322 -0.86513
      outer loop
         vertex -0.00113115 0.000985142 0.000468724
         vertex -0.000852635 0.000803931 0.000653055
         vertex -0.00103337 0.000526762 0.000674571
      endloop
   endfacet
   facet normal 0.419622 -0.275957 -0.864734
      outer loop
         vertex -0.00103337 0.000526762 0.000674571
         vertex -0.00131706 0.000672181 0.000487156
         vertex -0.00113115 0.000985142 0.000468724
      endloop
   endfacet
   facet normal 0.313585 -0.391529 -0.865083
      outer loop
         vertex -0.00104247 0.00107854 0.000461863
         vertex -0.000776789 0.00125012 0.000444314
         vertex -0.000609712 0.000982488 0.000631775
      endloop
   endfacet
   facet normal 0.311132 -0.39476 -0.864501
      outer loop
         vertex -0.000829302 0.00082857 0.000650716
         vertex -0.00106002 0.00106006 0.000463221
         vertex -0.00104247 0.00107854 0.000461863
      endloop
   endfacet
   facet normal 0.32032 -0.386022 -0.865091
      outer loop
         vertex -0.00106002 0.00106006 0.000463221
         vertex -0.000829302 0.00082857 0.000650716
         vertex -0.000842685 0.00081919 0.000651871
      endloop
   endfacet
   facet normal 0.316779 -0.390205 -0.864518
      outer loop
         vertex -0.000842685 0.00081919 0.000651871
         vertex -0.00109091 0.00102753 0.00046561
         vertex -0.00106002 0.00106006 0.000463221
      endloop
   endfacet
   facet normal 0.21151 -0.456156 -0.864399
      outer loop
         vertex -0.000609712 0.000982488 0.000631775
         vertex -0.000829302 0.00082857 0.000650716
         vertex -0.00104247 0.00107854 0.000461863
      endloop
   endfacet
   facet normal 0.222935 -0.449478 -0.865026
      outer loop
         vertex -0.000776789 0.00125012 0.000444314
         vertex -0.00057186 0.00138247 0.000430778
         vertex -0.000482617 0.00107157 0.000620812
      endloop
   endfacet
   facet normal 0.134939 -0.484338 -0.864412
      outer loop
         vertex -0.000448311 0.00107982 0.000618413
         vertex -0.000482617 0.00107157 0.000620812
         vertex -0.00057186 0.00138247 0.000430778
      endloop
   endfacet
   facet normal 0.134939 -0.484338 -0.864412
      outer loop
         vertex -0.000448311 0.00107982 0.000618413
         vertex -0.00055422 0.00139386 0.000429613
         vertex -0.000397378 0.0014239 0.000421233
      endloop
   endfacet
   facet normal 0.0888489 -0.49369 -0.865087
      outer loop
         vertex -0.000397378 0.0014239 0.000421233
         vertex -0.000309907 0.00111309 0.000608734
         vertex -0.000448311 0.00107982 0.000618413
      endloop
   endfacet
   facet normal 0.146761 -0.479761 -0.865038
      outer loop
         vertex -0.00057186 0.00138247 0.000430778
         vertex -0.00055422 0.00139386 0.000429613
         vertex -0.000448311 0.00107982 0.000618413
      endloop
   endfacet
   facet normal 0.0888489 -0.49369 -0.865087
      outer loop
         vertex -0.000397378 0.0014239 0.000421233
         vertex -9.18485e-20 0.0015 0.0004
         vertex -5.71053e-05 0.00117385 0.000591056
      endloop
   endfacet
   facet normal -0.030205 -0.501316 -0.864737
      outer loop
         vertex -5.71053e-05 0.00117385 0.000591056
         vertex -9.18485e-20 0.0015 0.0004
         vertex 6.20128e-06 0.00149898 0.000399673
      endloop
   endfacet
   facet normal -0.043853 -0.499383 -0.865271
      outer loop
         vertex 6.20128e-06 0.00149898 0.000399673
         vertex 3.61028e-06 0.0011654 0.000587014
         vertex -1.27324e-06 0.00116608 0.000587339
      endloop
   endfacet
   facet normal -0.043853 -0.499383 -0.865271
      outer loop
         vertex 6.20128e-06 0.00149898 0.000399673
         vertex -1.27324e-06 0.00116608 0.000587339
         vertex -5.71053e-05 0.00117385 0.000591056
      endloop
   endfacet
   facet normal -0.0694201 -0.496546 -0.86523
      outer loop
         vertex 7.8171e-05 0.00148708 0.00039588
         vertex 6.0391e-05 0.0011575 0.000583234
         vertex 3.61028e-06 0.0011654 0.000587014
      endloop
   endfacet
   facet normal -0.0694201 -0.496546 -0.86523
      outer loop
         vertex 7.8171e-05 0.00148708 0.00039588
         vertex 0.00048266 0.00142022 0.000374562
         vertex 0.000375528 0.00111363 0.000562255
      endloop
   endfacet
   facet normal -0.216422 -0.453729 -0.86446
      outer loop
         vertex 0.000375528 0.00111363 0.000562255
         vertex 0.00048266 0.00142022 0.000374562
         vertex 0.000503804 0.00140825 0.000373212
      endloop
   endfacet
   facet normal -0.212985 -0.454218 -0.865057
      outer loop
         vertex 0.000503804 0.00140825 0.000373212
         vertex 0.000394618 0.00110308 0.000560709
         vertex 0.000375528 0.00111363 0.000562255
      endloop
   endfacet
   facet normal -0.235023 -0.443274 -0.865027
      outer loop
         vertex 0.000566588 0.00137269 0.000369204
         vertex 0.000444177 0.0010757 0.000556695
         vertex 0.000394618 0.00110308 0.000560709
      endloop
   endfacet
   facet normal -0.235023 -0.443274 -0.865027
      outer loop
         vertex 0.000566588 0.00137269 0.000369204
         vertex 0.00082555 0.001226 0.00035267
         vertex 0.000648316 0.000962905 0.00054016
      endloop
   endfacet
   facet normal -0.329042 -0.380179 -0.864405
      outer loop
         vertex 0.000648316 0.000962905 0.00054016
         vertex 0.000444177 0.0010757 0.000556695
         vertex 0.000566588 0.00137269 0.000369204
      endloop
   endfacet
   facet normal -0.318282 -0.387841 -0.865029
      outer loop
         vertex 0.00082555 0.001226 0.00035267
         vertex 0.000969938 0.00114421 0.000343451
         vertex 0.000742933 0.000910626 0.000532497
      endloop
   endfacet
   facet normal -0.394992 -0.310913 -0.864474
      outer loop
         vertex 0.000818776 0.000820692 0.00052465
         vertex 0.00109538 0.00102477 0.000334098
         vertex 0.00113845 0.000957363 0.000330036
      endloop
   endfacet
   facet normal -0.394992 -0.310913 -0.864474
      outer loop
         vertex 0.000818776 0.000820692 0.00052465
         vertex 0.00105924 0.00105917 0.000336792
         vertex 0.00109538 0.00102477 0.000334098
      endloop
   endfacet
   facet normal -0.386052 -0.320287 -0.86509
      outer loop
         vertex 0.00105924 0.00105917 0.000336792
         vertex 0.000818776 0.000820692 0.00052465
         vertex 0.000742933 0.000910626 0.000532497
      endloop
   endfacet
   facet normal -0.36238 -0.348463 -0.864439
      outer loop
         vertex 0.000742933 0.000910626 0.000532497
         vertex 0.000969938 0.00114421 0.000343451
         vertex 0.00105924 0.00105917 0.000336792
      endloop
   endfacet
   facet normal -0.411666 -0.286462 -0.865142
      outer loop
         vertex 0.00113845 0.000957363 0.000330036
         vertex 0.000884847 0.000742346 0.000517814
         vertex 0.000818776 0.000820692 0.00052465
      endloop
   endfacet
   facet normal -0.411666 -0.286462 -0.865142
      outer loop
         vertex 0.00113845 0.000957363 0.000330036
         vertex 0.0013591 0.000612101 0.000309233
         vertex 0.00102296 0.000578577 0.000503525
      endloop
   endfacet
   facet normal -0.473297 -0.165618 -0.865194
      outer loop
         vertex 0.0013591 0.000612101 0.000309233
         vertex 0.00105654 0.000478712 0.000496444
         vertex 0.00102296 0.000578577 0.000503525
      endloop
   endfacet
   facet normal -0.485457 -0.129512 -0.864615
      outer loop
         vertex 0.00107505 0.000423666 0.000492541
         vertex 0.00138412 0.000572941 0.000306874
         vertex 0.00139009 0.000563595 0.000306311
      endloop
   endfacet
   facet normal -0.483021 -0.138394 -0.864603
      outer loop
         vertex 0.00106826 0.000443852 0.000493972
         vertex 0.00105654 0.000478712 0.000496444
         vertex 0.0013591 0.000612101 0.000309233
      endloop
   endfacet
   facet normal -0.478535 -0.149955 -0.865169
      outer loop
         vertex 0.00138412 0.000572941 0.000306874
         vertex 0.00107505 0.000423666 0.000492541
         vertex 0.00106826 0.000443852 0.000493972
      endloop
   endfacet
   facet normal -0.473297 -0.165618 -0.865194
      outer loop
         vertex 0.0013591 0.000612101 0.000309233
         vertex 0.00138412 0.000572941 0.000306874
         vertex 0.00106826 0.000443852 0.000493972
      endloop
   endfacet
   facet normal -0.48124 -0.141098 -0.865159
      outer loop
         vertex 0.0013931 0.00054817 0.000305454
         vertex 0.00147555 0.000125371 0.000281965
         vertex 0.00116469 0.000157089 0.000473639
      endloop
   endfacet
   facet normal -0.501694 0.00473656 -0.865032
      outer loop
         vertex 0.00147555 0.000125371 0.000281965
         vertex 0.00116657 0.000100961 0.000469659
         vertex 0.00116469 0.000157089 0.000473639
      endloop
   endfacet
   facet normal -0.499036 0.0616443 -0.864386
      outer loop
         vertex 0.00116994 -1.76499e-07 0.000462487
         vertex 0.00116657 0.000100961 0.000469659
         vertex 0.00147555 0.000125371 0.000281965
      endloop
   endfacet
   facet normal -0.499422 0.0480569 -0.865025
      outer loop
         vertex 0.0015 1.74307e-19 0.000275
         vertex 0.00117258 -7.90999e-05 0.000456891
         vertex 0.00116994 -1.76499e-07 0.000462487
      endloop
   endfacet
   facet normal -0.484463 0.130304 -0.865053
      outer loop
         vertex 0.00145564 -0.000246901 0.000261283
         vertex 0.00114344 -0.000192822 0.000448828
         vertex 0.00117258 -7.90999e-05 0.000456891
      endloop
   endfacet
   facet normal -0.493817 0.0946047 -0.864405
      outer loop
         vertex 0.00117258 -7.90999e-05 0.000456891
         vertex 0.0015 1.74307e-19 0.000275
         vertex 0.00145564 -0.000246901 0.000261283
      endloop
   endfacet
   facet normal -0.452567 0.216115 -0.865146
      outer loop
         vertex 0.00140618 -0.000522158 0.000245991
         vertex 0.00107813 -0.000447782 0.000430749
         vertex 0.00114344 -0.000192822 0.000448828
      endloop
   endfacet
   facet normal -0.439138 0.244103 -0.864622
      outer loop
         vertex 0.00107813 -0.000447782 0.000430749
         vertex 0.00140618 -0.000522158 0.000245991
         vertex 0.0013781 -0.000569438 0.000243207
      endloop
   endfacet
   facet normal -0.444574 0.232049 -0.865163
      outer loop
         vertex 0.0013781 -0.000569438 0.000243207
         vertex 0.00106617 -0.00049443 0.000427441
         vertex 0.00107813 -0.000447782 0.000430749
      endloop
   endfacet
   facet normal -0.431996 0.254539 -0.865211
      outer loop
         vertex 0.00133766 -0.000637515 0.000239197
         vertex 0.00105989 -0.000506555 0.000426581
         vertex 0.00106617 -0.00049443 0.000427441
      endloop
   endfacet
   facet normal -0.429496 0.260488 -0.864685
      outer loop
         vertex 0.00106617 -0.00049443 0.000427441
         vertex 0.0013781 -0.000569438 0.000243207
         vertex 0.00133766 -0.000637515 0.000239197
      endloop
   endfacet
   facet normal -0.346804 0.362322 -0.86513
      outer loop
         vertex 0.00113115 -0.000985142 0.000218724
         vertex 0.000864612 -0.000764377 0.00040516
         vertex 0.00101833 -0.000586687 0.0004209
      endloop
   endfacet
   facet normal -0.406105 0.29529 -0.864802
      outer loop
         vertex 0.00101833 -0.000586687 0.0004209
         vertex 0.00133766 -0.000637515 0.000239197
         vertex 0.00113115 -0.000985142 0.000218724
      endloop
   endfacet
   facet normal -0.346804 0.362322 -0.86513
      outer loop
         vertex 0.00113115 -0.000985142 0.000218724
         vertex 0.00112365 -0.000993035 0.000218144
         vertex 0.000864612 -0.000764377 0.00040516
      endloop
   endfacet
   facet normal -0.344088 0.364912 -0.865126
      outer loop
         vertex 0.00112365 -0.000993035 0.000218144
         vertex 0.00108634 -0.00103234 0.000215257
         vertex 0.000836836 -0.000796486 0.000402316
      endloop
   endfacet
   facet normal -0.309907 0.395791 -0.864469
      outer loop
         vertex 0.000817261 -0.000819115 0.000400312
         vertex 0.00106002 -0.00106006 0.000213221
         vertex 0.00104247 -0.00107854 0.000211863
      endloop
   endfacet
   facet normal -0.33031 0.377476 -0.865105
      outer loop
         vertex 0.00108634 -0.00103234 0.000215257
         vertex 0.00106002 -0.00106006 0.000213221
         vertex 0.000817261 -0.000819115 0.000400312
      endloop
   endfacet
   facet normal -0.309907 0.395791 -0.864469
      outer loop
         vertex 0.000817261 -0.000819115 0.000400312
         vertex 0.000836836 -0.000796486 0.000402316
         vertex 0.00108634 -0.00103234 0.000215257
      endloop
   endfacet
   facet normal -0.20871 0.456259 -0.865025
      outer loop
         vertex 0.000737298 -0.00127563 0.000191706
         vertex 0.000581154 -0.00100255 0.00037931
         vertex 0.000727157 -0.000923273 0.000391086
      endloop
   endfacet
   facet normal -0.261137 0.429613 -0.86443
      outer loop
         vertex 0.000727157 -0.000923273 0.000391086
         vertex 0.00104247 -0.00107854 0.000211863
         vertex 0.000737298 -0.00127563 0.000191706
      endloop
   endfacet
   facet normal -0.20871 0.456259 -0.865025
      outer loop
         vertex 0.000737298 -0.00127563 0.000191706
         vertex 0.00057186 -0.00138247 0.000180778
         vertex 0.000444768 -0.00107661 0.000368309
      endloop
   endfacet
   facet normal -0.146761 0.479761 -0.865038
      outer loop
         vertex 0.00057186 -0.00138247 0.000180778
         vertex 0.000378358 -0.00111267 0.000362952
         vertex 0.000444768 -0.00107661 0.000368309
      endloop
   endfacet
   facet normal -0.13389 0.484644 -0.864404
      outer loop
         vertex 0.000444768 -0.00107661 0.000368309
         vertex 0.000581154 -0.00100255 0.00037931
         vertex 0.000737298 -0.00127563 0.000191706
      endloop
   endfacet
   facet normal -0.0816355 0.494921 -0.865095
      outer loop
         vertex 0.000375405 -0.0014281 0.000170059
         vertex 0.000295795 -0.00112442 0.00035745
         vertex 0.000378358 -0.00111267 0.000362952
      endloop
   endfacet
   facet normal -0.103755 0.49188 -0.864459
      outer loop
         vertex 0.000378358 -0.00111267 0.000362952
         vertex 0.00055422 -0.00139386 0.000179613
         vertex 0.000375405 -0.0014281 0.000170059
      endloop
   endfacet
   facet normal -0.0816355 0.494921 -0.865095
      outer loop
         vertex 0.000375405 -0.0014281 0.000170059
         vertex 2.75546e-19 -0.0015 0.00015
         vertex -1.21284e-06 -0.00116671 0.000337654
      endloop
   endfacet
   facet normal 0.0416305 0.499567 -0.865275
      outer loop
         vertex 2.75546e-19 -0.0015 0.00015
         vertex -2.68976e-05 -0.00149555 0.000148582
         vertex -2.23827e-05 -0.00116972 0.000336243
      endloop
   endfacet
   facet normal 0.062835 0.498208 -0.864778
      outer loop
         vertex -2.23827e-05 -0.00116972 0.000336243
         vertex -1.21284e-06 -0.00116671 0.000337654
         vertex 2.75546e-19 -0.0015 0.00015
      endloop
   endfacet
   facet normal 0.194898 0.46224 -0.865072
      outer loop
         vertex -0.00045011 -0.0014256 0.000126278
         vertex -0.000348818 -0.00110242 0.000313498
         vertex -5.28031e-05 -0.00117405 0.000334215
      endloop
   endfacet
   facet normal 0.0768022 0.496309 -0.864742
      outer loop
         vertex -5.28031e-05 -0.00117405 0.000334215
         vertex -2.68976e-05 -0.00149555 0.000148582
         vertex -0.00045011 -0.0014256 0.000126278
      endloop
   endfacet
   facet normal 0.212192 0.455711 -0.864466
      outer loop
         vertex -0.000361138 -0.00109944 0.000312636
         vertex -0.000348818 -0.00110242 0.000313498
         vertex -0.00045011 -0.0014256 0.000126278
      endloop
   endfacet
   facet normal 0.247929 0.437411 -0.864409
      outer loop
         vertex -0.000447963 -0.00107842 0.000306559
         vertex -0.000361138 -0.00109944 0.000312636
         vertex -0.000465944 -0.00142299 0.000125443
      endloop
   endfacet
   facet normal 0.247929 0.437411 -0.864409
      outer loop
         vertex -0.000447963 -0.00107842 0.000306559
         vertex -0.00048266 -0.00142022 0.000124562
         vertex -0.000566588 -0.00137269 0.000119204
      endloop
   endfacet
   facet normal 0.235023 0.443274 -0.865027
      outer loop
         vertex -0.000566588 -0.00137269 0.000119204
         vertex -0.000489846 -0.00106829 0.000303628
         vertex -0.000447963 -0.00107842 0.000306559
      endloop
   endfacet
   facet normal 0.321482 0.38519 -0.865031
      outer loop
         vertex -0.000836402 -0.00121985 0.000101977
         vertex -0.000659765 -0.000964092 0.000289499
         vertex -0.000489846 -0.00106829 0.000303628
      endloop
   endfacet
   facet normal 0.263485 0.428216 -0.864411
      outer loop
         vertex -0.000489846 -0.00106829 0.000303628
         vertex -0.000566588 -0.00137269 0.000119204
         vertex -0.000836402 -0.00121985 0.000101977
      endloop
   endfacet
   facet normal 0.321482 0.38519 -0.865031
      outer loop
         vertex -0.000836402 -0.00121985 0.000101977
         vertex -0.000969938 -0.00114421 9.34509e-05
         vertex -0.000730019 -0.000921012 0.000283658
      endloop
   endfacet
   facet normal 0.395087 0.310794 -0.864473
      outer loop
         vertex -0.000818759 -0.000820223 0.000274635
         vertex -0.00109538 -0.00102477 8.40976e-05
         vertex -0.00114581 -0.000945858 7.93432e-05
      endloop
   endfacet
   facet normal 0.395087 0.310794 -0.864473
      outer loop
         vertex -0.000818759 -0.000820223 0.000274635
         vertex -0.00105924 -0.00105917 8.67919e-05
         vertex -0.00109538 -0.00102477 8.40976e-05
      endloop
   endfacet
   facet normal 0.395087 0.310794 -0.864473
      outer loop
         vertex -0.000818759 -0.000820223 0.000274635
         vertex -0.000730019 -0.000921012 0.000283658
         vertex -0.000969938 -0.00114421 9.34509e-05
      endloop
   endfacet
   facet normal 0.359021 0.350401 -0.865057
      outer loop
         vertex -0.000969938 -0.00114421 9.34509e-05
         vertex -0.00105924 -0.00105917 8.67919e-05
         vertex -0.000818759 -0.000820223 0.000274635
      endloop
   endfacet
   facet normal 0.414183 0.282794 -0.865148
      outer loop
         vertex -0.00114581 -0.000945858 7.93432e-05
         vertex -0.000893646 -0.000735168 0.000267021
         vertex -0.000818759 -0.000820223 0.000274635
      endloop
   endfacet
   facet normal 0.414183 0.282794 -0.865148
      outer loop
         vertex -0.00114581 -0.000945858 7.93432e-05
         vertex -0.0011697 -0.000908475 7.70907e-05
         vertex -0.000916714 -0.000708967 0.000264676
      endloop
   endfacet
   facet normal 0.484288 0.133755 -0.864624
      outer loop
         vertex -0.00107107 -0.000432057 0.000243145
         vertex -0.00138412 -0.000572941 5.68739e-05
         vertex -0.00139009 -0.000563595 5.63109e-05
      endloop
   endfacet
   facet normal 0.478535 0.149955 -0.865169
      outer loop
         vertex -0.00138412 -0.000572941 5.68739e-05
         vertex -0.00106708 -0.000442813 0.000243908
         vertex -0.00100604 -0.000607511 0.000255593
      endloop
   endfacet
   facet normal 0.478535 0.149955 -0.865169
      outer loop
         vertex -0.00138412 -0.000572941 5.68739e-05
         vertex -0.00107107 -0.000432057 0.000243145
         vertex -0.00106708 -0.000442813 0.000243908
      endloop
   endfacet
   facet normal 0.455155 0.212124 -0.864776
      outer loop
         vertex -0.00100604 -0.000607511 0.000255593
         vertex -0.0011697 -0.000908475 7.70907e-05
         vertex -0.00138412 -0.000572941 5.68739e-05
      endloop
   endfacet
   facet normal 0.479641 0.146399 -0.865166
      outer loop
         vertex -0.00139009 -0.000563595 5.63109e-05
         vertex -0.00139074 -0.0005603 5.61278e-05
         vertex -0.00107107 -0.000432057 0.000243145
      endloop
   endfacet
   facet normal 0.479988 0.145267 -0.865164
      outer loop
         vertex -0.00139074 -0.0005603 5.61278e-05
         vertex -0.00146712 -0.000168595 3.43664e-05
         vertex -0.00115898 -0.000194846 0.000226316
      endloop
   endfacet
   facet normal 0.501603 0.010196 -0.865038
      outer loop
         vertex -0.00146712 -0.000168595 3.43664e-05
         vertex -0.00115769 -0.000135786 0.000222128
         vertex -0.00115898 -0.000194846 0.000226316
      endloop
   endfacet
   facet normal 0.499025 -0.0621845 -0.864354
      outer loop
         vertex -0.00115474 -4.46244e-07 0.000212532
         vertex -0.00115769 -0.000135786 0.000222128
         vertex -0.00146712 -0.000168595 3.43664e-05
      endloop
   endfacet
   facet normal 0.499422 -0.0480569 -0.865025
      outer loop
         vertex -0.0015 -6.39124e-19 2.5e-05
         vertex -0.00145427 0.000254512 1.08604e-05
         vertex -0.00115031 0.000202514 0.00019814
      endloop
   endfacet
   facet normal 0.481198 -0.145541 -0.864445
      outer loop
         vertex -0.00115031 0.000202514 0.00019814
         vertex -0.00115474 -4.46244e-07 0.000212532
         vertex -0.0015 -6.39124e-19 2.5e-05
      endloop
   endfacet
   facet normal 0.444574 -0.232049 -0.865163
      outer loop
         vertex -0.0013781 0.000569438 -6.79334e-06
         vertex -0.0013332 0.000645013 -1.12442e-05
         vertex -0.0010399 0.000505657 0.000176542
      endloop
   endfacet
   facet normal 0.452567 -0.216115 -0.865146
      outer loop
         vertex -0.00140618 0.000522158 -4.00875e-06
         vertex -0.00106676 0.00044175 0.000181099
         vertex -0.00114938 0.000245172 0.000195115
      endloop
   endfacet
   facet normal 0.475613 -0.162749 -0.864468
      outer loop
         vertex -0.00114938 0.000245172 0.000195115
         vertex -0.00145427 0.000254512 1.08604e-05
         vertex -0.00140618 0.000522158 -4.00875e-06
      endloop
   endfacet
   facet normal 0.452567 -0.216115 -0.865146
      outer loop
         vertex -0.00140618 0.000522158 -4.00875e-06
         vertex -0.0013781 0.000569438 -6.79334e-06
         vertex -0.00106676 0.00044175 0.000181099
      endloop
   endfacet
   facet normal 0.425092 -0.267543 -0.864707
      outer loop
         vertex -0.0010399 0.000505657 0.000176542
         vertex -0.00106676 0.00044175 0.000181099
         vertex -0.0013781 0.000569438 -6.79334e-06
      endloop
   endfacet
   facet normal 0.430558 -0.256948 -0.865215
      outer loop
         vertex -0.0013332 0.000645013 -1.12442e-05
         vertex -0.00130157 0.000698255 -1.43799e-05
         vertex -0.00102111 0.000550349 0.000173355
      endloop
   endfacet
   facet normal 0.346804 -0.362322 -0.86513
      outer loop
         vertex -0.00113115 0.000985142 -3.1276e-05
         vertex -0.000821752 0.000809255 0.000150937
         vertex -0.000979406 0.00064958 0.00016628
      endloop
   endfacet
   facet normal 0.385711 -0.321694 -0.864719
      outer loop
         vertex -0.000979406 0.00064958 0.00016628
         vertex -0.00130157 0.000698255 -1.43799e-05
         vertex -0.00113115 0.000985142 -3.1276e-05
      endloop
   endfacet
   facet normal 0.346804 -0.362322 -0.86513
      outer loop
         vertex -0.00113115 0.000985142 -3.1276e-05
         vertex -0.00106789 0.00105177 -3.61706e-05
         vertex -0.000821752 0.000809255 0.000150937
      endloop
   endfacet
   facet normal 0.313585 -0.391529 -0.865083
      outer loop
         vertex -0.00104247 0.00107854 -3.8137e-05
         vertex -0.000754616 0.00126444 -5.71502e-05
         vertex -0.000662003 0.000971052 0.000135391
      endloop
   endfacet
   facet normal 0.310174 -0.395597 -0.864463
      outer loop
         vertex -0.000815446 0.000815642 0.000150324
         vertex -0.00106002 0.00106006 -3.67789e-05
         vertex -0.00104247 0.00107854 -3.8137e-05
      endloop
   endfacet
   facet normal 0.310174 -0.395597 -0.864463
      outer loop
         vertex -0.000815446 0.000815642 0.000150324
         vertex -0.000821752 0.000809255 0.000150937
         vertex -0.00106789 0.00105177 -3.61706e-05
      endloop
   endfacet
   facet normal 0.323345 -0.383481 -0.865096
      outer loop
         vertex -0.00106789 0.00105177 -3.61706e-05
         vertex -0.00106002 0.00106006 -3.67789e-05
         vertex -0.000815446 0.000815642 0.000150324
      endloop
   endfacet
   facet normal 0.214971 -0.453342 -0.865025
      outer loop
         vertex -0.000754616 0.00126444 -5.71502e-05
         vertex -0.000598628 0.000999081 0.000130506
         vertex -0.000662003 0.000971052 0.000135391
      endloop
   endfacet
   facet normal 0.140343 -0.481663 -0.865046
      outer loop
         vertex -0.00055422 0.00139386 -7.03867e-05
         vertex -0.000372758 0.00142861 -8.00826e-05
         vertex -0.000293941 0.00113384 0.000107018
      endloop
   endfacet
   facet normal 0.133718 -0.484724 -0.864385
      outer loop
         vertex -0.000442032 0.00106834 0.000118434
         vertex -0.00057186 0.00138247 -6.92215e-05
         vertex -0.00055422 0.00139386 -7.03867e-05
      endloop
   endfacet
   facet normal 0.133718 -0.484724 -0.864385
      outer loop
         vertex -0.000442032 0.00106834 0.000118434
         vertex -0.000598628 0.000999081 0.000130506
         vertex -0.000754616 0.00126444 -5.71502e-05
      endloop
   endfacet
   facet normal 0.214971 -0.453342 -0.865025
      outer loop
         vertex -0.000754616 0.00126444 -5.71502e-05
         vertex -0.00057186 0.00138247 -6.92215e-05
         vertex -0.000442032 0.00106834 0.000118434
      endloop
   endfacet
   facet normal -0.0416305 -0.499567 -0.865275
      outer loop
         vertex -9.18485e-20 0.0015 -0.0001
         vertex 9.06515e-07 0.00115603 8.76142e-05
         vertex -0.000273029 0.00114309 0.000105406
      endloop
   endfacet
   facet normal -0.0544155 -0.49921 -0.864771
      outer loop
         vertex 9.06515e-07 0.00115603 8.76142e-05
         vertex -9.18485e-20 0.0015 -0.0001
         vertex 2.9899e-05 0.00149506 -0.000101576
      endloop
   endfacet
   facet normal -0.0523175 -0.498591 -0.865257
      outer loop
         vertex 2.9899e-05 0.00149506 -0.000101576
         vertex 2.48741e-05 0.00115716 8.60575e-05
         vertex 9.06515e-07 0.00115603 8.76142e-05
      endloop
   endfacet
   facet normal 0.0588087 -0.49913 -0.864529
      outer loop
         vertex -0.000273029 0.00114309 0.000105406
         vertex -0.000372758 0.00142861 -8.00826e-05
         vertex -9.18485e-20 0.0015 -0.0001
      endloop
   endfacet
   facet normal -0.0523175 -0.498591 -0.865257
      outer loop
         vertex 2.9899e-05 0.00149506 -0.000101576
         vertex 0.000103974 0.00148281 -0.00010548
         vertex 8.37918e-05 0.00115995 8.22309e-05
      endloop
   endfacet
   facet normal -0.20534 -0.457714 -0.865063
      outer loop
         vertex 0.00048266 0.00142022 -0.000125438
         vertex 0.000407983 0.00107843 5.90143e-05
         vertex 0.000164009 0.00116374 7.70209e-05
      endloop
   endfacet
   facet normal -0.12596 -0.486372 -0.864625
      outer loop
         vertex 0.000164009 0.00116374 7.70209e-05
         vertex 0.000103974 0.00148281 -0.00010548
         vertex 0.00048266 0.00142022 -0.000125438
      endloop
   endfacet
   facet normal -0.20534 -0.457714 -0.865063
      outer loop
         vertex 0.00048266 0.00142022 -0.000125438
         vertex 0.000525884 0.00139574 -0.000128198
         vertex 0.000407983 0.00107843 5.90143e-05
      endloop
   endfacet
   facet normal -0.235023 -0.443274 -0.865027
      outer loop
         vertex 0.000566588 0.00137269 -0.000130796
         vertex 0.00084841 0.00121305 -0.00014879
         vertex 0.000596924 0.00101236 4.50695e-05
      endloop
   endfacet
   facet normal -0.248565 -0.437104 -0.864381
      outer loop
         vertex 0.000442902 0.00106622 5.64371e-05
         vertex 0.000525884 0.00139574 -0.000128198
         vertex 0.000566588 0.00137269 -0.000130796
      endloop
   endfacet
   facet normal -0.306276 -0.398763 -0.864397
      outer loop
         vertex 0.000596924 0.00101236 4.50695e-05
         vertex 0.000442902 0.00106622 5.64371e-05
         vertex 0.000566588 0.00137269 -0.000130796
      endloop
   endfacet
   facet normal -0.324998 -0.382225 -0.865032
      outer loop
         vertex 0.00084841 0.00121305 -0.00014879
         vertex 0.000671 0.000961901 3.87318e-05
         vertex 0.000596924 0.00101236 4.50695e-05
      endloop
   endfacet
   facet normal -0.324998 -0.382225 -0.865032
      outer loop
         vertex 0.00084841 0.00121305 -0.00014879
         vertex 0.000969938 0.00114421 -0.000156549
         vertex 0.000723519 0.000926127 3.42384e-05
      endloop
   endfacet
   facet normal -0.395122 -0.310753 -0.864471
      outer loop
         vertex 0.00081819 0.000819614 2.46486e-05
         vertex 0.00109538 0.00102477 -0.000165902
         vertex 0.00115204 0.000936097 -0.000171245
      endloop
   endfacet
   facet normal -0.395122 -0.310753 -0.864471
      outer loop
         vertex 0.00081819 0.000819614 2.46486e-05
         vertex 0.00105924 0.00105917 -0.000163208
         vertex 0.00109538 0.00102477 -0.000165902
      endloop
   endfacet
   facet normal -0.395122 -0.310753 -0.864471
      outer loop
         vertex 0.00081819 0.000819614 2.46486e-05
         vertex 0.000723519 0.000926127 3.42384e-05
         vertex 0.000969938 0.00114421 -0.000156549
      endloop
   endfacet
   facet normal -0.359021 -0.350401 -0.865057
      outer loop
         vertex 0.000969938 0.00114421 -0.000156549
         vertex 0.00105924 0.00105917 -0.000163208
         vertex 0.00081819 0.000819614 2.46486e-05
      endloop
   endfacet
   facet normal -0.416288 -0.27967 -0.865153
      outer loop
         vertex 0.00115204 0.000936097 -0.000171245
         vertex 0.000899544 0.000728084 1.64077e-05
         vertex 0.00081819 0.000819614 2.46486e-05
      endloop
   endfacet
   facet normal -0.476209 -0.157118 -0.865181
      outer loop
         vertex 0.00137287 0.000590549 -0.000192065
         vertex 0.00106727 0.000460029 -4.86966e-06
         vertex 0.00100461 0.000609875 5.7649e-06
      endloop
   endfacet
   facet normal -0.454689 -0.213134 -0.864773
      outer loop
         vertex 0.00100461 0.000609875 5.7649e-06
         vertex 0.00115204 0.000936097 -0.000171245
         vertex 0.00137287 0.000590549 -0.000192065
      endloop
   endfacet
   facet normal -0.487557 -0.12149 -0.864597
      outer loop
         vertex 0.00108908 0.000407856 -8.57237e-06
         vertex 0.00138412 0.000572941 -0.000193126
         vertex 0.00139009 0.000563595 -0.000193689
      endloop
   endfacet
   facet normal -0.487557 -0.12149 -0.864597
      outer loop
         vertex 0.00108908 0.000407856 -8.57237e-06
         vertex 0.00107368 0.000444687 -5.95853e-06
         vertex 0.00137287 0.000590549 -0.000192065
      endloop
   endfacet
   facet normal -0.476209 -0.157118 -0.865181
      outer loop
         vertex 0.00137287 0.000590549 -0.000192065
         vertex 0.00138412 0.000572941 -0.000193126
         vertex 0.00108908 0.000407856 -8.57237e-06
      endloop
   endfacet
   facet normal -0.483096 -0.138076 -0.864611
      outer loop
         vertex 0.00107368 0.000444687 -5.95853e-06
         vertex 0.00106727 0.000460029 -4.86966e-06
         vertex 0.00137287 0.000590549 -0.000192065
      endloop
   endfacet
   facet normal -0.501564 0.012511 -0.86503
      outer loop
         vertex 0.00147994 0.00010287 -0.000219285
         vertex 0.00115161 8.18869e-05 -3.16936e-05
         vertex 0.00113972 0.000286764 -1.71663e-05
      endloop
   endfacet
   facet normal -0.498535 -0.0641373 -0.864494
      outer loop
         vertex 0.00113972 0.000286764 -1.71663e-05
         vertex 0.00139757 0.00052524 -0.00019582
         vertex 0.00147994 0.00010287 -0.000219285
      endloop
   endfacet
   facet normal -0.498947 0.0627571 -0.864357
      outer loop
         vertex 0.00115642 -1.09022e-06 -3.75773e-05
         vertex 0.00115161 8.18869e-05 -3.16936e-05
         vertex 0.00147994 0.00010287 -0.000219285
      endloop
   endfacet
   facet normal -0.499422 0.0480569 -0.865025
      outer loop
         vertex 0.0015 1.74307e-19 -0.000225
         vertex 0.00145101 -0.000272688 -0.000240149
         vertex 0.00116524 -0.000153009 -4.83495e-05
      endloop
   endfacet
   facet normal -0.486916 0.125232 -0.864425
      outer loop
         vertex 0.00116524 -0.000153009 -4.83495e-05
         vertex 0.00115642 -1.09022e-06 -3.75773e-05
         vertex 0.0015 1.74307e-19 -0.000225
      endloop
   endfacet
   facet normal -0.482144 0.138601 -0.865059
      outer loop
         vertex 0.00145101 -0.000272688 -0.000240149
         vertex 0.00114538 -0.000213765 -5.26575e-05
         vertex 0.00116524 -0.000153009 -4.83495e-05
      endloop
   endfacet
   facet normal -0.444574 0.232049 -0.865163
      outer loop
         vertex 0.0013781 -0.000569438 -0.000256793
         vertex 0.00132477 -0.000659203 -0.00026208
         vertex 0.00104455 -0.000522304 -7.45353e-05
      endloop
   endfacet
   facet normal -0.452567 0.216115 -0.865146
      outer loop
         vertex 0.00140618 -0.000522158 -0.000254009
         vertex 0.00106995 -0.00044457 -6.90233e-05
         vertex 0.00114538 -0.000213765 -5.26575e-05
      endloop
   endfacet
   facet normal -0.479399 0.151323 -0.864452
      outer loop
         vertex 0.00114538 -0.000213765 -5.26575e-05
         vertex 0.00145101 -0.000272688 -0.000240149
         vertex 0.00140618 -0.000522158 -0.000254009
      endloop
   endfacet
   facet normal -0.452567 0.216115 -0.865146
      outer loop
         vertex 0.00140618 -0.000522158 -0.000254009
         vertex 0.0013781 -0.000569438 -0.000256793
         vertex 0.00106995 -0.00044457 -6.90233e-05
      endloop
   endfacet
   facet normal -0.346804 0.362322 -0.86513
      outer loop
         vertex 0.00113115 -0.000985142 -0.000281276
         vertex 0.000851385 -0.000781629 -9.62558e-05
         vertex 0.0010307 -0.000564657 -7.75384e-05
      endloop
   endfacet
   facet normal -0.412035 0.287047 -0.864772
      outer loop
         vertex 0.0010307 -0.000564657 -7.75384e-05
         vertex 0.00132477 -0.000659203 -0.00026208
         vertex 0.00113115 -0.000985142 -0.000281276
      endloop
   endfacet
   facet normal -0.346804 0.362322 -0.86513
      outer loop
         vertex 0.00113115 -0.000985142 -0.000281276
         vertex 0.00110497 -0.00101271 -0.000283301
         vertex 0.000851385 -0.000781629 -9.62558e-05
      endloop
   endfacet
   facet normal -0.337243 0.371272 -0.865115
      outer loop
         vertex 0.00110497 -0.00101271 -0.000283301
         vertex 0.00107138 -0.00104809 -0.0002859
         vertex 0.000827085 -0.000811032 -9.87922e-05
      endloop
   endfacet
   facet normal -0.309941 0.395754 -0.864474
      outer loop
         vertex 0.000818868 -0.000820974 -9.96499e-05
         vertex 0.00106002 -0.00106006 -0.000286779
         vertex 0.00104247 -0.00107854 -0.000288137
      endloop
   endfacet
   facet normal -0.324672 0.382355 -0.865097
      outer loop
         vertex 0.00107138 -0.00104809 -0.0002859
         vertex 0.00106002 -0.00106006 -0.000286779
         vertex 0.000818868 -0.000820974 -9.96499e-05
      endloop
   endfacet
   facet normal -0.309941 0.395754 -0.864474
      outer loop
         vertex 0.000818868 -0.000820974 -9.96499e-05
         vertex 0.000827085 -0.000811032 -9.87922e-05
         vertex 0.00107138 -0.00104809 -0.0002859
      endloop
   endfacet
   facet normal -0.202276 0.459147 -0.865025
      outer loop
         vertex 0.000719602 -0.00128705 -0.000309463
         vertex 0.000564737 -0.00100721 -0.000121863
         vertex 0.000748662 -0.000905923 -0.000106978
      endloop
   endfacet
   facet normal -0.271341 0.423219 -0.864442
      outer loop
         vertex 0.000748662 -0.000905923 -0.000106978
         vertex 0.00104247 -0.00107854 -0.000288137
         vertex 0.000719602 -0.00128705 -0.000309463
      endloop
   endfacet
   facet normal -0.202276 0.459147 -0.865025
      outer loop
         vertex 0.000719602 -0.00128705 -0.000309463
         vertex 0.00057186 -0.00138247 -0.000319222
         vertex 0.000443303 -0.00107408 -0.000131691
      endloop
   endfacet
   facet normal -0.146761 0.479761 -0.865038
      outer loop
         vertex 0.00057186 -0.00138247 -0.000319222
         vertex 0.00036533 -0.00111702 -0.000138002
         vertex 0.000443303 -0.00107408 -0.000131691
      endloop
   endfacet
   facet normal -0.133588 0.484737 -0.864398
      outer loop
         vertex 0.000443303 -0.00107408 -0.000131691
         vertex 0.000564737 -0.00100721 -0.000121863
         vertex 0.000719602 -0.00128705 -0.000309463
      endloop
   endfacet
   facet normal -0.0732968 0.496209 -0.865104
      outer loop
         vertex 0.000350003 -0.00143297 -0.000331298
         vertex 0.000276162 -0.00112895 -0.000143922
         vertex 0.00036533 -0.00111702 -0.000138002
      endloop
   endfacet
   facet normal -0.0981373 0.493019 -0.864466
      outer loop
         vertex 0.00036533 -0.00111702 -0.000138002
         vertex 0.00055422 -0.00139386 -0.000320387
         vertex 0.000350003 -0.00143297 -0.000331298
      endloop
   endfacet
   facet normal -0.0732968 0.496209 -0.865104
      outer loop
         vertex 0.000350003 -0.00143297 -0.000331298
         vertex 2.75546e-19 -0.0015 -0.00035
         vertex -1.22288e-06 -0.00116609 -0.00016234
      endloop
   endfacet
   facet normal 0.0416305 0.499567 -0.865275
      outer loop
         vertex 2.75546e-19 -0.0015 -0.00035
         vertex -5.17043e-05 -0.00149145 -0.000352725
         vertex -4.19012e-05 -0.00117154 -0.000165041
      endloop
   endfacet
   facet normal 0.0717491 0.497043 -0.864755
      outer loop
         vertex -4.19012e-05 -0.00117154 -0.000165041
         vertex -1.22288e-06 -0.00116609 -0.00016234
         vertex 2.75546e-19 -0.0015 -0.00035
      endloop
   endfacet
   facet normal 0.0600662 0.497739 -0.865245
      outer loop
         vertex -5.17043e-05 -0.00149145 -0.000352725
         vertex -0.000477342 -0.0014211 -0.000375158
         vertex -0.000289313 -0.00113907 -0.000181548
      endloop
   endfacet
   facet normal 0.180056 0.469245 -0.864517
      outer loop
         vertex -0.000289313 -0.00113907 -0.000181548
         vertex -5.86145e-05 -0.00117378 -0.000166151
         vertex -5.17043e-05 -0.00149145 -0.000352725
      endloop
   endfacet
   facet normal 0.20364 0.45847 -0.865064
      outer loop
         vertex -0.000477342 -0.0014211 -0.000375158
         vertex -0.000368281 -0.00110178 -0.00018772
         vertex -0.000289313 -0.00113907 -0.000181548
      endloop
   endfacet
   facet normal 0.218634 0.452673 -0.864457
      outer loop
         vertex -0.000374657 -0.00109877 -0.000188218
         vertex -0.000368281 -0.00110178 -0.00018772
         vertex -0.000477342 -0.0014211 -0.000375158
      endloop
   endfacet
   facet normal 0.20364 0.45847 -0.865064
      outer loop
         vertex -0.000477342 -0.0014211 -0.000375158
         vertex -0.00048266 -0.00142022 -0.000375438
         vertex -0.000374657 -0.00109877 -0.000188218
      endloop
   endfacet
   facet normal 0.218634 0.452673 -0.864457
      outer loop
         vertex -0.000374657 -0.00109877 -0.000188218
         vertex -0.000485737 -0.00141848 -0.000375634
         vertex -0.000566588 -0.00137269 -0.000380796
      endloop
   endfacet
   facet normal 0.235023 0.443274 -0.865027
      outer loop
         vertex -0.000566588 -0.00137269 -0.000380796
         vertex -0.000853924 -0.00120993 -0.000399142
         vertex -0.000674596 -0.000957124 -0.000211658
      endloop
   endfacet
   facet normal 0.337176 0.372971 -0.86441
      outer loop
         vertex -0.000674596 -0.000957124 -0.000211658
         vertex -0.00044107 -0.00106741 -0.000193408
         vertex -0.000566588 -0.00137269 -0.000380796
      endloop
   endfacet
   facet normal 0.326603 0.380853 -0.865033
      outer loop
         vertex -0.000853924 -0.00120993 -0.000399142
         vertex -0.000969938 -0.00114421 -0.000406549
         vertex -0.000722212 -0.000927146 -0.000215645
      endloop
   endfacet
   facet normal 0.395131 0.310743 -0.864471
      outer loop
         vertex -0.000818142 -0.000819537 -0.000225351
         vertex -0.00109538 -0.00102477 -0.000415902
         vertex -0.00115619 -0.000929608 -0.000421636
      endloop
   endfacet
   facet normal 0.395131 0.310743 -0.864471
      outer loop
         vertex -0.000818142 -0.000819537 -0.000225351
         vertex -0.00105924 -0.00105917 -0.000413208
         vertex -0.00109538 -0.00102477 -0.000415902
      endloop
   endfacet
   facet normal 0.395131 0.310743 -0.864471
      outer loop
         vertex -0.000818142 -0.000819537 -0.000225351
         vertex -0.000722212 -0.000927146 -0.000215645
         vertex -0.000969938 -0.00114421 -0.000406549
      endloop
   endfacet
   facet normal 0.359021 0.350401 -0.865057
      outer loop
         vertex -0.000969938 -0.00114421 -0.000406549
         vertex -0.00105924 -0.00105917 -0.000413208
         vertex -0.000818142 -0.000819537 -0.000225351
      endloop
   endfacet
   facet normal 0.417672 0.277587 -0.865156
      outer loop
         vertex -0.00115619 -0.000929608 -0.000421636
         vertex -0.000903666 -0.000723601 -0.000234004
         vertex -0.000818142 -0.000819537 -0.000225351
      endloop
   endfacet
   facet normal 0.354589 0.356414 -0.864428
      outer loop
         vertex -0.000722212 -0.000927146 -0.000215645
         vertex -0.00069587 -0.000947077 -0.000213321
         vertex -0.000853924 -0.00120993 -0.000399142
      endloop
   endfacet
   facet normal 0.417672 0.277587 -0.865156
      outer loop
         vertex -0.00115619 -0.000929608 -0.000421636
         vertex -0.00119311 -0.000871841 -0.000425117
         vertex -0.00093943 -0.000683483 -0.000237623
      endloop
   endfacet
   facet normal 0.488351 0.118307 -0.864591
      outer loop
         vertex -0.00108334 -0.000398363 -0.000259242
         vertex -0.00138412 -0.000572941 -0.000443126
         vertex -0.00139009 -0.000563595 -0.000443689
      endloop
   endfacet
   facet normal 0.478535 0.149955 -0.865169
      outer loop
         vertex -0.00138412 -0.000572941 -0.000443126
         vertex -0.00106679 -0.000442641 -0.0002561
         vertex -0.00100367 -0.000611423 -0.000244122
      endloop
   endfacet
   facet normal 0.478535 0.149955 -0.865169
      outer loop
         vertex -0.00138412 -0.000572941 -0.000443126
         vertex -0.00108334 -0.000398363 -0.000259242
         vertex -0.00106679 -0.000442641 -0.0002561
      endloop
   endfacet
   facet normal 0.454383 0.213795 -0.864771
      outer loop
         vertex -0.00100367 -0.000611423 -0.000244122
         vertex -0.00119311 -0.000871841 -0.000425117
         vertex -0.00138412 -0.000572941 -0.000443126
      endloop
   endfacet
   facet normal 0.479641 0.146399 -0.865166
      outer loop
         vertex -0.00139009 -0.000563595 -0.000443689
         vertex -0.00139935 -0.000516138 -0.000446326
         vertex -0.00108334 -0.000398363 -0.000259242
      endloop
   endfacet
   facet normal 0.48436 0.130081 -0.865144
      outer loop
         vertex -0.00139935 -0.000516138 -0.000446326
         vertex -0.00147214 -0.000142844 -0.000467064
         vertex -0.00115858 -0.000197165 -0.000273519
      endloop
   endfacet
   facet normal 0.501711 0.00130006 -0.865034
      outer loop
         vertex -0.00147214 -0.000142844 -0.000467064
         vertex -0.00115697 -0.00011531 -0.000279324
         vertex -0.00115858 -0.000197165 -0.000273519
      endloop
   endfacet
   facet normal 0.499022 -0.0622045 -0.864354
      outer loop
         vertex -0.00115471 -4.0344e-07 -0.000287471
         vertex -0.00115697 -0.00011531 -0.000279324
         vertex -0.00147214 -0.000142844 -0.000467064
      endloop
   endfacet
   facet normal 0.499422 -0.0480569 -0.865025
      outer loop
         vertex -0.0015 2.03358e-18 -0.000475
         vertex -0.00144995 0.000278554 -0.000490475
         vertex -0.00115034 0.000221421 -0.0003032
      endloop
   endfacet
   facet normal 0.478804 -0.153183 -0.864455
      outer loop
         vertex -0.00115034 0.000221421 -0.0003032
         vertex -0.00115471 -4.0344e-07 -0.000287471
         vertex -0.0015 2.03358e-18 -0.000475
      endloop
   endfacet
   facet normal 0.444574 -0.232049 -0.865163
      outer loop
         vertex -0.0013781 0.000569438 -0.000506793
         vertex -0.00132127 0.000665091 -0.000512427
         vertex -0.00103424 0.000523268 -0.000324679
      endloop
   endfacet
   facet normal 0.452567 -0.216115 -0.865146
      outer loop
         vertex -0.00140618 0.000522158 -0.000504009
         vertex -0.00106763 0.000442265 -0.000318913
         vertex -0.00114993 0.000242607 -0.000304703
      endloop
   endfacet
   facet normal 0.475969 -0.161715 -0.864466
      outer loop
         vertex -0.00114993 0.000242607 -0.000304703
         vertex -0.00144995 0.000278554 -0.000490475
         vertex -0.00140618 0.000522158 -0.000504009
      endloop
   endfacet
   facet normal 0.452567 -0.216115 -0.865146
      outer loop
         vertex -0.00140618 0.000522158 -0.000504009
         vertex -0.0013781 0.000569438 -0.000506793
         vertex -0.00106763 0.000442265 -0.000318913
      endloop
   endfacet
   facet normal 0.421064 -0.273775 -0.864727
      outer loop
         vertex -0.00103424 0.000523268 -0.000324679
         vertex -0.00106763 0.000442265 -0.000318913
         vertex -0.0013781 0.000569438 -0.000506793
      endloop
   endfacet
   facet normal 0.42665 -0.263346 -0.865228
      outer loop
         vertex -0.00132127 0.000665091 -0.000512427
         vertex -0.00128648 0.000723655 -0.000515876
         vertex -0.00101399 0.000572416 -0.000328177
      endloop
   endfacet
   facet normal 0.346804 -0.362322 -0.86513
      outer loop
         vertex -0.00113115 0.000985142 -0.000531276
         vertex -0.000816122 0.000816777 -0.000349675
         vertex -0.000986896 0.000638142 -0.000332855
      endloop
   endfacet
   facet normal 0.389609 -0.316921 -0.864735
      outer loop
         vertex -0.000986896 0.000638142 -0.000332855
         vertex -0.00128648 0.000723655 -0.000515876
         vertex -0.00113115 0.000985142 -0.000531276
      endloop
   endfacet
   facet normal 0.32032 -0.386022 -0.865091
      outer loop
         vertex -0.00106002 0.00106006 -0.000536779
         vertex -0.000804516 0.000828917 -0.000350818
         vertex -0.000816122 0.000816777 -0.000349675
      endloop
   endfacet
   facet normal 0.346804 -0.362322 -0.86513
      outer loop
         vertex -0.00113115 0.000985142 -0.000531276
         vertex -0.00106002 0.00106006 -0.000536779
         vertex -0.000816122 0.000816777 -0.000349675
      endloop
   endfacet
   facet normal 0.32032 -0.386022 -0.865091
      outer loop
         vertex -0.00106002 0.00106006 -0.000536779
         vertex -0.00104524 0.00107562 -0.000537923
         vertex -0.000804516 0.000828917 -0.000350818
      endloop
   endfacet
   facet normal 0.313585 -0.391529 -0.865083
      outer loop
         vertex -0.00104247 0.00107854 -0.000538137
         vertex -0.000732455 0.00127875 -0.000558614
         vertex -0.000681877 0.000957201 -0.000362897
      endloop
   endfacet
   facet normal 0.305216 -0.399364 -0.864495
      outer loop
         vertex -0.000804516 0.000828917 -0.000350818
         vertex -0.00104524 0.00107562 -0.000537923
         vertex -0.00104247 0.00107854 -0.000538137
      endloop
   endfacet
   facet normal 0.206953 -0.457059 -0.865025
      outer loop
         vertex -0.000732455 0.00127875 -0.000558614
         vertex -0.000578449 0.00100489 -0.000370939
         vertex -0.000681877 0.000957201 -0.000362897
      endloop
   endfacet
   facet normal 0.140343 -0.481663 -0.865046
      outer loop
         vertex -0.00055422 0.00139386 -0.000570387
         vertex -0.000348063 0.00143334 -0.000581402
         vertex -0.000285139 0.00114013 -0.000393745
      endloop
   endfacet
   facet normal 0.133563 -0.484769 -0.864384
      outer loop
         vertex -0.000441552 0.00106801 -0.000381584
         vertex -0.00057186 0.00138247 -0.000569222
         vertex -0.00055422 0.00139386 -0.000570387
      endloop
   endfacet
   facet normal 0.133563 -0.484769 -0.864384
      outer loop
         vertex -0.000441552 0.00106801 -0.000381584
         vertex -0.000578449 0.00100489 -0.000370939
         vertex -0.000732455 0.00127875 -0.000558614
      endloop
   endfacet
   facet normal 0.206953 -0.457059 -0.865025
      outer loop
         vertex -0.000732455 0.00127875 -0.000558614
         vertex -0.00057186 0.00138247 -0.000569222
         vertex -0.000441552 0.00106801 -0.000381584
      endloop
   endfacet
   facet normal 0.0726601 -0.496301 -0.865104
      outer loop
         vertex -0.000348063 0.00143334 -0.000581402
         vertex -0.00027631 0.00114068 -0.000394319
         vertex -0.000285139 0.00114013 -0.000393745
      endloop
   endfacet
   facet normal -0.0416305 -0.499567 -0.865275
      outer loop
         vertex -9.18485e-20 0.0015 -0.0006
         vertex 1.07476e-06 0.00115816 -0.000412359
         vertex -0.00027631 0.00114068 -0.000394319
      endloop
   endfacet
   facet normal -0.0416305 -0.499567 -0.865275
      outer loop
         vertex -9.18485e-20 0.0015 -0.0006
         vertex 5.39131e-05 0.00149109 -0.000602841
         vertex 4.41262e-05 0.00116087 -0.000415159
      endloop
   endfacet
   facet normal -0.0725401 -0.496931 -0.864753
      outer loop
         vertex 4.41262e-05 0.00116087 -0.000415159
         vertex 1.07476e-06 0.00115816 -0.000412359
         vertex -9.18485e-20 0.0015 -0.0006
      endloop
   endfacet
   facet normal -0.202628 -0.458917 -0.865065
      outer loop
         vertex 0.00047418 0.00142163 -0.000624991
         vertex 0.000371456 0.00111387 -0.000437486
         vertex 0.000139811 0.00116689 -0.000421381
      endloop
   endfacet
   facet normal -0.115353 -0.488955 -0.864649
      outer loop
         vertex 0.000139811 0.00116689 -0.000421381
         vertex 5.39131e-05 0.00149109 -0.000602841
         vertex 0.00047418 0.00142163 -0.000624991
      endloop
   endfacet
   facet normal -0.219002 -0.452496 -0.864457
      outer loop
         vertex 0.000381712 0.00111152 -0.000438199
         vertex 0.000371456 0.00111387 -0.000437486
         vertex 0.00047418 0.00142163 -0.000624991
      endloop
   endfacet
   facet normal -0.235023 -0.443274 -0.865027
      outer loop
         vertex 0.000566588 0.00137269 -0.000630796
         vertex 0.000443989 0.00107575 -0.000443291
         vertex 0.000381712 0.00111152 -0.000438199
      endloop
   endfacet
   facet normal -0.235023 -0.443274 -0.865027
      outer loop
         vertex 0.000566588 0.00137269 -0.000630796
         vertex 0.000856359 0.00120855 -0.000649297
         vertex 0.000670227 0.000945806 -0.000461791
      endloop
   endfacet
   facet normal -0.337866 -0.372345 -0.864411
      outer loop
         vertex 0.000670227 0.000945806 -0.000461791
         vertex 0.000443989 0.00107575 -0.000443291
         vertex 0.000566588 0.00137269 -0.000630796
      endloop
   endfacet
   facet normal -0.219002 -0.452496 -0.864457
      outer loop
         vertex 0.000381712 0.00111152 -0.000438199
         vertex 0.00048266 0.00142022 -0.000625438
         vertex 0.000566588 0.00137269 -0.000630796
      endloop
   endfacet
   facet normal -0.32731 -0.380245 -0.865033
      outer loop
         vertex 0.000856359 0.00120855 -0.000649297
         vertex 0.000969938 0.00114421 -0.000656549
         vertex 0.000767793 0.000889767 -0.000469769
      endloop
   endfacet
   facet normal -0.394826 -0.311092 -0.864485
      outer loop
         vertex 0.000822874 0.000824644 -0.000475471
         vertex 0.00109538 0.00102477 -0.000665902
         vertex 0.00115791 0.00092692 -0.000671798
      endloop
   endfacet
   facet normal -0.394826 -0.311092 -0.864485
      outer loop
         vertex 0.000822874 0.000824644 -0.000475471
         vertex 0.00105924 0.00105917 -0.000663208
         vertex 0.00109538 0.00102477 -0.000665902
      endloop
   endfacet
   facet normal -0.386052 -0.320287 -0.86509
      outer loop
         vertex 0.00105924 0.00105917 -0.000663208
         vertex 0.000822874 0.000824644 -0.000475471
         vertex 0.000780914 0.000878273 -0.000470983
      endloop
   endfacet
   facet normal -0.376502 -0.333091 -0.864463
      outer loop
         vertex 0.000780914 0.000878273 -0.000470983
         vertex 0.000969938 0.00114421 -0.000656549
         vertex 0.00105924 0.00105917 -0.000663208
      endloop
   endfacet
   facet normal -0.418243 -0.276723 -0.865158
      outer loop
         vertex 0.00115791 0.00092692 -0.000671798
         vertex 0.000903447 0.000721665 -0.000484091
         vertex 0.000822874 0.000824644 -0.000475471
      endloop
   endfacet
   facet normal -0.376502 -0.333091 -0.864463
      outer loop
         vertex 0.000780914 0.000878273 -0.000470983
         vertex 0.000767793 0.000889767 -0.000469769
         vertex 0.000969938 0.00114421 -0.000656549
      endloop
   endfacet
   facet normal -0.418243 -0.276723 -0.865158
      outer loop
         vertex 0.00115791 0.00092692 -0.000671798
         vertex 0.00138412 0.000572941 -0.000693126
         vertex 0.00104034 0.000546705 -0.000498735
      endloop
   endfacet
   facet normal -0.482937 -0.138647 -0.864609
      outer loop
         vertex 0.00107112 0.000445292 -0.000505925
         vertex 0.00104034 0.000546705 -0.000498735
         vertex 0.00138412 0.000572941 -0.000693126
      endloop
   endfacet
   facet normal -0.478924 -0.148707 -0.865169
      outer loop
         vertex 0.0013864 0.000569378 -0.000693341
         vertex 0.00107208 0.00044211 -0.000506151
         vertex 0.00107112 0.000445292 -0.000505925
      endloop
   endfacet
   facet normal -0.478535 -0.149955 -0.865169
      outer loop
         vertex 0.00138412 0.000572941 -0.000693126
         vertex 0.0013864 0.000569378 -0.000693341
         vertex 0.00107112 0.000445292 -0.000505925
      endloop
   endfacet
   facet normal -0.479641 -0.146399 -0.865166
      outer loop
         vertex 0.00139009 0.000563595 -0.000693689
         vertex 0.00147315 0.0001377 -0.00071735
         vertex 0.00116871 0.00012371 -0.000528728
      endloop
   endfacet
   facet normal -0.483293 -0.137258 -0.864632
      outer loop
         vertex 0.00107208 0.00044211 -0.000506151
         vertex 0.0013864 0.000569378 -0.000693341
         vertex 0.00139009 0.000563595 -0.000693689
      endloop
   endfacet
   facet normal -0.501714 0.000477244 -0.865034
      outer loop
         vertex 0.00147315 0.0001377 -0.00071735
         vertex 0.00116801 0.000111067 -0.000529625
         vertex 0.00116871 0.00012371 -0.000528728
      endloop
   endfacet
   facet normal -0.499061 0.0616762 -0.864369
      outer loop
         vertex 0.00116185 7.45842e-07 -0.000537447
         vertex 0.00116801 0.000111067 -0.000529625
         vertex 0.00147315 0.0001377 -0.00071735
      endloop
   endfacet
   facet normal -0.499422 0.0480569 -0.865025
      outer loop
         vertex 0.0015 2.84701e-18 -0.000725
         vertex 0.00145577 -0.000288031 -0.000741002
         vertex 0.00114912 -0.000227355 -0.000553621
      endloop
   endfacet
   facet normal -0.478004 0.155641 -0.864458
      outer loop
         vertex 0.00114912 -0.000227355 -0.000553621
         vertex 0.00116185 7.45842e-07 -0.000537447
         vertex 0.0015 2.84701e-18 -0.000725
      endloop
   endfacet
   facet normal -0.476002 0.158323 -0.865076
      outer loop
         vertex 0.00144833 -0.000336516 -0.000743695
         vertex 0.00114289 -0.000264362 -0.000556249
         vertex 0.0011477 -0.000252953 -0.000555436
      endloop
   endfacet
   facet normal -0.474521 0.165882 -0.864472
      outer loop
         vertex 0.0011477 -0.000252953 -0.000555436
         vertex 0.00145577 -0.000288031 -0.000741002
         vertex 0.00144833 -0.000336516 -0.000743695
      endloop
   endfacet
   facet normal -0.444528 0.232169 -0.865155
      outer loop
         vertex 0.00136967 -0.000565458 -0.00075663
         vertex 0.00129276 -0.000710433 -0.000764955
         vertex 0.00101808 -0.000560709 -0.000577364
      endloop
   endfacet
   facet normal -0.462709 0.193589 -0.865115
      outer loop
         vertex 0.0014309 -0.000450034 -0.000750002
         vertex 0.00106797 -0.000442245 -0.000568923
         vertex 0.00114289 -0.000264362 -0.000556249
      endloop
   endfacet
   facet normal -0.472757 0.170809 -0.86448
      outer loop
         vertex 0.00114289 -0.000264362 -0.000556249
         vertex 0.00144833 -0.000336516 -0.000743695
         vertex 0.0014309 -0.000450034 -0.000750002
      endloop
   endfacet
   facet normal -0.462709 0.193589 -0.865115
      outer loop
         vertex 0.0014309 -0.000450034 -0.000750002
         vertex 0.00136967 -0.000565458 -0.00075663
         vertex 0.00106797 -0.000442245 -0.000568923
      endloop
   endfacet
   facet normal -0.311269 0.39464 -0.864506
      outer loop
         vertex 0.000820268 -0.000820248 -0.000599543
         vertex 0.000982852 -0.000644354 -0.000583323
         vertex 0.00117502 -0.000932374 -0.000777699
      endloop
   endfacet
   facet normal -0.387502 0.319516 -0.864726
      outer loop
         vertex 0.000982852 -0.000644354 -0.000583323
         vertex 0.00129276 -0.000710433 -0.000764955
         vertex 0.00117502 -0.000932374 -0.000777699
      endloop
   endfacet
   facet normal -0.363499 0.345496 -0.86516
      outer loop
         vertex 0.00117502 -0.000932374 -0.000777699
         vertex 0.00104675 -0.00104342 -0.000786956
         vertex 0.000820268 -0.000820248 -0.000599543
      endloop
   endfacet
   facet normal -0.310274 0.395489 -0.864476
      outer loop
         vertex 0.000819853 -0.000820697 -0.000599585
         vertex 0.00104675 -0.00104342 -0.000786956
         vertex 0.00104617 -0.00104392 -0.000786997
      endloop
   endfacet
   facet normal -0.320258 0.386117 -0.865071
      outer loop
         vertex 0.00104617 -0.00104392 -0.000786997
         vertex 0.000719545 -0.000929217 -0.000609592
         vertex 0.000819853 -0.000820697 -0.000599585
      endloop
   endfacet
   facet normal -0.209669 0.455819 -0.865025
      outer loop
         vertex 0.000754483 -0.00129644 -0.000808045
         vertex 0.000556708 -0.00101201 -0.000622527
         vertex 0.000719545 -0.000929217 -0.000609592
      endloop
   endfacet
   facet normal -0.257542 0.431786 -0.864427
      outer loop
         vertex 0.000719545 -0.000929217 -0.000609592
         vertex 0.00104617 -0.00104392 -0.000786997
         vertex 0.000754483 -0.00129644 -0.000808045
      endloop
   endfacet
   facet normal -0.209669 0.455819 -0.865025
      outer loop
         vertex 0.000754483 -0.00129644 -0.000808045
         vertex 0.000720047 -0.00130827 -0.000810031
         vertex 0.000556708 -0.00101201 -0.000622527
      endloop
   endfacet
   facet normal -0.198362 0.460851 -0.865025
      outer loop
         vertex 0.000720047 -0.00130827 -0.000810031
         vertex 0.000565609 -0.00136133 -0.000818935
         vertex 0.000441916 -0.00107038 -0.000631645
      endloop
   endfacet
   facet normal -0.146837 0.479778 -0.865016
      outer loop
         vertex 0.000565609 -0.00136133 -0.000818935
         vertex 0.000318421 -0.00144625 -0.000833187
         vertex 0.000326883 -0.00112887 -0.000640783
      endloop
   endfacet
   facet normal -0.0816563 0.495973 -0.86449
      outer loop
         vertex 0.000326883 -0.00112887 -0.000640783
         vertex 0.000441916 -0.00107038 -0.000631645
         vertex 0.000565609 -0.00136133 -0.000818935
      endloop
   endfacet
   facet normal -0.0633626 0.497555 -0.865115
      outer loop
         vertex 0.000318421 -0.00144625 -0.000833187
         vertex 0.000253255 -0.00113621 -0.000645614
         vertex 0.000326883 -0.00112887 -0.000640783
      endloop
   endfacet
   facet normal -0.0230431 0.500952 -0.865168
      outer loop
         vertex 0.00020155 -0.0014864 -0.000839925
         vertex 1.35872e-06 -0.00147535 -0.000850131
         vertex -1.35901e-06 -0.00116159 -0.000662322
      endloop
   endfacet
   facet normal -0.0509627 0.499966 -0.864544
      outer loop
         vertex 0.000253255 -0.00113621 -0.000645614
         vertex 0.000318421 -0.00144625 -0.000833187
         vertex 0.00020155 -0.0014864 -0.000839925
      endloop
   endfacet
   facet normal 0.0418788 0.499579 -0.865255
      outer loop
         vertex 1.35872e-06 -0.00147535 -0.000850131
         vertex -8.21572e-05 -0.00147074 -0.000854389
         vertex -6.60821e-05 -0.00116804 -0.000666569
      endloop
   endfacet
   facet normal 0.0824871 0.495421 -0.864727
      outer loop
         vertex -6.60821e-05 -0.00116804 -0.000666569
         vertex -1.35901e-06 -0.00116159 -0.000662322
         vertex 1.35872e-06 -0.00147535 -0.000850131
      endloop
   endfacet
   facet normal 0.165981 0.473341 -0.8651
      outer loop
         vertex -0.000363848 -0.0014552 -0.00086875
         vertex -0.000285072 -0.00114014 -0.00068125
         vertex -9.7585e-05 -0.00117118 -0.000668636
      endloop
   endfacet
   facet normal 0.0967225 0.492901 -0.864692
      outer loop
         vertex -9.7585e-05 -0.00117118 -0.000668636
         vertex -8.21572e-05 -0.00147074 -0.000854389
         vertex -0.000363848 -0.0014552 -0.00086875
      endloop
   endfacet
   facet normal 0.485857 -0.125032 -0.865049
      outer loop
         vertex -0.00145857 0.000230604 0.000512189
         vertex -0.00140618 0.000522158 0.000495991
         vertex -0.001126 0.000354909 0.000684349
      endloop
   endfacet
   facet normal 0.458568 -0.205563 -0.864557
      outer loop
         vertex -0.001126 0.000354909 0.000684349
         vertex -0.00140618 0.000522158 0.000495991
         vertex -0.0013781 0.000569438 0.000493207
      endloop
   endfacet
   facet normal 0.434353 -0.250521 -0.865203
      outer loop
         vertex -0.00134504 0.000625079 0.00048993
         vertex -0.00108424 0.000448743 0.000680627
         vertex -0.00108948 0.000440715 0.00068125
      endloop
   endfacet
   facet normal 0.434353 -0.250521 -0.865203
      outer loop
         vertex -0.00134504 0.000625079 0.00048993
         vertex -0.00105671 0.000490962 0.00067735
         vertex -0.00108424 0.000448743 0.000680627
      endloop
   endfacet
   facet normal 0.44145 -0.239884 -0.864626
      outer loop
         vertex -0.00108948 0.000440715 0.00068125
         vertex -0.0013781 0.000569438 0.000493207
         vertex -0.00134504 0.000625079 0.00048993
      endloop
   endfacet
   facet normal 0.444574 -0.232049 -0.865163
      outer loop
         vertex -0.0013781 0.000569438 0.000493207
         vertex -0.00108948 0.000440715 0.00068125
         vertex -0.001126 0.000354909 0.000684349
      endloop
   endfacet
   facet normal 0.501335 0.0190941 -0.865042
      outer loop
         vertex -0.0014621 -0.000194354 0.000535797
         vertex -0.0015 -6.39124e-19 0.000525
         vertex -0.00120381 -3.22731e-05 0.000697992
      endloop
   endfacet
   facet normal 0.485857 -0.125032 -0.865049
      outer loop
         vertex -0.00145857 0.000230604 0.000512189
         vertex -0.00116051 0.000183182 0.0006904
         vertex -0.00119751 -9.67972e-07 0.000696889
      endloop
   endfacet
   facet normal 0.499137 -0.0597531 -0.86446
      outer loop
         vertex -0.00119751 -9.67972e-07 0.000696889
         vertex -0.0015 -6.39124e-19 0.000525
         vertex -0.00145857 0.000230604 0.000512189
      endloop
   endfacet
   facet normal 0.499137 -0.0597531 -0.86446
      outer loop
         vertex -0.00119751 -9.67972e-07 0.000696889
         vertex -0.00120381 -3.22731e-05 0.000697992
         vertex -0.0015 -6.39124e-19 0.000525
      endloop
   endfacet
   facet normal 0.48667 0.124165 -0.864717
      outer loop
         vertex -0.00114924 -0.000431814 0.00071153
         vertex -0.00113087 -0.000467917 0.000712765
         vertex -0.00136759 -0.000598813 0.000558433
      endloop
   endfacet
   facet normal 0.47511 0.160385 -0.865186
      outer loop
         vertex -0.00136759 -0.000598813 0.000558433
         vertex -0.00138412 -0.000572941 0.000556874
         vertex -0.00114924 -0.000431814 0.00071153
      endloop
   endfacet
   facet normal 0.482126 0.140603 -0.864746
      outer loop
         vertex -0.00113087 -0.000467917 0.000712765
         vertex -0.00111936 -0.00049055 0.000713539
         vertex -0.00136759 -0.000598813 0.000558433
      endloop
   endfacet
   facet normal 0.501335 0.0190941 -0.865042
      outer loop
         vertex -0.0014621 -0.000194354 0.000535797
         vertex -0.00118651 -0.0001589 0.000702282
         vertex -0.00114924 -0.000431814 0.00071153
      endloop
   endfacet
   facet normal 0.48667 0.124165 -0.864717
      outer loop
         vertex -0.00114924 -0.000431814 0.00071153
         vertex -0.00139009 -0.000563595 0.000556311
         vertex -0.0014621 -0.000194354 0.000535797
      endloop
   endfacet
   facet normal 0.47511 0.160385 -0.865186
      outer loop
         vertex -0.00136759 -0.000598813 0.000558433
         vertex -0.00111936 -0.00049055 0.000713539
         vertex -0.000966421 -0.000791173 0.000723818
      endloop
   endfacet
   facet normal 0.420515 0.274504 -0.864763
      outer loop
         vertex -0.000966421 -0.000791173 0.000723818
         vertex -0.00114593 -0.00094566 0.000579331
         vertex -0.00136759 -0.000598813 0.000558433
      endloop
   endfacet
   facet normal 0.410647 0.287929 -0.865139
      outer loop
         vertex -0.00113551 -0.000961976 0.000580314
         vertex -0.00114593 -0.00094566 0.000579331
         vertex -0.00096398 -0.000793565 0.000723928
      endloop
   endfacet
   facet normal 0.392661 0.313305 -0.864671
      outer loop
         vertex -0.000878 -0.000877791 0.000727824
         vertex -0.00109538 -0.00102477 0.000584098
         vertex -0.00113551 -0.000961976 0.000580314
      endloop
   endfacet
   facet normal 0.392661 0.313305 -0.864671
      outer loop
         vertex -0.000878 -0.000877791 0.000727824
         vertex -0.00105924 -0.00105917 0.000586792
         vertex -0.00109538 -0.00102477 0.000584098
      endloop
   endfacet
   facet normal 0.323418 0.384454 -0.864636
      outer loop
         vertex -0.000698619 -0.00105351 0.000735953
         vertex -0.000818973 -0.00122972 0.000603089
         vertex -0.000969938 -0.00114421 0.000593451
      endloop
   endfacet
   facet normal 0.359021 0.350401 -0.865057
      outer loop
         vertex -0.000969938 -0.00114421 0.000593451
         vertex -0.000878 -0.000877791 0.000727824
         vertex -0.000698619 -0.00105351 0.000735953
      endloop
   endfacet
   facet normal 0.359021 0.350401 -0.865057
      outer loop
         vertex -0.000969938 -0.00114421 0.000593451
         vertex -0.00105924 -0.00105917 0.000586792
         vertex -0.000878 -0.000877791 0.000727824
      endloop
   endfacet
   facet normal 0.235023 0.443274 -0.865027
      outer loop
         vertex -0.000566588 -0.00137269 0.000619204
         vertex -0.000818973 -0.00122972 0.000603089
         vertex -0.000670118 -0.00108143 0.000737244
      endloop
   endfacet
   facet normal 0.20071 0.460373 -0.864739
      outer loop
         vertex -0.000378548 -0.00121963 0.000747602
         vertex -0.00048266 -0.00142022 0.000624562
         vertex -0.000566588 -0.00137269 0.000619204
      endloop
   endfacet
   facet normal 0.20071 0.460373 -0.864739
      outer loop
         vertex -0.000378548 -0.00121963 0.000747602
         vertex -0.000445791 -0.00142632 0.000626505
         vertex -0.00048266 -0.00142022 0.000624562
      endloop
   endfacet
   facet normal 0.235023 0.443274 -0.865027
      outer loop
         vertex -0.000566588 -0.00137269 0.000619204
         vertex -0.000483595 -0.00116984 0.00074387
         vertex -0.000378548 -0.00121963 0.000747602
      endloop
   endfacet
   facet normal 0.316331 0.389436 -0.865029
      outer loop
         vertex -0.000818973 -0.00122972 0.000603089
         vertex -0.000698619 -0.00105351 0.000735953
         vertex -0.000670118 -0.00108143 0.000737244
      endloop
   endfacet
   facet normal 0.20071 0.460373 -0.864739
      outer loop
         vertex -0.000378548 -0.00121963 0.000747602
         vertex -0.000360356 -0.00122825 0.000748248
         vertex -0.000422836 -0.00143011 0.000627715
      endloop
   endfacet
   facet normal 0.0424892 0.499497 -0.865273
      outer loop
         vertex -2.39495e-06 -0.0014996 0.000649874
         vertex -0.000422836 -0.00143011 0.000627715
         vertex -0.000283794 -0.00126454 0.000750968
      endloop
   endfacet
   facet normal 0.18608 0.465845 -0.86508
      outer loop
         vertex -0.000422836 -0.00143011 0.000627715
         vertex -0.000360356 -0.00122825 0.000748248
         vertex -0.000283794 -0.00126454 0.000750968
      endloop
   endfacet
   facet normal -0.0899845 0.493486 -0.865086
      outer loop
         vertex 0.000400837 -0.00142323 0.000671418
         vertex 2.75546e-19 -0.0015 0.00065
         vertex 0.000141297 -0.00130987 0.000763365
      endloop
   endfacet
   facet normal 0.0475988 0.499468 -0.865024
      outer loop
         vertex 1.64891e-06 -0.00129498 0.000759292
         vertex 0.000141297 -0.00130987 0.000763365
         vertex 2.75546e-19 -0.0015 0.00065
      endloop
   endfacet
   facet normal 0.0424892 0.499497 -0.865273
      outer loop
         vertex -2.39495e-06 -0.0014996 0.000649874
         vertex -4.88735e-07 -0.00129475 0.00075923
         vertex 1.64891e-06 -0.00129498 0.000759292
      endloop
   endfacet
   facet normal 0.0416305 0.499567 -0.865275
      outer loop
         vertex 2.75546e-19 -0.0015 0.00065
         vertex -2.39495e-06 -0.0014996 0.000649874
         vertex 1.64891e-06 -0.00129498 0.000759292
      endloop
   endfacet
   facet normal -0.216526 0.452601 -0.865025
      outer loop
         vertex 0.000758934 -0.00126165 0.000693135
         vertex 0.00057186 -0.00138247 0.000680778
         vertex 0.000565694 -0.00121508 0.000776551
      endloop
   endfacet
   facet normal -0.141908 0.481688 -0.864777
      outer loop
         vertex 0.000509982 -0.00122752 0.00077482
         vertex 0.000565694 -0.00121508 0.000776551
         vertex 0.00057186 -0.00138247 0.000680778
      endloop
   endfacet
   facet normal -0.141908 0.481688 -0.864777
      outer loop
         vertex 0.000509982 -0.00122752 0.00077482
         vertex 0.00055422 -0.00139386 0.000679613
         vertex 0.000400837 -0.00142323 0.000671418
      endloop
   endfacet
   facet normal -0.0899845 0.493486 -0.865086
      outer loop
         vertex 0.000400837 -0.00142323 0.000671418
         vertex 0.000354828 -0.00126218 0.00077
         vertex 0.000509982 -0.00122752 0.00077482
      endloop
   endfacet
   facet normal -0.146761 0.479761 -0.865038
      outer loop
         vertex 0.00057186 -0.00138247 0.000680778
         vertex 0.00055422 -0.00139386 0.000679613
         vertex 0.000509982 -0.00122752 0.00077482
      endloop
   endfacet
   facet normal -0.337061 0.371438 -0.865115
      outer loop
         vertex 0.00110448 -0.00101323 0.000716661
         vertex 0.00106002 -0.00106006 0.000713221
         vertex 0.000962969 -0.000963421 0.000790953
      endloop
   endfacet
   facet normal -0.32032 0.386022 -0.865091
      outer loop
         vertex 0.00106002 -0.00106006 0.000713221
         vertex 0.00104247 -0.00107854 0.000711863
         vertex 0.000950647 -0.000978575 0.000790409
      endloop
   endfacet
   facet normal -0.311202 0.393854 -0.864889
      outer loop
         vertex 0.000950647 -0.000978575 0.000790409
         vertex 0.000962969 -0.000963421 0.000790953
         vertex 0.00106002 -0.00106006 0.000713221
      endloop
   endfacet
   facet normal -0.216526 0.452601 -0.865025
      outer loop
         vertex 0.000758934 -0.00126165 0.000693135
         vertex 0.000686877 -0.00114063 0.000780914
         vertex 0.000950647 -0.000978575 0.000790409
      endloop
   endfacet
   facet normal -0.311202 0.393854 -0.864889
      outer loop
         vertex 0.000950647 -0.000978575 0.000790409
         vertex 0.00104247 -0.00107854 0.000711863
         vertex 0.000758934 -0.00126165 0.000693135
      endloop
   endfacet
   facet normal -0.334 0.374617 -0.864931
      outer loop
         vertex 0.000999824 -0.000918094 0.000792581
         vertex 0.00103047 -0.000880404 0.000793934
         vertex 0.0011385 -0.000972763 0.000719453
      endloop
   endfacet
   facet normal -0.350422 0.358809 -0.865136
      outer loop
         vertex 0.0011385 -0.000972763 0.000719453
         vertex 0.00113115 -0.000985142 0.000718724
         vertex 0.000999824 -0.000918094 0.000792581
      endloop
   endfacet
   facet normal -0.350422 0.358809 -0.865136
      outer loop
         vertex 0.0011385 -0.000972763 0.000719453
         vertex 0.00103047 -0.000880404 0.000793934
         vertex 0.00123566 -0.000628045 0.000802996
      endloop
   endfacet
   facet normal -0.424243 0.267638 -0.865094
      outer loop
         vertex 0.00123566 -0.000628045 0.000802996
         vertex 0.00134986 -0.000616968 0.000740407
         vertex 0.0011385 -0.000972763 0.000719453
      endloop
   endfacet
   facet normal -0.442816 0.235917 -0.865019
      outer loop
         vertex 0.00127287 -0.000527785 0.000806032
         vertex 0.0013781 -0.000569438 0.000743207
         vertex 0.00134986 -0.000616968 0.000740407
      endloop
   endfacet
   facet normal -0.486105 0.124991 -0.864916
      outer loop
         vertex 0.00139053 -0.000210777 0.000815633
         vertex 0.00146028 -0.000221079 0.000762718
         vertex 0.00140618 -0.000522158 0.000745991
      endloop
   endfacet
   facet normal -0.452567 0.216115 -0.865146
      outer loop
         vertex 0.00140618 -0.000522158 0.000745991
         vertex 0.00127287 -0.000527785 0.000806032
         vertex 0.00139053 -0.000210777 0.000815633
      endloop
   endfacet
   facet normal -0.452567 0.216115 -0.865146
      outer loop
         vertex 0.00140618 -0.000522158 0.000745991
         vertex 0.0013781 -0.000569438 0.000743207
         vertex 0.00127287 -0.000527785 0.000806032
      endloop
   endfacet
   facet normal -0.499341 0.0513347 -0.864884
      outer loop
         vertex 0.00139914 4.99125e-07 0.000821832
         vertex 0.00140402 0.000193044 0.000827472
         vertex 0.00146147 0.000197578 0.000785977
      endloop
   endfacet
   facet normal -0.499422 0.0480569 -0.865025
      outer loop
         vertex 0.0015 4.06716e-19 0.000775
         vertex 0.00146028 -0.000221079 0.000762718
         vertex 0.00139402 -0.000201369 0.000815918
      endloop
   endfacet
   facet normal -0.486988 0.121519 -0.864914
      outer loop
         vertex 0.00139402 -0.000201369 0.000815918
         vertex 0.00139914 4.99125e-07 0.000821832
         vertex 0.0015 4.06716e-19 0.000775
      endloop
   endfacet
   facet normal -0.486645 0.121941 -0.865047
      outer loop
         vertex 0.00146028 -0.000221079 0.000762718
         vertex 0.00139053 -0.000210777 0.000815633
         vertex 0.00139402 -0.000201369 0.000815918
      endloop
   endfacet
   facet normal -0.479641 -0.146399 -0.865166
      outer loop
         vertex 0.00139009 0.000563595 0.000806311
         vertex 0.00146147 0.000197578 0.000785977
         vertex 0.00140609 0.000274559 0.00082986
      endloop
   endfacet
   facet normal -0.479121 -0.14854 -0.865089
      outer loop
         vertex 0.00131799 0.000547579 0.000837606
         vertex 0.00138408 0.000572905 0.000806874
         vertex 0.00139009 0.000563595 0.000806311
      endloop
   endfacet
   facet normal -0.479121 -0.14854 -0.865089
      outer loop
         vertex 0.00131799 0.000547579 0.000837606
         vertex 0.00130205 0.000596976 0.000839007
         vertex 0.00135528 0.000617523 0.000809575
      endloop
   endfacet
   facet normal -0.472513 -0.167825 -0.865197
      outer loop
         vertex 0.00135528 0.000617523 0.000809575
         vertex 0.00138408 0.000572905 0.000806874
         vertex 0.00131799 0.000547579 0.000837606
      endloop
   endfacet
   facet normal -0.501291 -0.0202078 -0.865043
      outer loop
         vertex 0.00146147 0.000197578 0.000785977
         vertex 0.00140402 0.000193044 0.000827472
         vertex 0.00140609 0.000274559 0.00082986
      endloop
   endfacet
   facet normal -0.413269 -0.284134 -0.865145
      outer loop
         vertex 0.00114137 0.000948847 0.00082963
         vertex 0.00135528 0.000617523 0.000809575
         vertex 0.0012599 0.000727588 0.000842712
      endloop
   endfacet
   facet normal -0.472513 -0.167825 -0.865197
      outer loop
         vertex 0.00135528 0.000617523 0.000809575
         vertex 0.00130205 0.000596976 0.000839007
         vertex 0.0012599 0.000727588 0.000842712
      endloop
   endfacet
   facet normal -0.32179 -0.384932 -0.865031
      outer loop
         vertex 0.000833789 0.00121824 0.000852058
         vertex 0.0010571 0.00105577 0.0008368
         vertex 0.000975506 0.00110873 0.000855347
      endloop
   endfacet
   facet normal -0.413909 -0.283325 -0.865105
      outer loop
         vertex 0.00111313 0.000924287 0.000849233
         vertex 0.00103137 0.00103387 0.000852865
         vertex 0.00108584 0.00103487 0.000834837
      endloop
   endfacet
   facet normal -0.386484 -0.319889 -0.865044
      outer loop
         vertex 0.00103137 0.00103387 0.000852865
         vertex 0.0010571 0.00105577 0.0008368
         vertex 0.00108584 0.00103487 0.000834837
      endloop
   endfacet
   facet normal -0.393374 -0.311209 -0.865104
      outer loop
         vertex 0.00108584 0.00103487 0.000834837
         vertex 0.00114137 0.000948847 0.00082963
         vertex 0.00111313 0.000924287 0.000849233
      endloop
   endfacet
   facet normal -0.386484 -0.319889 -0.865044
      outer loop
         vertex 0.00103137 0.00103387 0.000852865
         vertex 0.000975506 0.00110873 0.000855347
         vertex 0.0010571 0.00105577 0.0008368
      endloop
   endfacet
   facet normal -0.32179 -0.384932 -0.865031
      outer loop
         vertex 0.000833789 0.00121824 0.000852058
         vertex 0.000829151 0.00121052 0.000860329
         vertex 0.000785597 0.00124081 0.000861811
      endloop
   endfacet
   facet normal -0.308269 -0.395888 -0.86501
      outer loop
         vertex 0.000785597 0.00124081 0.000861811
         vertex 0.000581738 0.0013826 0.00086875
         vertex 0.00065043 0.00135164 0.000864585
      endloop
   endfacet
   facet normal -0.259743 -0.42925 -0.86503
      outer loop
         vertex 0.00065043 0.00135164 0.000864585
         vertex 0.000790592 0.00124967 0.000855009
         vertex 0.000785597 0.00124081 0.000861811
      endloop
   endfacet
   facet normal -0.308269 -0.395888 -0.86501
      outer loop
         vertex 0.000785597 0.00124081 0.000861811
         vertex 0.000790592 0.00124967 0.000855009
         vertex 0.000833789 0.00121824 0.000852058
      endloop
   endfacet
   facet normal -0.365833 -0.343342 -0.865033
      outer loop
         vertex 0.000975506 0.00110873 0.000855347
         vertex 0.000829151 0.00121052 0.000860329
         vertex 0.000833789 0.00121824 0.000852058
      endloop
   endfacet
   facet normal -0.454051 -0.212648 -0.865227
      outer loop
         vertex 0.0012599 0.000727588 0.000842712
         vertex 0.00111313 0.000924287 0.000849233
         vertex 0.00114137 0.000948847 0.00082963
      endloop
   endfacet
   facet normal -0.499597 -0.0472405 -0.864969
      outer loop
         vertex 0.00140609 0.000274559 0.00082986
         vertex 0.00131799 0.000547579 0.000837606
         vertex 0.00139009 0.000563595 0.000806311
      endloop
   endfacet
   facet normal -0.501291 -0.0202078 -0.865043
      outer loop
         vertex 0.00146147 0.000197578 0.000785977
         vertex 0.0015 4.06716e-19 0.000775
         vertex 0.00139914 4.99125e-07 0.000821832
      endloop
   endfacet
   facet normal -0.435873 0.247884 -0.865198
      outer loop
         vertex 0.00134986 -0.000616968 0.000740407
         vertex 0.00125498 -0.000575991 0.000804572
         vertex 0.00127287 -0.000527785 0.000806032
      endloop
   endfacet
   facet normal -0.424243 0.267638 -0.865094
      outer loop
         vertex 0.00123566 -0.000628045 0.000802996
         vertex 0.00125498 -0.000575991 0.000804572
         vertex 0.00134986 -0.000616968 0.000740407
      endloop
   endfacet
   facet normal -0.346804 0.362322 -0.86513
      outer loop
         vertex 0.00113115 -0.000985142 0.000718724
         vertex 0.00110448 -0.00101323 0.000716661
         vertex 0.000999824 -0.000918094 0.000792581
      endloop
   endfacet
   facet normal -0.316856 0.389306 -0.864895
      outer loop
         vertex 0.000962969 -0.000963421 0.000790953
         vertex 0.000999824 -0.000918094 0.000792581
         vertex 0.00110448 -0.00101323 0.000716661
      endloop
   endfacet
   facet normal -0.162173 0.475238 -0.864782
      outer loop
         vertex 0.000565694 -0.00121508 0.000776551
         vertex 0.000686877 -0.00114063 0.000780914
         vertex 0.000758934 -0.00126165 0.000693135
      endloop
   endfacet
   facet normal -0.00380528 0.50186 -0.86494
      outer loop
         vertex 0.000141297 -0.00130987 0.000763365
         vertex 0.000354828 -0.00126218 0.00077
         vertex 0.000400837 -0.00142323 0.000671418
      endloop
   endfacet
   facet normal 0.161123 0.475555 -0.864805
      outer loop
         vertex -0.000283794 -0.00126454 0.000750968
         vertex -4.88735e-07 -0.00129475 0.00075923
         vertex -2.39495e-06 -0.0014996 0.000649874
      endloop
   endfacet
   facet normal 0.18608 0.465845 -0.86508
      outer loop
         vertex -0.000422836 -0.00143011 0.000627715
         vertex -0.000445791 -0.00142632 0.000626505
         vertex -0.000378548 -0.00121963 0.000747602
      endloop
   endfacet
   facet normal 0.311061 0.394518 -0.864637
      outer loop
         vertex -0.000670118 -0.00108143 0.000737244
         vertex -0.000483595 -0.00116984 0.00074387
         vertex -0.000566588 -0.00137269 0.000619204
      endloop
   endfacet
   facet normal 0.410647 0.287929 -0.865139
      outer loop
         vertex -0.00113551 -0.000961976 0.000580314
         vertex -0.000952491 -0.00080482 0.000724449
         vertex -0.000878 -0.000877791 0.000727824
      endloop
   endfacet
   facet normal 0.419782 0.27563 -0.864761
      outer loop
         vertex -0.00096398 -0.000793565 0.000723928
         vertex -0.000952491 -0.00080482 0.000724449
         vertex -0.00113551 -0.000961976 0.000580314
      endloop
   endfacet
   facet normal 0.420515 0.274504 -0.864763
      outer loop
         vertex -0.000966421 -0.000791173 0.000723818
         vertex -0.00096398 -0.000793565 0.000723928
         vertex -0.00114593 -0.00094566 0.000579331
      endloop
   endfacet
   facet normal 0.478535 0.149955 -0.865169
      outer loop
         vertex -0.00138412 -0.000572941 0.000556874
         vertex -0.00139009 -0.000563595 0.000556311
         vertex -0.00114924 -0.000431814 0.00071153
      endloop
   endfacet
   facet normal 0.500529 -0.046403 -0.864476
      outer loop
         vertex -0.00120381 -3.22731e-05 0.000697992
         vertex -0.00118651 -0.0001589 0.000702282
         vertex -0.0014621 -0.000194354 0.000535797
      endloop
   endfacet
   facet normal 0.458568 -0.205563 -0.864557
      outer loop
         vertex -0.001126 0.000354909 0.000684349
         vertex -0.00116051 0.000183182 0.0006904
         vertex -0.00145857 0.000230604 0.000512189
      endloop
   endfacet
   facet normal 0.0967225 0.492901 -0.864692
      outer loop
         vertex -9.7585e-05 -0.00117118 -0.000668636
         vertex -6.60821e-05 -0.00116804 -0.000666569
         vertex -8.21572e-05 -0.00147074 -0.000854389
      endloop
   endfacet
   facet normal 0.0543579 0.499201 -0.864779
      outer loop
         vertex -1.35901e-06 -0.00116159 -0.000662322
         vertex 0.000253255 -0.00113621 -0.000645614
         vertex 0.00020155 -0.0014864 -0.000839925
      endloop
   endfacet
   facet normal -0.133445 0.484792 -0.86439
      outer loop
         vertex 0.000441916 -0.00107038 -0.000631645
         vertex 0.000556708 -0.00101201 -0.000622527
         vertex 0.000720047 -0.00130827 -0.000810031
      endloop
   endfacet
   facet normal -0.310274 0.395489 -0.864476
      outer loop
         vertex 0.000819853 -0.000820697 -0.000599585
         vertex 0.000820268 -0.000820248 -0.000599543
         vertex 0.00104675 -0.00104342 -0.000786956
      endloop
   endfacet
   facet normal -0.387502 0.319516 -0.864726
      outer loop
         vertex 0.000982852 -0.000644354 -0.000583323
         vertex 0.00101808 -0.000560709 -0.000577364
         vertex 0.00129276 -0.000710433 -0.000764955
      endloop
   endfacet
   facet normal -0.411745 0.287458 -0.864774
      outer loop
         vertex 0.00101808 -0.000560709 -0.000577364
         vertex 0.00106797 -0.000442245 -0.000568923
         vertex 0.00136967 -0.000565458 -0.00075663
      endloop
   endfacet
   facet normal -0.474521 0.165882 -0.864472
      outer loop
         vertex 0.0011477 -0.000252953 -0.000555436
         vertex 0.00114912 -0.000227355 -0.000553621
         vertex 0.00145577 -0.000288031 -0.000741002
      endloop
   endfacet
   facet normal -0.501714 0.000477244 -0.865034
      outer loop
         vertex 0.00147315 0.0001377 -0.00071735
         vertex 0.0015 2.84701e-18 -0.000725
         vertex 0.00116185 7.45842e-07 -0.000537447
      endloop
   endfacet
   facet normal -0.502714 0.00808047 -0.864415
      outer loop
         vertex 0.00116871 0.00012371 -0.000528728
         vertex 0.00107208 0.00044211 -0.000506151
         vertex 0.00139009 0.000563595 -0.000693689
      endloop
   endfacet
   facet normal -0.467204 -0.184202 -0.864749
      outer loop
         vertex 0.00104034 0.000546705 -0.000498735
         vertex 0.000903447 0.000721665 -0.000484091
         vertex 0.00115791 0.00092692 -0.000671798
      endloop
   endfacet
   facet normal -0.371647 -0.338523 -0.864454
      outer loop
         vertex 0.000767793 0.000889767 -0.000469769
         vertex 0.000670227 0.000945806 -0.000461791
         vertex 0.000856359 0.00120855 -0.000649297
      endloop
   endfacet
   facet normal -0.202628 -0.458917 -0.865065
      outer loop
         vertex 0.00047418 0.00142163 -0.000624991
         vertex 0.00048266 0.00142022 -0.000625438
         vertex 0.000381712 0.00111152 -0.000438199
      endloop
   endfacet
   facet normal -0.115353 -0.488955 -0.864649
      outer loop
         vertex 0.000139811 0.00116689 -0.000421381
         vertex 4.41262e-05 0.00116087 -0.000415159
         vertex 5.39131e-05 0.00149109 -0.000602841
      endloop
   endfacet
   facet normal 0.0602364 -0.498964 -0.864527
      outer loop
         vertex -0.00027631 0.00114068 -0.000394319
         vertex -0.000348063 0.00143334 -0.000581402
         vertex -9.18485e-20 0.0015 -0.0006
      endloop
   endfacet
   facet normal 0.0639225 -0.498517 -0.86452
      outer loop
         vertex -0.000285139 0.00114013 -0.000393745
         vertex -0.000441552 0.00106801 -0.000381584
         vertex -0.00055422 0.00139386 -0.000570387
      endloop
   endfacet
   facet normal 0.239866 -0.441878 -0.864412
      outer loop
         vertex -0.000681877 0.000957201 -0.000362897
         vertex -0.000804516 0.000828917 -0.000350818
         vertex -0.00104247 0.00107854 -0.000538137
      endloop
   endfacet
   facet normal 0.389609 -0.316921 -0.864735
      outer loop
         vertex -0.000986896 0.000638142 -0.000332855
         vertex -0.00101399 0.000572416 -0.000328177
         vertex -0.00128648 0.000723655 -0.000515876
      endloop
   endfacet
   facet normal 0.408858 -0.291508 -0.864788
      outer loop
         vertex -0.00101399 0.000572416 -0.000328177
         vertex -0.00103424 0.000523268 -0.000324679
         vertex -0.00132127 0.000665091 -0.000512427
      endloop
   endfacet
   facet normal 0.475969 -0.161715 -0.864466
      outer loop
         vertex -0.00114993 0.000242607 -0.000304703
         vertex -0.00115034 0.000221421 -0.0003032
         vertex -0.00144995 0.000278554 -0.000490475
      endloop
   endfacet
   facet normal 0.501711 0.00130006 -0.865034
      outer loop
         vertex -0.00147214 -0.000142844 -0.000467064
         vertex -0.0015 2.03358e-18 -0.000475
         vertex -0.00115471 -4.0344e-07 -0.000287471
      endloop
   endfacet
   facet normal 0.50215 0.0241595 -0.864443
      outer loop
         vertex -0.00115858 -0.000197165 -0.000273519
         vertex -0.00108334 -0.000398363 -0.000259242
         vertex -0.00139935 -0.000516138 -0.000446326
      endloop
   endfacet
   facet normal 0.454383 0.213795 -0.864771
      outer loop
         vertex -0.00100367 -0.000611423 -0.000244122
         vertex -0.00093943 -0.000683483 -0.000237623
         vertex -0.00119311 -0.000871841 -0.000425117
      endloop
   endfacet
   facet normal 0.436369 0.248874 -0.864664
      outer loop
         vertex -0.00093943 -0.000683483 -0.000237623
         vertex -0.000903666 -0.000723601 -0.000234004
         vertex -0.00115619 -0.000929608 -0.000421636
      endloop
   endfacet
   facet normal 0.3446 0.366108 -0.864417
      outer loop
         vertex -0.00069587 -0.000947077 -0.000213321
         vertex -0.000674596 -0.000957124 -0.000211658
         vertex -0.000853924 -0.00120993 -0.000399142
      endloop
   endfacet
   facet normal 0.235023 0.443274 -0.865027
      outer loop
         vertex -0.000566588 -0.00137269 -0.000380796
         vertex -0.00044107 -0.00106741 -0.000193408
         vertex -0.000374657 -0.00109877 -0.000188218
      endloop
   endfacet
   facet normal 0.20534 0.457714 -0.865063
      outer loop
         vertex -0.00048266 -0.00142022 -0.000375438
         vertex -0.000485737 -0.00141848 -0.000375634
         vertex -0.000374657 -0.00109877 -0.000188218
      endloop
   endfacet
   facet normal 0.0793965 0.495912 -0.864735
      outer loop
         vertex -5.86145e-05 -0.00117378 -0.000166151
         vertex -4.19012e-05 -0.00117154 -0.000165041
         vertex -5.17043e-05 -0.00149145 -0.000352725
      endloop
   endfacet
   facet normal 0.0540832 0.499218 -0.864787
      outer loop
         vertex -1.22288e-06 -0.00116609 -0.00016234
         vertex 0.000276162 -0.00112895 -0.000143922
         vertex 0.000350003 -0.00143297 -0.000331298
      endloop
   endfacet
   facet normal -0.146761 0.479761 -0.865038
      outer loop
         vertex 0.00057186 -0.00138247 -0.000319222
         vertex 0.00055422 -0.00139386 -0.000320387
         vertex 0.00036533 -0.00111702 -0.000138002
      endloop
   endfacet
   facet normal -0.313585 0.391529 -0.865083
      outer loop
         vertex 0.00104247 -0.00107854 -0.000288137
         vertex 0.000748662 -0.000905923 -0.000106978
         vertex 0.000818868 -0.000820974 -9.96499e-05
      endloop
   endfacet
   facet normal -0.315515 0.391234 -0.864515
      outer loop
         vertex 0.000827085 -0.000811032 -9.87922e-05
         vertex 0.000851385 -0.000781629 -9.62558e-05
         vertex 0.00110497 -0.00101271 -0.000283301
      endloop
   endfacet
   facet normal -0.412035 0.287047 -0.864772
      outer loop
         vertex 0.0010307 -0.000564657 -7.75384e-05
         vertex 0.00104455 -0.000522304 -7.45353e-05
         vertex 0.00132477 -0.000659203 -0.00026208
      endloop
   endfacet
   facet normal -0.422253 0.271956 -0.864721
      outer loop
         vertex 0.00104455 -0.000522304 -7.45353e-05
         vertex 0.00106995 -0.00044457 -6.90233e-05
         vertex 0.0013781 -0.000569438 -0.000256793
      endloop
   endfacet
   facet normal -0.501564 0.012511 -0.86503
      outer loop
         vertex 0.00147994 0.00010287 -0.000219285
         vertex 0.0015 1.74307e-19 -0.000225
         vertex 0.00115642 -1.09022e-06 -3.75773e-05
      endloop
   endfacet
   facet normal -0.498535 -0.0641373 -0.864494
      outer loop
         vertex 0.00113972 0.000286764 -1.71663e-05
         vertex 0.00108908 0.000407856 -8.57237e-06
         vertex 0.00139757 0.00052524 -0.00019582
      endloop
   endfacet
   facet normal -0.479641 -0.146399 -0.865166
      outer loop
         vertex 0.00139009 0.000563595 -0.000193689
         vertex 0.00139757 0.00052524 -0.00019582
         vertex 0.00108908 0.000407856 -8.57237e-06
      endloop
   endfacet
   facet normal -0.454689 -0.213134 -0.864773
      outer loop
         vertex 0.00100461 0.000609875 5.7649e-06
         vertex 0.000899544 0.000728084 1.64077e-05
         vertex 0.00115204 0.000936097 -0.000171245
      endloop
   endfacet
   facet normal -0.355082 -0.355921 -0.864429
      outer loop
         vertex 0.000723519 0.000926127 3.42384e-05
         vertex 0.000671 0.000961901 3.87318e-05
         vertex 0.00084841 0.00121305 -0.00014879
      endloop
   endfacet
   facet normal -0.248565 -0.437104 -0.864381
      outer loop
         vertex 0.000442902 0.00106622 5.64371e-05
         vertex 0.000407983 0.00107843 5.90143e-05
         vertex 0.000525884 0.00139574 -0.000128198
      endloop
   endfacet
   facet normal -0.12596 -0.486372 -0.864625
      outer loop
         vertex 0.000164009 0.00116374 7.70209e-05
         vertex 8.37918e-05 0.00115995 8.22309e-05
         vertex 0.000103974 0.00148281 -0.00010548
      endloop
   endfacet
   facet normal -0.090347 -0.494082 -0.864708
      outer loop
         vertex 8.37918e-05 0.00115995 8.22309e-05
         vertex 2.48741e-05 0.00115716 8.60575e-05
         vertex 2.9899e-05 0.00149506 -0.000101576
      endloop
   endfacet
   facet normal 0.0588087 -0.49913 -0.864529
      outer loop
         vertex -0.000273029 0.00114309 0.000105406
         vertex -0.000293941 0.00113384 0.000107018
         vertex -0.000372758 0.00142861 -8.00826e-05
      endloop
   endfacet
   facet normal 0.0683302 -0.497945 -0.864512
      outer loop
         vertex -0.000293941 0.00113384 0.000107018
         vertex -0.000442032 0.00106834 0.000118434
         vertex -0.00055422 0.00139386 -7.03867e-05
      endloop
   endfacet
   facet normal 0.230617 -0.446786 -0.864406
      outer loop
         vertex -0.000662003 0.000971052 0.000135391
         vertex -0.000815446 0.000815642 0.000150324
         vertex -0.00104247 0.00107854 -3.8137e-05
      endloop
   endfacet
   facet normal 0.385711 -0.321694 -0.864719
      outer loop
         vertex -0.000979406 0.00064958 0.00016628
         vertex -0.00102111 0.000550349 0.000173355
         vertex -0.00130157 0.000698255 -1.43799e-05
      endloop
   endfacet
   facet normal 0.414234 -0.283898 -0.864761
      outer loop
         vertex -0.00102111 0.000550349 0.000173355
         vertex -0.0010399 0.000505657 0.000176542
         vertex -0.0013332 0.000645013 -1.12442e-05
      endloop
   endfacet
   facet normal 0.475613 -0.162749 -0.864468
      outer loop
         vertex -0.00114938 0.000245172 0.000195115
         vertex -0.00115031 0.000202514 0.00019814
         vertex -0.00145427 0.000254512 1.08604e-05
      endloop
   endfacet
   facet normal 0.501603 0.010196 -0.865038
      outer loop
         vertex -0.00146712 -0.000168595 3.43664e-05
         vertex -0.0015 -6.39124e-19 2.5e-05
         vertex -0.00115474 -4.46244e-07 0.000212532
      endloop
   endfacet
   facet normal 0.5022 0.0231343 -0.864442
      outer loop
         vertex -0.00115898 -0.000194846 0.000226316
         vertex -0.00107107 -0.000432057 0.000243145
         vertex -0.00139074 -0.0005603 5.61278e-05
      endloop
   endfacet
   facet normal 0.455155 0.212124 -0.864776
      outer loop
         vertex -0.00100604 -0.000607511 0.000255593
         vertex -0.000916714 -0.000708967 0.000264676
         vertex -0.0011697 -0.000908475 7.70907e-05
      endloop
   endfacet
   facet normal 0.429363 0.260889 -0.86463
      outer loop
         vertex -0.000916714 -0.000708967 0.000264676
         vertex -0.000893646 -0.000735168 0.000267021
         vertex -0.00114581 -0.000945858 7.93432e-05
      endloop
   endfacet
   facet normal 0.357531 0.353453 -0.864432
      outer loop
         vertex -0.000730019 -0.000921012 0.000283658
         vertex -0.000659765 -0.000964092 0.000289499
         vertex -0.000836402 -0.00121985 0.000101977
      endloop
   endfacet
   facet normal 0.199988 0.460069 -0.865067
      outer loop
         vertex -0.000465944 -0.00142299 0.000125443
         vertex -0.00048266 -0.00142022 0.000124562
         vertex -0.000447963 -0.00107842 0.000306559
      endloop
   endfacet
   facet normal 0.194898 0.46224 -0.865072
      outer loop
         vertex -0.00045011 -0.0014256 0.000126278
         vertex -0.000465944 -0.00142299 0.000125443
         vertex -0.000361138 -0.00109944 0.000312636
      endloop
   endfacet
   facet normal 0.0768022 0.496309 -0.864742
      outer loop
         vertex -5.28031e-05 -0.00117405 0.000334215
         vertex -2.23827e-05 -0.00116972 0.000336243
         vertex -2.68976e-05 -0.00149555 0.000148582
      endloop
   endfacet
   facet normal 0.0540497 0.49922 -0.864788
      outer loop
         vertex -1.21284e-06 -0.00116671 0.000337654
         vertex 0.000295795 -0.00112442 0.00035745
         vertex 0.000375405 -0.0014281 0.000170059
      endloop
   endfacet
   facet normal -0.146761 0.479761 -0.865038
      outer loop
         vertex 0.00057186 -0.00138247 0.000180778
         vertex 0.00055422 -0.00139386 0.000179613
         vertex 0.000378358 -0.00111267 0.000362952
      endloop
   endfacet
   facet normal -0.313585 0.391529 -0.865083
      outer loop
         vertex 0.00104247 -0.00107854 0.000211863
         vertex 0.000727157 -0.000923273 0.000391086
         vertex 0.000817261 -0.000819115 0.000400312
      endloop
   endfacet
   facet normal -0.321322 0.386451 -0.864528
      outer loop
         vertex 0.000836836 -0.000796486 0.000402316
         vertex 0.000864612 -0.000764377 0.00040516
         vertex 0.00112365 -0.000993035 0.000218144
      endloop
   endfacet
   facet normal -0.406105 0.29529 -0.864802
      outer loop
         vertex 0.00101833 -0.000586687 0.0004209
         vertex 0.00105989 -0.000506555 0.000426581
         vertex 0.00133766 -0.000637515 0.000239197
      endloop
   endfacet
   facet normal -0.481932 0.143111 -0.864443
      outer loop
         vertex 0.00114344 -0.000192822 0.000448828
         vertex 0.00145564 -0.000246901 0.000261283
         vertex 0.00140618 -0.000522158 0.000245991
      endloop
   endfacet
   facet normal -0.501694 0.00473656 -0.865032
      outer loop
         vertex 0.00147555 0.000125371 0.000281965
         vertex 0.0015 1.74307e-19 0.000275
         vertex 0.00116994 -1.76499e-07 0.000462487
      endloop
   endfacet
   facet normal -0.502718 -0.00650992 -0.864426
      outer loop
         vertex 0.00116469 0.000157089 0.000473639
         vertex 0.00107505 0.000423666 0.000492541
         vertex 0.0013931 0.00054817 0.000305454
      endloop
   endfacet
   facet normal -0.479641 -0.146399 -0.865166
      outer loop
         vertex 0.00139009 0.000563595 0.000306311
         vertex 0.0013931 0.00054817 0.000305454
         vertex 0.00107505 0.000423666 0.000492541
      endloop
   endfacet
   facet normal -0.460867 -0.199344 -0.864791
      outer loop
         vertex 0.00102296 0.000578577 0.000503525
         vertex 0.000884847 0.000742346 0.000517814
         vertex 0.00113845 0.000957363 0.000330036
      endloop
   endfacet
   facet normal -0.36238 -0.348463 -0.864439
      outer loop
         vertex 0.000742933 0.000910626 0.000532497
         vertex 0.000648316 0.000962905 0.00054016
         vertex 0.00082555 0.001226 0.00035267
      endloop
   endfacet
   facet normal -0.225128 -0.449495 -0.864449
      outer loop
         vertex 0.000394618 0.00110308 0.000560709
         vertex 0.000503804 0.00140825 0.000373212
         vertex 0.000566588 0.00137269 0.000369204
      endloop
   endfacet
   facet normal -0.216422 -0.453729 -0.86446
      outer loop
         vertex 0.000375528 0.00111363 0.000562255
         vertex 6.0391e-05 0.0011575 0.000583234
         vertex 7.8171e-05 0.00148708 0.00039588
      endloop
   endfacet
   facet normal -0.0553546 -0.49906 -0.864797
      outer loop
         vertex 3.61028e-06 0.0011654 0.000587014
         vertex 6.20128e-06 0.00149898 0.000399673
         vertex 7.8171e-05 0.00148708 0.00039588
      endloop
   endfacet
   facet normal -0.030205 -0.501316 -0.864737
      outer loop
         vertex -5.71053e-05 0.00117385 0.000591056
         vertex -0.000309907 0.00111309 0.000608734
         vertex -0.000397378 0.0014239 0.000421233
      endloop
   endfacet
   facet normal 0.14934 -0.480091 -0.864413
      outer loop
         vertex -0.000482617 0.00107157 0.000620812
         vertex -0.000609712 0.000982488 0.000631775
         vertex -0.000776789 0.00125012 0.000444314
      endloop
   endfacet
   facet normal 0.316779 -0.390205 -0.864518
      outer loop
         vertex -0.000842685 0.00081919 0.000651871
         vertex -0.000852635 0.000803931 0.000653055
         vertex -0.00109091 0.00102753 0.00046561
      endloop
   endfacet
   facet normal 0.346804 -0.362322 -0.86513
      outer loop
         vertex -0.00113115 0.000985142 0.000468724
         vertex -0.00109091 0.00102753 0.00046561
         vertex -0.000852635 0.000803931 0.000653055
      endloop
   endfacet
   facet normal 0.429011 -0.261277 -0.864687
      outer loop
         vertex -0.00105671 0.000490962 0.00067735
         vertex -0.00134504 0.000625079 0.00048993
         vertex -0.00131706 0.000672181 0.000487156
      endloop
   endfacet
   facet normal 0.382683 -0.92388 0
      outer loop
         vertex -0.000574025 0.00138582 0.00086875
         vertex -0.000445337 0.00143237 0.000860805
         vertex -0.000172085 0.00146413 0.000846674
      endloop
   endfacet
   facet normal 0.382683 -0.92388 0
      outer loop
         vertex -0.000574025 0.00138582 0.00086875
         vertex -0.000573894 0.00138546 0.000868293
         vertex -0.000445337 0.00143237 0.000860805
      endloop
   endfacet
   facet normal 0.11673 -0.993164 0
      outer loop
         vertex -0.000172085 0.00146413 0.000846674
         vertex 9.18485e-20 0.0015 0.00086875
         vertex -0.000574025 0.00138582 0.00086875
      endloop
   endfacet
   facet normal -1.60812e-16 -1 0
      outer loop
         vertex 9.18485e-20 0.0015 0.00086875
         vertex 0.00010492 0.00149633 0.00083235
         vertex 0.000232312 0.00146287 0.000825292
      endloop
   endfacet
   facet normal -0.15684 -0.987624 0
      outer loop
         vertex 0.000232312 0.00146287 0.000825292
         vertex 0.000574025 0.00138582 0.00086875
         vertex 9.18485e-20 0.0015 0.00086875
      endloop
   endfacet
   facet normal -1.60812e-16 -1 0
      outer loop
         vertex 9.18485e-20 0.0015 0.00086875
         vertex 1.8184e-06 0.00148434 0.000837682
         vertex 0.00010492 0.00149633 0.00083235
      endloop
   endfacet
   facet normal -0.387825 -0.921733 0
      outer loop
         vertex 0.000581738 0.0013826 0.00086875
         vertex 0.000570907 0.00137395 0.000806531
         vertex 0.000643832 0.0013548 0.00080249
      endloop
   endfacet
   facet normal -0.429221 -0.903199 0
      outer loop
         vertex 0.000643832 0.0013548 0.00080249
         vertex 0.00065043 0.00135164 0.000864585
         vertex 0.000581738 0.0013826 0.00086875
      endloop
   endfacet
   facet normal -0.438897 -0.898537 0
      outer loop
         vertex 0.000657045 0.00134514 0.000801586
         vertex 0.000985322 0.00110521 0.000779127
         vertex 0.000833789 0.00121824 0.000852058
      endloop
   endfacet
   facet normal -0.564801 -0.825227 0
      outer loop
         vertex 0.000833789 0.00121824 0.000852058
         vertex 0.000790592 0.00124967 0.000855009
         vertex 0.000657045 0.00134514 0.000801586
      endloop
   endfacet
   facet normal -0.665463 -0.746431 0
      outer loop
         vertex 0.000985322 0.00110521 0.000779127
         vertex 0.0010571 0.00105577 0.0008368
         vertex 0.000833789 0.00121824 0.000852058
      endloop
   endfacet
   facet normal -0.43362 -0.901096 0
      outer loop
         vertex 0.00065043 0.00135164 0.000864585
         vertex 0.000643832 0.0013548 0.00080249
         vertex 0.000657045 0.00134514 0.000801586
      endloop
   endfacet
   facet normal -0.534634 -0.845084 0
      outer loop
         vertex 0.000790592 0.00124967 0.000855009
         vertex 0.00065043 0.00135164 0.000864585
         vertex 0.000657045 0.00134514 0.000801586
      endloop
   endfacet
   facet normal -0.665463 -0.746431 0
      outer loop
         vertex 0.000985322 0.00110521 0.000779127
         vertex 0.00105565 0.0010538 0.000774316
         vertex 0.0010571 0.00105577 0.0008368
      endloop
   endfacet
   facet normal -0.707724 -0.706489 0
      outer loop
         vertex 0.00105565 0.0010538 0.000774316
         vertex 0.00109538 0.00102477 0.000771598
         vertex 0.00108584 0.00103487 0.000834837
      endloop
   endfacet
   facet normal -0.90999 -0.414631 0
      outer loop
         vertex 0.00135528 0.000617523 0.000809575
         vertex 0.00114137 0.000948847 0.00082963
         vertex 0.00124395 0.000792275 0.000757589
      endloop
   endfacet
   facet normal -0.730253 -0.683177 0
      outer loop
         vertex 0.00109538 0.00102477 0.000771598
         vertex 0.00124395 0.000792275 0.000757589
         vertex 0.00114137 0.000948847 0.00082963
      endloop
   endfacet
   facet normal -0.768982 -0.63927 0
      outer loop
         vertex 0.00114137 0.000948847 0.00082963
         vertex 0.00108584 0.00103487 0.000834837
         vertex 0.00109538 0.00102477 0.000771598
      endloop
   endfacet
   facet normal -0.92397 -0.382466 0
      outer loop
         vertex 0.00138412 0.000572941 0.000744374
         vertex 0.00138408 0.000572905 0.000806874
         vertex 0.00135528 0.000617523 0.000809575
      endloop
   endfacet
   facet normal -0.843456 -0.537198 0
      outer loop
         vertex 0.00124395 0.000792275 0.000757589
         vertex 0.00138412 0.000572941 0.000744374
         vertex 0.00135528 0.000617523 0.000809575
      endloop
   endfacet
   facet normal -0.958837 -0.283958 0
      outer loop
         vertex 0.0014181 0.000419969 0.000735832
         vertex 0.00149923 3.92787e-06 0.000712718
         vertex 0.00146147 0.000197578 0.000785977
      endloop
   endfacet
   facet normal -0.926729 -0.37573 0
      outer loop
         vertex 0.00139009 0.000563595 0.000806311
         vertex 0.00139009 0.000563595 0.000743811
         vertex 0.0014181 0.000419969 0.000735832
      endloop
   endfacet
   facet normal -1 -1.22465e-16 0
      outer loop
         vertex 0.0015 4.06716e-19 0.000775
         vertex 0.00146147 0.000197578 0.000785977
         vertex 0.00149923 3.92787e-06 0.000712718
      endloop
   endfacet
   facet normal -0.999997 -0.00261991 0
      outer loop
         vertex 0.00149923 3.92787e-06 0.000712718
         vertex 0.0015 2.90511e-18 0.0007125
         vertex 0.0015 4.06716e-19 0.000775
      endloop
   endfacet
   facet normal -0.92397 -0.382466 0
      outer loop
         vertex 0.00138412 0.000572941 0.000744374
         vertex 0.00139009 0.000563595 0.000743811
         vertex 0.00139009 0.000563595 0.000806311
      endloop
   endfacet
   facet normal -0.926729 -0.37573 0
      outer loop
         vertex 0.00139009 0.000563595 0.000806311
         vertex 0.00138408 0.000572905 0.000806874
         vertex 0.00138412 0.000572941 0.000744374
      endloop
   endfacet
   facet normal -1 -1.22465e-16 0
      outer loop
         vertex 0.0015 2.90511e-18 0.0007125
         vertex 0.00142538 -0.00041532 0.000689427
         vertex 0.00146028 -0.000221079 0.000762718
      endloop
   endfacet
   facet normal -0.960075 0.279742 0
      outer loop
         vertex 0.00142538 -0.00041532 0.000689427
         vertex 0.00140618 -0.000522158 0.000745991
         vertex 0.00146028 -0.000221079 0.000762718
      endloop
   endfacet
   facet normal -0.988733 0.14969 0
      outer loop
         vertex 0.00146028 -0.000221079 0.000762718
         vertex 0.0015 4.06716e-19 0.000775
         vertex 0.0015 2.90511e-18 0.0007125
      endloop
   endfacet
   facet normal -0.937456 0.348105 0
      outer loop
         vertex 0.00140618 -0.000522158 0.000683491
         vertex 0.0013781 -0.000569438 0.000680707
         vertex 0.0013781 -0.000569438 0.000743207
      endloop
   endfacet
   facet normal -0.924208 0.381889 0
      outer loop
         vertex 0.0013781 -0.000569438 0.000743207
         vertex 0.00140618 -0.000522158 0.000745991
         vertex 0.00140618 -0.000522158 0.000683491
      endloop
   endfacet
   facet normal -0.716454 0.697635 0
      outer loop
         vertex 0.00107378 -0.00104557 0.000651785
         vertex 0.00106002 -0.00106006 0.000713221
         vertex 0.00110448 -0.00101323 0.000716661
      endloop
   endfacet
   facet normal -0.736892 0.67601 0
      outer loop
         vertex 0.00110448 -0.00101323 0.000716661
         vertex 0.00113115 -0.000985142 0.000656224
         vertex 0.00107378 -0.00104557 0.000651785
      endloop
   endfacet
   facet normal -0.736892 0.67601 0
      outer loop
         vertex 0.00110448 -0.00101323 0.000716661
         vertex 0.00113115 -0.000985142 0.000718724
         vertex 0.00113115 -0.000985142 0.000656224
      endloop
   endfacet
   facet normal -0.760277 0.649599 0
      outer loop
         vertex 0.0011385 -0.000972763 0.000719453
         vertex 0.00134986 -0.000616968 0.000740407
         vertex 0.00125277 -0.000780404 0.000668282
      endloop
   endfacet
   facet normal -0.754099 0.656761 0
      outer loop
         vertex 0.00113115 -0.000985142 0.000656224
         vertex 0.00113115 -0.000985142 0.000718724
         vertex 0.0011385 -0.000972763 0.000719453
      endloop
   endfacet
   facet normal -0.924208 0.381889 0
      outer loop
         vertex 0.0013781 -0.000569438 0.000680707
         vertex 0.00125277 -0.000780404 0.000668282
         vertex 0.00134986 -0.000616968 0.000740407
      endloop
   endfacet
   facet normal -0.909503 0.415698 0
      outer loop
         vertex 0.00134986 -0.000616968 0.000740407
         vertex 0.0013781 -0.000569438 0.000743207
         vertex 0.0013781 -0.000569438 0.000680707
      endloop
   endfacet
   facet normal -0.848782 0.528742 0
      outer loop
         vertex 0.00125277 -0.000780404 0.000668282
         vertex 0.00113115 -0.000985142 0.000656224
         vertex 0.0011385 -0.000972763 0.000719453
      endloop
   endfacet
   facet normal -0.382241 0.924063 0
      outer loop
         vertex 0.00057186 -0.00138247 0.000680778
         vertex 0.000758934 -0.00126165 0.000693135
         vertex 0.00071371 -0.00129086 0.000627648
      endloop
   endfacet
   facet normal -0.69498 0.719029 0
      outer loop
         vertex 0.00104247 -0.00107854 0.000649363
         vertex 0.00071371 -0.00129086 0.000627648
         vertex 0.000758934 -0.00126165 0.000693135
      endloop
   endfacet
   facet normal -0.515465 0.85691 0
      outer loop
         vertex 0.000758934 -0.00126165 0.000693135
         vertex 0.00104247 -0.00107854 0.000711863
         vertex 0.00104247 -0.00107854 0.000649363
      endloop
   endfacet
   facet normal -0.69498 0.719029 0
      outer loop
         vertex 0.00104247 -0.00107854 0.000711863
         vertex 0.00106002 -0.00106006 0.000713221
         vertex 0.00106002 -0.00106006 0.000650721
      endloop
   endfacet
   facet normal -0.707096 0.707118 0
      outer loop
         vertex 0.00106002 -0.00106006 0.000650721
         vertex 0.00104247 -0.00107854 0.000649363
         vertex 0.00104247 -0.00107854 0.000711863
      endloop
   endfacet
   facet normal -0.36948 0.929239 0
      outer loop
         vertex 0.00055422 -0.00139386 0.000679613
         vertex 0.00057186 -0.00138247 0.000680778
         vertex 0.00057186 -0.00138247 0.000618278
      endloop
   endfacet
   facet normal -1.83697e-16 1 0
      outer loop
         vertex 2.75546e-19 -0.0015 0.00065
         vertex 0.000400837 -0.00142323 0.000671418
         vertex 0.000324647 -0.00143782 0.000604847
      endloop
   endfacet
   facet normal -0.36948 0.929239 0
      outer loop
         vertex 0.00055422 -0.00139386 0.000617113
         vertex 0.000324647 -0.00143782 0.000604847
         vertex 0.000400837 -0.00142323 0.000671418
      endloop
   endfacet
   facet normal -0.271092 0.962553 0
      outer loop
         vertex 0.000400837 -0.00142323 0.000671418
         vertex 0.00055422 -0.00139386 0.000679613
         vertex 0.00055422 -0.00139386 0.000617113
      endloop
   endfacet
   facet normal -0.220246 0.975444 0
      outer loop
         vertex 0.000324647 -0.00143782 0.000604847
         vertex 1.83697e-19 -0.0015 0.0005875
         vertex 2.75546e-19 -0.0015 0.00065
      endloop
   endfacet
   facet normal 0.321774 0.946817 0
      outer loop
         vertex -0.00048266 -0.00142022 0.000562062
         vertex -0.000566588 -0.00137269 0.000556704
         vertex -0.000566588 -0.00137269 0.000619204
      endloop
   endfacet
   facet normal 0.03266 0.999467 0
      outer loop
         vertex -4.87528e-05 -0.00149194 0.000584931
         vertex -0.000474142 -0.00142163 0.000562511
         vertex -0.000422836 -0.00143011 0.000627715
      endloop
   endfacet
   facet normal -1.83697e-16 1 0
      outer loop
         vertex 1.83697e-19 -0.0015 0.0005875
         vertex -4.87528e-05 -0.00149194 0.000584931
         vertex -2.39495e-06 -0.0014996 0.000649874
      endloop
   endfacet
   facet normal 0.00159705 0.999999 0
      outer loop
         vertex -2.39495e-06 -0.0014996 0.000649874
         vertex 2.75546e-19 -0.0015 0.00065
         vertex 1.83697e-19 -0.0015 0.0005875
      endloop
   endfacet
   facet normal 0.316387 0.94863 0
      outer loop
         vertex -0.000474142 -0.00142163 0.000562511
         vertex -0.00048266 -0.00142022 0.000624562
         vertex -0.000445791 -0.00142632 0.000626505
      endloop
   endfacet
   facet normal 0.298315 0.954467 0
      outer loop
         vertex -0.000445791 -0.00142632 0.000626505
         vertex -0.000422836 -0.00143011 0.000627715
         vertex -0.000474142 -0.00142163 0.000562511
      endloop
   endfacet
   facet normal 0.283533 0.958963 0
      outer loop
         vertex -0.000422836 -0.00143011 0.000627715
         vertex -2.39495e-06 -0.0014996 0.000649874
         vertex -4.87528e-05 -0.00149194 0.000584931
      endloop
   endfacet
   facet normal 0.316387 0.94863 0
      outer loop
         vertex -0.000474142 -0.00142163 0.000562511
         vertex -0.00048266 -0.00142022 0.000562062
         vertex -0.00048266 -0.00142022 0.000624562
      endloop
   endfacet
   facet normal 0.381535 0.924354 0
      outer loop
         vertex -0.000566588 -0.00137269 0.000556704
         vertex -0.000856587 -0.00120842 0.000538188
         vertex -0.000818973 -0.00122972 0.000603089
      endloop
   endfacet
   facet normal 0.646625 0.762808 0
      outer loop
         vertex -0.000969938 -0.00114421 0.000593451
         vertex -0.000818973 -0.00122972 0.000603089
         vertex -0.000856587 -0.00120842 0.000538188
      endloop
   endfacet
   facet normal 0.578298 0.815826 0
      outer loop
         vertex -0.000856587 -0.00120842 0.000538188
         vertex -0.000969938 -0.00114421 0.000530951
         vertex -0.000969938 -0.00114421 0.000593451
      endloop
   endfacet
   facet normal 0.70713 0.707083 0
      outer loop
         vertex -0.00105924 -0.00105917 0.000586792
         vertex -0.000969938 -0.00114421 0.000593451
         vertex -0.000975206 -0.0011392 0.000530558
      endloop
   endfacet
   facet normal 0.646625 0.762808 0
      outer loop
         vertex -0.000969938 -0.00114421 0.000593451
         vertex -0.000969938 -0.00114421 0.000530951
         vertex -0.000975206 -0.0011392 0.000530558
      endloop
   endfacet
   facet normal 0.650312 0.759668 0
      outer loop
         vertex -0.000975206 -0.0011392 0.000530558
         vertex -0.00105924 -0.00105917 0.000524292
         vertex -0.00105924 -0.00105917 0.000586792
      endloop
   endfacet
   facet normal 0.70713 0.707083 0
      outer loop
         vertex -0.00105924 -0.00105917 0.000524292
         vertex -0.00109538 -0.00102477 0.000521598
         vertex -0.00109538 -0.00102477 0.000584098
      endloop
   endfacet
   facet normal 0.916036 0.401097 0
      outer loop
         vertex -0.00136759 -0.000598813 0.000558433
         vertex -0.00114593 -0.00094566 0.000579331
         vertex -0.00122754 -0.00081796 0.000509137
      endloop
   endfacet
   facet normal 0.730253 0.683177 0
      outer loop
         vertex -0.00109538 -0.00102477 0.000521598
         vertex -0.00122754 -0.00081796 0.000509137
         vertex -0.00114593 -0.00094566 0.000579331
      endloop
   endfacet
   facet normal 0.771286 0.636489 0
      outer loop
         vertex -0.00114593 -0.00094566 0.000579331
         vertex -0.00113551 -0.000961976 0.000580314
         vertex -0.00109538 -0.00102477 0.000521598
      endloop
   endfacet
   facet normal 0.832176 0.554512 0
      outer loop
         vertex -0.00122754 -0.00081796 0.000509137
         vertex -0.00138412 -0.000572941 0.000494374
         vertex -0.00136759 -0.000598813 0.000558433
      endloop
   endfacet
   facet normal 0.92397 0.382466 0
      outer loop
         vertex -0.00138412 -0.000572941 0.000494374
         vertex -0.00138412 -0.000572941 0.000556874
         vertex -0.00136759 -0.000598813 0.000558433
      endloop
   endfacet
   facet normal 0.763 0.646398 0
      outer loop
         vertex -0.00113551 -0.000961976 0.000580314
         vertex -0.00109538 -0.00102477 0.000584098
         vertex -0.00109538 -0.00102477 0.000521598
      endloop
   endfacet
   facet normal 0.952349 0.30501 0
      outer loop
         vertex -0.00141182 -0.000452167 0.00048762
         vertex -0.00149302 -3.57978e-05 0.000464489
         vertex -0.0014621 -0.000194354 0.000535797
      endloop
   endfacet
   facet normal 0.926729 0.37573 0
      outer loop
         vertex -0.00139009 -0.000563595 0.000556311
         vertex -0.00139009 -0.000563595 0.000493811
         vertex -0.00141182 -0.000452167 0.00048762
      endloop
   endfacet
   facet normal 1 0 0
      outer loop
         vertex -0.0015 -6.39124e-19 0.000525
         vertex -0.0014621 -0.000194354 0.000535797
         vertex -0.00149302 -3.57978e-05 0.000464489
      endloop
   endfacet
   facet normal 0.999713 0.0239699 0
      outer loop
         vertex -0.00149302 -3.57978e-05 0.000464489
         vertex -0.0015 -2.81709e-16 0.0004625
         vertex -0.0015 -6.39124e-19 0.000525
      endloop
   endfacet
   facet normal 0.92397 0.382466 0
      outer loop
         vertex -0.00138412 -0.000572941 0.000494374
         vertex -0.00139009 -0.000563595 0.000493811
         vertex -0.00139009 -0.000563595 0.000556311
      endloop
   endfacet
   facet normal 0.926729 0.37573 0
      outer loop
         vertex -0.00139009 -0.000563595 0.000556311
         vertex -0.00138412 -0.000572941 0.000556874
         vertex -0.00138412 -0.000572941 0.000494374
      endloop
   endfacet
   facet normal -1.83697e-16 1 0
      outer loop
         vertex 9.18485e-20 -0.0015 -0.00086875
         vertex -0.000363848 -0.0014552 -0.00086875
         vertex -8.21572e-05 -0.00147074 -0.000854389
      endloop
   endfacet
   facet normal -0.382683 0.92388 0
      outer loop
         vertex 0.000574025 -0.00138582 -0.00086875
         vertex 0.00020155 -0.0014864 -0.000839925
         vertex 0.000318421 -0.00144625 -0.000833187
      endloop
   endfacet
   facet normal -1.83697e-16 1 0
      outer loop
         vertex 9.18485e-20 -0.0015 -0.00086875
         vertex 1.35872e-06 -0.00147535 -0.000850131
         vertex 0.00020155 -0.0014864 -0.000839925
      endloop
   endfacet
   facet normal -0.134367 0.990932 0
      outer loop
         vertex 0.00020155 -0.0014864 -0.000839925
         vertex 0.000574025 -0.00138582 -0.00086875
         vertex 9.18485e-20 -0.0015 -0.00086875
      endloop
   endfacet
   facet normal -0.521494 0.853255 0
      outer loop
         vertex 0.000782242 -0.00127988 -0.00086875
         vertex 0.000720047 -0.00130827 -0.000810031
         vertex 0.000754483 -0.00129644 -0.000808045
      endloop
   endfacet
   facet normal -0.382683 0.92388 0
      outer loop
         vertex 0.000574025 -0.00138582 -0.00086875
         vertex 0.000565609 -0.00136133 -0.000818935
         vertex 0.000720047 -0.00130827 -0.000810031
      endloop
   endfacet
   facet normal -0.482175 0.876075 0
      outer loop
         vertex 0.000720047 -0.00130827 -0.000810031
         vertex 0.000782242 -0.00127988 -0.00086875
         vertex 0.000574025 -0.00138582 -0.00086875
      endloop
   endfacet
   facet normal -0.707866 0.706347 0
      outer loop
         vertex 0.00104617 -0.00104392 -0.000786997
         vertex 0.00104304 -0.0010414 -0.000849578
         vertex 0.000826176 -0.00123971 -0.00086552
      endloop
   endfacet
   facet normal -0.554563 0.832142 0
      outer loop
         vertex 0.000826176 -0.00123971 -0.00086552
         vertex 0.000754483 -0.00129644 -0.000808045
         vertex 0.00104617 -0.00104392 -0.000786997
      endloop
   endfacet
   facet normal -0.708231 0.70598 0
      outer loop
         vertex 0.00104675 -0.00104342 -0.000786956
         vertex 0.00117502 -0.000932374 -0.000777699
         vertex 0.00113969 -0.000953014 -0.000842472
      endloop
   endfacet
   facet normal -0.707665 0.706548 0
      outer loop
         vertex 0.00104304 -0.0010414 -0.000849578
         vertex 0.00104617 -0.00104392 -0.000786997
         vertex 0.00104675 -0.00104342 -0.000786956
      endloop
   endfacet
   facet normal -0.783349 0.621583 0
      outer loop
         vertex 0.00117502 -0.000932374 -0.000777699
         vertex 0.001205 -0.000893295 -0.000837671
         vertex 0.00113969 -0.000953014 -0.000842472
      endloop
   endfacet
   facet normal -0.803333 0.59553 0
      outer loop
         vertex 0.001205 -0.000893295 -0.000837671
         vertex 0.00117502 -0.000932374 -0.000777699
         vertex 0.00129276 -0.000710433 -0.000764955
      endloop
   endfacet
   facet normal -0.876383 0.481614 0
      outer loop
         vertex 0.00129276 -0.000710433 -0.000764955
         vertex 0.00134532 -0.000602115 -0.000821183
         vertex 0.001205 -0.000893295 -0.000837671
      endloop
   endfacet
   facet normal -0.924327 0.381602 0
      outer loop
         vertex 0.00136967 -0.000565458 -0.00075663
         vertex 0.00136394 -0.000563482 -0.000818995
         vertex 0.00134532 -0.000602115 -0.000821183
      endloop
   endfacet
   facet normal -0.876383 0.481614 0
      outer loop
         vertex 0.00129276 -0.000710433 -0.000764955
         vertex 0.00136967 -0.000565458 -0.00075663
         vertex 0.00134532 -0.000602115 -0.000821183
      endloop
   endfacet
   facet normal -0.966338 0.257278 0
      outer loop
         vertex 0.00144951 -0.000385917 -0.00080894
         vertex 0.00144833 -0.000336516 -0.000743695
         vertex 0.00145577 -0.000288031 -0.000741002
      endloop
   endfacet
   facet normal -0.966338 0.257278 0
      outer loop
         vertex 0.00144951 -0.000385917 -0.00080894
         vertex 0.0014309 -0.000450034 -0.000750002
         vertex 0.00144833 -0.000336516 -0.000743695
      endloop
   endfacet
   facet normal -0.980983 0.194092 0
      outer loop
         vertex 0.00145577 -0.000288031 -0.000741002
         vertex 0.0015 2.84701e-18 -0.000725
         vertex 0.00148434 -0.000119689 -0.000794149
      endloop
   endfacet
   facet normal -1 -1.89882e-15 0
      outer loop
         vertex 0.0015 2.84701e-18 -0.000725
         vertex 0.0015 3.67003e-16 -0.0007875
         vertex 0.00148434 -0.000119689 -0.000794149
      endloop
   endfacet
   facet normal -0.996765 0.0803733 0
      outer loop
         vertex 0.00148434 -0.000119689 -0.000794149
         vertex 0.00147185 -0.000215124 -0.000799451
         vertex 0.00145577 -0.000288031 -0.000741002
      endloop
   endfacet
   facet normal -0.924234 0.381827 0
      outer loop
         vertex 0.00136394 -0.000563482 -0.000818995
         vertex 0.00136967 -0.000565458 -0.00075663
         vertex 0.0014309 -0.000450034 -0.000750002
      endloop
   endfacet
   facet normal -0.953932 0.300023 0
      outer loop
         vertex 0.0014309 -0.000450034 -0.000750002
         vertex 0.00144951 -0.000385917 -0.00080894
         vertex 0.00136394 -0.000563482 -0.000818995
      endloop
   endfacet
   facet normal -0.926729 -0.37573 0
      outer loop
         vertex 0.00139009 0.000563595 -0.000693689
         vertex 0.00139009 0.000563595 -0.000756189
         vertex 0.00143913 0.000312163 -0.000770158
      endloop
   endfacet
   facet normal -0.977274 -0.211982 0
      outer loop
         vertex 0.00143913 0.000312163 -0.000770158
         vertex 0.00147315 0.0001377 -0.00071735
         vertex 0.00139009 0.000563595 -0.000693689
      endloop
   endfacet
   facet normal -1 -1.89882e-15 0
      outer loop
         vertex 0.0015 3.67003e-16 -0.0007875
         vertex 0.0015 2.84701e-18 -0.000725
         vertex 0.00147315 0.0001377 -0.00071735
      endloop
   endfacet
   facet normal -0.92397 -0.382466 0
      outer loop
         vertex 0.00138412 0.000572941 -0.000755626
         vertex 0.00139009 0.000563595 -0.000756189
         vertex 0.00139009 0.000563595 -0.000693689
      endloop
   endfacet
   facet normal -0.926729 -0.37573 0
      outer loop
         vertex 0.00139009 0.000563595 -0.000693689
         vertex 0.0013864 0.000569378 -0.000693341
         vertex 0.00138412 0.000572941 -0.000755626
      endloop
   endfacet
   facet normal -0.925028 -0.379899 0
      outer loop
         vertex 0.0013864 0.000569378 -0.000693341
         vertex 0.00138412 0.000572941 -0.000693126
         vertex 0.00138412 0.000572941 -0.000755626
      endloop
   endfacet
   facet normal -0.730253 -0.683177 0
      outer loop
         vertex 0.00109538 0.00102477 -0.000665902
         vertex 0.00105924 0.00105917 -0.000663208
         vertex 0.00106542 0.0010533 -0.000726168
      endloop
   endfacet
   facet normal -0.70713 -0.707083 0
      outer loop
         vertex 0.00105924 0.00105917 -0.000663208
         vertex 0.00105924 0.00105917 -0.000725708
         vertex 0.00106542 0.0010533 -0.000726168
      endloop
   endfacet
   facet normal -0.780674 -0.624939 0
      outer loop
         vertex 0.00115791 0.00092692 -0.000671798
         vertex 0.00109538 0.00102477 -0.000728402
         vertex 0.00129763 0.00070829 -0.000747471
      endloop
   endfacet
   facet normal -0.877755 -0.47911 0
      outer loop
         vertex 0.00129763 0.00070829 -0.000747471
         vertex 0.00138412 0.000572941 -0.000693126
         vertex 0.00115791 0.00092692 -0.000671798
      endloop
   endfacet
   facet normal -0.780674 -0.624939 0
      outer loop
         vertex 0.00115791 0.00092692 -0.000671798
         vertex 0.00109538 0.00102477 -0.000665902
         vertex 0.00109538 0.00102477 -0.000728402
      endloop
   endfacet
   facet normal -0.877755 -0.47911 0
      outer loop
         vertex 0.00129763 0.00070829 -0.000747471
         vertex 0.00138412 0.000572941 -0.000755626
         vertex 0.00138412 0.000572941 -0.000693126
      endloop
   endfacet
   facet normal -0.381535 -0.924354 0
      outer loop
         vertex 0.000566588 0.00137269 -0.000630796
         vertex 0.000566588 0.00137269 -0.000693296
         vertex 0.000712412 0.00129008 -0.000702607
      endloop
   endfacet
   facet normal -0.483411 -0.875394 0
      outer loop
         vertex 0.000712412 0.00129008 -0.000702607
         vertex 0.000856359 0.00120855 -0.000649297
         vertex 0.000566588 0.00137269 -0.000630796
      endloop
   endfacet
   facet normal -0.646625 -0.762808 0
      outer loop
         vertex 0.000969938 0.00114421 -0.000719049
         vertex 0.000969938 0.00114421 -0.000656549
         vertex 0.000856359 0.00120855 -0.000649297
      endloop
   endfacet
   facet normal -0.646625 -0.762808 0
      outer loop
         vertex 0.000969938 0.00114421 -0.000719049
         vertex 0.00105924 0.00105917 -0.000725708
         vertex 0.00105924 0.00105917 -0.000663208
      endloop
   endfacet
   facet normal -0.70713 -0.707083 0
      outer loop
         vertex 0.00105924 0.00105917 -0.000663208
         vertex 0.000969938 0.00114421 -0.000656549
         vertex 0.000969938 0.00114421 -0.000719049
      endloop
   endfacet
   facet normal -0.321774 -0.946817 0
      outer loop
         vertex 0.00048266 0.00142022 -0.000687938
         vertex 0.000566588 0.00137269 -0.000693296
         vertex 0.000566588 0.00137269 -0.000630796
      endloop
   endfacet
   facet normal -0.321774 -0.946817 0
      outer loop
         vertex 0.00048266 0.00142022 -0.000687938
         vertex 0.00048266 0.00142022 -0.000625438
         vertex 0.00047418 0.00142163 -0.000624991
      endloop
   endfacet
   facet normal -0.0361332 -0.999347 0
      outer loop
         vertex 5.39131e-05 0.00149109 -0.000602841
         vertex 0 0.0015 -0.0006625
         vertex 0.000306684 0.00144931 -0.000678663
      endloop
   endfacet
   facet normal -0.207022 -0.978336 0
      outer loop
         vertex 0.000306684 0.00144931 -0.000678663
         vertex 0.00047418 0.00142163 -0.000624991
         vertex 5.39131e-05 0.00149109 -0.000602841
      endloop
   endfacet
   facet normal -0.0361332 -0.999347 0
      outer loop
         vertex 5.39131e-05 0.00149109 -0.000602841
         vertex -9.18485e-20 0.0015 -0.0006
         vertex 0 0.0015 -0.0006625
      endloop
   endfacet
   facet normal -0.316411 -0.948622 0
      outer loop
         vertex 0.00047418 0.00142163 -0.000624991
         vertex 0.000306684 0.00144931 -0.000678663
         vertex 0.00048266 0.00142022 -0.000687938
      endloop
   endfacet
   facet normal 0.36948 -0.929239 0
      outer loop
         vertex -0.00055422 0.00139386 -0.000570387
         vertex -0.00057186 0.00138247 -0.000569222
         vertex -0.00057186 0.00138247 -0.000631722
      endloop
   endfacet
   facet normal 0.36948 -0.929239 0
      outer loop
         vertex -0.00055422 0.00139386 -0.000570387
         vertex -0.00055422 0.00139386 -0.000632887
         vertex -0.000521169 0.00140019 -0.000634653
      endloop
   endfacet
   facet normal 0.0758297 -0.997121 0
      outer loop
         vertex -0.000112435 0.00147847 -0.000656492
         vertex -9.18485e-20 0.0015 -0.0006
         vertex -0.000348063 0.00143334 -0.000581402
      endloop
   endfacet
   facet normal 0.235976 -0.971759 0
      outer loop
         vertex -0.000348063 0.00143334 -0.000581402
         vertex -0.000521169 0.00140019 -0.000634653
         vertex -0.000112435 0.00147847 -0.000656492
      endloop
   endfacet
   facet normal 0.348833 -0.937185 0
      outer loop
         vertex -0.000521169 0.00140019 -0.000634653
         vertex -0.000348063 0.00143334 -0.000581402
         vertex -0.00055422 0.00139386 -0.000570387
      endloop
   endfacet
   facet normal 0.0758297 -0.997121 0
      outer loop
         vertex -0.000112435 0.00147847 -0.000656492
         vertex 0 0.0015 -0.0006625
         vertex -9.18485e-20 0.0015 -0.0006
      endloop
   endfacet
   facet normal 0.382241 -0.924063 0
      outer loop
         vertex -0.00057186 0.00138247 -0.000631722
         vertex -0.00057186 0.00138247 -0.000569222
         vertex -0.000732455 0.00127875 -0.000558614
      endloop
   endfacet
   facet normal 0.69498 -0.719029 0
      outer loop
         vertex -0.00104247 0.00107854 -0.000538137
         vertex -0.0010314 0.00108569 -0.000601368
         vertex -0.000881351 0.0011826 -0.000611279
      endloop
   endfacet
   facet normal 0.69498 -0.719029 0
      outer loop
         vertex -0.00104247 0.00107854 -0.000538137
         vertex -0.00104247 0.00107854 -0.000600637
         vertex -0.0010314 0.00108569 -0.000601368
      endloop
   endfacet
   facet normal 0.597569 -0.801818 0
      outer loop
         vertex -0.000881351 0.0011826 -0.000611279
         vertex -0.000732455 0.00127875 -0.000558614
         vertex -0.00104247 0.00107854 -0.000538137
      endloop
   endfacet
   facet normal 0.707096 -0.707118 0
      outer loop
         vertex -0.00106002 0.00106006 -0.000599279
         vertex -0.00104247 0.00107854 -0.000600637
         vertex -0.00104524 0.00107562 -0.000537923
      endloop
   endfacet
   facet normal 0.69498 -0.719029 0
      outer loop
         vertex -0.00104247 0.00107854 -0.000600637
         vertex -0.00104247 0.00107854 -0.000538137
         vertex -0.00104524 0.00107562 -0.000537923
      endloop
   endfacet
   facet normal 0.696906 -0.717163 0
      outer loop
         vertex -0.00104524 0.00107562 -0.000537923
         vertex -0.00106002 0.00106006 -0.000536779
         vertex -0.00106002 0.00106006 -0.000599279
      endloop
   endfacet
   facet normal 0.754099 -0.656761 0
      outer loop
         vertex -0.00113115 0.000985142 -0.000593776
         vertex -0.00106002 0.00106006 -0.000599279
         vertex -0.00106002 0.00106006 -0.000536779
      endloop
   endfacet
   facet normal 0.924208 -0.381889 0
      outer loop
         vertex -0.0013781 0.000569438 -0.000569293
         vertex -0.00127625 0.000740877 -0.00057939
         vertex -0.00132127 0.000665091 -0.000512427
      endloop
   endfacet
   facet normal 0.86484 -0.502048 0
      outer loop
         vertex -0.00127625 0.000740877 -0.00057939
         vertex -0.00128648 0.000723655 -0.000515876
         vertex -0.00132127 0.000665091 -0.000512427
      endloop
   endfacet
   facet normal 0.754099 -0.656761 0
      outer loop
         vertex -0.00113115 0.000985142 -0.000531276
         vertex -0.00128648 0.000723655 -0.000515876
         vertex -0.00127625 0.000740877 -0.00057939
      endloop
   endfacet
   facet normal 0.86484 -0.502048 0
      outer loop
         vertex -0.00127625 0.000740877 -0.00057939
         vertex -0.00113115 0.000985142 -0.000593776
         vertex -0.00113115 0.000985142 -0.000531276
      endloop
   endfacet
   facet normal 0.89322 -0.449621 0
      outer loop
         vertex -0.00132127 0.000665091 -0.000512427
         vertex -0.0013781 0.000569438 -0.000506793
         vertex -0.0013781 0.000569438 -0.000569293
      endloop
   endfacet
   facet normal 0.937456 -0.348105 0
      outer loop
         vertex -0.00140618 0.000522158 -0.000504009
         vertex -0.00144995 0.000278554 -0.000490475
         vertex -0.0014337 0.000369008 -0.000558
      endloop
   endfacet
   facet normal 1 7.35036e-15 0
      outer loop
         vertex -0.0015 -1.13009e-17 -0.0005375
         vertex -0.0014337 0.000369008 -0.000558
         vertex -0.00144995 0.000278554 -0.000490475
      endloop
   endfacet
   facet normal 0.982042 -0.188663 0
      outer loop
         vertex -0.00144995 0.000278554 -0.000490475
         vertex -0.0015 2.03358e-18 -0.000475
         vertex -0.0015 -1.13009e-17 -0.0005375
      endloop
   endfacet
   facet normal 0.937456 -0.348105 0
      outer loop
         vertex -0.00140618 0.000522158 -0.000566509
         vertex -0.0013781 0.000569438 -0.000569293
         vertex -0.0013781 0.000569438 -0.000506793
      endloop
   endfacet
   facet normal 0.924208 -0.381889 0
      outer loop
         vertex -0.0013781 0.000569438 -0.000506793
         vertex -0.00140618 0.000522158 -0.000504009
         vertex -0.00140618 0.000522158 -0.000566509
      endloop
   endfacet
   facet normal 0.926729 0.37573 0
      outer loop
         vertex -0.00139009 -0.000563595 -0.000506189
         vertex -0.00140656 -0.000479174 -0.000510879
         vertex -0.00139935 -0.000516138 -0.000446326
      endloop
   endfacet
   facet normal 0.946579 0.322473 0
      outer loop
         vertex -0.00140656 -0.000479174 -0.000510879
         vertex -0.00149137 -4.42527e-05 -0.000535042
         vertex -0.00147214 -0.000142844 -0.000467064
      endloop
   endfacet
   facet normal 1 7.35036e-15 0
      outer loop
         vertex -0.0015 2.03358e-18 -0.000475
         vertex -0.00147214 -0.000142844 -0.000467064
         vertex -0.00149137 -4.42527e-05 -0.000535042
      endloop
   endfacet
   facet normal 0.99956 0.0296595 0
      outer loop
         vertex -0.00149137 -4.42527e-05 -0.000535042
         vertex -0.0015 -1.13009e-17 -0.0005375
         vertex -0.0015 2.03358e-18 -0.000475
      endloop
   endfacet
   facet normal 0.995325 0.0965778 0
      outer loop
         vertex -0.00147214 -0.000142844 -0.000467064
         vertex -0.00139935 -0.000516138 -0.000446326
         vertex -0.00140656 -0.000479174 -0.000510879
      endloop
   endfacet
   facet normal 0.92397 0.382466 0
      outer loop
         vertex -0.00138412 -0.000572941 -0.000505626
         vertex -0.00139009 -0.000563595 -0.000506189
         vertex -0.00139009 -0.000563595 -0.000443689
      endloop
   endfacet
   facet normal 0.926729 0.37573 0
      outer loop
         vertex -0.00139009 -0.000563595 -0.000443689
         vertex -0.00138412 -0.000572941 -0.000443126
         vertex -0.00138412 -0.000572941 -0.000505626
      endloop
   endfacet
   facet normal 0.70713 0.707083 0
      outer loop
         vertex -0.00105924 -0.00105917 -0.000475708
         vertex -0.00109538 -0.00102477 -0.000478402
         vertex -0.00109538 -0.00102477 -0.000415902
      endloop
   endfacet
   facet normal 0.92397 0.382466 0
      outer loop
         vertex -0.00138412 -0.000572941 -0.000443126
         vertex -0.00119311 -0.000871841 -0.000425117
         vertex -0.00121371 -0.000839602 -0.000489559
      endloop
   endfacet
   facet normal 0.822401 0.568909 0
      outer loop
         vertex -0.00121371 -0.000839602 -0.000489559
         vertex -0.00119311 -0.000871841 -0.000425117
         vertex -0.00115619 -0.000929608 -0.000421636
      endloop
   endfacet
   facet normal 0.779336 0.626607 0
      outer loop
         vertex -0.00115619 -0.000929608 -0.000421636
         vertex -0.00109538 -0.00102477 -0.000478402
         vertex -0.00121371 -0.000839602 -0.000489559
      endloop
   endfacet
   facet normal 0.779336 0.626607 0
      outer loop
         vertex -0.00115619 -0.000929608 -0.000421636
         vertex -0.00109538 -0.00102477 -0.000415902
         vertex -0.00109538 -0.00102477 -0.000478402
      endloop
   endfacet
   facet normal 0.822401 0.568909 0
      outer loop
         vertex -0.00121371 -0.000839602 -0.000489559
         vertex -0.00138412 -0.000572941 -0.000505626
         vertex -0.00138412 -0.000572941 -0.000443126
      endloop
   endfacet
   facet normal 0.576619 0.817013 0
      outer loop
         vertex -0.000853924 -0.00120993 -0.000399142
         vertex -0.000566588 -0.00137269 -0.000380796
         vertex -0.00069658 -0.00129905 -0.000451596
      endloop
   endfacet
   facet normal 0.646625 0.762808 0
      outer loop
         vertex -0.000969938 -0.00114421 -0.000469049
         vertex -0.000969938 -0.00114421 -0.000406549
         vertex -0.000853924 -0.00120993 -0.000399142
      endloop
   endfacet
   facet normal 0.381535 0.924354 0
      outer loop
         vertex -0.000566588 -0.00137269 -0.000380796
         vertex -0.000566588 -0.00137269 -0.000443296
         vertex -0.00069658 -0.00129905 -0.000451596
      endloop
   endfacet
   facet normal 0.646625 0.762808 0
      outer loop
         vertex -0.000969938 -0.00114421 -0.000406549
         vertex -0.000969938 -0.00114421 -0.000469049
         vertex -0.00105278 -0.00106533 -0.000475226
      endloop
   endfacet
   facet normal 0.702907 0.711281 0
      outer loop
         vertex -0.00105278 -0.00106533 -0.000475226
         vertex -0.00105924 -0.00105917 -0.000413208
         vertex -0.000969938 -0.00114421 -0.000406549
      endloop
   endfacet
   facet normal 0.702907 0.711281 0
      outer loop
         vertex -0.00105278 -0.00106533 -0.000475226
         vertex -0.00105924 -0.00105917 -0.000475708
         vertex -0.00105924 -0.00105917 -0.000413208
      endloop
   endfacet
   facet normal 0.321774 0.946817 0
      outer loop
         vertex -0.00048266 -0.00142022 -0.000437938
         vertex -0.000566588 -0.00137269 -0.000443296
         vertex -0.000566588 -0.00137269 -0.000380796
      endloop
   endfacet
   facet normal 0.321774 0.946817 0
      outer loop
         vertex -0.00048266 -0.00142022 -0.000437938
         vertex -0.00048266 -0.00142022 -0.000375438
         vertex -0.000477342 -0.0014211 -0.000375158
      endloop
   endfacet
   facet normal 0.321774 0.946817 0
      outer loop
         vertex -0.00048266 -0.00142022 -0.000437938
         vertex -0.000485737 -0.00141848 -0.000375634
         vertex -0.00048266 -0.00142022 -0.000375438
      endloop
   endfacet
   facet normal 0.0346462 0.9994 0
      outer loop
         vertex -5.17043e-05 -0.00149145 -0.000352725
         vertex 1.83697e-19 -0.0015 -0.0004125
         vertex -0.000288795 -0.00145227 -0.000427721
      endloop
   endfacet
   facet normal 0.195039 0.980796 0
      outer loop
         vertex -0.000288795 -0.00145227 -0.000427721
         vertex -0.000477342 -0.0014211 -0.000375158
         vertex -5.17043e-05 -0.00149145 -0.000352725
      endloop
   endfacet
   facet normal 0.318413 0.947952 0
      outer loop
         vertex -0.000477342 -0.0014211 -0.000375158
         vertex -0.000288795 -0.00145227 -0.000427721
         vertex -0.00048266 -0.00142022 -0.000437938
      endloop
   endfacet
   facet normal 0.0346462 0.9994 0
      outer loop
         vertex -5.17043e-05 -0.00149145 -0.000352725
         vertex 2.75546e-19 -0.0015 -0.00035
         vertex 1.83697e-19 -0.0015 -0.0004125
      endloop
   endfacet
   facet normal -0.382241 0.924063 0
      outer loop
         vertex 0.00057186 -0.00138247 -0.000381722
         vertex 0.00055422 -0.00139386 -0.000382887
         vertex 0.00055422 -0.00139386 -0.000320387
      endloop
   endfacet
   facet normal -0.36948 0.929239 0
      outer loop
         vertex 0.00055422 -0.00139386 -0.000320387
         vertex 0.00055422 -0.00139386 -0.000382887
         vertex 0.000539022 -0.00139677 -0.000383699
      endloop
   endfacet
   facet normal -0.0875734 0.996158 0
      outer loop
         vertex 0.000129683 -0.00147516 -0.000405571
         vertex 2.75546e-19 -0.0015 -0.00035
         vertex 0.000350003 -0.00143297 -0.000331298
      endloop
   endfacet
   facet normal -0.237275 0.971443 0
      outer loop
         vertex 0.000350003 -0.00143297 -0.000331298
         vertex 0.000539022 -0.00139677 -0.000383699
         vertex 0.000129683 -0.00147516 -0.000405571
      endloop
   endfacet
   facet normal -0.0875734 0.996158 0
      outer loop
         vertex 0.000129683 -0.00147516 -0.000405571
         vertex 1.83697e-19 -0.0015 -0.0004125
         vertex 2.75546e-19 -0.0015 -0.00035
      endloop
   endfacet
   facet normal -0.360028 0.932941 0
      outer loop
         vertex 0.000539022 -0.00139677 -0.000383699
         vertex 0.000350003 -0.00143297 -0.000331298
         vertex 0.00055422 -0.00139386 -0.000320387
      endloop
   endfacet
   facet normal -0.608834 0.793298 0
      outer loop
         vertex 0.000898908 -0.00117126 -0.00036012
         vertex 0.00057186 -0.00138247 -0.000381722
         vertex 0.000719602 -0.00128705 -0.000309463
      endloop
   endfacet
   facet normal -0.69498 0.719029 0
      outer loop
         vertex 0.00104247 -0.00107854 -0.000288137
         vertex 0.00104247 -0.00107854 -0.000350637
         vertex 0.000898908 -0.00117126 -0.00036012
      endloop
   endfacet
   facet normal -0.382241 0.924063 0
      outer loop
         vertex 0.00057186 -0.00138247 -0.000381722
         vertex 0.00057186 -0.00138247 -0.000319222
         vertex 0.000719602 -0.00128705 -0.000309463
      endloop
   endfacet
   facet normal -0.707096 0.707118 0
      outer loop
         vertex 0.00106002 -0.00106006 -0.000349279
         vertex 0.00104247 -0.00107854 -0.000350637
         vertex 0.00104247 -0.00107854 -0.000288137
      endloop
   endfacet
   facet normal -0.69498 0.719029 0
      outer loop
         vertex 0.00104247 -0.00107854 -0.000288137
         vertex 0.00106002 -0.00106006 -0.000286779
         vertex 0.00106002 -0.00106006 -0.000349279
      endloop
   endfacet
   facet normal -0.754099 0.656761 0
      outer loop
         vertex 0.00113115 -0.000985142 -0.000343776
         vertex 0.00109285 -0.00102548 -0.000346739
         vertex 0.00110497 -0.00101271 -0.000283301
      endloop
   endfacet
   facet normal -0.714832 0.699296 0
      outer loop
         vertex 0.00107138 -0.00104809 -0.0002859
         vertex 0.00110497 -0.00101271 -0.000283301
         vertex 0.00109285 -0.00102548 -0.000346739
      endloop
   endfacet
   facet normal -0.707096 0.707118 0
      outer loop
         vertex 0.00106002 -0.00106006 -0.000349279
         vertex 0.00106002 -0.00106006 -0.000286779
         vertex 0.00107138 -0.00104809 -0.0002859
      endloop
   endfacet
   facet normal -0.729225 0.684274 0
      outer loop
         vertex 0.00109285 -0.00102548 -0.000346739
         vertex 0.00106002 -0.00106006 -0.000349279
         vertex 0.00107138 -0.00104809 -0.0002859
      endloop
   endfacet
   facet normal -0.924208 0.381889 0
      outer loop
         vertex 0.0013781 -0.000569438 -0.000319293
         vertex 0.00131647 -0.000673182 -0.000325403
         vertex 0.00132477 -0.000659203 -0.00026208
      endloop
   endfacet
   facet normal -0.754099 0.656761 0
      outer loop
         vertex 0.00113115 -0.000985142 -0.000281276
         vertex 0.00132477 -0.000659203 -0.00026208
         vertex 0.00131647 -0.000673182 -0.000325403
      endloop
   endfacet
   facet normal -0.890347 0.455283 0
      outer loop
         vertex 0.00131647 -0.000673182 -0.000325403
         vertex 0.00113115 -0.000985142 -0.000343776
         vertex 0.00113115 -0.000985142 -0.000281276
      endloop
   endfacet
   facet normal -0.895286 0.445492 0
      outer loop
         vertex 0.00132477 -0.000659203 -0.00026208
         vertex 0.0013781 -0.000569438 -0.000256793
         vertex 0.0013781 -0.000569438 -0.000319293
      endloop
   endfacet
   facet normal -0.937456 0.348105 0
      outer loop
         vertex 0.00140618 -0.000522158 -0.000254009
         vertex 0.00145101 -0.000272688 -0.000240149
         vertex 0.00144818 -0.000288423 -0.000303523
      endloop
   endfacet
   facet normal -1 -1.89882e-15 0
      outer loop
         vertex 0.0015 2.87606e-18 -0.0002875
         vertex 0.00144818 -0.000288423 -0.000303523
         vertex 0.00145101 -0.000272688 -0.000240149
      endloop
   endfacet
   facet normal -0.982795 0.184697 0
      outer loop
         vertex 0.00145101 -0.000272688 -0.000240149
         vertex 0.0015 1.74307e-19 -0.000225
         vertex 0.0015 2.87606e-18 -0.0002875
      endloop
   endfacet
   facet normal -0.937456 0.348105 0
      outer loop
         vertex 0.00140618 -0.000522158 -0.000316509
         vertex 0.0013781 -0.000569438 -0.000319293
         vertex 0.0013781 -0.000569438 -0.000256793
      endloop
   endfacet
   facet normal -0.924208 0.381889 0
      outer loop
         vertex 0.0013781 -0.000569438 -0.000256793
         vertex 0.00140618 -0.000522158 -0.000254009
         vertex 0.00140618 -0.000522158 -0.000316509
      endloop
   endfacet
   facet normal -1 -1.89882e-15 0
      outer loop
         vertex 0.0015 2.87606e-18 -0.0002875
         vertex 0.0015 1.74307e-19 -0.000225
         vertex 0.00147994 0.00010287 -0.000219285
      endloop
   endfacet
   facet normal -0.926729 -0.37573 0
      outer loop
         vertex 0.00139009 0.000563595 -0.000193689
         vertex 0.00139009 0.000563595 -0.000256189
         vertex 0.00139115 0.000558161 -0.000256491
      endloop
   endfacet
   facet normal -0.996427 -0.0844621 0
      outer loop
         vertex 0.00147561 0.00012508 -0.000280551
         vertex 0.00147994 0.00010287 -0.000219285
         vertex 0.00139757 0.00052524 -0.00019582
      endloop
   endfacet
   facet normal -0.936076 -0.351799 0
      outer loop
         vertex 0.00139757 0.00052524 -0.00019582
         vertex 0.00139115 0.000558161 -0.000256491
         vertex 0.00147561 0.00012508 -0.000280551
      endloop
   endfacet
   facet normal -0.928085 -0.372368 0
      outer loop
         vertex 0.00139115 0.000558161 -0.000256491
         vertex 0.00139757 0.00052524 -0.00019582
         vertex 0.00139009 0.000563595 -0.000193689
      endloop
   endfacet
   facet normal -0.92397 -0.382466 0
      outer loop
         vertex 0.00138412 0.000572941 -0.000255626
         vertex 0.00139009 0.000563595 -0.000256189
         vertex 0.00139009 0.000563595 -0.000193689
      endloop
   endfacet
   facet normal -0.926729 -0.37573 0
      outer loop
         vertex 0.00139009 0.000563595 -0.000193689
         vertex 0.00138412 0.000572941 -0.000193126
         vertex 0.00138412 0.000572941 -0.000255626
      endloop
   endfacet
   facet normal -0.70713 -0.707083 0
      outer loop
         vertex 0.00105924 0.00105917 -0.000225708
         vertex 0.00109538 0.00102477 -0.000228402
         vertex 0.00109538 0.00102477 -0.000165902
      endloop
   endfacet
   facet normal -0.730253 -0.683177 0
      outer loop
         vertex 0.00109538 0.00102477 -0.000228402
         vertex 0.00117188 0.000905064 -0.000235615
         vertex 0.00115204 0.000936097 -0.000171245
      endloop
   endfacet
   facet normal -0.918617 -0.395149 0
      outer loop
         vertex 0.00137287 0.000590549 -0.000192065
         vertex 0.00115204 0.000936097 -0.000171245
         vertex 0.00117188 0.000905064 -0.000235615
      endloop
   endfacet
   facet normal -0.92397 -0.382466 0
      outer loop
         vertex 0.00138412 0.000572941 -0.000255626
         vertex 0.00138412 0.000572941 -0.000193126
         vertex 0.00137287 0.000590549 -0.000192065
      endloop
   endfacet
   facet normal -0.791441 -0.611246 0
      outer loop
         vertex 0.00117188 0.000905064 -0.000235615
         vertex 0.00138412 0.000572941 -0.000255626
         vertex 0.00137287 0.000590549 -0.000192065
      endloop
   endfacet
   facet normal -0.776094 -0.630618 0
      outer loop
         vertex 0.00115204 0.000936097 -0.000171245
         vertex 0.00109538 0.00102477 -0.000165902
         vertex 0.00109538 0.00102477 -0.000228402
      endloop
   endfacet
   facet normal -0.381535 -0.924354 0
      outer loop
         vertex 0.000566588 0.00137269 -0.000193296
         vertex 0.000881367 0.00119438 -0.000213394
         vertex 0.00084841 0.00121305 -0.00014879
      endloop
   endfacet
   facet normal -0.646625 -0.762808 0
      outer loop
         vertex 0.000969938 0.00114421 -0.000156549
         vertex 0.00084841 0.00121305 -0.00014879
         vertex 0.000881367 0.00119438 -0.000213394
      endloop
   endfacet
   facet normal -0.593765 -0.804639 0
      outer loop
         vertex 0.000881367 0.00119438 -0.000213394
         vertex 0.000969938 0.00114421 -0.000219049
         vertex 0.000969938 0.00114421 -0.000156549
      endloop
   endfacet
   facet normal -0.646625 -0.762808 0
      outer loop
         vertex 0.000969938 0.00114421 -0.000219049
         vertex 0.00105924 0.00105917 -0.000225708
         vertex 0.00105924 0.00105917 -0.000163208
      endloop
   endfacet
   facet normal -0.70713 -0.707083 0
      outer loop
         vertex 0.00105924 0.00105917 -0.000163208
         vertex 0.000969938 0.00114421 -0.000156549
         vertex 0.000969938 0.00114421 -0.000219049
      endloop
   endfacet
   facet normal -0.321774 -0.946817 0
      outer loop
         vertex 0.00048266 0.00142022 -0.000125438
         vertex 0.00048266 0.00142022 -0.000187938
         vertex 0.000500572 0.00141008 -0.000189082
      endloop
   endfacet
   facet normal -0.381535 -0.924354 0
      outer loop
         vertex 0.000566588 0.00137269 -0.000193296
         vertex 0.000566588 0.00137269 -0.000130796
         vertex 0.000525884 0.00139574 -0.000128198
      endloop
   endfacet
   facet normal -0.352581 -0.935781 0
      outer loop
         vertex 0.000525884 0.00139574 -0.000128198
         vertex 0.000500572 0.00141008 -0.000189082
         vertex 0.000566588 0.00137269 -0.000193296
      endloop
   endfacet
   facet normal -0.321774 -0.946817 0
      outer loop
         vertex 0.00048266 0.00142022 -0.000187938
         vertex 0.00048266 0.00142022 -0.000125438
         vertex 0.000103974 0.00148281 -0.00010548
      endloop
   endfacet
   facet normal -0.0199945 -0.9998 0
      outer loop
         vertex 2.9899e-05 0.00149506 -0.000101576
         vertex 0 0.0015 -0.0001625
         vertex 7.35162e-05 0.00148785 -0.000166375
      endloop
   endfacet
   facet normal -0.0493508 -0.998782 0
      outer loop
         vertex 7.35162e-05 0.00148785 -0.000166375
         vertex 0.000103974 0.00148281 -0.00010548
         vertex 2.9899e-05 0.00149506 -0.000101576
      endloop
   endfacet
   facet normal -0.0199945 -0.9998 0
      outer loop
         vertex 2.9899e-05 0.00149506 -0.000101576
         vertex -9.18485e-20 0.0015 -0.0001
         vertex 0 0.0015 -0.0001625
      endloop
   endfacet
   facet normal -0.0699478 -0.997551 0
      outer loop
         vertex 0.000103974 0.00148281 -0.00010548
         vertex 7.35162e-05 0.00148785 -0.000166375
         vertex 0.00048266 0.00142022 -0.000187938
      endloop
   endfacet
   facet normal 0.382241 -0.924063 0
      outer loop
         vertex -0.00057186 0.00138247 -0.000131722
         vertex -0.00055422 0.00139386 -0.000132887
         vertex -0.00055422 0.00139386 -7.03867e-05
      endloop
   endfacet
   facet normal 0.0431366 -0.999069 0
      outer loop
         vertex -6.4234e-05 0.0014877 -0.000159068
         vertex -9.18485e-20 0.0015 -0.0001
         vertex -0.000372758 0.00142861 -8.00826e-05
      endloop
   endfacet
   facet normal 0.252471 -0.967604 0
      outer loop
         vertex -0.000372758 0.00142861 -8.00826e-05
         vertex -0.000471347 0.00140973 -0.000137315
         vertex -6.4234e-05 0.0014877 -0.000159068
      endloop
   endfacet
   facet normal 0.36948 -0.929239 0
      outer loop
         vertex -0.00055422 0.00139386 -7.03867e-05
         vertex -0.00055422 0.00139386 -0.000132887
         vertex -0.000471347 0.00140973 -0.000137315
      endloop
   endfacet
   facet normal 0.252471 -0.967604 0
      outer loop
         vertex -0.000372758 0.00142861 -8.00826e-05
         vertex -0.00055422 0.00139386 -7.03867e-05
         vertex -0.000471347 0.00140973 -0.000137315
      endloop
   endfacet
   facet normal 0.0431366 -0.999069 0
      outer loop
         vertex -6.4234e-05 0.0014877 -0.000159068
         vertex 0 0.0015 -0.0001625
         vertex -9.18485e-20 0.0015 -0.0001
      endloop
   endfacet
   facet normal 0.382241 -0.924063 0
      outer loop
         vertex -0.00057186 0.00138247 -0.000131722
         vertex -0.00057186 0.00138247 -6.92215e-05
         vertex -0.000754616 0.00126444 -5.71502e-05
      endloop
   endfacet
   facet normal 0.69498 -0.719029 0
      outer loop
         vertex -0.00104247 0.00107854 -3.8137e-05
         vertex -0.00104247 0.00107854 -0.000100637
         vertex -0.000844462 0.00120642 -0.000113716
      endloop
   endfacet
   facet normal 0.573448 -0.819242 0
      outer loop
         vertex -0.000844462 0.00120642 -0.000113716
         vertex -0.000754616 0.00126444 -5.71502e-05
         vertex -0.00104247 0.00107854 -3.8137e-05
      endloop
   endfacet
   facet normal 0.707096 -0.707118 0
      outer loop
         vertex -0.00106002 0.00106006 -9.92789e-05
         vertex -0.00104247 0.00107854 -0.000100637
         vertex -0.00104247 0.00107854 -3.8137e-05
      endloop
   endfacet
   facet normal 0.69498 -0.719029 0
      outer loop
         vertex -0.00104247 0.00107854 -3.8137e-05
         vertex -0.00106002 0.00106006 -3.67789e-05
         vertex -0.00106002 0.00106006 -9.92789e-05
      endloop
   endfacet
   facet normal 0.754099 -0.656761 0
      outer loop
         vertex -0.00113115 0.000985142 -9.3776e-05
         vertex -0.00106002 0.00106006 -9.92789e-05
         vertex -0.00106789 0.00105177 -3.61706e-05
      endloop
   endfacet
   facet normal 0.707096 -0.707118 0
      outer loop
         vertex -0.00106002 0.00106006 -9.92789e-05
         vertex -0.00106002 0.00106006 -3.67789e-05
         vertex -0.00106789 0.00105177 -3.61706e-05
      endloop
   endfacet
   facet normal 0.924208 -0.381889 0
      outer loop
         vertex -0.0013781 0.000569438 -6.79334e-06
         vertex -0.0013781 0.000569438 -6.92933e-05
         vertex -0.00137191 0.000579858 -6.9907e-05
      endloop
   endfacet
   facet normal 0.921103 -0.389319 0
      outer loop
         vertex -0.00137191 0.000579858 -6.9907e-05
         vertex -0.00130157 0.000698255 -1.43799e-05
         vertex -0.0013332 0.000645013 -1.12442e-05
      endloop
   endfacet
   facet normal 0.779311 -0.626637 0
      outer loop
         vertex -0.00116154 0.000933982 -9.0763e-05
         vertex -0.00113115 0.000985142 -3.1276e-05
         vertex -0.00130157 0.000698255 -1.43799e-05
      endloop
   endfacet
   facet normal 0.881203 -0.472739 0
      outer loop
         vertex -0.00130157 0.000698255 -1.43799e-05
         vertex -0.00137191 0.000579858 -6.9907e-05
         vertex -0.00116154 0.000933982 -9.0763e-05
      endloop
   endfacet
   facet normal 0.921103 -0.389319 0
      outer loop
         vertex -0.00137191 0.000579858 -6.9907e-05
         vertex -0.0013332 0.000645013 -1.12442e-05
         vertex -0.0013781 0.000569438 -6.79334e-06
      endloop
   endfacet
   facet normal 0.779311 -0.626637 0
      outer loop
         vertex -0.00116154 0.000933982 -9.0763e-05
         vertex -0.00113115 0.000985142 -9.3776e-05
         vertex -0.00113115 0.000985142 -3.1276e-05
      endloop
   endfacet
   facet normal 0.937456 -0.348105 0
      outer loop
         vertex -0.00140618 0.000522158 -6.65088e-05
         vertex -0.00140618 0.000522158 -4.00875e-06
         vertex -0.00145427 0.000254512 1.08604e-05
      endloop
   endfacet
   facet normal 1 0 0
      outer loop
         vertex -0.0015 -6.39124e-19 2.5e-05
         vertex -0.0015 2.09168e-18 -3.75e-05
         vertex -0.00146825 0.000176686 -4.73159e-05
      endloop
   endfacet
   facet normal 0.992837 -0.119475 0
      outer loop
         vertex -0.00146825 0.000176686 -4.73159e-05
         vertex -0.00145427 0.000254512 1.08604e-05
         vertex -0.0015 -6.39124e-19 2.5e-05
      endloop
   endfacet
   facet normal 0.937456 -0.348105 0
      outer loop
         vertex -0.00140618 0.000522158 -6.65088e-05
         vertex -0.0013781 0.000569438 -6.92933e-05
         vertex -0.0013781 0.000569438 -6.79334e-06
      endloop
   endfacet
   facet normal 0.924208 -0.381889 0
      outer loop
         vertex -0.0013781 0.000569438 -6.79334e-06
         vertex -0.00140618 0.000522158 -4.00875e-06
         vertex -0.00140618 0.000522158 -6.65088e-05
      endloop
   endfacet
   facet normal 0.927553 0.373692 0
      outer loop
         vertex -0.00139074 -0.0005603 5.61278e-05
         vertex -0.00139009 -0.000563595 -6.18914e-06
         vertex -0.00145346 -0.00023866 -2.42411e-05
      endloop
   endfacet
   facet normal 1 0 0
      outer loop
         vertex -0.0015 2.09168e-18 -3.75e-05
         vertex -0.0015 -6.39124e-19 2.5e-05
         vertex -0.00146712 -0.000168595 3.43664e-05
      endloop
   endfacet
   facet normal 0.993462 0.114164 0
      outer loop
         vertex -0.00146712 -0.000168595 3.43664e-05
         vertex -0.00145346 -0.00023866 -2.42411e-05
         vertex -0.0015 2.09168e-18 -3.75e-05
      endloop
   endfacet
   facet normal 0.92397 0.382466 0
      outer loop
         vertex -0.00138412 -0.000572941 -5.62608e-06
         vertex -0.00139009 -0.000563595 -6.18914e-06
         vertex -0.00139009 -0.000563595 5.63109e-05
      endloop
   endfacet
   facet normal 0.926729 0.37573 0
      outer loop
         vertex -0.00139009 -0.000563595 -6.18914e-06
         vertex -0.00139074 -0.0005603 5.61278e-05
         vertex -0.00139009 -0.000563595 5.63109e-05
      endloop
   endfacet
   facet normal 0.926729 0.37573 0
      outer loop
         vertex -0.00139009 -0.000563595 5.63109e-05
         vertex -0.00138412 -0.000572941 5.68739e-05
         vertex -0.00138412 -0.000572941 -5.62608e-06
      endloop
   endfacet
   facet normal 0.70713 0.707083 0
      outer loop
         vertex -0.00105924 -0.00105917 2.42919e-05
         vertex -0.00109538 -0.00102477 2.15976e-05
         vertex -0.00109538 -0.00102477 8.40976e-05
      endloop
   endfacet
   facet normal 0.730253 0.683177 0
      outer loop
         vertex -0.00109538 -0.00102477 8.40976e-05
         vertex -0.00109538 -0.00102477 2.15976e-05
         vertex -0.00111488 -0.00099425 1.97589e-05
      endloop
   endfacet
   facet normal 0.74633 0.665577 0
      outer loop
         vertex -0.00111488 -0.00099425 1.97589e-05
         vertex -0.0011697 -0.000908475 7.70907e-05
         vertex -0.00114581 -0.000945858 7.93432e-05
      endloop
   endfacet
   facet normal 0.898881 0.438193 0
      outer loop
         vertex -0.00133452 -0.00065056 -9.49286e-07
         vertex -0.00138412 -0.000572941 5.68739e-05
         vertex -0.0011697 -0.000908475 7.70907e-05
      endloop
   endfacet
   facet normal 0.789774 0.613398 0
      outer loop
         vertex -0.0011697 -0.000908475 7.70907e-05
         vertex -0.00111488 -0.00099425 1.97589e-05
         vertex -0.00133452 -0.00065056 -9.49286e-07
      endloop
   endfacet
   facet normal 0.74633 0.665577 0
      outer loop
         vertex -0.00111488 -0.00099425 1.97589e-05
         vertex -0.00114581 -0.000945858 7.93432e-05
         vertex -0.00109538 -0.00102477 8.40976e-05
      endloop
   endfacet
   facet normal 0.898881 0.438193 0
      outer loop
         vertex -0.00133452 -0.00065056 -9.49286e-07
         vertex -0.00138412 -0.000572941 -5.62608e-06
         vertex -0.00138412 -0.000572941 5.68739e-05
      endloop
   endfacet
   facet normal 0.393531 0.919311 0
      outer loop
         vertex -0.000583506 -0.0013631 5.56233e-05
         vertex -0.00096087 -0.00114935 3.15298e-05
         vertex -0.000836402 -0.00121985 0.000101977
      endloop
   endfacet
   facet normal 0.381535 0.924354 0
      outer loop
         vertex -0.000566588 -0.00137269 0.000119204
         vertex -0.000566588 -0.00137269 5.67035e-05
         vertex -0.000583506 -0.0013631 5.56233e-05
      endloop
   endfacet
   facet normal 0.641397 0.767209 0
      outer loop
         vertex -0.00096087 -0.00114935 3.15298e-05
         vertex -0.000969938 -0.00114421 9.34509e-05
         vertex -0.000836402 -0.00121985 0.000101977
      endloop
   endfacet
   facet normal 0.565497 0.82475 0
      outer loop
         vertex -0.000836402 -0.00121985 0.000101977
         vertex -0.000566588 -0.00137269 0.000119204
         vertex -0.000583506 -0.0013631 5.56233e-05
      endloop
   endfacet
   facet normal 0.646625 0.762808 0
      outer loop
         vertex -0.000969938 -0.00114421 3.09509e-05
         vertex -0.00105924 -0.00105917 2.42919e-05
         vertex -0.00105924 -0.00105917 8.67919e-05
      endloop
   endfacet
   facet normal 0.70713 0.707083 0
      outer loop
         vertex -0.00105924 -0.00105917 8.67919e-05
         vertex -0.000969938 -0.00114421 9.34509e-05
         vertex -0.000969938 -0.00114421 3.09509e-05
      endloop
   endfacet
   facet normal 0.321774 0.946817 0
      outer loop
         vertex -0.00048266 -0.00142022 6.2062e-05
         vertex -0.000566588 -0.00137269 5.67035e-05
         vertex -0.000566588 -0.00137269 0.000119204
      endloop
   endfacet
   facet normal 0.301082 0.953598 0
      outer loop
         vertex -0.00045011 -0.0014256 0.000126278
         vertex -2.68976e-05 -0.00149555 0.000148582
         vertex -0.000164339 -0.00147284 7.88387e-05
      endloop
   endfacet
   facet normal 0.321774 0.946817 0
      outer loop
         vertex -0.00048266 -0.00142022 6.2062e-05
         vertex -0.00048266 -0.00142022 0.000124562
         vertex -0.000465944 -0.00142299 0.000125443
      endloop
   endfacet
   facet normal 0.311183 0.95035 0
      outer loop
         vertex -0.000465944 -0.00142299 0.000125443
         vertex -0.00045011 -0.0014256 0.000126278
         vertex -0.00048266 -0.00142022 6.2062e-05
      endloop
   endfacet
   facet normal 0.0179821 0.999838 0
      outer loop
         vertex -2.68976e-05 -0.00149555 0.000148582
         vertex -5.97683e-17 -0.0015 8.75e-05
         vertex -0.000164339 -0.00147284 7.88387e-05
      endloop
   endfacet
   facet normal 0.110892 0.993832 0
      outer loop
         vertex -0.000164339 -0.00147284 7.88387e-05
         vertex -0.00048266 -0.00142022 6.2062e-05
         vertex -0.00045011 -0.0014256 0.000126278
      endloop
   endfacet
   facet normal 0.0179821 0.999838 0
      outer loop
         vertex -2.68976e-05 -0.00149555 0.000148582
         vertex 2.75546e-19 -0.0015 0.00015
         vertex -5.97683e-17 -0.0015 8.75e-05
      endloop
   endfacet
   facet normal -0.36948 0.929239 0
      outer loop
         vertex 0.00055422 -0.00139386 0.000179613
         vertex 0.00057186 -0.00138247 0.000180778
         vertex 0.00057186 -0.00138247 0.000118278
      endloop
   endfacet
   facet normal -0.254232 0.967143 0
      outer loop
         vertex 0.000375405 -0.0014281 0.000170059
         vertex 0.00055422 -0.00139386 0.000117113
         vertex 0.000182831 -0.00146498 9.72691e-05
      endloop
   endfacet
   facet normal -0.12384 0.992302 0
      outer loop
         vertex 0.000182831 -0.00146498 9.72691e-05
         vertex 2.75546e-19 -0.0015 0.00015
         vertex 0.000375405 -0.0014281 0.000170059
      endloop
   endfacet
   facet normal -0.254232 0.967143 0
      outer loop
         vertex 0.000375405 -0.0014281 0.000170059
         vertex 0.00055422 -0.00139386 0.000179613
         vertex 0.00055422 -0.00139386 0.000117113
      endloop
   endfacet
   facet normal -0.12384 0.992302 0
      outer loop
         vertex 0.000182831 -0.00146498 9.72691e-05
         vertex -5.97683e-17 -0.0015 8.75e-05
         vertex 2.75546e-19 -0.0015 0.00015
      endloop
   endfacet
   facet normal -0.643832 0.765167 0
      outer loop
         vertex 0.00095503 -0.00113501 0.000143587
         vertex 0.00058819 -0.00137192 0.000119357
         vertex 0.000737298 -0.00127563 0.000191706
      endloop
   endfacet
   facet normal -0.69498 0.719029 0
      outer loop
         vertex 0.00104247 -0.00107854 0.000211863
         vertex 0.00104247 -0.00107854 0.000149363
         vertex 0.00095503 -0.00113501 0.000143587
      endloop
   endfacet
   facet normal -0.394046 0.919091 0
      outer loop
         vertex 0.00058819 -0.00137192 0.000119357
         vertex 0.00057186 -0.00138247 0.000180778
         vertex 0.000737298 -0.00127563 0.000191706
      endloop
   endfacet
   facet normal -0.500415 0.865786 0
      outer loop
         vertex 0.000737298 -0.00127563 0.000191706
         vertex 0.00104247 -0.00107854 0.000211863
         vertex 0.00095503 -0.00113501 0.000143587
      endloop
   endfacet
   facet normal -0.69498 0.719029 0
      outer loop
         vertex 0.00104247 -0.00107854 0.000211863
         vertex 0.00106002 -0.00106006 0.000213221
         vertex 0.00106002 -0.00106006 0.000150721
      endloop
   endfacet
   facet normal -0.707096 0.707118 0
      outer loop
         vertex 0.00106002 -0.00106006 0.000150721
         vertex 0.00104247 -0.00107854 0.000149363
         vertex 0.00104247 -0.00107854 0.000211863
      endloop
   endfacet
   facet normal -0.754099 0.656761 0
      outer loop
         vertex 0.00113115 -0.000985142 0.000156224
         vertex 0.00106002 -0.00106006 0.000150721
         vertex 0.00108634 -0.00103234 0.000215257
      endloop
   endfacet
   facet normal -0.707096 0.707118 0
      outer loop
         vertex 0.00106002 -0.00106006 0.000150721
         vertex 0.00106002 -0.00106006 0.000213221
         vertex 0.00108634 -0.00103234 0.000215257
      endloop
   endfacet
   facet normal -0.724893 0.688862 0
      outer loop
         vertex 0.00108634 -0.00103234 0.000215257
         vertex 0.00112365 -0.000993035 0.000218144
         vertex 0.00113115 -0.000985142 0.000156224
      endloop
   endfacet
   facet normal -0.90272 0.430229 0
      outer loop
         vertex 0.00133766 -0.000637515 0.000239197
         vertex 0.0013781 -0.000569438 0.000180707
         vertex 0.00122892 -0.000820551 0.000165917
      endloop
   endfacet
   facet normal -0.831654 0.555295 0
      outer loop
         vertex 0.00122892 -0.000820551 0.000165917
         vertex 0.00113115 -0.000985142 0.000218724
         vertex 0.00133766 -0.000637515 0.000239197
      endloop
   endfacet
   facet normal -0.90272 0.430229 0
      outer loop
         vertex 0.00133766 -0.000637515 0.000239197
         vertex 0.0013781 -0.000569438 0.000243207
         vertex 0.0013781 -0.000569438 0.000180707
      endloop
   endfacet
   facet normal -0.831654 0.555295 0
      outer loop
         vertex 0.00122892 -0.000820551 0.000165917
         vertex 0.00113115 -0.000985142 0.000156224
         vertex 0.00113115 -0.000985142 0.000218724
      endloop
   endfacet
   facet normal -1 -1.22465e-16 0
      outer loop
         vertex 0.0015 1.74307e-19 0.000275
         vertex 0.0015 3.02742e-16 0.0002125
         vertex 0.00149176 -4.58666e-05 0.000209952
      endloop
   endfacet
   facet normal -0.950816 0.309756 0
      outer loop
         vertex 0.00141706 -0.000461646 0.000186853
         vertex 0.00140618 -0.000522158 0.000245991
         vertex 0.00145564 -0.000246901 0.000261283
      endloop
   endfacet
   facet normal -0.985918 0.167228 0
      outer loop
         vertex 0.00145564 -0.000246901 0.000261283
         vertex 0.00149176 -4.58666e-05 0.000209952
         vertex 0.00141706 -0.000461646 0.000186853
      endloop
   endfacet
   facet normal -0.999528 0.0307322 0
      outer loop
         vertex 0.00149176 -4.58666e-05 0.000209952
         vertex 0.00145564 -0.000246901 0.000261283
         vertex 0.0015 1.74307e-19 0.000275
      endloop
   endfacet
   facet normal -0.937456 0.348105 0
      outer loop
         vertex 0.00140618 -0.000522158 0.000183491
         vertex 0.0013781 -0.000569438 0.000180707
         vertex 0.0013781 -0.000569438 0.000243207
      endloop
   endfacet
   facet normal -0.924208 0.381889 0
      outer loop
         vertex 0.0013781 -0.000569438 0.000243207
         vertex 0.00140618 -0.000522158 0.000245991
         vertex 0.00140618 -0.000522158 0.000183491
      endloop
   endfacet
   facet normal -1 -1.22465e-16 0
      outer loop
         vertex 0.0015 3.02742e-16 0.0002125
         vertex 0.0015 1.74307e-19 0.000275
         vertex 0.00147555 0.000125371 0.000281965
      endloop
   endfacet
   facet normal -0.930551 -0.366161 0
      outer loop
         vertex 0.0013931 0.00054817 0.000305454
         vertex 0.00139009 0.000563595 0.000243811
         vertex 0.00143794 0.000318258 0.000230181
      endloop
   endfacet
   facet normal -0.976371 -0.2161 0
      outer loop
         vertex 0.00143794 0.000318258 0.000230181
         vertex 0.00147555 0.000125371 0.000281965
         vertex 0.0013931 0.00054817 0.000305454
      endloop
   endfacet
   facet normal -0.930551 -0.366161 0
      outer loop
         vertex 0.0013931 0.00054817 0.000305454
         vertex 0.00139009 0.000563595 0.000306311
         vertex 0.00139009 0.000563595 0.000243811
      endloop
   endfacet
   facet normal -0.92397 -0.382466 0
      outer loop
         vertex 0.00138412 0.000572941 0.000244374
         vertex 0.00139009 0.000563595 0.000243811
         vertex 0.00139009 0.000563595 0.000306311
      endloop
   endfacet
   facet normal -0.926729 -0.37573 0
      outer loop
         vertex 0.00139009 0.000563595 0.000306311
         vertex 0.00138412 0.000572941 0.000306874
         vertex 0.00138412 0.000572941 0.000244374
      endloop
   endfacet
   facet normal -0.730253 -0.683177 0
      outer loop
         vertex 0.00109538 0.00102477 0.000334098
         vertex 0.00105924 0.00105917 0.000336792
         vertex 0.0010678 0.00105103 0.000273654
      endloop
   endfacet
   facet normal -0.70713 -0.707083 0
      outer loop
         vertex 0.00105924 0.00105917 0.000336792
         vertex 0.00105924 0.00105917 0.000274292
         vertex 0.0010678 0.00105103 0.000273654
      endloop
   endfacet
   facet normal -0.92397 -0.382466 0
      outer loop
         vertex 0.00138412 0.000572941 0.000244374
         vertex 0.00138412 0.000572941 0.000306874
         vertex 0.0013591 0.000612101 0.000309233
      endloop
   endfacet
   facet normal -0.765353 -0.643611 0
      outer loop
         vertex 0.00113845 0.000957363 0.000330036
         vertex 0.00109538 0.00102477 0.000271598
         vertex 0.00129461 0.000713016 0.000252814
      endloop
   endfacet
   facet normal -0.875935 -0.48243 0
      outer loop
         vertex 0.00129461 0.000713016 0.000252814
         vertex 0.0013591 0.000612101 0.000309233
         vertex 0.00113845 0.000957363 0.000330036
      endloop
   endfacet
   facet normal -0.765353 -0.643611 0
      outer loop
         vertex 0.00113845 0.000957363 0.000330036
         vertex 0.00109538 0.00102477 0.000334098
         vertex 0.00109538 0.00102477 0.000271598
      endloop
   endfacet
   facet normal -0.911794 -0.410648 0
      outer loop
         vertex 0.0013591 0.000612101 0.000309233
         vertex 0.00129461 0.000713016 0.000252814
         vertex 0.00138412 0.000572941 0.000244374
      endloop
   endfacet
   facet normal -0.381535 -0.924354 0
      outer loop
         vertex 0.000566588 0.00137269 0.000306704
         vertex 0.000901357 0.00118306 0.000285329
         vertex 0.00082555 0.001226 0.00035267
      endloop
   endfacet
   facet normal -0.606035 -0.795438 0
      outer loop
         vertex 0.000901357 0.00118306 0.000285329
         vertex 0.000969938 0.00114421 0.000343451
         vertex 0.00082555 0.001226 0.00035267
      endloop
   endfacet
   facet normal -0.558543 -0.829475 0
      outer loop
         vertex 0.00082555 0.001226 0.00035267
         vertex 0.000566588 0.00137269 0.000369204
         vertex 0.000566588 0.00137269 0.000306704
      endloop
   endfacet
   facet normal -0.646625 -0.762808 0
      outer loop
         vertex 0.000969938 0.00114421 0.000280951
         vertex 0.00105924 0.00105917 0.000274292
         vertex 0.00105924 0.00105917 0.000336792
      endloop
   endfacet
   facet normal -0.70713 -0.707083 0
      outer loop
         vertex 0.00105924 0.00105917 0.000336792
         vertex 0.000969938 0.00114421 0.000343451
         vertex 0.000969938 0.00114421 0.000280951
      endloop
   endfacet
   facet normal -0.381535 -0.924354 0
      outer loop
         vertex 0.000566588 0.00137269 0.000369204
         vertex 0.000503804 0.00140825 0.000373212
         vertex 0.000521337 0.00139832 0.000309593
      endloop
   endfacet
   facet normal -0.321774 -0.946817 0
      outer loop
         vertex 0.00048266 0.00142022 0.000312062
         vertex 0.000521337 0.00139832 0.000309593
         vertex 0.000503804 0.00140825 0.000373212
      endloop
   endfacet
   facet normal -0.336845 -0.94156 0
      outer loop
         vertex 0.000503804 0.00140825 0.000373212
         vertex 0.00048266 0.00142022 0.000374562
         vertex 0.00048266 0.00142022 0.000312062
      endloop
   endfacet
   facet normal -0.321774 -0.946817 0
      outer loop
         vertex 0.00048266 0.00142022 0.000374562
         vertex 7.8171e-05 0.00148708 0.00039588
         vertex 9.73469e-05 0.00148391 0.000332369
      endloop
   endfacet
   facet normal 6.12323e-17 -1 0
      outer loop
         vertex 0 0.0015 0.0003375
         vertex 9.73469e-05 0.00148391 0.000332369
         vertex 7.8171e-05 0.00148708 0.00039588
      endloop
   endfacet
   facet normal -0.0524943 -0.998621 0
      outer loop
         vertex 7.8171e-05 0.00148708 0.00039588
         vertex 6.20128e-06 0.00149898 0.000399673
         vertex 0 0.0015 0.0003375
      endloop
   endfacet
   facet normal -0.00413698 -0.999991 0
      outer loop
         vertex 6.20128e-06 0.00149898 0.000399673
         vertex -9.18485e-20 0.0015 0.0004
         vertex 0 0.0015 0.0003375
      endloop
   endfacet
   facet normal -0.0654609 -0.997855 0
      outer loop
         vertex 9.73469e-05 0.00148391 0.000332369
         vertex 0.00048266 0.00142022 0.000312062
         vertex 0.00048266 0.00142022 0.000374562
      endloop
   endfacet
   facet normal 0.36948 -0.929239 0
      outer loop
         vertex -0.00055422 0.00139386 0.000429613
         vertex -0.00057186 0.00138247 0.000430778
         vertex -0.00057186 0.00138247 0.000368278
      endloop
   endfacet
   facet normal 6.12323e-17 -1 0
      outer loop
         vertex -9.18485e-20 0.0015 0.0004
         vertex -0.000397378 0.0014239 0.000421233
         vertex -0.00031564 0.00143955 0.000354365
      endloop
   endfacet
   facet normal 0.36948 -0.929239 0
      outer loop
         vertex -0.00055422 0.00139386 0.000367113
         vertex -0.00031564 0.00143955 0.000354365
         vertex -0.000397378 0.0014239 0.000421233
      endloop
   endfacet
   facet normal 0.268806 -0.963194 0
      outer loop
         vertex -0.000397378 0.0014239 0.000421233
         vertex -0.00055422 0.00139386 0.000429613
         vertex -0.00055422 0.00139386 0.000367113
      endloop
   endfacet
   facet normal 0.214175 -0.976795 0
      outer loop
         vertex -0.00031564 0.00143955 0.000354365
         vertex 0 0.0015 0.0003375
         vertex -9.18485e-20 0.0015 0.0004
      endloop
   endfacet
   facet normal 0.382241 -0.924063 0
      outer loop
         vertex -0.00057186 0.00138247 0.000430778
         vertex -0.000776789 0.00125012 0.000444314
         vertex -0.00070576 0.00129599 0.000377123
      endloop
   endfacet
   facet normal 0.69498 -0.719029 0
      outer loop
         vertex -0.00104247 0.00107854 0.000399363
         vertex -0.00070576 0.00129599 0.000377123
         vertex -0.000776789 0.00125012 0.000444314
      endloop
   endfacet
   facet normal 0.52778 -0.849381 0
      outer loop
         vertex -0.000776789 0.00125012 0.000444314
         vertex -0.00104247 0.00107854 0.000461863
         vertex -0.00104247 0.00107854 0.000399363
      endloop
   endfacet
   facet normal 0.69498 -0.719029 0
      outer loop
         vertex -0.00104247 0.00107854 0.000461863
         vertex -0.00106002 0.00106006 0.000463221
         vertex -0.00106002 0.00106006 0.000400721
      endloop
   endfacet
   facet normal 0.707096 -0.707118 0
      outer loop
         vertex -0.00106002 0.00106006 0.000400721
         vertex -0.00104247 0.00107854 0.000399363
         vertex -0.00104247 0.00107854 0.000461863
      endloop
   endfacet
   facet normal 0.754099 -0.656761 0
      outer loop
         vertex -0.00113115 0.000985142 0.000406224
         vertex -0.00106847 0.00105115 0.000401375
         vertex -0.00109091 0.00102753 0.00046561
      endloop
   endfacet
   facet normal 0.712861 -0.701306 0
      outer loop
         vertex -0.00106847 0.00105115 0.000401375
         vertex -0.00106002 0.00106006 0.000463221
         vertex -0.00109091 0.00102753 0.00046561
      endloop
   endfacet
   facet normal 0.727935 -0.685646 0
      outer loop
         vertex -0.00109091 0.00102753 0.00046561
         vertex -0.00113115 0.000985142 0.000468724
         vertex -0.00113115 0.000985142 0.000406224
      endloop
   endfacet
   facet normal 0.754099 -0.656761 0
      outer loop
         vertex -0.00113115 0.000985142 0.000468724
         vertex -0.00131706 0.000672181 0.000487156
         vertex -0.0012685 0.000753927 0.000419841
      endloop
   endfacet
   facet normal 0.924208 -0.381889 0
      outer loop
         vertex -0.0013781 0.000569438 0.000430707
         vertex -0.0012685 0.000753927 0.000419841
         vertex -0.00131706 0.000672181 0.000487156
      endloop
   endfacet
   facet normal 0.890704 -0.454583 0
      outer loop
         vertex -0.00131706 0.000672181 0.000487156
         vertex -0.00134504 0.000625079 0.00048993
         vertex -0.0013781 0.000569438 0.000430707
      endloop
   endfacet
   facet normal 0.906856 -0.421441 0
      outer loop
         vertex -0.00134504 0.000625079 0.00048993
         vertex -0.0013781 0.000569438 0.000493207
         vertex -0.0013781 0.000569438 0.000430707
      endloop
   endfacet
   facet normal 0.85963 -0.510916 0
      outer loop
         vertex -0.0012685 0.000753927 0.000419841
         vertex -0.00113115 0.000985142 0.000406224
         vertex -0.00113115 0.000985142 0.000468724
      endloop
   endfacet
   facet normal 1 0 0
      outer loop
         vertex -0.0015 -2.81709e-16 0.0004625
         vertex -0.00143095 0.000384288 0.000441151
         vertex -0.00145857 0.000230604 0.000512189
      endloop
   endfacet
   facet normal 0.96578 -0.259364 0
      outer loop
         vertex -0.00143095 0.000384288 0.000441151
         vertex -0.00140618 0.000522158 0.000495991
         vertex -0.00145857 0.000230604 0.000512189
      endloop
   endfacet
   facet normal 0.987731 -0.156163 0
      outer loop
         vertex -0.00145857 0.000230604 0.000512189
         vertex -0.0015 -6.39124e-19 0.000525
         vertex -0.0015 -2.81709e-16 0.0004625
      endloop
   endfacet
   facet normal 0.937456 -0.348105 0
      outer loop
         vertex -0.00140618 0.000522158 0.000433491
         vertex -0.0013781 0.000569438 0.000430707
         vertex -0.0013781 0.000569438 0.000493207
      endloop
   endfacet
   facet normal 0.924208 -0.381889 0
      outer loop
         vertex -0.0013781 0.000569438 0.000493207
         vertex -0.00140618 0.000522158 0.000495991
         vertex -0.00140618 0.000522158 0.000433491
      endloop
   endfacet
   facet normal 0.96578 -0.259364 0
      outer loop
         vertex -0.00143095 0.000384288 0.000441151
         vertex -0.00140618 0.000522158 0.000433491
         vertex -0.00140618 0.000522158 0.000495991
      endloop
   endfacet
   facet normal 0.712861 -0.701306 0
      outer loop
         vertex -0.00106847 0.00105115 0.000401375
         vertex -0.00106002 0.00106006 0.000400721
         vertex -0.00106002 0.00106006 0.000463221
      endloop
   endfacet
   facet normal 0.478254 -0.878221 0
      outer loop
         vertex -0.00070576 0.00129599 0.000377123
         vertex -0.00057186 0.00138247 0.000368278
         vertex -0.00057186 0.00138247 0.000430778
      endloop
   endfacet
   facet normal 0.382241 -0.924063 0
      outer loop
         vertex -0.00057186 0.00138247 0.000368278
         vertex -0.00055422 0.00139386 0.000367113
         vertex -0.00055422 0.00139386 0.000429613
      endloop
   endfacet
   facet normal -0.349342 -0.936995 0
      outer loop
         vertex 0.000521337 0.00139832 0.000309593
         vertex 0.000566588 0.00137269 0.000306704
         vertex 0.000566588 0.00137269 0.000369204
      endloop
   endfacet
   facet normal -0.606035 -0.795438 0
      outer loop
         vertex 0.000901357 0.00118306 0.000285329
         vertex 0.000969938 0.00114421 0.000280951
         vertex 0.000969938 0.00114421 0.000343451
      endloop
   endfacet
   facet normal -0.71268 -0.701489 0
      outer loop
         vertex 0.0010678 0.00105103 0.000273654
         vertex 0.00109538 0.00102477 0.000271598
         vertex 0.00109538 0.00102477 0.000334098
      endloop
   endfacet
   facet normal -0.99641 -0.0846608 0
      outer loop
         vertex 0.00147555 0.000125371 0.000281965
         vertex 0.00143794 0.000318258 0.000230181
         vertex 0.0015 3.02742e-16 0.0002125
      endloop
   endfacet
   facet normal -0.950816 0.309756 0
      outer loop
         vertex 0.00141706 -0.000461646 0.000186853
         vertex 0.00140618 -0.000522158 0.000183491
         vertex 0.00140618 -0.000522158 0.000245991
      endloop
   endfacet
   facet normal -0.749317 0.662212 0
      outer loop
         vertex 0.00112365 -0.000993035 0.000218144
         vertex 0.00113115 -0.000985142 0.000218724
         vertex 0.00113115 -0.000985142 0.000156224
      endloop
   endfacet
   facet normal -0.394046 0.919091 0
      outer loop
         vertex 0.00058819 -0.00137192 0.000119357
         vertex 0.00057186 -0.00138247 0.000118278
         vertex 0.00057186 -0.00138247 0.000180778
      endloop
   endfacet
   facet normal -0.382241 0.924063 0
      outer loop
         vertex 0.00057186 -0.00138247 0.000118278
         vertex 0.00055422 -0.00139386 0.000117113
         vertex 0.00055422 -0.00139386 0.000179613
      endloop
   endfacet
   facet normal 0.381535 0.924354 0
      outer loop
         vertex -0.000566588 -0.00137269 0.000119204
         vertex -0.00048266 -0.00142022 0.000124562
         vertex -0.00048266 -0.00142022 6.2062e-05
      endloop
   endfacet
   facet normal 0.641397 0.767209 0
      outer loop
         vertex -0.00096087 -0.00114935 3.15298e-05
         vertex -0.000969938 -0.00114421 3.09509e-05
         vertex -0.000969938 -0.00114421 9.34509e-05
      endloop
   endfacet
   facet normal 0.730253 0.683177 0
      outer loop
         vertex -0.00109538 -0.00102477 8.40976e-05
         vertex -0.00105924 -0.00105917 8.67919e-05
         vertex -0.00105924 -0.00105917 2.42919e-05
      endloop
   endfacet
   facet normal 0.986786 0.162032 0
      outer loop
         vertex -0.00145346 -0.00023866 -2.42411e-05
         vertex -0.00146712 -0.000168595 3.43664e-05
         vertex -0.00139074 -0.0005603 5.61278e-05
      endloop
   endfacet
   facet normal 0.985029 -0.17239 0
      outer loop
         vertex -0.00145427 0.000254512 1.08604e-05
         vertex -0.00146825 0.000176686 -4.73159e-05
         vertex -0.00140618 0.000522158 -6.65088e-05
      endloop
   endfacet
   facet normal 0.712461 -0.701712 0
      outer loop
         vertex -0.00106789 0.00105177 -3.61706e-05
         vertex -0.00113115 0.000985142 -3.1276e-05
         vertex -0.00113115 0.000985142 -9.3776e-05
      endloop
   endfacet
   facet normal 0.512473 -0.858703 0
      outer loop
         vertex -0.000754616 0.00126444 -5.71502e-05
         vertex -0.000844462 0.00120642 -0.000113716
         vertex -0.00057186 0.00138247 -0.000131722
      endloop
   endfacet
   facet normal 0.36948 -0.929239 0
      outer loop
         vertex -0.00055422 0.00139386 -7.03867e-05
         vertex -0.00057186 0.00138247 -6.92215e-05
         vertex -0.00057186 0.00138247 -0.000131722
      endloop
   endfacet
   facet normal -0.334541 -0.942381 0
      outer loop
         vertex 0.000500572 0.00141008 -0.000189082
         vertex 0.000525884 0.00139574 -0.000128198
         vertex 0.00048266 0.00142022 -0.000125438
      endloop
   endfacet
   facet normal -0.573134 -0.819462 0
      outer loop
         vertex 0.00084841 0.00121305 -0.00014879
         vertex 0.000566588 0.00137269 -0.000130796
         vertex 0.000566588 0.00137269 -0.000193296
      endloop
   endfacet
   facet normal -0.730253 -0.683177 0
      outer loop
         vertex 0.00109538 0.00102477 -0.000165902
         vertex 0.00105924 0.00105917 -0.000163208
         vertex 0.00105924 0.00105917 -0.000225708
      endloop
   endfacet
   facet normal -0.997593 -0.0693421 0
      outer loop
         vertex 0.00147994 0.00010287 -0.000219285
         vertex 0.00147561 0.00012508 -0.000280551
         vertex 0.0015 2.87606e-18 -0.0002875
      endloop
   endfacet
   facet normal -0.980738 0.195326 0
      outer loop
         vertex 0.00144818 -0.000288423 -0.000303523
         vertex 0.00140618 -0.000522158 -0.000316509
         vertex 0.00140618 -0.000522158 -0.000254009
      endloop
   endfacet
   facet normal -0.737215 0.675659 0
      outer loop
         vertex 0.00110497 -0.00101271 -0.000283301
         vertex 0.00113115 -0.000985142 -0.000281276
         vertex 0.00113115 -0.000985142 -0.000343776
      endloop
   endfacet
   facet normal -0.48801 0.872838 0
      outer loop
         vertex 0.000719602 -0.00128705 -0.000309463
         vertex 0.00104247 -0.00107854 -0.000288137
         vertex 0.000898908 -0.00117126 -0.00036012
      endloop
   endfacet
   facet normal -0.36948 0.929239 0
      outer loop
         vertex 0.00055422 -0.00139386 -0.000320387
         vertex 0.00057186 -0.00138247 -0.000319222
         vertex 0.00057186 -0.00138247 -0.000381722
      endloop
   endfacet
   facet normal 0.381535 0.924354 0
      outer loop
         vertex -0.000566588 -0.00137269 -0.000380796
         vertex -0.000485737 -0.00141848 -0.000375634
         vertex -0.00048266 -0.00142022 -0.000437938
      endloop
   endfacet
   facet normal 0.472569 0.881294 0
      outer loop
         vertex -0.00069658 -0.00129905 -0.000451596
         vertex -0.000969938 -0.00114421 -0.000469049
         vertex -0.000853924 -0.00120993 -0.000399142
      endloop
   endfacet
   facet normal 0.730253 0.683177 0
      outer loop
         vertex -0.00109538 -0.00102477 -0.000415902
         vertex -0.00105924 -0.00105917 -0.000413208
         vertex -0.00105924 -0.00105917 -0.000475708
      endloop
   endfacet
   facet normal 0.938215 0.346053 0
      outer loop
         vertex -0.00139935 -0.000516138 -0.000446326
         vertex -0.00139009 -0.000563595 -0.000443689
         vertex -0.00139009 -0.000563595 -0.000506189
      endloop
   endfacet
   facet normal 0.968437 -0.249258 0
      outer loop
         vertex -0.0014337 0.000369008 -0.000558
         vertex -0.00140618 0.000522158 -0.000566509
         vertex -0.00140618 0.000522158 -0.000504009
      endloop
   endfacet
   facet normal 0.707096 -0.707118 0
      outer loop
         vertex -0.00106002 0.00106006 -0.000536779
         vertex -0.00113115 0.000985142 -0.000531276
         vertex -0.00113115 0.000985142 -0.000593776
      endloop
   endfacet
   facet normal 0.497028 -0.867734 0
      outer loop
         vertex -0.000732455 0.00127875 -0.000558614
         vertex -0.000881351 0.0011826 -0.000611279
         vertex -0.00057186 0.00138247 -0.000631722
      endloop
   endfacet
   facet normal 0.382241 -0.924063 0
      outer loop
         vertex -0.00057186 0.00138247 -0.000631722
         vertex -0.00055422 0.00139386 -0.000632887
         vertex -0.00055422 0.00139386 -0.000570387
      endloop
   endfacet
   facet normal -0.381535 -0.924354 0
      outer loop
         vertex 0.000566588 0.00137269 -0.000630796
         vertex 0.00048266 0.00142022 -0.000625438
         vertex 0.00048266 0.00142022 -0.000687938
      endloop
   endfacet
   facet normal -0.483411 -0.875394 0
      outer loop
         vertex 0.000712412 0.00129008 -0.000702607
         vertex 0.000969938 0.00114421 -0.000719049
         vertex 0.000856359 0.00120855 -0.000649297
      endloop
   endfacet
   facet normal -0.71114 -0.70305 0
      outer loop
         vertex 0.00106542 0.0010533 -0.000726168
         vertex 0.00109538 0.00102477 -0.000728402
         vertex 0.00109538 0.00102477 -0.000665902
      endloop
   endfacet
   facet normal -0.977274 -0.211982 0
      outer loop
         vertex 0.00143913 0.000312163 -0.000770158
         vertex 0.0015 3.67003e-16 -0.0007875
         vertex 0.00147315 0.0001377 -0.00071735
      endloop
   endfacet
   facet normal -0.980983 0.194092 0
      outer loop
         vertex 0.00145577 -0.000288031 -0.000741002
         vertex 0.00147185 -0.000215124 -0.000799451
         vertex 0.00144951 -0.000385917 -0.00080894
      endloop
   endfacet
   facet normal -0.767138 0.641482 0
      outer loop
         vertex 0.00113969 -0.000953014 -0.000842472
         vertex 0.00104304 -0.0010414 -0.000849578
         vertex 0.00104675 -0.00104342 -0.000786956
      endloop
   endfacet
   facet normal -0.502989 0.864293 0
      outer loop
         vertex 0.000754483 -0.00129644 -0.000808045
         vertex 0.000826176 -0.00123971 -0.00086552
         vertex 0.000782242 -0.00127988 -0.00086875
      endloop
   endfacet
   facet normal -0.215021 0.97661 0
      outer loop
         vertex 0.000318421 -0.00144625 -0.000833187
         vertex 0.000565609 -0.00136133 -0.000818935
         vertex 0.000574025 -0.00138582 -0.00086875
      endloop
   endfacet
   facet normal 0.055774 0.998443 0
      outer loop
         vertex -8.21572e-05 -0.00147074 -0.000854389
         vertex 1.35872e-06 -0.00147535 -0.000850131
         vertex 9.18485e-20 -0.0015 -0.00086875
      endloop
   endfacet
   facet normal 0.99128 0.131769 0
      outer loop
         vertex -0.0014621 -0.000194354 0.000535797
         vertex -0.00139009 -0.000563595 0.000556311
         vertex -0.00141182 -0.000452167 0.00048762
      endloop
   endfacet
   facet normal 0.730253 0.683177 0
      outer loop
         vertex -0.00109538 -0.00102477 0.000584098
         vertex -0.00105924 -0.00105917 0.000586792
         vertex -0.00105924 -0.00105917 0.000524292
      endloop
   endfacet
   facet normal 0.554305 0.832314 0
      outer loop
         vertex -0.000818973 -0.00122972 0.000603089
         vertex -0.000566588 -0.00137269 0.000619204
         vertex -0.000566588 -0.00137269 0.000556704
      endloop
   endfacet
   facet normal 0.381535 0.924354 0
      outer loop
         vertex -0.000566588 -0.00137269 0.000619204
         vertex -0.00048266 -0.00142022 0.000624562
         vertex -0.00048266 -0.00142022 0.000562062
      endloop
   endfacet
   facet normal -0.382241 0.924063 0
      outer loop
         vertex 0.00057186 -0.00138247 0.000618278
         vertex 0.00055422 -0.00139386 0.000617113
         vertex 0.00055422 -0.00139386 0.000679613
      endloop
   endfacet
   facet normal -0.483863 0.875144 0
      outer loop
         vertex 0.00071371 -0.00129086 0.000627648
         vertex 0.00057186 -0.00138247 0.000618278
         vertex 0.00057186 -0.00138247 0.000680778
      endloop
   endfacet
   facet normal -0.716454 0.697635 0
      outer loop
         vertex 0.00107378 -0.00104557 0.000651785
         vertex 0.00106002 -0.00106006 0.000650721
         vertex 0.00106002 -0.00106006 0.000713221
      endloop
   endfacet
   facet normal -0.960075 0.279742 0
      outer loop
         vertex 0.00142538 -0.00041532 0.000689427
         vertex 0.00140618 -0.000522158 0.000683491
         vertex 0.00140618 -0.000522158 0.000745991
      endloop
   endfacet
   facet normal -0.990985 -0.133973 0
      outer loop
         vertex 0.00146147 0.000197578 0.000785977
         vertex 0.00139009 0.000563595 0.000806311
         vertex 0.0014181 0.000419969 0.000735832
      endloop
   endfacet
   facet normal -0.723893 -0.689912 0
      outer loop
         vertex 0.00108584 0.00103487 0.000834837
         vertex 0.0010571 0.00105577 0.0008368
         vertex 0.00105565 0.0010538 0.000774316
      endloop
   endfacet
   facet normal -0.387825 -0.921733 0
      outer loop
         vertex 0.000581738 0.0013826 0.00086875
         vertex 0.000574025 0.00138582 0.00086875
         vertex 0.000570907 0.00137395 0.000806531
      endloop
   endfacet
   facet normal -0.15684 -0.987624 0
      outer loop
         vertex 0.000232312 0.00146287 0.000825292
         vertex 0.000570907 0.00137395 0.000806531
         vertex 0.000574025 0.00138582 0.00086875
      endloop
   endfacet
   facet normal 0.11673 -0.993164 0
      outer loop
         vertex -0.000172085 0.00146413 0.000846674
         vertex 1.8184e-06 0.00148434 0.000837682
         vertex 9.18485e-20 0.0015 0.00086875
      endloop
   endfacet
   facet normal 0.382693 -0.923875 0
      outer loop
         vertex -0.000573894 0.00138546 0.000868293
         vertex -0.000574025 0.00138582 0.00086875
         vertex -0.000581738 0.0013826 0.00086875
      endloop
   endfacet
endsolid 90695A033_Medium-Strength Steel Thin-Profile Hex Nut. Units = meters