solid Female USB Type C Connector, RPi4ModelB. STL generated by ONSHAPE BY PTC INC, 1.213. Units = meters
   facet normal -0.759669 0.544498 -0.355564
      outer loop
         vertex -0.00322097 -0.00160368 0.00129444
         vertex -0.00319579 -0.00160234 0.00126436
         vertex -0.00320795 -0.00162666 0.00125896
      endloop
   endfacet
   facet normal -0.666521 0.730793 -0.147279
      outer loop
         vertex -0.00321165 -0.00158505 0.00131527
         vertex -0.00323444 -0.00161341 0.00133
         vertex -0.00322503 -0.00160131 0.00133
      endloop
   endfacet
   facet normal -0.6 0.8 0
      outer loop
         vertex -0.003205 -0.00157813 0.00133
         vertex -0.00320272 -0.00158118 0.00131087
         vertex -0.00321165 -0.00158505 0.00131527
      endloop
   endfacet
   facet normal -0.703831 0.656173 -0.272137
      outer loop
         vertex -0.00321538 -0.00159252 0.00130279
         vertex -0.00321165 -0.00158505 0.00131527
         vertex -0.00320272 -0.00158118 0.00131087
      endloop
   endfacet
   facet normal -0.588479 0.784638 -0.195028
      outer loop
         vertex -0.00320272 -0.00158118 0.00131087
         vertex -0.00320043 -0.00158422 0.00129173
         vertex -0.00321538 -0.00159252 0.00130279
      endloop
   endfacet
   facet normal -0.759669 0.544498 -0.355564
      outer loop
         vertex -0.00322097 -0.00160368 0.00129444
         vertex -0.00321538 -0.00159252 0.00130279
         vertex -0.00319931 -0.00158572 0.00128893
      endloop
   endfacet
   facet normal -0.546395 0.728527 -0.413159
      outer loop
         vertex -0.00319931 -0.00158572 0.00128893
         vertex -0.00319195 -0.00159553 0.00127058
         vertex -0.00322097 -0.00160368 0.00129444
      endloop
   endfacet
   facet normal -0.507884 0.557902 -0.656353
      outer loop
         vertex -0.00319579 -0.00160234 0.00126436
         vertex -0.00319195 -0.00159553 0.00127058
         vertex -0.00318743 -0.00160157 0.00125929
      endloop
   endfacet
   facet normal -0.629468 0.314734 -0.710431
      outer loop
         vertex -0.00320795 -0.00162666 0.00125896
         vertex -0.00318523 -0.0016045 0.00125684
         vertex -0.00317009 -0.00162468 0.00123998
      endloop
   endfacet
   facet normal -0.629468 0.314734 -0.710431
      outer loop
         vertex -0.00320795 -0.00162666 0.00125896
         vertex -0.00319579 -0.00160234 0.00126436
         vertex -0.00318523 -0.0016045 0.00125684
      endloop
   endfacet
   facet normal -0.336433 0.168216 -0.926561
      outer loop
         vertex -0.00317864 -0.00164131 0.00123734
         vertex -0.00317009 -0.00162468 0.00123998
         vertex -0.00316796 -0.00162752 0.00123761
      endloop
   endfacet
   facet normal -0.22961 0.306147 -0.92388
      outer loop
         vertex -0.00316796 -0.00162752 0.00123761
         vertex -0.003145 -0.00165813 0.00123
         vertex -0.00317864 -0.00164131 0.00123734
      endloop
   endfacet
   facet normal -0.25278 0.33704 -0.906921
      outer loop
         vertex -0.00317009 -0.00162468 0.00123998
         vertex -0.00317864 -0.00164131 0.00123734
         vertex -0.00320795 -0.00162666 0.00125896
      endloop
   endfacet
   facet normal -0.424264 0.565685 -0.707107
      outer loop
         vertex -0.00318743 -0.00160157 0.00125929
         vertex -0.00318523 -0.0016045 0.00125684
         vertex -0.00319579 -0.00160234 0.00126436
      endloop
   endfacet
   facet normal -0.477839 0.637119 -0.604772
      outer loop
         vertex -0.00319195 -0.00159553 0.00127058
         vertex -0.00319579 -0.00160234 0.00126436
         vertex -0.00322097 -0.00160368 0.00129444
      endloop
   endfacet
   facet normal -0.554328 0.739104 -0.382683
      outer loop
         vertex -0.00320043 -0.00158422 0.00129173
         vertex -0.00319931 -0.00158572 0.00128893
         vertex -0.00321538 -0.00159252 0.00130279
      endloop
   endfacet
   facet normal -0.666521 0.730793 -0.147279
      outer loop
         vertex -0.00321165 -0.00158505 0.00131527
         vertex -0.00321034 -0.00158243 0.00133
         vertex -0.003205 -0.00157813 0.00133
      endloop
   endfacet
   facet normal -0.894427 0.447214 2.1684e-15
      outer loop
         vertex -0.00323444 -0.00161341 0.00133
         vertex -0.00322097 -0.00160368 0.00129444
         vertex -0.00322755 -0.00161686 0.00129151
      endloop
   endfacet
   facet normal -0.894427 0.447214 2.1684e-15
      outer loop
         vertex -0.00323444 -0.00161341 0.00133
         vertex -0.00321538 -0.00159252 0.00130279
         vertex -0.00322097 -0.00160368 0.00129444
      endloop
   endfacet
   facet normal -0.894427 0.447214 2.1684e-15
      outer loop
         vertex -0.00323444 -0.00161341 0.00133
         vertex -0.00321165 -0.00158505 0.00131527
         vertex -0.00321538 -0.00159252 0.00130279
      endloop
   endfacet
   facet normal -0.815394 0.578906 0
      outer loop
         vertex -0.00322503 -0.00160131 0.00133
         vertex -0.00321034 -0.00158243 0.00133
         vertex -0.00321165 -0.00158505 0.00131527
      endloop
   endfacet
   facet normal -0.629468 0.314734 -0.710431
      outer loop
         vertex -0.00320795 -0.00162666 0.00125896
         vertex -0.00322755 -0.00161686 0.00129151
         vertex -0.00322097 -0.00160368 0.00129444
      endloop
   endfacet
   facet normal -0.825534 0.412767 -0.384859
      outer loop
         vertex -0.00322755 -0.00161686 0.00129151
         vertex -0.00320795 -0.00162666 0.00125896
         vertex -0.00322011 -0.00165098 0.00126436
      endloop
   endfacet
   facet normal -0.984547 0.0947414 -0.147279
      outer loop
         vertex -0.00324345 -0.00164866 0.00131527
         vertex -0.00324476 -0.00165128 0.00133
         vertex -0.00323847 -0.0016282 0.00133
      endloop
   endfacet
   facet normal -0.336433 0.168216 -0.926561
      outer loop
         vertex -0.00317864 -0.00164131 0.00123734
         vertex -0.003145 -0.00165813 0.00123
         vertex -0.00318327 -0.00165813 0.00123761
      endloop
   endfacet
   facet normal -0.629468 0.314734 -0.710431
      outer loop
         vertex -0.00320795 -0.00162666 0.00125896
         vertex -0.00317864 -0.00164131 0.00123734
         vertex -0.00318682 -0.00165813 0.00123998
      endloop
   endfacet
   facet normal -0.421301 0 -0.906921
      outer loop
         vertex -0.00318682 -0.00165813 0.00123998
         vertex -0.00321204 -0.00165813 0.00125684
         vertex -0.00320795 -0.00162666 0.00125896
      endloop
   endfacet
   facet normal -0.751052 0.071566 -0.656353
      outer loop
         vertex -0.00322011 -0.00165098 0.00126436
         vertex -0.00321204 -0.00165813 0.00125684
         vertex -0.00321571 -0.00165813 0.00125929
      endloop
   endfacet
   facet normal -0.891399 0.281037 -0.355564
      outer loop
         vertex -0.00323414 -0.00163003 0.00129444
         vertex -0.00322325 -0.00165813 0.00127058
         vertex -0.00323552 -0.00165813 0.00128893
      endloop
   endfacet
   facet normal -0.891399 0.281037 -0.355564
      outer loop
         vertex -0.00323414 -0.00163003 0.00129444
         vertex -0.00322011 -0.00165098 0.00126436
         vertex -0.00322325 -0.00165813 0.00127058
      endloop
   endfacet
   facet normal -0.947237 0.169361 -0.272137
      outer loop
         vertex -0.00323972 -0.0016412 0.00130279
         vertex -0.00323739 -0.00165813 0.00129173
         vertex -0.0032412 -0.00165813 0.00131087
      endloop
   endfacet
   facet normal -0.947237 0.169361 -0.272137
      outer loop
         vertex -0.00323972 -0.0016412 0.00130279
         vertex -0.00323552 -0.00165813 0.00128893
         vertex -0.00323739 -0.00165813 0.00129173
      endloop
   endfacet
   facet normal -1 0 0
      outer loop
         vertex -0.003245 -0.00165813 0.00133
         vertex -0.00324476 -0.00165128 0.00133
         vertex -0.00324345 -0.00164866 0.00131527
      endloop
   endfacet
   facet normal -0.984547 0.0947414 -0.147279
      outer loop
         vertex -0.00324345 -0.00164866 0.00131527
         vertex -0.0032412 -0.00165813 0.00131087
         vertex -0.003245 -0.00165813 0.00133
      endloop
   endfacet
   facet normal -0.980798 0 -0.195028
      outer loop
         vertex -0.0032412 -0.00165813 0.00131087
         vertex -0.00324345 -0.00164866 0.00131527
         vertex -0.00323972 -0.0016412 0.00130279
      endloop
   endfacet
   facet normal -0.910659 0 -0.413159
      outer loop
         vertex -0.00323552 -0.00165813 0.00128893
         vertex -0.00323972 -0.0016412 0.00130279
         vertex -0.00323414 -0.00163003 0.00129444
      endloop
   endfacet
   facet normal -0.707107 0 -0.707107
      outer loop
         vertex -0.00321571 -0.00165813 0.00125929
         vertex -0.00322325 -0.00165813 0.00127058
         vertex -0.00322011 -0.00165098 0.00126436
      endloop
   endfacet
   facet normal -0.675602 0 -0.737266
      outer loop
         vertex -0.00321204 -0.00165813 0.00125684
         vertex -0.00322011 -0.00165098 0.00126436
         vertex -0.00320795 -0.00162666 0.00125896
      endloop
   endfacet
   facet normal -0.382683 0 -0.92388
      outer loop
         vertex -0.00318327 -0.00165813 0.00123761
         vertex -0.00318682 -0.00165813 0.00123998
         vertex -0.00317864 -0.00164131 0.00123734
      endloop
   endfacet
   facet normal -0.952361 0.304972 0
      outer loop
         vertex -0.00323847 -0.0016282 0.00133
         vertex -0.00323444 -0.00161341 0.00133
         vertex -0.00324345 -0.00164866 0.00131527
      endloop
   endfacet
   facet normal -0.894427 0.447214 -4.33681e-15
      outer loop
         vertex -0.00323444 -0.00161341 0.00133
         vertex -0.00323972 -0.0016412 0.00130279
         vertex -0.00324345 -0.00164866 0.00131527
      endloop
   endfacet
   facet normal -0.894427 0.447214 -4.33681e-15
      outer loop
         vertex -0.00323444 -0.00161341 0.00133
         vertex -0.00323414 -0.00163003 0.00129444
         vertex -0.00323972 -0.0016412 0.00130279
      endloop
   endfacet
   facet normal -0.894427 0.447214 -4.33681e-15
      outer loop
         vertex -0.00323444 -0.00161341 0.00133
         vertex -0.00322755 -0.00161686 0.00129151
         vertex -0.00323414 -0.00163003 0.00129444
      endloop
   endfacet
   facet normal -0.751052 0.071566 -0.656353
      outer loop
         vertex -0.00322011 -0.00165098 0.00126436
         vertex -0.00323414 -0.00163003 0.00129444
         vertex -0.00322755 -0.00161686 0.00129151
      endloop
   endfacet
   facet normal -0.814925 0.579567 0
      outer loop
         vertex -0.00322649 -0.00160018 0.001505
         vertex -0.003205 -0.00157813 0.001505
         vertex -0.00321034 -0.00158243 0.00133
      endloop
   endfacet
   facet normal -0.6 0.8 0
      outer loop
         vertex -0.003205 -0.00157813 0.001505
         vertex -0.003205 -0.00157813 0.00133
         vertex -0.00321034 -0.00158243 0.00133
      endloop
   endfacet
   facet normal -0.952608 0.3042 0
      outer loop
         vertex -0.00324026 -0.00162771 0.001505
         vertex -0.00322649 -0.00160018 0.001505
         vertex -0.00323444 -0.00161341 0.00133
      endloop
   endfacet
   facet normal -0.814925 0.579567 0
      outer loop
         vertex -0.00322649 -0.00160018 0.001505
         vertex -0.00322503 -0.00160131 0.00133
         vertex -0.00323444 -0.00161341 0.00133
      endloop
   endfacet
   facet normal -0.952608 0.3042 0
      outer loop
         vertex -0.00324026 -0.00162771 0.001505
         vertex -0.00323847 -0.0016282 0.00133
         vertex -0.00324476 -0.00165128 0.00133
      endloop
   endfacet
   facet normal -0.997648 0.0685386 0
      outer loop
         vertex -0.00324476 -0.00165128 0.00133
         vertex -0.003245 -0.00165813 0.001505
         vertex -0.00324026 -0.00162771 0.001505
      endloop
   endfacet
   facet normal -0.997648 0.0685386 0
      outer loop
         vertex -0.00324476 -0.00165128 0.00133
         vertex -0.003245 -0.00165813 0.00133
         vertex -0.003245 -0.00165813 0.001505
      endloop
   endfacet
   facet normal -0.894427 0.447214 0
      outer loop
         vertex -0.00323444 -0.00161341 0.00133
         vertex -0.00323847 -0.0016282 0.00133
         vertex -0.00324026 -0.00162771 0.001505
      endloop
   endfacet
   facet normal -0.65342 0.756996 0
      outer loop
         vertex -0.00321034 -0.00158243 0.00133
         vertex -0.00322503 -0.00160131 0.00133
         vertex -0.00322649 -0.00160018 0.001505
      endloop
   endfacet
   facet normal -0.6 0.8 5.12726e-16
      outer loop
         vertex -0.003085 -0.00148813 0.001505
         vertex -0.003085 -0.00148813 0.00133
         vertex -0.003205 -0.00157813 0.00133
      endloop
   endfacet
   facet normal -0.6 0.8 5.12726e-16
      outer loop
         vertex -0.003205 -0.00157813 0.00133
         vertex -0.003205 -0.00157813 0.001505
         vertex -0.003085 -0.00148813 0.001505
      endloop
   endfacet
   facet normal -1 0 0
      outer loop
         vertex -0.003245 -0.00165813 0.00133
         vertex -0.003245 -0.00195813 0.00133
         vertex -0.003245 -0.00195813 0.001505
      endloop
   endfacet
   facet normal -1 0 0
      outer loop
         vertex -0.003245 -0.00195813 0.001505
         vertex -0.003245 -0.00165813 0.001505
         vertex -0.003245 -0.00165813 0.00133
      endloop
   endfacet
   facet normal -0.952608 0.3042 0
      outer loop
         vertex -0.00304974 -0.00143855 0.001505
         vertex -0.003045 -0.00140813 0.001505
         vertex -0.003045 -0.00140813 0.00133
      endloop
   endfacet
   facet normal -0.814925 0.579567 0
      outer loop
         vertex -0.00306351 -0.00146609 0.001505
         vertex -0.00304974 -0.00143855 0.001505
         vertex -0.00304974 -0.00143855 0.00133
      endloop
   endfacet
   facet normal -0.6 0.8 0
      outer loop
         vertex -0.003085 -0.00148813 0.001505
         vertex -0.00306351 -0.00146609 0.001505
         vertex -0.00306351 -0.00146609 0.00133
      endloop
   endfacet
   facet normal -0.814925 0.579567 0
      outer loop
         vertex -0.00306351 -0.00146609 0.00133
         vertex -0.003085 -0.00148813 0.00133
         vertex -0.003085 -0.00148813 0.001505
      endloop
   endfacet
   facet normal -0.952608 0.3042 0
      outer loop
         vertex -0.00304974 -0.00143855 0.00133
         vertex -0.00306351 -0.00146609 0.00133
         vertex -0.00306351 -0.00146609 0.001505
      endloop
   endfacet
   facet normal -1 4.00006e-11 0
      outer loop
         vertex -0.003045 -0.00140813 0.00133
         vertex -0.00304974 -0.00143855 0.00133
         vertex -0.00304974 -0.00143855 0.001505
      endloop
   endfacet
   facet normal -7.93365e-13 1.05615e-12 -1
      outer loop
         vertex -0.003025 -0.00156813 0.00123
         vertex -0.003145 -0.00165813 0.00123
         vertex -0.00316796 -0.00162752 0.00123761
      endloop
   endfacet
   facet normal -0.22961 0.306147 -0.92388
      outer loop
         vertex -0.00304796 -0.00153752 0.00123761
         vertex -0.00317009 -0.00162468 0.00123998
         vertex -0.00318523 -0.0016045 0.00125684
      endloop
   endfacet
   facet normal -0.22961 0.306147 -0.92388
      outer loop
         vertex -0.00304796 -0.00153752 0.00123761
         vertex -0.00316796 -0.00162752 0.00123761
         vertex -0.00317009 -0.00162468 0.00123998
      endloop
   endfacet
   facet normal -0.405361 0.540482 -0.737266
      outer loop
         vertex -0.00318523 -0.0016045 0.00125684
         vertex -0.00306743 -0.00151157 0.00125929
         vertex -0.00304796 -0.00153752 0.00123761
      endloop
   endfacet
   facet normal -0.554328 0.739104 -0.382683
      outer loop
         vertex -0.00308043 -0.00149422 0.00129173
         vertex -0.00306743 -0.00151157 0.00125929
         vertex -0.00319195 -0.00159553 0.00127058
      endloop
   endfacet
   facet normal -0.424264 0.565685 -0.707107
      outer loop
         vertex -0.00306743 -0.00151157 0.00125929
         vertex -0.00318743 -0.00160157 0.00125929
         vertex -0.00319195 -0.00159553 0.00127058
      endloop
   endfacet
   facet normal -0.477839 0.637119 -0.604772
      outer loop
         vertex -0.00319195 -0.00159553 0.00127058
         vertex -0.00319931 -0.00158572 0.00128893
         vertex -0.00308043 -0.00149422 0.00129173
      endloop
   endfacet
   facet normal -0.554328 0.739104 -0.382683
      outer loop
         vertex -0.00308043 -0.00149422 0.00129173
         vertex -0.00320043 -0.00158422 0.00129173
         vertex -0.00320272 -0.00158118 0.00131087
      endloop
   endfacet
   facet normal -0.588479 0.784638 -0.195028
      outer loop
         vertex -0.00320272 -0.00158118 0.00131087
         vertex -0.003085 -0.00148813 0.00133
         vertex -0.00308043 -0.00149422 0.00129173
      endloop
   endfacet
   facet normal -0.588479 0.784638 -0.195028
      outer loop
         vertex -0.00320272 -0.00158118 0.00131087
         vertex -0.003205 -0.00157813 0.00133
         vertex -0.003085 -0.00148813 0.00133
      endloop
   endfacet
   facet normal -0.546395 0.728527 -0.413159
      outer loop
         vertex -0.00319931 -0.00158572 0.00128893
         vertex -0.00320043 -0.00158422 0.00129173
         vertex -0.00308043 -0.00149422 0.00129173
      endloop
   endfacet
   facet normal -0.405361 0.540482 -0.737266
      outer loop
         vertex -0.00318523 -0.0016045 0.00125684
         vertex -0.00318743 -0.00160157 0.00125929
         vertex -0.00306743 -0.00151157 0.00125929
      endloop
   endfacet
   facet normal -0.22961 0.306147 -0.92388
      outer loop
         vertex -0.00316796 -0.00162752 0.00123761
         vertex -0.00304796 -0.00153752 0.00123761
         vertex -0.003025 -0.00156813 0.00123
      endloop
   endfacet
   facet normal -0.554328 0.739104 -0.382683
      outer loop
         vertex -0.00308043 -0.00149422 0.00129173
         vertex -0.003085 -0.00148813 0.00133
         vertex -0.00306351 -0.00146609 0.00133
      endloop
   endfacet
   facet normal -0.752892 0.53545 -0.382683
      outer loop
         vertex -0.0030573 -0.0014705 0.00129173
         vertex -0.00306351 -0.00146609 0.00133
         vertex -0.00304974 -0.00143855 0.00133
      endloop
   endfacet
   facet normal -0.880095 0.281044 -0.382683
      outer loop
         vertex -0.00304249 -0.00144087 0.00129173
         vertex -0.00304974 -0.00143855 0.00133
         vertex -0.003045 -0.00140813 0.00133
      endloop
   endfacet
   facet normal -0.424264 0.565685 -0.707107
      outer loop
         vertex -0.00306743 -0.00151157 0.00125929
         vertex -0.00308043 -0.00149422 0.00129173
         vertex -0.0030573 -0.0014705 0.00129173
      endloop
   endfacet
   facet normal -0.576239 0.409816 -0.707107
      outer loop
         vertex -0.00303964 -0.00148307 0.00125929
         vertex -0.0030573 -0.0014705 0.00129173
         vertex -0.00304249 -0.00144087 0.00129173
      endloop
   endfacet
   facet normal -0.673596 0.215102 -0.707107
      outer loop
         vertex -0.00302184 -0.00144746 0.00125929
         vertex -0.00304249 -0.00144087 0.00129173
         vertex -0.00303739 -0.00140813 0.00129173
      endloop
   endfacet
   facet normal -0.22961 0.306147 -0.92388
      outer loop
         vertex -0.00304796 -0.00153752 0.00123761
         vertex -0.00306743 -0.00151157 0.00125929
         vertex -0.00303964 -0.00148307 0.00125929
      endloop
   endfacet
   facet normal -0.311858 0.221791 -0.92388
      outer loop
         vertex -0.0030132 -0.00150187 0.00123761
         vertex -0.00303964 -0.00148307 0.00125929
         vertex -0.00302184 -0.00144746 0.00125929
      endloop
   endfacet
   facet normal -0.364547 0.116412 -0.92388
      outer loop
         vertex -0.00299093 -0.00145733 0.00123761
         vertex -0.00302184 -0.00144746 0.00125929
         vertex -0.00301571 -0.00140813 0.00125929
      endloop
   endfacet
   facet normal 4.02239e-13 -5.36409e-13 -1
      outer loop
         vertex -0.003025 -0.00156813 0.00123
         vertex -0.00304796 -0.00153752 0.00123761
         vertex -0.0030132 -0.00150187 0.00123761
      endloop
   endfacet
   facet normal 4.02239e-13 -5.36409e-13 -1
      outer loop
         vertex -0.00298202 -0.00152405 0.00123
         vertex -0.0030132 -0.00150187 0.00123761
         vertex -0.00299093 -0.00145733 0.00123761
      endloop
   endfacet
   facet normal 4.02239e-13 -5.36409e-13 -1
      outer loop
         vertex -0.00295448 -0.00146897 0.00123
         vertex -0.00299093 -0.00145733 0.00123761
         vertex -0.00298327 -0.00140813 0.00123761
      endloop
   endfacet
   facet normal -0.382683 1.08452e-11 -0.92388
      outer loop
         vertex -0.00298327 -0.00140813 0.00123761
         vertex -0.002945 -0.00140813 0.00123
         vertex -0.00295448 -0.00146897 0.00123
      endloop
   endfacet
   facet normal -0.364547 0.116412 -0.92388
      outer loop
         vertex -0.00299093 -0.00145733 0.00123761
         vertex -0.00295448 -0.00146897 0.00123
         vertex -0.00298202 -0.00152405 0.00123
      endloop
   endfacet
   facet normal -0.311858 0.221791 -0.92388
      outer loop
         vertex -0.0030132 -0.00150187 0.00123761
         vertex -0.00298202 -0.00152405 0.00123
         vertex -0.003025 -0.00156813 0.00123
      endloop
   endfacet
   facet normal -0.707107 2.00401e-11 -0.707107
      outer loop
         vertex -0.00301571 -0.00140813 0.00125929
         vertex -0.00298327 -0.00140813 0.00123761
         vertex -0.00299093 -0.00145733 0.00123761
      endloop
   endfacet
   facet normal -0.673596 0.215102 -0.707107
      outer loop
         vertex -0.00302184 -0.00144746 0.00125929
         vertex -0.00299093 -0.00145733 0.00123761
         vertex -0.0030132 -0.00150187 0.00123761
      endloop
   endfacet
   facet normal -0.576239 0.409816 -0.707107
      outer loop
         vertex -0.00303964 -0.00148307 0.00125929
         vertex -0.0030132 -0.00150187 0.00123761
         vertex -0.00304796 -0.00153752 0.00123761
      endloop
   endfacet
   facet normal -0.92388 2.61841e-11 -0.382683
      outer loop
         vertex -0.00303739 -0.00140813 0.00129173
         vertex -0.00301571 -0.00140813 0.00125929
         vertex -0.00302184 -0.00144746 0.00125929
      endloop
   endfacet
   facet normal -0.880095 0.281044 -0.382683
      outer loop
         vertex -0.00304249 -0.00144087 0.00129173
         vertex -0.00302184 -0.00144746 0.00125929
         vertex -0.00303964 -0.00148307 0.00125929
      endloop
   endfacet
   facet normal -0.752892 0.53545 -0.382683
      outer loop
         vertex -0.0030573 -0.0014705 0.00129173
         vertex -0.00303964 -0.00148307 0.00125929
         vertex -0.00306743 -0.00151157 0.00125929
      endloop
   endfacet
   facet normal -1 4.00006e-11 0
      outer loop
         vertex -0.003045 -0.00140813 0.00133
         vertex -0.00303739 -0.00140813 0.00129173
         vertex -0.00304249 -0.00144087 0.00129173
      endloop
   endfacet
   facet normal -0.952608 0.3042 -1.22465e-16
      outer loop
         vertex -0.00304974 -0.00143855 0.00133
         vertex -0.00304249 -0.00144087 0.00129173
         vertex -0.0030573 -0.0014705 0.00129173
      endloop
   endfacet
   facet normal -0.814925 0.579567 -1.22465e-16
      outer loop
         vertex -0.00306351 -0.00146609 0.00133
         vertex -0.0030573 -0.0014705 0.00129173
         vertex -0.00308043 -0.00149422 0.00129173
      endloop
   endfacet
   facet normal -1 0 0
      outer loop
         vertex -0.003045 0.000121866 0.00133
         vertex -0.003045 -0.00140813 0.00133
         vertex -0.003045 -0.00140813 0.001505
      endloop
   endfacet
   facet normal -1 0 0
      outer loop
         vertex -0.003045 -0.00140813 0.001505
         vertex -0.003045 0.000121866 0.001505
         vertex -0.003045 0.000121866 0.00133
      endloop
   endfacet
   facet normal 0 0 -1
      outer loop
         vertex -0.002945 0.000121866 0.00123
         vertex -0.002945 -0.00140813 0.00123
         vertex -0.00298327 -0.00140813 0.00123761
      endloop
   endfacet
   facet normal -0.382683 0 -0.92388
      outer loop
         vertex -0.00298327 0.000121866 0.00123761
         vertex -0.00298327 -0.00140813 0.00123761
         vertex -0.00301571 -0.00140813 0.00125929
      endloop
   endfacet
   facet normal -0.707107 0 -0.707107
      outer loop
         vertex -0.00301571 0.000121866 0.00125929
         vertex -0.00301571 -0.00140813 0.00125929
         vertex -0.00303739 -0.00140813 0.00129173
      endloop
   endfacet
   facet normal -0.92388 0 -0.382683
      outer loop
         vertex -0.00303739 0.000121866 0.00129173
         vertex -0.00303739 -0.00140813 0.00129173
         vertex -0.003045 -0.00140813 0.00133
      endloop
   endfacet
   facet normal -1 0 0
      outer loop
         vertex -0.003045 -0.00140813 0.00133
         vertex -0.003045 0.000121866 0.00133
         vertex -0.00303739 0.000121866 0.00129173
      endloop
   endfacet
   facet normal -0.92388 0 -0.382683
      outer loop
         vertex -0.00303739 -0.00140813 0.00129173
         vertex -0.00303739 0.000121866 0.00129173
         vertex -0.00301571 0.000121866 0.00125929
      endloop
   endfacet
   facet normal -0.707107 0 -0.707107
      outer loop
         vertex -0.00301571 -0.00140813 0.00125929
         vertex -0.00301571 0.000121866 0.00125929
         vertex -0.00298327 0.000121866 0.00123761
      endloop
   endfacet
   facet normal -0.382683 0 -0.92388
      outer loop
         vertex -0.00298327 -0.00140813 0.00123761
         vertex -0.00298327 0.000121866 0.00123761
         vertex -0.002945 0.000121866 0.00123
      endloop
   endfacet
   facet normal 0 0 -1
      outer loop
         vertex -0.003145 -0.00165813 0.00123
         vertex -0.003145 -0.00195813 0.00123
         vertex -0.00318327 -0.00195813 0.00123761
      endloop
   endfacet
   facet normal -0.382683 0 -0.92388
      outer loop
         vertex -0.00318327 -0.00195813 0.00123761
         vertex -0.00321571 -0.00195813 0.00125929
         vertex -0.00321204 -0.00165813 0.00125684
      endloop
   endfacet
   facet normal -0.675602 0 -0.737266
      outer loop
         vertex -0.00321204 -0.00165813 0.00125684
         vertex -0.00318682 -0.00165813 0.00123998
         vertex -0.00318327 -0.00195813 0.00123761
      endloop
   endfacet
   facet normal -0.707107 0 -0.707107
      outer loop
         vertex -0.00321571 -0.00195813 0.00125929
         vertex -0.00321571 -0.00165813 0.00125929
         vertex -0.00321204 -0.00165813 0.00125684
      endloop
   endfacet
   facet normal -0.92388 0 -0.382683
      outer loop
         vertex -0.00323739 -0.00195813 0.00129173
         vertex -0.00323552 -0.00165813 0.00128893
         vertex -0.00322325 -0.00165813 0.00127058
      endloop
   endfacet
   facet normal -0.796399 0 -0.604772
      outer loop
         vertex -0.00322325 -0.00165813 0.00127058
         vertex -0.00321571 -0.00195813 0.00125929
         vertex -0.00323739 -0.00195813 0.00129173
      endloop
   endfacet
   facet normal -0.92388 0 -0.382683
      outer loop
         vertex -0.00323739 -0.00195813 0.00129173
         vertex -0.00323739 -0.00165813 0.00129173
         vertex -0.00323552 -0.00165813 0.00128893
      endloop
   endfacet
   facet normal -0.92388 0 -0.382683
      outer loop
         vertex -0.00323739 -0.00195813 0.00129173
         vertex -0.003245 -0.00195813 0.00133
         vertex -0.0032412 -0.00165813 0.00131087
      endloop
   endfacet
   facet normal -1 0 0
      outer loop
         vertex -0.003245 -0.00195813 0.00133
         vertex -0.003245 -0.00165813 0.00133
         vertex -0.0032412 -0.00165813 0.00131087
      endloop
   endfacet
   facet normal -0.980798 0 -0.195028
      outer loop
         vertex -0.0032412 -0.00165813 0.00131087
         vertex -0.00323739 -0.00165813 0.00129173
         vertex -0.00323739 -0.00195813 0.00129173
      endloop
   endfacet
   facet normal -0.796399 0 -0.604772
      outer loop
         vertex -0.00322325 -0.00165813 0.00127058
         vertex -0.00321571 -0.00165813 0.00125929
         vertex -0.00321571 -0.00195813 0.00125929
      endloop
   endfacet
   facet normal -0.421301 0 -0.906921
      outer loop
         vertex -0.00318682 -0.00165813 0.00123998
         vertex -0.00318327 -0.00165813 0.00123761
         vertex -0.00318327 -0.00195813 0.00123761
      endloop
   endfacet
   facet normal -0.382683 0 -0.92388
      outer loop
         vertex -0.00318327 -0.00195813 0.00123761
         vertex -0.00318327 -0.00165813 0.00123761
         vertex -0.003145 -0.00165813 0.00123
      endloop
   endfacet
   facet normal -1 -6.67652e-12 0
      outer loop
         vertex -0.003245 -0.00195813 0.001505
         vertex -0.003245 -0.00195813 0.00133
         vertex -0.00324028 -0.00200133 0.00133
      endloop
   endfacet
   facet normal -0.9764 -0.215971 0
      outer loop
         vertex -0.00324028 -0.00200133 0.00133
         vertex -0.00324028 -0.00200133 0.001505
         vertex -0.003245 -0.00195813 0.001505
      endloop
   endfacet
   facet normal -0.382683 -2.42947e-12 -0.92388
      outer loop
         vertex -0.00318327 -0.00195813 0.00123761
         vertex -0.003145 -0.00195813 0.00123
         vertex -0.00314264 -0.00197973 0.00123
      endloop
   endfacet
   facet normal -0.707107 -4.48908e-12 -0.707107
      outer loop
         vertex -0.00321571 -0.00195813 0.00125929
         vertex -0.00318327 -0.00195813 0.00123761
         vertex -0.00318001 -0.001988 0.00123761
      endloop
   endfacet
   facet normal -0.92388 -5.86526e-12 -0.382683
      outer loop
         vertex -0.00323739 -0.00195813 0.00129173
         vertex -0.00321571 -0.00195813 0.00125929
         vertex -0.00321168 -0.001995 0.00125929
      endloop
   endfacet
   facet normal -1 -1.49251e-11 0
      outer loop
         vertex -0.003245 -0.00195813 0.00133
         vertex -0.00323739 -0.00195813 0.00129173
         vertex -0.00323285 -0.00199968 0.00129173
      endloop
   endfacet
   facet normal -0.902076 -0.199532 -0.382683
      outer loop
         vertex -0.00323285 -0.00199968 0.00129173
         vertex -0.00324028 -0.00200133 0.00133
         vertex -0.003245 -0.00195813 0.00133
      endloop
   endfacet
   facet normal -0.690419 -0.152715 -0.707107
      outer loop
         vertex -0.00321168 -0.001995 0.00125929
         vertex -0.00323285 -0.00199968 0.00129173
         vertex -0.00323739 -0.00195813 0.00129173
      endloop
   endfacet
   facet normal -0.373652 -0.0826487 -0.92388
      outer loop
         vertex -0.00318001 -0.001988 0.00123761
         vertex -0.00321168 -0.001995 0.00125929
         vertex -0.00321571 -0.00195813 0.00125929
      endloop
   endfacet
   facet normal 8.67362e-15 5.52203e-26 -1
      outer loop
         vertex -0.00314264 -0.00197973 0.00123
         vertex -0.00318001 -0.001988 0.00123761
         vertex -0.00318327 -0.00195813 0.00123761
      endloop
   endfacet
   facet normal -0.9764 -0.215971 0
      outer loop
         vertex -0.00324028 -0.00200133 0.001505
         vertex -0.00324028 -0.00200133 0.00133
         vertex -0.00312968 -0.00250133 0.00133
      endloop
   endfacet
   facet normal -0.9764 -0.215971 0
      outer loop
         vertex -0.00312968 -0.00250133 0.00133
         vertex -0.00312968 -0.00250133 0.001505
         vertex -0.00324028 -0.00200133 0.001505
      endloop
   endfacet
   facet normal 6.53096e-13 1.40946e-13 -1
      outer loop
         vertex -0.00314264 -0.00197973 0.00123
         vertex -0.00303204 -0.00247973 0.00123
         vertex -0.00305781 -0.00248543 0.00123354
      endloop
   endfacet
   facet normal -0.257646 -0.056989 -0.964557
      outer loop
         vertex -0.00305781 -0.00248543 0.00123354
         vertex -0.00318001 -0.001988 0.00123761
         vertex -0.00314264 -0.00197973 0.00123
      endloop
   endfacet
   facet normal -0.373652 -0.0826487 -0.92388
      outer loop
         vertex -0.00318001 -0.001988 0.00123761
         vertex -0.00306884 -0.00248787 0.00123886
         vertex -0.00308819 -0.00249215 0.00124819
      endloop
   endfacet
   facet normal -0.561435 -0.124185 -0.81815
      outer loop
         vertex -0.00308819 -0.00249215 0.00124819
         vertex -0.00321168 -0.001995 0.00125929
         vertex -0.00318001 -0.001988 0.00123761
      endloop
   endfacet
   facet normal -0.902076 -0.199532 -0.382683
      outer loop
         vertex -0.00323285 -0.00199968 0.00129173
         vertex -0.00321168 -0.001995 0.00125929
         vertex -0.00311193 -0.0024974 0.0012725
      endloop
   endfacet
   facet normal -0.690419 -0.152715 -0.707107
      outer loop
         vertex -0.00321168 -0.001995 0.00125929
         vertex -0.00310006 -0.00249478 0.00126034
         vertex -0.00311193 -0.0024974 0.0012725
      endloop
   endfacet
   facet normal -0.9764 -0.215971 -3.16394e-15
      outer loop
         vertex -0.00324028 -0.00200133 0.00133
         vertex -0.00323285 -0.00199968 0.00129173
         vertex -0.00312622 -0.00250056 0.00130361
      endloop
   endfacet
   facet normal -0.902076 -0.199532 -0.382683
      outer loop
         vertex -0.00323285 -0.00199968 0.00129173
         vertex -0.00312103 -0.00249942 0.00129232
         vertex -0.00312622 -0.00250056 0.00130361
      endloop
   endfacet
   facet normal -0.941794 -0.208317 -0.263873
      outer loop
         vertex -0.00312622 -0.00250056 0.00130361
         vertex -0.00312968 -0.00250133 0.00133
         vertex -0.00324028 -0.00200133 0.00133
      endloop
   endfacet
   facet normal -0.798841 -0.176697 -0.575005
      outer loop
         vertex -0.00311193 -0.0024974 0.0012725
         vertex -0.00312103 -0.00249942 0.00129232
         vertex -0.00323285 -0.00199968 0.00129173
      endloop
   endfacet
   facet normal -0.561435 -0.124185 -0.81815
      outer loop
         vertex -0.00308819 -0.00249215 0.00124819
         vertex -0.00310006 -0.00249478 0.00126034
         vertex -0.00321168 -0.001995 0.00125929
      endloop
   endfacet
   facet normal -0.257646 -0.056989 -0.964557
      outer loop
         vertex -0.00305781 -0.00248543 0.00123354
         vertex -0.00306884 -0.00248787 0.00123886
         vertex -0.00318001 -0.001988 0.00123761
      endloop
   endfacet
   facet normal -0.704438 -0.417017 -0.574338
      outer loop
         vertex -0.00309049 -0.00255054 0.0012729
         vertex -0.00309032 -0.00255089 0.00127275
         vertex -0.00309151 -0.0025537 0.00127556
      endloop
   endfacet
   facet normal -0.716679 -0.435928 -0.54437
      outer loop
         vertex -0.00309151 -0.0025537 0.00127556
         vertex -0.00310343 -0.00255826 0.00130361
         vertex -0.00309049 -0.00255054 0.0012729
      endloop
   endfacet
   facet normal -0.716679 -0.435928 -0.54437
      outer loop
         vertex -0.00309151 -0.0025537 0.00127556
         vertex -0.00308804 -0.00257956 0.00130143
         vertex -0.00310343 -0.00255826 0.00130361
      endloop
   endfacet
   facet normal -0.849612 -0.527407 1.30104e-14
      outer loop
         vertex -0.00310381 -0.00256329 0.00133
         vertex -0.00310343 -0.00255826 0.00130361
         vertex -0.00308639 -0.00258177 0.00130364
      endloop
   endfacet
   facet normal -0.748017 -0.608476 -0.265005
      outer loop
         vertex -0.00308639 -0.00258177 0.00130364
         vertex -0.00306669 -0.00260813 0.00133
         vertex -0.00310381 -0.00256329 0.00133
      endloop
   endfacet
   facet normal -0.9764 -0.215971 0
      outer loop
         vertex -0.00312968 -0.00250133 0.00133
         vertex -0.00312622 -0.00250056 0.00130361
         vertex -0.00310343 -0.00255826 0.00130361
      endloop
   endfacet
   facet normal -0.704438 -0.417017 -0.574338
      outer loop
         vertex -0.00309049 -0.00255054 0.0012729
         vertex -0.00310343 -0.00255826 0.00130361
         vertex -0.00312103 -0.00249942 0.00129232
      endloop
   endfacet
   facet normal -0.829894 -0.491576 -0.263873
      outer loop
         vertex -0.00310343 -0.00255826 0.00130361
         vertex -0.00312622 -0.00250056 0.00130361
         vertex -0.00312103 -0.00249942 0.00129232
      endloop
   endfacet
   facet normal -0.798841 -0.176697 -0.575005
      outer loop
         vertex -0.00311193 -0.0024974 0.0012725
         vertex -0.00308289 -0.00253344 0.00125531
         vertex -0.0030902 -0.00255061 0.00127247
      endloop
   endfacet
   facet normal -0.690419 -0.152715 -0.707107
      outer loop
         vertex -0.00310006 -0.00249478 0.00126034
         vertex -0.00308819 -0.00249215 0.00124819
         vertex -0.00307553 -0.00252695 0.00124882
      endloop
   endfacet
   facet normal -0.593035 -0.300771 -0.746891
      outer loop
         vertex -0.00308289 -0.00253344 0.00125531
         vertex -0.00311193 -0.0024974 0.0012725
         vertex -0.00310006 -0.00249478 0.00126034
      endloop
   endfacet
   facet normal -0.516587 -0.2519 -0.818343
      outer loop
         vertex -0.00307553 -0.00252695 0.00124882
         vertex -0.00308289 -0.00253344 0.00125531
         vertex -0.00310006 -0.00249478 0.00126034
      endloop
   endfacet
   facet normal -0.238407 -0.112409 -0.964638
      outer loop
         vertex -0.00304862 -0.00251199 0.00123385
         vertex -0.0030668 -0.00251925 0.00124112
         vertex -0.00306884 -0.00248787 0.00123886
      endloop
   endfacet
   facet normal -0.416046 -0.192051 -0.888832
      outer loop
         vertex -0.0030668 -0.00251925 0.00124112
         vertex -0.00308819 -0.00249215 0.00124819
         vertex -0.00306884 -0.00248787 0.00123886
      endloop
   endfacet
   facet normal -0.373058 -0.0825173 -0.924131
      outer loop
         vertex -0.00306884 -0.00248787 0.00123886
         vertex -0.00305781 -0.00248543 0.00123354
         vertex -0.00304862 -0.00251199 0.00123385
      endloop
   endfacet
   facet normal 1.19322e-10 2.6393e-11 -1
      outer loop
         vertex -0.00303204 -0.00247973 0.00123
         vertex -0.00302101 -0.00250813 0.00123
         vertex -0.00304589 -0.0025109 0.00123276
      endloop
   endfacet
   facet normal -0.210983 -0.0998497 -0.972376
      outer loop
         vertex -0.00304589 -0.0025109 0.00123276
         vertex -0.00305781 -0.00248543 0.00123354
         vertex -0.00303204 -0.00247973 0.00123
      endloop
   endfacet
   facet normal -0.210983 -0.0998497 -0.972376
      outer loop
         vertex -0.00304589 -0.0025109 0.00123276
         vertex -0.00304862 -0.00251199 0.00123385
         vertex -0.00305781 -0.00248543 0.00123354
      endloop
   endfacet
   facet normal -0.416046 -0.192051 -0.888832
      outer loop
         vertex -0.0030668 -0.00251925 0.00124112
         vertex -0.00307553 -0.00252695 0.00124882
         vertex -0.00308819 -0.00249215 0.00124819
      endloop
   endfacet
   facet normal -0.70158 -0.416429 -0.57825
      outer loop
         vertex -0.0030902 -0.00255061 0.00127247
         vertex -0.00309049 -0.00255054 0.0012729
         vertex -0.00311193 -0.0024974 0.0012725
      endloop
   endfacet
   facet normal -0.902321 -0.199586 -0.382075
      outer loop
         vertex -0.00312103 -0.00249942 0.00129232
         vertex -0.00311193 -0.0024974 0.0012725
         vertex -0.00309049 -0.00255054 0.0012729
      endloop
   endfacet
   facet normal -0.829894 -0.491576 -0.263873
      outer loop
         vertex -0.00310343 -0.00255826 0.00130361
         vertex -0.00310648 -0.00256006 0.00133
         vertex -0.00312968 -0.00250133 0.00133
      endloop
   endfacet
   facet normal -0.849612 -0.527407 1.30104e-14
      outer loop
         vertex -0.00310381 -0.00256329 0.00133
         vertex -0.00310648 -0.00256006 0.00133
         vertex -0.00310343 -0.00255826 0.00130361
      endloop
   endfacet
   facet normal -0.751844 -0.594229 -0.285696
      outer loop
         vertex -0.00308804 -0.00257956 0.00130143
         vertex -0.00308639 -0.00258177 0.00130364
         vertex -0.00310343 -0.00255826 0.00130361
      endloop
   endfacet
   facet normal -0.703019 -0.418232 -0.575193
      outer loop
         vertex -0.00309032 -0.00255089 0.00127275
         vertex -0.00309049 -0.00255054 0.0012729
         vertex -0.0030902 -0.00255061 0.00127247
      endloop
   endfacet
   facet normal -0.9764 -0.215971 0
      outer loop
         vertex -0.00312968 -0.00250133 0.001505
         vertex -0.00312968 -0.00250133 0.00133
         vertex -0.00310648 -0.00256006 0.00133
      endloop
   endfacet
   facet normal -0.860388 -0.509639 0
      outer loop
         vertex -0.00310648 -0.00256006 0.00133
         vertex -0.00310428 -0.00256369 0.001505
         vertex -0.00312968 -0.00250133 0.001505
      endloop
   endfacet
   facet normal -0.849392 -0.527762 0
      outer loop
         vertex -0.00310428 -0.00256369 0.001505
         vertex -0.00306669 -0.00260813 0.00133
         vertex -0.00305963 -0.00261408 0.00133595
      endloop
   endfacet
   facet normal -0.849392 -0.527762 0
      outer loop
         vertex -0.00310428 -0.00256369 0.001505
         vertex -0.00310381 -0.00256329 0.00133
         vertex -0.00306669 -0.00260813 0.00133
      endloop
   endfacet
   facet normal -0.62611 -0.779734 0
      outer loop
         vertex -0.00305963 -0.00261408 0.001505
         vertex -0.00305963 -0.00261408 0.00133595
         vertex -0.00300078 -0.0026468 0.00136867
      endloop
   endfacet
   facet normal 0 -1 0
      outer loop
         vertex -0.0029344 -0.00265813 0.001505
         vertex -0.00300078 -0.0026468 0.001505
         vertex -0.00296807 -0.00265528 0.00137715
      endloop
   endfacet
   facet normal -0.331863 -0.943328 0
      outer loop
         vertex -0.00300078 -0.0026468 0.001505
         vertex -0.00300078 -0.0026468 0.00136867
         vertex -0.00296807 -0.00265528 0.00137715
      endloop
   endfacet
   facet normal -0.168333 -0.98573 0
      outer loop
         vertex -0.00296807 -0.00265528 0.00137715
         vertex -0.0029344 -0.00265813 0.00138
         vertex -0.0029344 -0.00265813 0.001505
      endloop
   endfacet
   facet normal -0.331863 -0.943328 0
      outer loop
         vertex -0.00300078 -0.0026468 0.00136867
         vertex -0.00300078 -0.0026468 0.001505
         vertex -0.00305963 -0.00261408 0.001505
      endloop
   endfacet
   facet normal -0.62611 -0.779734 0
      outer loop
         vertex -0.00305963 -0.00261408 0.00133595
         vertex -0.00305963 -0.00261408 0.001505
         vertex -0.00310428 -0.00256369 0.001505
      endloop
   endfacet
   facet normal -0.860388 -0.509639 0
      outer loop
         vertex -0.00310648 -0.00256006 0.00133
         vertex -0.00310381 -0.00256329 0.00133
         vertex -0.00310428 -0.00256369 0.001505
      endloop
   endfacet
   facet normal 0 -0.707107 -0.707107
      outer loop
         vertex 0.00305952 -0.00251635 0.00123821
         vertex -0.00304862 -0.00251199 0.00123385
         vertex -0.00302101 -0.00250813 0.00123
      endloop
   endfacet
   facet normal 0 -0.707107 -0.707107
      outer loop
         vertex -0.00304862 -0.00251199 0.00123385
         vertex -0.00304589 -0.0025109 0.00123276
         vertex -0.00302101 -0.00250813 0.00123
      endloop
   endfacet
   facet normal 0 -0.707107 -0.707107
      outer loop
         vertex 0.00305952 -0.00251635 0.00123821
         vertex 0.00302101 -0.00250813 0.00123
         vertex 0.00303138 -0.00250857 0.00123043
      endloop
   endfacet
   facet normal 0 -0.707107 -0.707107
      outer loop
         vertex 0.00305952 -0.00251635 0.00123821
         vertex -0.00307553 -0.00252695 0.00124882
         vertex -0.00304862 -0.00251199 0.00123385
      endloop
   endfacet
   facet normal 0 -0.707107 -0.707107
      outer loop
         vertex 0.00305952 -0.00251635 0.00123821
         vertex -0.00308639 -0.00258177 0.00130364
         vertex -0.00308804 -0.00257956 0.00130143
      endloop
   endfacet
   facet normal 0 -0.707107 -0.707107
      outer loop
         vertex -0.0029344 -0.00265813 0.00138
         vertex -0.00305963 -0.00261408 0.00133595
         vertex -0.00306669 -0.00260813 0.00133
      endloop
   endfacet
   facet normal 0 -0.707107 -0.707107
      outer loop
         vertex -0.00305963 -0.00261408 0.00133595
         vertex -0.0029344 -0.00265813 0.00138
         vertex -0.00296807 -0.00265528 0.00137715
      endloop
   endfacet
   facet normal 0 -0.707107 -0.707107
      outer loop
         vertex 0.00305963 -0.00261408 0.00133595
         vertex 0.00300078 -0.0026468 0.00136867
         vertex 0.00296807 -0.00265528 0.00137715
      endloop
   endfacet
   facet normal 0 -0.707107 -0.707107
      outer loop
         vertex -0.00302101 -0.00250813 0.00123
         vertex 0.00302101 -0.00250813 0.00123
         vertex 0.00305952 -0.00251635 0.00123821
      endloop
   endfacet
   facet normal 0 -0.707107 -0.707107
      outer loop
         vertex -0.00308804 -0.00257956 0.00130143
         vertex -0.00309151 -0.0025537 0.00127556
         vertex 0.00305952 -0.00251635 0.00123821
      endloop
   endfacet
   facet normal 0 -0.707107 -0.707107
      outer loop
         vertex -0.00296807 -0.00265528 0.00137715
         vertex -0.00300078 -0.0026468 0.00136867
         vertex -0.00305963 -0.00261408 0.00133595
      endloop
   endfacet
   facet normal 0 -0.707107 -0.707107
      outer loop
         vertex 0.0029344 -0.00265813 0.00138
         vertex 0.00306669 -0.00260813 0.00133
         vertex 0.00305963 -0.00261408 0.00133595
      endloop
   endfacet
   facet normal 0 -0.707107 -0.707107
      outer loop
         vertex 0.0029344 -0.00265813 0.00138
         vertex 0.00308898 -0.00257019 0.00129206
         vertex 0.00308584 -0.00258433 0.0013062
      endloop
   endfacet
   facet normal 0 -0.707107 -0.707107
      outer loop
         vertex -0.00307553 -0.00252695 0.00124882
         vertex -0.0030668 -0.00251925 0.00124112
         vertex -0.00304862 -0.00251199 0.00123385
      endloop
   endfacet
   facet normal 0 -0.707107 -0.707107
      outer loop
         vertex 0.00305952 -0.00251635 0.00123821
         vertex -0.0030902 -0.00255061 0.00127247
         vertex -0.00308289 -0.00253344 0.00125531
      endloop
   endfacet
   facet normal 0 -0.707107 -0.707107
      outer loop
         vertex -0.00309151 -0.0025537 0.00127556
         vertex -0.00309032 -0.00255089 0.00127275
         vertex 0.00305952 -0.00251635 0.00123821
      endloop
   endfacet
   facet normal 0 -0.707107 -0.707107
      outer loop
         vertex -0.00308639 -0.00258177 0.00130364
         vertex 0.00305952 -0.00251635 0.00123821
         vertex -0.0029344 -0.00265813 0.00138
      endloop
   endfacet
   facet normal 0 -0.707107 -0.707107
      outer loop
         vertex 0.00308584 -0.00258433 0.0013062
         vertex 0.00306669 -0.00260813 0.00133
         vertex 0.0029344 -0.00265813 0.00138
      endloop
   endfacet
   facet normal 0 -0.707107 -0.707107
      outer loop
         vertex -0.00308289 -0.00253344 0.00125531
         vertex -0.00307553 -0.00252695 0.00124882
         vertex 0.00305952 -0.00251635 0.00123821
      endloop
   endfacet
   facet normal 0 -0.707107 -0.707107
      outer loop
         vertex -0.00306669 -0.00260813 0.00133
         vertex -0.00308639 -0.00258177 0.00130364
         vertex -0.0029344 -0.00265813 0.00138
      endloop
   endfacet
   facet normal 0 -0.707107 -0.707107
      outer loop
         vertex 0.0029344 -0.00265813 0.00138
         vertex 0.00308986 -0.00255047 0.00127234
         vertex 0.00308898 -0.00257019 0.00129206
      endloop
   endfacet
   facet normal 0 -0.707107 -0.707107
      outer loop
         vertex -0.0029344 -0.00265813 0.00138
         vertex 0.00305952 -0.00251635 0.00123821
         vertex 0.0030716 -0.00252242 0.00124429
      endloop
   endfacet
   facet normal 0 -0.707107 -0.707107
      outer loop
         vertex -0.00309032 -0.00255089 0.00127275
         vertex -0.0030902 -0.00255061 0.00127247
         vertex 0.00305952 -0.00251635 0.00123821
      endloop
   endfacet
   facet normal 0 -0.707107 -0.707107
      outer loop
         vertex 0.00296807 -0.00265528 0.00137715
         vertex 0.0029344 -0.00265813 0.00138
         vertex 0.00305963 -0.00261408 0.00133595
      endloop
   endfacet
   facet normal 0 -0.707107 -0.707107
      outer loop
         vertex -0.0029344 -0.00265813 0.00138
         vertex 0.00308536 -0.00253756 0.00125943
         vertex 0.00308622 -0.00253851 0.00126038
      endloop
   endfacet
   facet normal 0 -0.707107 -0.707107
      outer loop
         vertex 0.00303138 -0.00250857 0.00123043
         vertex 0.0030523 -0.00251271 0.00123458
         vertex 0.00305952 -0.00251635 0.00123821
      endloop
   endfacet
   facet normal 0 -0.707107 -0.707107
      outer loop
         vertex 0.00308986 -0.00255047 0.00127234
         vertex 0.00309189 -0.00255712 0.00127898
         vertex 0.00308898 -0.00257019 0.00129206
      endloop
   endfacet
   facet normal 0 -0.707107 -0.707107
      outer loop
         vertex 0.0030716 -0.00252242 0.00124429
         vertex 0.00308536 -0.00253756 0.00125943
         vertex -0.0029344 -0.00265813 0.00138
      endloop
   endfacet
   facet normal 0 -0.707107 -0.707107
      outer loop
         vertex 0.00308622 -0.00253851 0.00126038
         vertex 0.00308986 -0.00255047 0.00127234
         vertex -0.0029344 -0.00265813 0.00138
      endloop
   endfacet
   facet normal 0 -0.707107 -0.707107
      outer loop
         vertex 0.0029344 -0.00265813 0.00138
         vertex -0.0029344 -0.00265813 0.00138
         vertex 0.00308986 -0.00255047 0.00127234
      endloop
   endfacet
   facet normal 0.860388 -0.509639 4.56015e-12
      outer loop
         vertex 0.00310648 -0.00256006 0.00133
         vertex 0.00309993 -0.00255618 0.00129173
         vertex 0.00312225 -0.00249968 0.00129173
      endloop
   endfacet
   facet normal 0.849612 -0.527407 4.50161e-12
      outer loop
         vertex 0.00310381 -0.00256329 0.00133
         vertex 0.00308584 -0.00258433 0.0013062
         vertex 0.00308898 -0.00257019 0.00129206
      endloop
   endfacet
   facet normal 0.794895 -0.470845 -0.382683
      outer loop
         vertex 0.00309993 -0.00255618 0.00129173
         vertex 0.00310648 -0.00256006 0.00133
         vertex 0.00310381 -0.00256329 0.00133
      endloop
   endfacet
   facet normal 0.849612 -0.527407 4.50161e-12
      outer loop
         vertex 0.00310381 -0.00256329 0.00133
         vertex 0.00306669 -0.00260813 0.00133
         vertex 0.00308584 -0.00258433 0.0013062
      endloop
   endfacet
   facet normal 0.794895 -0.470845 -0.382683
      outer loop
         vertex 0.00309993 -0.00255618 0.00129173
         vertex 0.00308898 -0.00257019 0.00129206
         vertex 0.00309189 -0.00255712 0.00127898
      endloop
   endfacet
   facet normal 0.902076 -0.199532 -0.382683
      outer loop
         vertex 0.00312225 -0.00249968 0.00129173
         vertex 0.00308622 -0.00253851 0.00126038
         vertex 0.00308536 -0.00253756 0.00125943
      endloop
   endfacet
   facet normal 0.902076 -0.199532 -0.382683
      outer loop
         vertex 0.00312225 -0.00249968 0.00129173
         vertex 0.00309993 -0.00255618 0.00129173
         vertex 0.00308986 -0.00255047 0.00127234
      endloop
   endfacet
   facet normal 0.699886 -0.415709 -0.580815
      outer loop
         vertex 0.00308986 -0.00255047 0.00127234
         vertex 0.00308622 -0.00253851 0.00126038
         vertex 0.00312225 -0.00249968 0.00129173
      endloop
   endfacet
   facet normal 0.373652 -0.0826487 -0.92388
      outer loop
         vertex 0.00306941 -0.002488 0.00123761
         vertex 0.00310109 -0.002495 0.00125929
         vertex 0.0030716 -0.00252242 0.00124429
      endloop
   endfacet
   facet normal 0.690419 -0.152715 -0.707107
      outer loop
         vertex 0.00310109 -0.002495 0.00125929
         vertex 0.00308536 -0.00253756 0.00125943
         vertex 0.0030716 -0.00252242 0.00124429
      endloop
   endfacet
   facet normal -2.58907e-12 5.72696e-13 -1
      outer loop
         vertex 0.00303204 -0.00247973 0.00123
         vertex 0.00306941 -0.002488 0.00123761
         vertex 0.0030523 -0.00251271 0.00123458
      endloop
   endfacet
   facet normal 0.271503 -0.125692 -0.954195
      outer loop
         vertex 0.0030523 -0.00251271 0.00123458
         vertex 0.00303138 -0.00250857 0.00123043
         vertex 0.00303204 -0.00247973 0.00123
      endloop
   endfacet
   facet normal 0.373652 -0.0826487 -0.92388
      outer loop
         vertex 0.00306941 -0.002488 0.00123761
         vertex 0.00305952 -0.00251635 0.00123821
         vertex 0.0030523 -0.00251271 0.00123458
      endloop
   endfacet
   facet normal 0.0826003 -0.0429562 -0.995657
      outer loop
         vertex 0.00303138 -0.00250857 0.00123043
         vertex 0.00302101 -0.00250813 0.00123
         vertex 0.00303204 -0.00247973 0.00123
      endloop
   endfacet
   facet normal 0.466439 -0.218565 -0.857126
      outer loop
         vertex 0.0030716 -0.00252242 0.00124429
         vertex 0.00305952 -0.00251635 0.00123821
         vertex 0.00306941 -0.002488 0.00123761
      endloop
   endfacet
   facet normal 0.625811 -0.32929 -0.707056
      outer loop
         vertex 0.00308536 -0.00253756 0.00125943
         vertex 0.00310109 -0.002495 0.00125929
         vertex 0.00312225 -0.00249968 0.00129173
      endloop
   endfacet
   facet normal 0.728187 -0.457692 -0.510158
      outer loop
         vertex 0.00309189 -0.00255712 0.00127898
         vertex 0.00308986 -0.00255047 0.00127234
         vertex 0.00309993 -0.00255618 0.00129173
      endloop
   endfacet
   facet normal 0.747188 -0.541647 -0.385135
      outer loop
         vertex 0.00308898 -0.00257019 0.00129206
         vertex 0.00309993 -0.00255618 0.00129173
         vertex 0.00310381 -0.00256329 0.00133
      endloop
   endfacet
   facet normal 0.902076 -0.199532 -0.382683
      outer loop
         vertex 0.00312225 -0.00249968 0.00129173
         vertex 0.00312968 -0.00250133 0.00133
         vertex 0.00310648 -0.00256006 0.00133
      endloop
   endfacet
   facet normal 0.9764 -0.215971 4.56015e-12
      outer loop
         vertex 0.00312968 -0.00250133 0.001505
         vertex 0.00310428 -0.00256369 0.001505
         vertex 0.00310648 -0.00256006 0.00133
      endloop
   endfacet
   facet normal 0.849392 -0.527762 0
      outer loop
         vertex 0.00310428 -0.00256369 0.001505
         vertex 0.00310381 -0.00256329 0.00133
         vertex 0.00310648 -0.00256006 0.00133
      endloop
   endfacet
   facet normal 0 -1 0
      outer loop
         vertex 0.0029344 -0.00265813 0.001505
         vertex 0.0029344 -0.00265813 0.00138
         vertex 0.00296807 -0.00265528 0.00137715
      endloop
   endfacet
   facet normal 0.168333 -0.98573 0
      outer loop
         vertex 0.00296807 -0.00265528 0.00137715
         vertex 0.00300078 -0.0026468 0.001505
         vertex 0.0029344 -0.00265813 0.001505
      endloop
   endfacet
   facet normal 0.62611 -0.779734 0
      outer loop
         vertex 0.00305963 -0.00261408 0.001505
         vertex 0.00300078 -0.0026468 0.001505
         vertex 0.00300078 -0.0026468 0.00136867
      endloop
   endfacet
   facet normal 0.849392 -0.527762 0
      outer loop
         vertex 0.00310428 -0.00256369 0.001505
         vertex 0.00305963 -0.00261408 0.001505
         vertex 0.00305963 -0.00261408 0.00133595
      endloop
   endfacet
   facet normal 0.62611 -0.779734 0
      outer loop
         vertex 0.00305963 -0.00261408 0.00133595
         vertex 0.00306669 -0.00260813 0.00133
         vertex 0.00310428 -0.00256369 0.001505
      endloop
   endfacet
   facet normal 0.661438 -0.75 0
      outer loop
         vertex 0.00306669 -0.00260813 0.00133
         vertex 0.00310381 -0.00256329 0.00133
         vertex 0.00310428 -0.00256369 0.001505
      endloop
   endfacet
   facet normal 0.331863 -0.943328 0
      outer loop
         vertex 0.00300078 -0.0026468 0.00136867
         vertex 0.00305963 -0.00261408 0.00133595
         vertex 0.00305963 -0.00261408 0.001505
      endloop
   endfacet
   facet normal 0.168333 -0.98573 0
      outer loop
         vertex 0.00296807 -0.00265528 0.00137715
         vertex 0.00300078 -0.0026468 0.00136867
         vertex 0.00300078 -0.0026468 0.001505
      endloop
   endfacet
   facet normal 0.860388 -0.509639 0
      outer loop
         vertex 0.00310648 -0.00256006 0.00133
         vertex 0.00312968 -0.00250133 0.00133
         vertex 0.00312968 -0.00250133 0.001505
      endloop
   endfacet
   facet normal 0.9764 -0.215971 0
      outer loop
         vertex 0.00312968 -0.00250133 0.00133
         vertex 0.00324028 -0.00200133 0.00133
         vertex 0.00324028 -0.00200133 0.001505
      endloop
   endfacet
   facet normal 0.9764 -0.215971 0
      outer loop
         vertex 0.00324028 -0.00200133 0.001505
         vertex 0.00312968 -0.00250133 0.001505
         vertex 0.00312968 -0.00250133 0.00133
      endloop
   endfacet
   facet normal 1.49539e-12 -3.26345e-13 -1
      outer loop
         vertex 0.00303204 -0.00247973 0.00123
         vertex 0.00314264 -0.00197973 0.00123
         vertex 0.00318001 -0.001988 0.00123761
      endloop
   endfacet
   facet normal 0.373652 -0.0826487 -0.92388
      outer loop
         vertex 0.00306941 -0.002488 0.00123761
         vertex 0.00318001 -0.001988 0.00123761
         vertex 0.00321168 -0.001995 0.00125929
      endloop
   endfacet
   facet normal 0.690419 -0.152715 -0.707107
      outer loop
         vertex 0.00310109 -0.002495 0.00125929
         vertex 0.00321168 -0.001995 0.00125929
         vertex 0.00323285 -0.00199968 0.00129173
      endloop
   endfacet
   facet normal 0.902076 -0.199532 -0.382683
      outer loop
         vertex 0.00312225 -0.00249968 0.00129173
         vertex 0.00323285 -0.00199968 0.00129173
         vertex 0.00324028 -0.00200133 0.00133
      endloop
   endfacet
   facet normal 0.9764 -0.215971 -5.0447e-17
      outer loop
         vertex 0.00324028 -0.00200133 0.00133
         vertex 0.00312968 -0.00250133 0.00133
         vertex 0.00312225 -0.00249968 0.00129173
      endloop
   endfacet
   facet normal 0.902076 -0.199532 -0.382683
      outer loop
         vertex 0.00323285 -0.00199968 0.00129173
         vertex 0.00312225 -0.00249968 0.00129173
         vertex 0.00310109 -0.002495 0.00125929
      endloop
   endfacet
   facet normal 0.690419 -0.152715 -0.707107
      outer loop
         vertex 0.00321168 -0.001995 0.00125929
         vertex 0.00310109 -0.002495 0.00125929
         vertex 0.00306941 -0.002488 0.00123761
      endloop
   endfacet
   facet normal 0.373652 -0.0826487 -0.92388
      outer loop
         vertex 0.00318001 -0.001988 0.00123761
         vertex 0.00306941 -0.002488 0.00123761
         vertex 0.00303204 -0.00247973 0.00123
      endloop
   endfacet
   facet normal 0.9764 -0.215971 -5.0447e-17
      outer loop
         vertex 0.00324028 -0.00200133 0.001505
         vertex 0.00324028 -0.00200133 0.00133
         vertex 0.003245 -0.00195813 0.00133
      endloop
   endfacet
   facet normal 1 0 0
      outer loop
         vertex 0.003245 -0.00195813 0.00133
         vertex 0.003245 -0.00195813 0.001505
         vertex 0.00324028 -0.00200133 0.001505
      endloop
   endfacet
   facet normal 0.373652 -0.0826487 -0.92388
      outer loop
         vertex 0.00318001 -0.001988 0.00123761
         vertex 0.00314264 -0.00197973 0.00123
         vertex 0.003145 -0.00195813 0.00123
      endloop
   endfacet
   facet normal 0.690419 -0.152715 -0.707107
      outer loop
         vertex 0.00321168 -0.001995 0.00125929
         vertex 0.00318001 -0.001988 0.00123761
         vertex 0.00318327 -0.00195813 0.00123761
      endloop
   endfacet
   facet normal 0.902076 -0.199532 -0.382683
      outer loop
         vertex 0.00323285 -0.00199968 0.00129173
         vertex 0.00321168 -0.001995 0.00125929
         vertex 0.00321571 -0.00195813 0.00125929
      endloop
   endfacet
   facet normal 0.9764 -0.215971 -6.00648e-13
      outer loop
         vertex 0.00324028 -0.00200133 0.00133
         vertex 0.00323285 -0.00199968 0.00129173
         vertex 0.00323739 -0.00195813 0.00129173
      endloop
   endfacet
   facet normal 0.92388 -1.35101e-11 -0.382683
      outer loop
         vertex 0.00323739 -0.00195813 0.00129173
         vertex 0.003245 -0.00195813 0.00133
         vertex 0.00324028 -0.00200133 0.00133
      endloop
   endfacet
   facet normal 0.707107 -1.03407e-11 -0.707107
      outer loop
         vertex 0.00321571 -0.00195813 0.00125929
         vertex 0.00323739 -0.00195813 0.00129173
         vertex 0.00323285 -0.00199968 0.00129173
      endloop
   endfacet
   facet normal 0.382683 -5.59644e-12 -0.92388
      outer loop
         vertex 0.00318327 -0.00195813 0.00123761
         vertex 0.00321571 -0.00195813 0.00125929
         vertex 0.00321168 -0.001995 0.00125929
      endloop
   endfacet
   facet normal -6.8302e-12 1.51077e-12 -1
      outer loop
         vertex 0.003145 -0.00195813 0.00123
         vertex 0.00318327 -0.00195813 0.00123761
         vertex 0.00318001 -0.001988 0.00123761
      endloop
   endfacet
   facet normal 1 0 0
      outer loop
         vertex 0.003245 -0.00195813 0.00133
         vertex 0.003245 -0.00165813 0.00133
         vertex 0.003245 -0.00165813 0.001505
      endloop
   endfacet
   facet normal 1 0 0
      outer loop
         vertex 0.003245 -0.00165813 0.001505
         vertex 0.003245 -0.00195813 0.001505
         vertex 0.003245 -0.00195813 0.00133
      endloop
   endfacet
   facet normal 2.84928e-12 0 -1
      outer loop
         vertex 0.003145 -0.00195813 0.00123
         vertex 0.003145 -0.00165813 0.00123
         vertex 0.00318327 -0.00165813 0.00123761
      endloop
   endfacet
   facet normal 0.382683 0 -0.92388
      outer loop
         vertex 0.00318327 -0.00195813 0.00123761
         vertex 0.00318682 -0.00165813 0.00123998
         vertex 0.00321204 -0.00165813 0.00125684
      endloop
   endfacet
   facet normal 0.675602 0 -0.737266
      outer loop
         vertex 0.00321204 -0.00165813 0.00125684
         vertex 0.00321571 -0.00195813 0.00125929
         vertex 0.00318327 -0.00195813 0.00123761
      endloop
   endfacet
   facet normal 0.382683 0 -0.92388
      outer loop
         vertex 0.00318327 -0.00195813 0.00123761
         vertex 0.00318327 -0.00165813 0.00123761
         vertex 0.00318682 -0.00165813 0.00123998
      endloop
   endfacet
   facet normal 0.92388 0 -0.382683
      outer loop
         vertex 0.00323739 -0.00195813 0.00129173
         vertex 0.00321571 -0.00195813 0.00125929
         vertex 0.00322325 -0.00165813 0.00127058
      endloop
   endfacet
   facet normal 0.796399 0 -0.604772
      outer loop
         vertex 0.00322325 -0.00165813 0.00127058
         vertex 0.00323552 -0.00165813 0.00128893
         vertex 0.00323739 -0.00195813 0.00129173
      endloop
   endfacet
   facet normal 0.707107 0 -0.707107
      outer loop
         vertex 0.00321571 -0.00195813 0.00125929
         vertex 0.00321571 -0.00165813 0.00125929
         vertex 0.00322325 -0.00165813 0.00127058
      endloop
   endfacet
   facet normal 0.92388 0 -0.382683
      outer loop
         vertex 0.00323739 -0.00195813 0.00129173
         vertex 0.00323739 -0.00165813 0.00129173
         vertex 0.0032412 -0.00165813 0.00131087
      endloop
   endfacet
   facet normal 0.980798 0 -0.195028
      outer loop
         vertex 0.0032412 -0.00165813 0.00131087
         vertex 0.003245 -0.00195813 0.00133
         vertex 0.00323739 -0.00195813 0.00129173
      endloop
   endfacet
   facet normal 0.980798 0 -0.195028
      outer loop
         vertex 0.0032412 -0.00165813 0.00131087
         vertex 0.003245 -0.00165813 0.00133
         vertex 0.003245 -0.00195813 0.00133
      endloop
   endfacet
   facet normal 0.910659 0 -0.413159
      outer loop
         vertex 0.00323552 -0.00165813 0.00128893
         vertex 0.00323739 -0.00165813 0.00129173
         vertex 0.00323739 -0.00195813 0.00129173
      endloop
   endfacet
   facet normal 0.675602 0 -0.737266
      outer loop
         vertex 0.00321204 -0.00165813 0.00125684
         vertex 0.00321571 -0.00165813 0.00125929
         vertex 0.00321571 -0.00195813 0.00125929
      endloop
   endfacet
   facet normal 0.382683 0 -0.92388
      outer loop
         vertex 0.00318327 -0.00165813 0.00123761
         vertex 0.00318327 -0.00195813 0.00123761
         vertex 0.003145 -0.00195813 0.00123
      endloop
   endfacet
   facet normal 0.891399 0.281037 -0.355564
      outer loop
         vertex 0.00323414 -0.00163003 0.00129444
         vertex 0.00322011 -0.00165098 0.00126436
         vertex 0.00320795 -0.00162666 0.00125896
      endloop
   endfacet
   facet normal 0.984547 0.0947414 -0.147279
      outer loop
         vertex 0.00324345 -0.00164866 0.00131527
         vertex 0.00323444 -0.00161341 0.00133
         vertex 0.00323847 -0.0016282 0.00133
      endloop
   endfacet
   facet normal 1 6.65e-10 0
      outer loop
         vertex 0.003245 -0.00165813 0.00133
         vertex 0.0032412 -0.00165813 0.00131087
         vertex 0.00324345 -0.00164866 0.00131527
      endloop
   endfacet
   facet normal 0.947237 0.169361 -0.272137
      outer loop
         vertex 0.00323972 -0.0016412 0.00130279
         vertex 0.00324345 -0.00164866 0.00131527
         vertex 0.0032412 -0.00165813 0.00131087
      endloop
   endfacet
   facet normal 0.980798 3.39121e-10 -0.195028
      outer loop
         vertex 0.0032412 -0.00165813 0.00131087
         vertex 0.00323739 -0.00165813 0.00129173
         vertex 0.00323972 -0.0016412 0.00130279
      endloop
   endfacet
   facet normal 0.891399 0.281037 -0.355564
      outer loop
         vertex 0.00323414 -0.00163003 0.00129444
         vertex 0.00323972 -0.0016412 0.00130279
         vertex 0.00323552 -0.00165813 0.00128893
      endloop
   endfacet
   facet normal 0.910659 0 -0.413159
      outer loop
         vertex 0.00323552 -0.00165813 0.00128893
         vertex 0.00322325 -0.00165813 0.00127058
         vertex 0.00323414 -0.00163003 0.00129444
      endloop
   endfacet
   facet normal 0.751052 0.071566 -0.656353
      outer loop
         vertex 0.00322011 -0.00165098 0.00126436
         vertex 0.00322325 -0.00165813 0.00127058
         vertex 0.00321571 -0.00165813 0.00125929
      endloop
   endfacet
   facet normal 0.629468 0.314734 -0.710431
      outer loop
         vertex 0.00320795 -0.00162666 0.00125896
         vertex 0.00321204 -0.00165813 0.00125684
         vertex 0.00318682 -0.00165813 0.00123998
      endloop
   endfacet
   facet normal 0.629468 0.314734 -0.710431
      outer loop
         vertex 0.00320795 -0.00162666 0.00125896
         vertex 0.00322011 -0.00165098 0.00126436
         vertex 0.00321204 -0.00165813 0.00125684
      endloop
   endfacet
   facet normal 0.336433 0.168216 -0.926561
      outer loop
         vertex 0.00317864 -0.00164131 0.00123734
         vertex 0.00318682 -0.00165813 0.00123998
         vertex 0.00318327 -0.00165813 0.00123761
      endloop
   endfacet
   facet normal 0.382683 0 -0.92388
      outer loop
         vertex 0.00318327 -0.00165813 0.00123761
         vertex 0.003145 -0.00165813 0.00123
         vertex 0.00317864 -0.00164131 0.00123734
      endloop
   endfacet
   facet normal 0.421301 0 -0.906921
      outer loop
         vertex 0.00318682 -0.00165813 0.00123998
         vertex 0.00317864 -0.00164131 0.00123734
         vertex 0.00320795 -0.00162666 0.00125896
      endloop
   endfacet
   facet normal 0.707107 0 -0.707107
      outer loop
         vertex 0.00321571 -0.00165813 0.00125929
         vertex 0.00321204 -0.00165813 0.00125684
         vertex 0.00322011 -0.00165098 0.00126436
      endloop
   endfacet
   facet normal 0.796399 0 -0.604772
      outer loop
         vertex 0.00322325 -0.00165813 0.00127058
         vertex 0.00322011 -0.00165098 0.00126436
         vertex 0.00323414 -0.00163003 0.00129444
      endloop
   endfacet
   facet normal 0.92388 0 -0.382683
      outer loop
         vertex 0.00323739 -0.00165813 0.00129173
         vertex 0.00323552 -0.00165813 0.00128893
         vertex 0.00323972 -0.0016412 0.00130279
      endloop
   endfacet
   facet normal 0.984547 0.0947414 -0.147279
      outer loop
         vertex 0.00324345 -0.00164866 0.00131527
         vertex 0.00324476 -0.00165128 0.00133
         vertex 0.003245 -0.00165813 0.00133
      endloop
   endfacet
   facet normal 0.894427 0.447214 1.95156e-14
      outer loop
         vertex 0.00323444 -0.00161341 0.00133
         vertex 0.00323414 -0.00163003 0.00129444
         vertex 0.00322755 -0.00161686 0.00129151
      endloop
   endfacet
   facet normal 0.894427 0.447214 1.95156e-14
      outer loop
         vertex 0.00323444 -0.00161341 0.00133
         vertex 0.00323972 -0.0016412 0.00130279
         vertex 0.00323414 -0.00163003 0.00129444
      endloop
   endfacet
   facet normal 0.894427 0.447214 1.95156e-14
      outer loop
         vertex 0.00323444 -0.00161341 0.00133
         vertex 0.00324345 -0.00164866 0.00131527
         vertex 0.00323972 -0.0016412 0.00130279
      endloop
   endfacet
   facet normal 0.952361 0.304972 -8.67362e-15
      outer loop
         vertex 0.00323847 -0.0016282 0.00133
         vertex 0.00324476 -0.00165128 0.00133
         vertex 0.00324345 -0.00164866 0.00131527
      endloop
   endfacet
   facet normal 0.629468 0.314734 -0.710431
      outer loop
         vertex 0.00320795 -0.00162666 0.00125896
         vertex 0.00322755 -0.00161686 0.00129151
         vertex 0.00323414 -0.00163003 0.00129444
      endloop
   endfacet
   facet normal 0.952608 0.3042 0
      outer loop
         vertex 0.00324026 -0.00162771 0.001505
         vertex 0.003245 -0.00165813 0.001505
         vertex 0.00324476 -0.00165128 0.00133
      endloop
   endfacet
   facet normal 1 4.433e-10 0
      outer loop
         vertex 0.003245 -0.00165813 0.001505
         vertex 0.003245 -0.00165813 0.00133
         vertex 0.00324476 -0.00165128 0.00133
      endloop
   endfacet
   facet normal 0.814925 0.579567 0
      outer loop
         vertex 0.00322649 -0.00160018 0.001505
         vertex 0.00324026 -0.00162771 0.001505
         vertex 0.00323444 -0.00161341 0.00133
      endloop
   endfacet
   facet normal 0.952608 0.3042 0
      outer loop
         vertex 0.00324026 -0.00162771 0.001505
         vertex 0.00323847 -0.0016282 0.00133
         vertex 0.00323444 -0.00161341 0.00133
      endloop
   endfacet
   facet normal 0.814925 0.579567 0
      outer loop
         vertex 0.00322649 -0.00160018 0.001505
         vertex 0.00322503 -0.00160131 0.00133
         vertex 0.00321034 -0.00158243 0.00133
      endloop
   endfacet
   facet normal 0.65342 0.756996 0
      outer loop
         vertex 0.00321034 -0.00158243 0.00133
         vertex 0.003205 -0.00157813 0.001505
         vertex 0.00322649 -0.00160018 0.001505
      endloop
   endfacet
   facet normal 0.65342 0.756996 0
      outer loop
         vertex 0.00321034 -0.00158243 0.00133
         vertex 0.003205 -0.00157813 0.00133
         vertex 0.003205 -0.00157813 0.001505
      endloop
   endfacet
   facet normal 0.894427 0.447214 0
      outer loop
         vertex 0.00323444 -0.00161341 0.00133
         vertex 0.00322503 -0.00160131 0.00133
         vertex 0.00322649 -0.00160018 0.001505
      endloop
   endfacet
   facet normal 0.997648 0.0685386 0
      outer loop
         vertex 0.00324476 -0.00165128 0.00133
         vertex 0.00323847 -0.0016282 0.00133
         vertex 0.00324026 -0.00162771 0.001505
      endloop
   endfacet
   facet normal 0.825534 0.412767 -0.384859
      outer loop
         vertex 0.00322755 -0.00161686 0.00129151
         vertex 0.00320795 -0.00162666 0.00125896
         vertex 0.00319579 -0.00160234 0.00126436
      endloop
   endfacet
   facet normal 0.666521 0.730793 -0.147279
      outer loop
         vertex 0.00321165 -0.00158505 0.00131527
         vertex 0.00321034 -0.00158243 0.00133
         vertex 0.00322503 -0.00160131 0.00133
      endloop
   endfacet
   facet normal 0.336433 0.168216 -0.926561
      outer loop
         vertex 0.00317864 -0.00164131 0.00123734
         vertex 0.003145 -0.00165813 0.00123
         vertex 0.00316796 -0.00162752 0.00123761
      endloop
   endfacet
   facet normal 0.629468 0.314734 -0.710431
      outer loop
         vertex 0.00320795 -0.00162666 0.00125896
         vertex 0.00317864 -0.00164131 0.00123734
         vertex 0.00317009 -0.00162468 0.00123998
      endloop
   endfacet
   facet normal 0.25278 0.33704 -0.906921
      outer loop
         vertex 0.00317009 -0.00162468 0.00123998
         vertex 0.00318523 -0.0016045 0.00125684
         vertex 0.00320795 -0.00162666 0.00125896
      endloop
   endfacet
   facet normal 0.507884 0.557902 -0.656353
      outer loop
         vertex 0.00319579 -0.00160234 0.00126436
         vertex 0.00318523 -0.0016045 0.00125684
         vertex 0.00318743 -0.00160157 0.00125929
      endloop
   endfacet
   facet normal 0.759669 0.544498 -0.355564
      outer loop
         vertex 0.00322097 -0.00160368 0.00129444
         vertex 0.00319195 -0.00159553 0.00127058
         vertex 0.00319931 -0.00158572 0.00128893
      endloop
   endfacet
   facet normal 0.759669 0.544498 -0.355564
      outer loop
         vertex 0.00322097 -0.00160368 0.00129444
         vertex 0.00319579 -0.00160234 0.00126436
         vertex 0.00319195 -0.00159553 0.00127058
      endloop
   endfacet
   facet normal 0.703831 0.656173 -0.272137
      outer loop
         vertex 0.00321538 -0.00159252 0.00130279
         vertex 0.00320043 -0.00158422 0.00129173
         vertex 0.00320272 -0.00158118 0.00131087
      endloop
   endfacet
   facet normal 0.703831 0.656173 -0.272137
      outer loop
         vertex 0.00321538 -0.00159252 0.00130279
         vertex 0.00319931 -0.00158572 0.00128893
         vertex 0.00320043 -0.00158422 0.00129173
      endloop
   endfacet
   facet normal 0.6 0.8 0
      outer loop
         vertex 0.003205 -0.00157813 0.00133
         vertex 0.00321034 -0.00158243 0.00133
         vertex 0.00321165 -0.00158505 0.00131527
      endloop
   endfacet
   facet normal 0.666521 0.730793 -0.147279
      outer loop
         vertex 0.00321165 -0.00158505 0.00131527
         vertex 0.00320272 -0.00158118 0.00131087
         vertex 0.003205 -0.00157813 0.00133
      endloop
   endfacet
   facet normal 0.588479 0.784638 -0.195028
      outer loop
         vertex 0.00320272 -0.00158118 0.00131087
         vertex 0.00321165 -0.00158505 0.00131527
         vertex 0.00321538 -0.00159252 0.00130279
      endloop
   endfacet
   facet normal 0.546395 0.728527 -0.413159
      outer loop
         vertex 0.00319931 -0.00158572 0.00128893
         vertex 0.00321538 -0.00159252 0.00130279
         vertex 0.00322097 -0.00160368 0.00129444
      endloop
   endfacet
   facet normal 0.424264 0.565685 -0.707107
      outer loop
         vertex 0.00318743 -0.00160157 0.00125929
         vertex 0.00319195 -0.00159553 0.00127058
         vertex 0.00319579 -0.00160234 0.00126436
      endloop
   endfacet
   facet normal 0.405361 0.540482 -0.737266
      outer loop
         vertex 0.00318523 -0.0016045 0.00125684
         vertex 0.00319579 -0.00160234 0.00126436
         vertex 0.00320795 -0.00162666 0.00125896
      endloop
   endfacet
   facet normal 0.22961 0.306147 -0.92388
      outer loop
         vertex 0.00316796 -0.00162752 0.00123761
         vertex 0.00317009 -0.00162468 0.00123998
         vertex 0.00317864 -0.00164131 0.00123734
      endloop
   endfacet
   facet normal 0.815394 0.578906 -2.1684e-15
      outer loop
         vertex 0.00322503 -0.00160131 0.00133
         vertex 0.00323444 -0.00161341 0.00133
         vertex 0.00321165 -0.00158505 0.00131527
      endloop
   endfacet
   facet normal 0.894427 0.447214 4.33681e-15
      outer loop
         vertex 0.00323444 -0.00161341 0.00133
         vertex 0.00321538 -0.00159252 0.00130279
         vertex 0.00321165 -0.00158505 0.00131527
      endloop
   endfacet
   facet normal 0.894427 0.447214 4.33681e-15
      outer loop
         vertex 0.00323444 -0.00161341 0.00133
         vertex 0.00322097 -0.00160368 0.00129444
         vertex 0.00321538 -0.00159252 0.00130279
      endloop
   endfacet
   facet normal 0.894427 0.447214 4.33681e-15
      outer loop
         vertex 0.00323444 -0.00161341 0.00133
         vertex 0.00322755 -0.00161686 0.00129151
         vertex 0.00322097 -0.00160368 0.00129444
      endloop
   endfacet
   facet normal 0.507884 0.557902 -0.656353
      outer loop
         vertex 0.00319579 -0.00160234 0.00126436
         vertex 0.00322097 -0.00160368 0.00129444
         vertex 0.00322755 -0.00161686 0.00129151
      endloop
   endfacet
   facet normal 0.6 0.8 0
      outer loop
         vertex 0.003205 -0.00157813 0.00133
         vertex 0.003085 -0.00148813 0.00133
         vertex 0.003085 -0.00148813 0.001505
      endloop
   endfacet
   facet normal 0.6 0.8 0
      outer loop
         vertex 0.003085 -0.00148813 0.001505
         vertex 0.003205 -0.00157813 0.001505
         vertex 0.003205 -0.00157813 0.00133
      endloop
   endfacet
   facet normal -1.20075e-12 -1.59974e-12 -1
      outer loop
         vertex 0.003145 -0.00165813 0.00123
         vertex 0.003025 -0.00156813 0.00123
         vertex 0.00304796 -0.00153752 0.00123761
      endloop
   endfacet
   facet normal 0.22961 0.306147 -0.92388
      outer loop
         vertex 0.00304796 -0.00153752 0.00123761
         vertex 0.00306743 -0.00151157 0.00125929
         vertex 0.00318523 -0.0016045 0.00125684
      endloop
   endfacet
   facet normal 0.405361 0.540482 -0.737266
      outer loop
         vertex 0.00318523 -0.0016045 0.00125684
         vertex 0.00317009 -0.00162468 0.00123998
         vertex 0.00304796 -0.00153752 0.00123761
      endloop
   endfacet
   facet normal 0.424264 0.565685 -0.707107
      outer loop
         vertex 0.00306743 -0.00151157 0.00125929
         vertex 0.00318743 -0.00160157 0.00125929
         vertex 0.00318523 -0.0016045 0.00125684
      endloop
   endfacet
   facet normal 0.554328 0.739104 -0.382683
      outer loop
         vertex 0.00308043 -0.00149422 0.00129173
         vertex 0.00319931 -0.00158572 0.00128893
         vertex 0.00319195 -0.00159553 0.00127058
      endloop
   endfacet
   facet normal 0.554328 0.739104 -0.382683
      outer loop
         vertex 0.00308043 -0.00149422 0.00129173
         vertex 0.00320043 -0.00158422 0.00129173
         vertex 0.00319931 -0.00158572 0.00128893
      endloop
   endfacet
   facet normal 0.477839 0.637119 -0.604772
      outer loop
         vertex 0.00319195 -0.00159553 0.00127058
         vertex 0.00306743 -0.00151157 0.00125929
         vertex 0.00308043 -0.00149422 0.00129173
      endloop
   endfacet
   facet normal 0.554328 0.739104 -0.382683
      outer loop
         vertex 0.00308043 -0.00149422 0.00129173
         vertex 0.003085 -0.00148813 0.00133
         vertex 0.00320272 -0.00158118 0.00131087
      endloop
   endfacet
   facet normal 0.6 0.8 1.86865e-16
      outer loop
         vertex 0.003085 -0.00148813 0.00133
         vertex 0.003205 -0.00157813 0.00133
         vertex 0.00320272 -0.00158118 0.00131087
      endloop
   endfacet
   facet normal 0.588479 0.784638 -0.195028
      outer loop
         vertex 0.00320272 -0.00158118 0.00131087
         vertex 0.00320043 -0.00158422 0.00129173
         vertex 0.00308043 -0.00149422 0.00129173
      endloop
   endfacet
   facet normal 0.477839 0.637119 -0.604772
      outer loop
         vertex 0.00319195 -0.00159553 0.00127058
         vertex 0.00318743 -0.00160157 0.00125929
         vertex 0.00306743 -0.00151157 0.00125929
      endloop
   endfacet
   facet normal 0.25278 0.33704 -0.906921
      outer loop
         vertex 0.00317009 -0.00162468 0.00123998
         vertex 0.00316796 -0.00162752 0.00123761
         vertex 0.00304796 -0.00153752 0.00123761
      endloop
   endfacet
   facet normal 0.22961 0.306147 -0.92388
      outer loop
         vertex 0.00304796 -0.00153752 0.00123761
         vertex 0.00316796 -0.00162752 0.00123761
         vertex 0.003145 -0.00165813 0.00123
      endloop
   endfacet
   facet normal 0 0 -1
      outer loop
         vertex -0.002945 0.000121866 0.00123
         vertex 0.002945 0.000121866 0.00123
         vertex 0.002945 -0.00140813 0.00123
      endloop
   endfacet
   facet normal 0 0 -1
      outer loop
         vertex -0.003025 -0.00156813 0.00123
         vertex -0.00314264 -0.00197973 0.00123
         vertex -0.003145 -0.00195813 0.00123
      endloop
   endfacet
   facet normal 0 0 -1
      outer loop
         vertex -0.003025 -0.00156813 0.00123
         vertex -0.00302101 -0.00250813 0.00123
         vertex -0.00303204 -0.00247973 0.00123
      endloop
   endfacet
   facet normal 0 0 -1
      outer loop
         vertex 0.003145 -0.00195813 0.00123
         vertex -0.00302101 -0.00250813 0.00123
         vertex 0.003025 -0.00156813 0.00123
      endloop
   endfacet
   facet normal 0 0 -1
      outer loop
         vertex 0.002945 -0.00140813 0.00123
         vertex -0.002945 -0.00140813 0.00123
         vertex -0.002945 0.000121866 0.00123
      endloop
   endfacet
   facet normal 0 0 -1
      outer loop
         vertex 0.00298202 -0.00152405 0.00123
         vertex -0.00302101 -0.00250813 0.00123
         vertex -0.003025 -0.00156813 0.00123
      endloop
   endfacet
   facet normal 0 0 -1
      outer loop
         vertex -0.00303204 -0.00247973 0.00123
         vertex -0.00314264 -0.00197973 0.00123
         vertex -0.003025 -0.00156813 0.00123
      endloop
   endfacet
   facet normal 0 0 -1
      outer loop
         vertex -0.00302101 -0.00250813 0.00123
         vertex 0.00314264 -0.00197973 0.00123
         vertex 0.00303204 -0.00247973 0.00123
      endloop
   endfacet
   facet normal 0 0 -1
      outer loop
         vertex 0.003025 -0.00156813 0.00123
         vertex 0.003145 -0.00165813 0.00123
         vertex 0.003145 -0.00195813 0.00123
      endloop
   endfacet
   facet normal 0 0 -1
      outer loop
         vertex 0.00295448 -0.00146897 0.00123
         vertex -0.00295448 -0.00146897 0.00123
         vertex -0.002945 -0.00140813 0.00123
      endloop
   endfacet
   facet normal 0 0 -1
      outer loop
         vertex -0.003145 -0.00195813 0.00123
         vertex -0.003145 -0.00165813 0.00123
         vertex -0.003025 -0.00156813 0.00123
      endloop
   endfacet
   facet normal 0 0 -1
      outer loop
         vertex 0.003145 -0.00195813 0.00123
         vertex 0.00314264 -0.00197973 0.00123
         vertex -0.00302101 -0.00250813 0.00123
      endloop
   endfacet
   facet normal 0 0 -1
      outer loop
         vertex 0.002945 -0.00140813 0.00123
         vertex 0.00295448 -0.00146897 0.00123
         vertex -0.002945 -0.00140813 0.00123
      endloop
   endfacet
   facet normal 0 0 -1
      outer loop
         vertex -0.003025 -0.00156813 0.00123
         vertex -0.00298202 -0.00152405 0.00123
         vertex 0.00298202 -0.00152405 0.00123
      endloop
   endfacet
   facet normal 0 0 -1
      outer loop
         vertex -0.00302101 -0.00250813 0.00123
         vertex 0.00298202 -0.00152405 0.00123
         vertex 0.003025 -0.00156813 0.00123
      endloop
   endfacet
   facet normal 0 0 -1
      outer loop
         vertex -0.00298202 -0.00152405 0.00123
         vertex -0.00295448 -0.00146897 0.00123
         vertex 0.00298202 -0.00152405 0.00123
      endloop
   endfacet
   facet normal 0 0 -1
      outer loop
         vertex 0.00295448 -0.00146897 0.00123
         vertex 0.00298202 -0.00152405 0.00123
         vertex -0.00295448 -0.00146897 0.00123
      endloop
   endfacet
   facet normal 0 0 -1
      outer loop
         vertex 0.00303204 -0.00247973 0.00123
         vertex 0.00302101 -0.00250813 0.00123
         vertex -0.00302101 -0.00250813 0.00123
      endloop
   endfacet
   facet normal 0.92388 -1.08086e-12 -0.382683
      outer loop
         vertex 0.00303739 -0.00140813 0.00129173
         vertex 0.003045 -0.00140813 0.00133
         vertex 0.00304974 -0.00143855 0.00133
      endloop
   endfacet
   facet normal 0.880095 0.281044 -0.382683
      outer loop
         vertex 0.00304249 -0.00144087 0.00129173
         vertex 0.00304974 -0.00143855 0.00133
         vertex 0.00306351 -0.00146609 0.00133
      endloop
   endfacet
   facet normal 0.752892 0.53545 -0.382683
      outer loop
         vertex 0.0030573 -0.0014705 0.00129173
         vertex 0.00306351 -0.00146609 0.00133
         vertex 0.003085 -0.00148813 0.00133
      endloop
   endfacet
   facet normal 0.707107 -8.27255e-13 -0.707107
      outer loop
         vertex 0.00301571 -0.00140813 0.00125929
         vertex 0.00303739 -0.00140813 0.00129173
         vertex 0.00304249 -0.00144087 0.00129173
      endloop
   endfacet
   facet normal 0.673596 0.215102 -0.707107
      outer loop
         vertex 0.00302184 -0.00144746 0.00125929
         vertex 0.00304249 -0.00144087 0.00129173
         vertex 0.0030573 -0.0014705 0.00129173
      endloop
   endfacet
   facet normal 0.576239 0.409816 -0.707107
      outer loop
         vertex 0.00303964 -0.00148307 0.00125929
         vertex 0.0030573 -0.0014705 0.00129173
         vertex 0.00308043 -0.00149422 0.00129173
      endloop
   endfacet
   facet normal 0.382683 -4.47707e-13 -0.92388
      outer loop
         vertex 0.00298327 -0.00140813 0.00123761
         vertex 0.00301571 -0.00140813 0.00125929
         vertex 0.00302184 -0.00144746 0.00125929
      endloop
   endfacet
   facet normal 0.364547 0.116412 -0.92388
      outer loop
         vertex 0.00299093 -0.00145733 0.00123761
         vertex 0.00302184 -0.00144746 0.00125929
         vertex 0.00303964 -0.00148307 0.00125929
      endloop
   endfacet
   facet normal 0.311858 0.221791 -0.92388
      outer loop
         vertex 0.0030132 -0.00150187 0.00123761
         vertex 0.00303964 -0.00148307 0.00125929
         vertex 0.00306743 -0.00151157 0.00125929
      endloop
   endfacet
   facet normal 3.52366e-15 -3.9443e-27 -1
      outer loop
         vertex 0.002945 -0.00140813 0.00123
         vertex 0.00298327 -0.00140813 0.00123761
         vertex 0.00299093 -0.00145733 0.00123761
      endloop
   endfacet
   facet normal 3.52366e-15 -3.9443e-27 -1
      outer loop
         vertex 0.00295448 -0.00146897 0.00123
         vertex 0.00299093 -0.00145733 0.00123761
         vertex 0.0030132 -0.00150187 0.00123761
      endloop
   endfacet
   facet normal 3.52366e-15 -3.9443e-27 -1
      outer loop
         vertex 0.00298202 -0.00152405 0.00123
         vertex 0.0030132 -0.00150187 0.00123761
         vertex 0.00304796 -0.00153752 0.00123761
      endloop
   endfacet
   facet normal 0.22961 0.306147 -0.92388
      outer loop
         vertex 0.00304796 -0.00153752 0.00123761
         vertex 0.003025 -0.00156813 0.00123
         vertex 0.00298202 -0.00152405 0.00123
      endloop
   endfacet
   facet normal 0.311858 0.221791 -0.92388
      outer loop
         vertex 0.0030132 -0.00150187 0.00123761
         vertex 0.00298202 -0.00152405 0.00123
         vertex 0.00295448 -0.00146897 0.00123
      endloop
   endfacet
   facet normal 0.364547 0.116412 -0.92388
      outer loop
         vertex 0.00299093 -0.00145733 0.00123761
         vertex 0.00295448 -0.00146897 0.00123
         vertex 0.002945 -0.00140813 0.00123
      endloop
   endfacet
   facet normal 0.424264 0.565685 -0.707107
      outer loop
         vertex 0.00306743 -0.00151157 0.00125929
         vertex 0.00304796 -0.00153752 0.00123761
         vertex 0.0030132 -0.00150187 0.00123761
      endloop
   endfacet
   facet normal 0.576239 0.409816 -0.707107
      outer loop
         vertex 0.00303964 -0.00148307 0.00125929
         vertex 0.0030132 -0.00150187 0.00123761
         vertex 0.00299093 -0.00145733 0.00123761
      endloop
   endfacet
   facet normal 0.673596 0.215102 -0.707107
      outer loop
         vertex 0.00302184 -0.00144746 0.00125929
         vertex 0.00299093 -0.00145733 0.00123761
         vertex 0.00298327 -0.00140813 0.00123761
      endloop
   endfacet
   facet normal 0.554328 0.739104 -0.382683
      outer loop
         vertex 0.00308043 -0.00149422 0.00129173
         vertex 0.00306743 -0.00151157 0.00125929
         vertex 0.00303964 -0.00148307 0.00125929
      endloop
   endfacet
   facet normal 0.752892 0.53545 -0.382683
      outer loop
         vertex 0.0030573 -0.0014705 0.00129173
         vertex 0.00303964 -0.00148307 0.00125929
         vertex 0.00302184 -0.00144746 0.00125929
      endloop
   endfacet
   facet normal 0.880095 0.281044 -0.382683
      outer loop
         vertex 0.00304249 -0.00144087 0.00129173
         vertex 0.00302184 -0.00144746 0.00125929
         vertex 0.00301571 -0.00140813 0.00125929
      endloop
   endfacet
   facet normal 0.6 0.8 0
      outer loop
         vertex 0.003085 -0.00148813 0.00133
         vertex 0.00308043 -0.00149422 0.00129173
         vertex 0.0030573 -0.0014705 0.00129173
      endloop
   endfacet
   facet normal 0.814925 0.579567 -1.22465e-16
      outer loop
         vertex 0.00306351 -0.00146609 0.00133
         vertex 0.0030573 -0.0014705 0.00129173
         vertex 0.00304249 -0.00144087 0.00129173
      endloop
   endfacet
   facet normal 0.952608 0.3042 -1.22465e-16
      outer loop
         vertex 0.00304974 -0.00143855 0.00133
         vertex 0.00304249 -0.00144087 0.00129173
         vertex 0.00303739 -0.00140813 0.00129173
      endloop
   endfacet
   facet normal 0.814925 0.579567 0
      outer loop
         vertex 0.00306351 -0.00146609 0.001505
         vertex 0.003085 -0.00148813 0.001505
         vertex 0.003085 -0.00148813 0.00133
      endloop
   endfacet
   facet normal 0.952608 0.3042 0
      outer loop
         vertex 0.00304974 -0.00143855 0.001505
         vertex 0.00306351 -0.00146609 0.001505
         vertex 0.00306351 -0.00146609 0.00133
      endloop
   endfacet
   facet normal 1 0 0
      outer loop
         vertex 0.003045 -0.00140813 0.001505
         vertex 0.00304974 -0.00143855 0.001505
         vertex 0.00304974 -0.00143855 0.00133
      endloop
   endfacet
   facet normal 0.952608 0.3042 0
      outer loop
         vertex 0.00304974 -0.00143855 0.00133
         vertex 0.003045 -0.00140813 0.00133
         vertex 0.003045 -0.00140813 0.001505
      endloop
   endfacet
   facet normal 0.814925 0.579567 0
      outer loop
         vertex 0.00306351 -0.00146609 0.00133
         vertex 0.00304974 -0.00143855 0.00133
         vertex 0.00304974 -0.00143855 0.001505
      endloop
   endfacet
   facet normal 0.6 0.8 0
      outer loop
         vertex 0.003085 -0.00148813 0.00133
         vertex 0.00306351 -0.00146609 0.00133
         vertex 0.00306351 -0.00146609 0.001505
      endloop
   endfacet
   facet normal 1 0 0
      outer loop
         vertex 0.003045 0.000121866 0.001505
         vertex 0.003045 -0.00140813 0.001505
         vertex 0.003045 -0.00140813 0.00133
      endloop
   endfacet
   facet normal 1 0 0
      outer loop
         vertex 0.003045 -0.00140813 0.00133
         vertex 0.003045 0.000121866 0.00133
         vertex 0.003045 0.000121866 0.001505
      endloop
   endfacet
   facet normal 0 0 -1
      outer loop
         vertex 0.002945 -0.00140813 0.00123
         vertex 0.002945 0.000121866 0.00123
         vertex 0.00298327 0.000121866 0.00123761
      endloop
   endfacet
   facet normal 0.382683 0 -0.92388
      outer loop
         vertex 0.00298327 -0.00140813 0.00123761
         vertex 0.00298327 0.000121866 0.00123761
         vertex 0.00301571 0.000121866 0.00125929
      endloop
   endfacet
   facet normal 0.707107 0 -0.707107
      outer loop
         vertex 0.00301571 -0.00140813 0.00125929
         vertex 0.00301571 0.000121866 0.00125929
         vertex 0.00303739 0.000121866 0.00129173
      endloop
   endfacet
   facet normal 0.92388 0 -0.382683
      outer loop
         vertex 0.00303739 -0.00140813 0.00129173
         vertex 0.00303739 0.000121866 0.00129173
         vertex 0.003045 0.000121866 0.00133
      endloop
   endfacet
   facet normal 1 0 0
      outer loop
         vertex 0.003045 0.000121866 0.00133
         vertex 0.003045 -0.00140813 0.00133
         vertex 0.00303739 -0.00140813 0.00129173
      endloop
   endfacet
   facet normal 0.92388 0 -0.382683
      outer loop
         vertex 0.00303739 0.000121866 0.00129173
         vertex 0.00303739 -0.00140813 0.00129173
         vertex 0.00301571 -0.00140813 0.00125929
      endloop
   endfacet
   facet normal 0.707107 0 -0.707107
      outer loop
         vertex 0.00301571 0.000121866 0.00125929
         vertex 0.00301571 -0.00140813 0.00125929
         vertex 0.00298327 -0.00140813 0.00123761
      endloop
   endfacet
   facet normal 0.382683 0 -0.92388
      outer loop
         vertex 0.00298327 0.000121866 0.00123761
         vertex 0.00298327 -0.00140813 0.00123761
         vertex 0.002945 -0.00140813 0.00123
      endloop
   endfacet
   facet normal 0 -1 0
      outer loop
         vertex -0.0029344 -0.00265813 0.00138
         vertex 0.0015 -0.00265813 0.001505
         vertex -0.0015 -0.00265813 0.001505
      endloop
   endfacet
   facet normal 0 -1 0
      outer loop
         vertex -0.0015 -0.00265813 0.001655
         vertex -0.0015 -0.00265813 0.001505
         vertex 0.0015 -0.00265813 0.001505
      endloop
   endfacet
   facet normal 0 -1 0
      outer loop
         vertex 0.0015 -0.00265813 0.001505
         vertex 0.0015 -0.00265813 0.001655
         vertex -0.0015 -0.00265813 0.001655
      endloop
   endfacet
   facet normal 0 -1 0
      outer loop
         vertex -0.0029344 -0.00265813 0.00178
         vertex -0.0029344 -0.00265813 0.001655
         vertex -0.0015 -0.00265813 0.001655
      endloop
   endfacet
   facet normal 0 -1 0
      outer loop
         vertex 0.0029344 -0.00265813 0.00178
         vertex -0.0029344 -0.00265813 0.00178
         vertex 0.0015 -0.00265813 0.001655
      endloop
   endfacet
   facet normal 0 -1 0
      outer loop
         vertex -0.0015 -0.00265813 0.001655
         vertex 0.0015 -0.00265813 0.001655
         vertex -0.0029344 -0.00265813 0.00178
      endloop
   endfacet
   facet normal 0 -1 0
      outer loop
         vertex -0.0015 -0.00265813 0.001505
         vertex -0.0029344 -0.00265813 0.001505
         vertex -0.0029344 -0.00265813 0.00138
      endloop
   endfacet
   facet normal 0 -1 0
      outer loop
         vertex 0.0029344 -0.00265813 0.00138
         vertex 0.0029344 -0.00265813 0.001505
         vertex 0.0015 -0.00265813 0.001505
      endloop
   endfacet
   facet normal 0 -1 0
      outer loop
         vertex 0.0015 -0.00265813 0.001505
         vertex -0.0029344 -0.00265813 0.00138
         vertex 0.0029344 -0.00265813 0.00138
      endloop
   endfacet
   facet normal 0 -1 0
      outer loop
         vertex 0.0015 -0.00265813 0.001655
         vertex 0.0029344 -0.00265813 0.001655
         vertex 0.0029344 -0.00265813 0.00178
      endloop
   endfacet
   facet normal -1 0 0
      outer loop
         vertex 0.0015 -0.00265813 0.001655
         vertex 0.0015 -0.00265813 0.001505
         vertex 0.00150761 -0.0026964 0.001505
      endloop
   endfacet
   facet normal -0.92388 -0.382683 0
      outer loop
         vertex 0.00150761 -0.0026964 0.001655
         vertex 0.00150761 -0.0026964 0.001505
         vertex 0.00152929 -0.00272884 0.001505
      endloop
   endfacet
   facet normal -0.707107 -0.707107 0
      outer loop
         vertex 0.00152929 -0.00272884 0.001655
         vertex 0.00152929 -0.00272884 0.001505
         vertex 0.00156173 -0.00275052 0.001505
      endloop
   endfacet
   facet normal -0.382683 -0.92388 0
      outer loop
         vertex 0.00156173 -0.00275052 0.001655
         vertex 0.00156173 -0.00275052 0.001505
         vertex 0.0016 -0.00275813 0.001505
      endloop
   endfacet
   facet normal 0 -1 0
      outer loop
         vertex 0.0016 -0.00275813 0.001505
         vertex 0.0016 -0.00275813 0.001655
         vertex 0.00156173 -0.00275052 0.001655
      endloop
   endfacet
   facet normal -0.382683 -0.92388 0
      outer loop
         vertex 0.00156173 -0.00275052 0.001505
         vertex 0.00156173 -0.00275052 0.001655
         vertex 0.00152929 -0.00272884 0.001655
      endloop
   endfacet
   facet normal -0.707107 -0.707107 0
      outer loop
         vertex 0.00152929 -0.00272884 0.001505
         vertex 0.00152929 -0.00272884 0.001655
         vertex 0.00150761 -0.0026964 0.001655
      endloop
   endfacet
   facet normal -0.92388 -0.382683 0
      outer loop
         vertex 0.00150761 -0.0026964 0.001505
         vertex 0.00150761 -0.0026964 0.001655
         vertex 0.0015 -0.00265813 0.001655
      endloop
   endfacet
   facet normal 0 -1 0
      outer loop
         vertex 0.0030147 -0.00275813 0.001655
         vertex 0.0016 -0.00275813 0.001655
         vertex 0.0016 -0.00275813 0.001505
      endloop
   endfacet
   facet normal 0 -1 0
      outer loop
         vertex 0.0016 -0.00275813 0.001505
         vertex 0.0030147 -0.00275813 0.001505
         vertex 0.0030147 -0.00275813 0.001655
      endloop
   endfacet
   facet normal 0 -1 0
      outer loop
         vertex 0.0030147 -0.00275813 0.001655
         vertex 0.0030147 -0.00275813 0.001505
         vertex 0.00308107 -0.0027468 0.001505
      endloop
   endfacet
   facet normal 0.331863 -0.943328 0
      outer loop
         vertex 0.00308107 -0.0027468 0.001655
         vertex 0.00308107 -0.0027468 0.001505
         vertex 0.00313992 -0.00271408 0.001505
      endloop
   endfacet
   facet normal 0.62611 -0.779734 0
      outer loop
         vertex 0.00313992 -0.00271408 0.001655
         vertex 0.00313992 -0.00271408 0.001505
         vertex 0.00318458 -0.00266369 0.001505
      endloop
   endfacet
   facet normal 0.849392 -0.527762 0
      outer loop
         vertex 0.00318458 -0.00266369 0.001655
         vertex 0.00318458 -0.00266369 0.001505
         vertex 0.00320998 -0.00260133 0.001505
      endloop
   endfacet
   facet normal 0.9764 -0.215971 0
      outer loop
         vertex 0.00320998 -0.00260133 0.001505
         vertex 0.00320998 -0.00260133 0.001655
         vertex 0.00318458 -0.00266369 0.001655
      endloop
   endfacet
   facet normal 0.849392 -0.527762 0
      outer loop
         vertex 0.00318458 -0.00266369 0.001505
         vertex 0.00318458 -0.00266369 0.001655
         vertex 0.00313992 -0.00271408 0.001655
      endloop
   endfacet
   facet normal 0.62611 -0.779734 0
      outer loop
         vertex 0.00313992 -0.00271408 0.001505
         vertex 0.00313992 -0.00271408 0.001655
         vertex 0.00308107 -0.0027468 0.001655
      endloop
   endfacet
   facet normal 0.331863 -0.943328 0
      outer loop
         vertex 0.00308107 -0.0027468 0.001505
         vertex 0.00308107 -0.0027468 0.001655
         vertex 0.0030147 -0.00275813 0.001655
      endloop
   endfacet
   facet normal 0.9764 -0.215971 0
      outer loop
         vertex 0.00334028 -0.00201226 0.001655
         vertex 0.00320998 -0.00260133 0.001655
         vertex 0.00320998 -0.00260133 0.001505
      endloop
   endfacet
   facet normal 0.9764 -0.215971 0
      outer loop
         vertex 0.00320998 -0.00260133 0.001505
         vertex 0.00334028 -0.00201226 0.001505
         vertex 0.00334028 -0.00201226 0.001655
      endloop
   endfacet
   facet normal 0.9764 -0.215971 0
      outer loop
         vertex 0.00334028 -0.00201226 0.001655
         vertex 0.00334028 -0.00201226 0.001505
         vertex 0.003345 -0.00196906 0.001505
      endloop
   endfacet
   facet normal 1 0 0
      outer loop
         vertex 0.003345 -0.00196906 0.001505
         vertex 0.003345 -0.00196906 0.001655
         vertex 0.00334028 -0.00201226 0.001655
      endloop
   endfacet
   facet normal 1 0 0
      outer loop
         vertex 0.003345 -0.00160813 0.001655
         vertex 0.003345 -0.00196906 0.001655
         vertex 0.003345 -0.00196906 0.001505
      endloop
   endfacet
   facet normal 1 0 0
      outer loop
         vertex 0.003345 -0.00196906 0.001505
         vertex 0.003345 -0.00160813 0.001505
         vertex 0.003345 -0.00160813 0.001655
      endloop
   endfacet
   facet normal 1 0 0
      outer loop
         vertex 0.003345 -0.00160813 0.001655
         vertex 0.003345 -0.00160813 0.001505
         vertex 0.00334026 -0.00157771 0.001505
      endloop
   endfacet
   facet normal 0.952608 0.3042 0
      outer loop
         vertex 0.00334026 -0.00157771 0.001655
         vertex 0.00334026 -0.00157771 0.001505
         vertex 0.00332649 -0.00155018 0.001505
      endloop
   endfacet
   facet normal 0.814925 0.579567 0
      outer loop
         vertex 0.00332649 -0.00155018 0.001655
         vertex 0.00332649 -0.00155018 0.001505
         vertex 0.003305 -0.00152813 0.001505
      endloop
   endfacet
   facet normal 0.6 0.8 0
      outer loop
         vertex 0.003305 -0.00152813 0.001505
         vertex 0.003305 -0.00152813 0.001655
         vertex 0.00332649 -0.00155018 0.001655
      endloop
   endfacet
   facet normal 0.814925 0.579567 0
      outer loop
         vertex 0.00332649 -0.00155018 0.001505
         vertex 0.00332649 -0.00155018 0.001655
         vertex 0.00334026 -0.00157771 0.001655
      endloop
   endfacet
   facet normal 0.952608 0.3042 0
      outer loop
         vertex 0.00334026 -0.00157771 0.001505
         vertex 0.00334026 -0.00157771 0.001655
         vertex 0.003345 -0.00160813 0.001655
      endloop
   endfacet
   facet normal 0.6 0.8 0
      outer loop
         vertex 0.00313105 -0.00139767 0.001655
         vertex 0.003305 -0.00152813 0.001655
         vertex 0.003305 -0.00152813 0.001505
      endloop
   endfacet
   facet normal 0.6 0.8 0
      outer loop
         vertex 0.003305 -0.00152813 0.001505
         vertex 0.00313105 -0.00139767 0.001505
         vertex 0.00313105 -0.00139767 0.001655
      endloop
   endfacet
   facet normal 0 0 -1
      outer loop
         vertex 0.003245 -0.00195813 0.001505
         vertex 0.003345 -0.00196906 0.001505
         vertex 0.00334028 -0.00201226 0.001505
      endloop
   endfacet
   facet normal 0 0 -1
      outer loop
         vertex 0.00334028 -0.00201226 0.001505
         vertex 0.00320998 -0.00260133 0.001505
         vertex 0.00312968 -0.00250133 0.001505
      endloop
   endfacet
   facet normal 0 0 -1
      outer loop
         vertex 0.003345 -0.00196906 0.001505
         vertex 0.003245 -0.00195813 0.001505
         vertex 0.003245 -0.00165813 0.001505
      endloop
   endfacet
   facet normal 0 0 -1
      outer loop
         vertex 0.00312968 -0.00250133 0.001505
         vertex 0.00324028 -0.00200133 0.001505
         vertex 0.00334028 -0.00201226 0.001505
      endloop
   endfacet
   facet normal 0 0 -1
      outer loop
         vertex 0.00313105 -0.00139767 0.001505
         vertex 0.003305 -0.00152813 0.001505
         vertex 0.003205 -0.00157813 0.001505
      endloop
   endfacet
   facet normal 0 0 -1
      outer loop
         vertex 0.00334028 -0.00201226 0.001505
         vertex 0.00324028 -0.00200133 0.001505
         vertex 0.003245 -0.00195813 0.001505
      endloop
   endfacet
   facet normal 0 0 -1
      outer loop
         vertex 0.003205 -0.00157813 0.001505
         vertex 0.003085 -0.00148813 0.001505
         vertex 0.00313105 -0.00139767 0.001505
      endloop
   endfacet
   facet normal 0 0 -1
      outer loop
         vertex 0.00313105 -0.00139767 0.001505
         vertex 0.00304974 -0.00143855 0.001505
         vertex 0.003045 -0.00140813 0.001505
      endloop
   endfacet
   facet normal 0 0 -1
      outer loop
         vertex 0.00324026 -0.00162771 0.001505
         vertex 0.00332649 -0.00155018 0.001505
         vertex 0.00334026 -0.00157771 0.001505
      endloop
   endfacet
   facet normal 0 0 -1
      outer loop
         vertex 0.00332649 -0.00155018 0.001505
         vertex 0.00324026 -0.00162771 0.001505
         vertex 0.00322649 -0.00160018 0.001505
      endloop
   endfacet
   facet normal 0 0 -1
      outer loop
         vertex 0.003245 -0.00165813 0.001505
         vertex 0.003345 -0.00160813 0.001505
         vertex 0.003345 -0.00196906 0.001505
      endloop
   endfacet
   facet normal 0 0 -1
      outer loop
         vertex 0.003305 -0.00152813 0.001505
         vertex 0.00322649 -0.00160018 0.001505
         vertex 0.003205 -0.00157813 0.001505
      endloop
   endfacet
   facet normal 0 0 -1
      outer loop
         vertex 0.00313105 -0.00139767 0.001505
         vertex 0.00306351 -0.00146609 0.001505
         vertex 0.00304974 -0.00143855 0.001505
      endloop
   endfacet
   facet normal 0 0 -1
      outer loop
         vertex 0.00322649 -0.00160018 0.001505
         vertex 0.003305 -0.00152813 0.001505
         vertex 0.00332649 -0.00155018 0.001505
      endloop
   endfacet
   facet normal 0 0 -1
      outer loop
         vertex 0.00320998 -0.00260133 0.001505
         vertex 0.00310428 -0.00256369 0.001505
         vertex 0.00312968 -0.00250133 0.001505
      endloop
   endfacet
   facet normal 0 0 -1
      outer loop
         vertex 0.00156173 -0.00275052 0.001505
         vertex 0.00152929 -0.00272884 0.001505
         vertex 0.00150761 -0.0026964 0.001505
      endloop
   endfacet
   facet normal 0 0 -1
      outer loop
         vertex 0.003045 -0.00140813 0.001505
         vertex 0.00310956 -0.00137563 0.001505
         vertex 0.00313105 -0.00139767 0.001505
      endloop
   endfacet
   facet normal 0 0 -1
      outer loop
         vertex 0.003245 -0.00165813 0.001505
         vertex 0.00324026 -0.00162771 0.001505
         vertex 0.003345 -0.00160813 0.001505
      endloop
   endfacet
   facet normal 0 0 -1
      outer loop
         vertex 0.00318458 -0.00266369 0.001505
         vertex 0.00305963 -0.00261408 0.001505
         vertex 0.00310428 -0.00256369 0.001505
      endloop
   endfacet
   facet normal 0 0 -1
      outer loop
         vertex 0.00308107 -0.0027468 0.001505
         vertex 0.0030147 -0.00275813 0.001505
         vertex 0.00300078 -0.0026468 0.001505
      endloop
   endfacet
   facet normal 0 0 -1
      outer loop
         vertex 0.0015 -0.00265813 0.001505
         vertex 0.0016 -0.00275813 0.001505
         vertex 0.00156173 -0.00275052 0.001505
      endloop
   endfacet
   facet normal 0 0 -1
      outer loop
         vertex 0.0029344 -0.00265813 0.001505
         vertex 0.0030147 -0.00275813 0.001505
         vertex 0.0016 -0.00275813 0.001505
      endloop
   endfacet
   facet normal 0 0 -1
      outer loop
         vertex 0.00334026 -0.00157771 0.001505
         vertex 0.003345 -0.00160813 0.001505
         vertex 0.00324026 -0.00162771 0.001505
      endloop
   endfacet
   facet normal 0 0 -1
      outer loop
         vertex 0.003045 0.000121866 0.001505
         vertex 0.00309105 0.000121866 0.001505
         vertex 0.00309105 -0.00131767 0.001505
      endloop
   endfacet
   facet normal 0 0 -1
      outer loop
         vertex 0.00310428 -0.00256369 0.001505
         vertex 0.00320998 -0.00260133 0.001505
         vertex 0.00318458 -0.00266369 0.001505
      endloop
   endfacet
   facet normal 0 0 -1
      outer loop
         vertex 0.00305963 -0.00261408 0.001505
         vertex 0.00313992 -0.00271408 0.001505
         vertex 0.00308107 -0.0027468 0.001505
      endloop
   endfacet
   facet normal 0 0 -1
      outer loop
         vertex 0.0016 -0.00275813 0.001505
         vertex 0.0015 -0.00265813 0.001505
         vertex 0.0029344 -0.00265813 0.001505
      endloop
   endfacet
   facet normal 0 0 -1
      outer loop
         vertex 0.003045 -0.00140813 0.001505
         vertex 0.00309579 -0.00134809 0.001505
         vertex 0.00310956 -0.00137563 0.001505
      endloop
   endfacet
   facet normal 0 0 -1
      outer loop
         vertex 0.00309105 -0.00131767 0.001505
         vertex 0.003045 -0.00140813 0.001505
         vertex 0.003045 0.000121866 0.001505
      endloop
   endfacet
   facet normal 0 0 -1
      outer loop
         vertex 0.00300078 -0.0026468 0.001505
         vertex 0.00305963 -0.00261408 0.001505
         vertex 0.00308107 -0.0027468 0.001505
      endloop
   endfacet
   facet normal 0 0 -1
      outer loop
         vertex 0.00150761 -0.0026964 0.001505
         vertex 0.0015 -0.00265813 0.001505
         vertex 0.00156173 -0.00275052 0.001505
      endloop
   endfacet
   facet normal 0 0 -1
      outer loop
         vertex 0.00309105 -0.00131767 0.001505
         vertex 0.00309579 -0.00134809 0.001505
         vertex 0.003045 -0.00140813 0.001505
      endloop
   endfacet
   facet normal 0 0 -1
      outer loop
         vertex 0.0029344 -0.00265813 0.001505
         vertex 0.00300078 -0.0026468 0.001505
         vertex 0.0030147 -0.00275813 0.001505
      endloop
   endfacet
   facet normal 0 0 -1
      outer loop
         vertex 0.00318458 -0.00266369 0.001505
         vertex 0.00313992 -0.00271408 0.001505
         vertex 0.00305963 -0.00261408 0.001505
      endloop
   endfacet
   facet normal 0 0 -1
      outer loop
         vertex 0.003085 -0.00148813 0.001505
         vertex 0.00306351 -0.00146609 0.001505
         vertex 0.00313105 -0.00139767 0.001505
      endloop
   endfacet
   facet normal 0.814925 0.579567 0
      outer loop
         vertex 0.00310956 -0.00137563 0.001655
         vertex 0.00313105 -0.00139767 0.001655
         vertex 0.00313105 -0.00139767 0.001505
      endloop
   endfacet
   facet normal 0.952608 0.3042 0
      outer loop
         vertex 0.00309579 -0.00134809 0.001655
         vertex 0.00310956 -0.00137563 0.001655
         vertex 0.00310956 -0.00137563 0.001505
      endloop
   endfacet
   facet normal 1 0 0
      outer loop
         vertex 0.00309105 -0.00131767 0.001655
         vertex 0.00309579 -0.00134809 0.001655
         vertex 0.00309579 -0.00134809 0.001505
      endloop
   endfacet
   facet normal 0.952608 0.3042 0
      outer loop
         vertex 0.00309579 -0.00134809 0.001505
         vertex 0.00309105 -0.00131767 0.001505
         vertex 0.00309105 -0.00131767 0.001655
      endloop
   endfacet
   facet normal 0.814925 0.579567 0
      outer loop
         vertex 0.00310956 -0.00137563 0.001505
         vertex 0.00309579 -0.00134809 0.001505
         vertex 0.00309579 -0.00134809 0.001655
      endloop
   endfacet
   facet normal 0.6 0.8 0
      outer loop
         vertex 0.00313105 -0.00139767 0.001505
         vertex 0.00310956 -0.00137563 0.001505
         vertex 0.00310956 -0.00137563 0.001655
      endloop
   endfacet
   facet normal 1 0 0
      outer loop
         vertex 0.00309105 -0.00131767 0.001655
         vertex 0.00309105 -0.00131767 0.001505
         vertex 0.00309105 0.000121866 0.001505
      endloop
   endfacet
   facet normal 1 0 0
      outer loop
         vertex 0.00309105 0.000121866 0.001505
         vertex 0.00309105 0.000121866 0.001655
         vertex 0.00309105 -0.00131767 0.001655
      endloop
   endfacet
   facet normal 0 -1 0
      outer loop
         vertex -0.0016 -0.00275813 0.001655
         vertex -0.0016 -0.00275813 0.001505
         vertex -0.00156173 -0.00275052 0.001505
      endloop
   endfacet
   facet normal 0.382683 -0.92388 0
      outer loop
         vertex -0.00156173 -0.00275052 0.001655
         vertex -0.00156173 -0.00275052 0.001505
         vertex -0.00152929 -0.00272884 0.001505
      endloop
   endfacet
   facet normal 0.707107 -0.707107 0
      outer loop
         vertex -0.00152929 -0.00272884 0.001655
         vertex -0.00152929 -0.00272884 0.001505
         vertex -0.00150761 -0.0026964 0.001505
      endloop
   endfacet
   facet normal 0.92388 -0.382683 0
      outer loop
         vertex -0.00150761 -0.0026964 0.001655
         vertex -0.00150761 -0.0026964 0.001505
         vertex -0.0015 -0.00265813 0.001505
      endloop
   endfacet
   facet normal 1 0 0
      outer loop
         vertex -0.0015 -0.00265813 0.001505
         vertex -0.0015 -0.00265813 0.001655
         vertex -0.00150761 -0.0026964 0.001655
      endloop
   endfacet
   facet normal 0.92388 -0.382683 0
      outer loop
         vertex -0.00150761 -0.0026964 0.001505
         vertex -0.00150761 -0.0026964 0.001655
         vertex -0.00152929 -0.00272884 0.001655
      endloop
   endfacet
   facet normal 0.707107 -0.707107 0
      outer loop
         vertex -0.00152929 -0.00272884 0.001505
         vertex -0.00152929 -0.00272884 0.001655
         vertex -0.00156173 -0.00275052 0.001655
      endloop
   endfacet
   facet normal 0.382683 -0.92388 0
      outer loop
         vertex -0.00156173 -0.00275052 0.001505
         vertex -0.00156173 -0.00275052 0.001655
         vertex -0.0016 -0.00275813 0.001655
      endloop
   endfacet
   facet normal 0 -1 0
      outer loop
         vertex -0.0016 -0.00275813 0.001655
         vertex -0.0030147 -0.00275813 0.001655
         vertex -0.0030147 -0.00275813 0.001505
      endloop
   endfacet
   facet normal 0 -1 0
      outer loop
         vertex -0.0030147 -0.00275813 0.001505
         vertex -0.0016 -0.00275813 0.001505
         vertex -0.0016 -0.00275813 0.001655
      endloop
   endfacet
   facet normal -0.9764 -0.215971 0
      outer loop
         vertex -0.00320998 -0.00260133 0.001655
         vertex -0.00320998 -0.00260133 0.001505
         vertex -0.00318458 -0.00266369 0.001505
      endloop
   endfacet
   facet normal -0.849392 -0.527762 0
      outer loop
         vertex -0.00318458 -0.00266369 0.001655
         vertex -0.00318458 -0.00266369 0.001505
         vertex -0.00313992 -0.00271408 0.001505
      endloop
   endfacet
   facet normal -0.62611 -0.779734 0
      outer loop
         vertex -0.00313992 -0.00271408 0.001655
         vertex -0.00313992 -0.00271408 0.001505
         vertex -0.00308107 -0.0027468 0.001505
      endloop
   endfacet
   facet normal -0.331863 -0.943328 0
      outer loop
         vertex -0.00308107 -0.0027468 0.001655
         vertex -0.00308107 -0.0027468 0.001505
         vertex -0.0030147 -0.00275813 0.001505
      endloop
   endfacet
   facet normal 0 -1 0
      outer loop
         vertex -0.0030147 -0.00275813 0.001505
         vertex -0.0030147 -0.00275813 0.001655
         vertex -0.00308107 -0.0027468 0.001655
      endloop
   endfacet
   facet normal -0.331863 -0.943328 0
      outer loop
         vertex -0.00308107 -0.0027468 0.001505
         vertex -0.00308107 -0.0027468 0.001655
         vertex -0.00313992 -0.00271408 0.001655
      endloop
   endfacet
   facet normal -0.62611 -0.779734 0
      outer loop
         vertex -0.00313992 -0.00271408 0.001505
         vertex -0.00313992 -0.00271408 0.001655
         vertex -0.00318458 -0.00266369 0.001655
      endloop
   endfacet
   facet normal -0.849392 -0.527762 0
      outer loop
         vertex -0.00318458 -0.00266369 0.001505
         vertex -0.00318458 -0.00266369 0.001655
         vertex -0.00320998 -0.00260133 0.001655
      endloop
   endfacet
   facet normal -0.9764 -0.215971 8.34376e-16
      outer loop
         vertex -0.00320998 -0.00260133 0.001655
         vertex -0.00334028 -0.00201226 0.001655
         vertex -0.00334028 -0.00201226 0.001505
      endloop
   endfacet
   facet normal -0.9764 -0.215971 8.34376e-16
      outer loop
         vertex -0.00334028 -0.00201226 0.001505
         vertex -0.00320998 -0.00260133 0.001505
         vertex -0.00320998 -0.00260133 0.001655
      endloop
   endfacet
   facet normal -1 0 0
      outer loop
         vertex -0.003345 -0.00196906 0.001655
         vertex -0.003345 -0.00196906 0.001505
         vertex -0.00334028 -0.00201226 0.001505
      endloop
   endfacet
   facet normal -0.9764 -0.215971 8.34376e-16
      outer loop
         vertex -0.00334028 -0.00201226 0.001505
         vertex -0.00334028 -0.00201226 0.001655
         vertex -0.003345 -0.00196906 0.001655
      endloop
   endfacet
   facet normal -1 0 0
      outer loop
         vertex -0.003345 -0.00196906 0.001655
         vertex -0.003345 -0.00160813 0.001655
         vertex -0.003345 -0.00160813 0.001505
      endloop
   endfacet
   facet normal -1 0 0
      outer loop
         vertex -0.003345 -0.00160813 0.001505
         vertex -0.003345 -0.00196906 0.001505
         vertex -0.003345 -0.00196906 0.001655
      endloop
   endfacet
   facet normal -0.6 0.8 0
      outer loop
         vertex -0.003305 -0.00152813 0.001655
         vertex -0.003305 -0.00152813 0.001505
         vertex -0.00332649 -0.00155018 0.001505
      endloop
   endfacet
   facet normal -0.814925 0.579567 0
      outer loop
         vertex -0.00332649 -0.00155018 0.001655
         vertex -0.00332649 -0.00155018 0.001505
         vertex -0.00334026 -0.00157771 0.001505
      endloop
   endfacet
   facet normal -0.952608 0.3042 0
      outer loop
         vertex -0.00334026 -0.00157771 0.001655
         vertex -0.00334026 -0.00157771 0.001505
         vertex -0.003345 -0.00160813 0.001505
      endloop
   endfacet
   facet normal -1 0 0
      outer loop
         vertex -0.003345 -0.00160813 0.001505
         vertex -0.003345 -0.00160813 0.001655
         vertex -0.00334026 -0.00157771 0.001655
      endloop
   endfacet
   facet normal -0.952608 0.3042 0
      outer loop
         vertex -0.00334026 -0.00157771 0.001505
         vertex -0.00334026 -0.00157771 0.001655
         vertex -0.00332649 -0.00155018 0.001655
      endloop
   endfacet
   facet normal -0.814925 0.579567 0
      outer loop
         vertex -0.00332649 -0.00155018 0.001505
         vertex -0.00332649 -0.00155018 0.001655
         vertex -0.003305 -0.00152813 0.001655
      endloop
   endfacet
   facet normal -0.6 0.8 5.12726e-16
      outer loop
         vertex -0.003305 -0.00152813 0.001655
         vertex -0.00313105 -0.00139767 0.001655
         vertex -0.00313105 -0.00139767 0.001505
      endloop
   endfacet
   facet normal -0.6 0.8 5.12726e-16
      outer loop
         vertex -0.00313105 -0.00139767 0.001505
         vertex -0.003305 -0.00152813 0.001505
         vertex -0.003305 -0.00152813 0.001655
      endloop
   endfacet
   facet normal 0 0 -1
      outer loop
         vertex -0.00334028 -0.00201226 0.001505
         vertex -0.00324028 -0.00200133 0.001505
         vertex -0.00312968 -0.00250133 0.001505
      endloop
   endfacet
   facet normal 0 0 -1
      outer loop
         vertex -0.00334028 -0.00201226 0.001505
         vertex -0.003345 -0.00196906 0.001505
         vertex -0.003245 -0.00195813 0.001505
      endloop
   endfacet
   facet normal 0 0 -1
      outer loop
         vertex -0.00313105 -0.00139767 0.001505
         vertex -0.00310956 -0.00137563 0.001505
         vertex -0.003045 -0.00140813 0.001505
      endloop
   endfacet
   facet normal 0 0 -1
      outer loop
         vertex -0.00313105 -0.00139767 0.001505
         vertex -0.003085 -0.00148813 0.001505
         vertex -0.003205 -0.00157813 0.001505
      endloop
   endfacet
   facet normal 0 0 -1
      outer loop
         vertex -0.003245 -0.00195813 0.001505
         vertex -0.00324028 -0.00200133 0.001505
         vertex -0.00334028 -0.00201226 0.001505
      endloop
   endfacet
   facet normal 0 0 -1
      outer loop
         vertex -0.003345 -0.00196906 0.001505
         vertex -0.003345 -0.00160813 0.001505
         vertex -0.003245 -0.00165813 0.001505
      endloop
   endfacet
   facet normal 0 0 -1
      outer loop
         vertex -0.003045 -0.00140813 0.001505
         vertex -0.00304974 -0.00143855 0.001505
         vertex -0.00313105 -0.00139767 0.001505
      endloop
   endfacet
   facet normal 0 0 -1
      outer loop
         vertex -0.00313105 -0.00139767 0.001505
         vertex -0.00306351 -0.00146609 0.001505
         vertex -0.003085 -0.00148813 0.001505
      endloop
   endfacet
   facet normal 0 0 -1
      outer loop
         vertex -0.003245 -0.00165813 0.001505
         vertex -0.003245 -0.00195813 0.001505
         vertex -0.003345 -0.00196906 0.001505
      endloop
   endfacet
   facet normal 0 0 -1
      outer loop
         vertex -0.00332649 -0.00155018 0.001505
         vertex -0.003305 -0.00152813 0.001505
         vertex -0.00322649 -0.00160018 0.001505
      endloop
   endfacet
   facet normal 0 0 -1
      outer loop
         vertex -0.00324026 -0.00162771 0.001505
         vertex -0.003345 -0.00160813 0.001505
         vertex -0.00334026 -0.00157771 0.001505
      endloop
   endfacet
   facet normal 0 0 -1
      outer loop
         vertex -0.003205 -0.00157813 0.001505
         vertex -0.003305 -0.00152813 0.001505
         vertex -0.00313105 -0.00139767 0.001505
      endloop
   endfacet
   facet normal 0 0 -1
      outer loop
         vertex -0.003345 -0.00160813 0.001505
         vertex -0.00324026 -0.00162771 0.001505
         vertex -0.003245 -0.00165813 0.001505
      endloop
   endfacet
   facet normal 0 0 -1
      outer loop
         vertex -0.00334026 -0.00157771 0.001505
         vertex -0.00332649 -0.00155018 0.001505
         vertex -0.00324026 -0.00162771 0.001505
      endloop
   endfacet
   facet normal 0 0 -1
      outer loop
         vertex -0.00304974 -0.00143855 0.001505
         vertex -0.00306351 -0.00146609 0.001505
         vertex -0.00313105 -0.00139767 0.001505
      endloop
   endfacet
   facet normal 0 0 -1
      outer loop
         vertex -0.00312968 -0.00250133 0.001505
         vertex -0.00320998 -0.00260133 0.001505
         vertex -0.00334028 -0.00201226 0.001505
      endloop
   endfacet
   facet normal 0 0 -1
      outer loop
         vertex -0.003205 -0.00157813 0.001505
         vertex -0.00322649 -0.00160018 0.001505
         vertex -0.003305 -0.00152813 0.001505
      endloop
   endfacet
   facet normal 0 0 -1
      outer loop
         vertex -0.003045 0.000121866 0.001505
         vertex -0.003045 -0.00140813 0.001505
         vertex -0.00309105 -0.00131767 0.001505
      endloop
   endfacet
   facet normal 0 0 -1
      outer loop
         vertex -0.00322649 -0.00160018 0.001505
         vertex -0.00324026 -0.00162771 0.001505
         vertex -0.00332649 -0.00155018 0.001505
      endloop
   endfacet
   facet normal 0 0 -1
      outer loop
         vertex -0.00156173 -0.00275052 0.001505
         vertex -0.0015 -0.00265813 0.001505
         vertex -0.00150761 -0.0026964 0.001505
      endloop
   endfacet
   facet normal 0 0 -1
      outer loop
         vertex -0.00318458 -0.00266369 0.001505
         vertex -0.00320998 -0.00260133 0.001505
         vertex -0.00310428 -0.00256369 0.001505
      endloop
   endfacet
   facet normal 0 0 -1
      outer loop
         vertex -0.003045 -0.00140813 0.001505
         vertex -0.00309579 -0.00134809 0.001505
         vertex -0.00309105 -0.00131767 0.001505
      endloop
   endfacet
   facet normal 0 0 -1
      outer loop
         vertex -0.00312968 -0.00250133 0.001505
         vertex -0.00310428 -0.00256369 0.001505
         vertex -0.00320998 -0.00260133 0.001505
      endloop
   endfacet
   facet normal 0 0 -1
      outer loop
         vertex -0.0029344 -0.00265813 0.001505
         vertex -0.0015 -0.00265813 0.001505
         vertex -0.0016 -0.00275813 0.001505
      endloop
   endfacet
   facet normal 0 0 -1
      outer loop
         vertex -0.00150761 -0.0026964 0.001505
         vertex -0.00152929 -0.00272884 0.001505
         vertex -0.00156173 -0.00275052 0.001505
      endloop
   endfacet
   facet normal 0 0 -1
      outer loop
         vertex -0.00308107 -0.0027468 0.001505
         vertex -0.00305963 -0.00261408 0.001505
         vertex -0.00300078 -0.0026468 0.001505
      endloop
   endfacet
   facet normal 0 0 -1
      outer loop
         vertex -0.00305963 -0.00261408 0.001505
         vertex -0.00313992 -0.00271408 0.001505
         vertex -0.00318458 -0.00266369 0.001505
      endloop
   endfacet
   facet normal 0 0 -1
      outer loop
         vertex -0.00310956 -0.00137563 0.001505
         vertex -0.00309579 -0.00134809 0.001505
         vertex -0.003045 -0.00140813 0.001505
      endloop
   endfacet
   facet normal 0 0 -1
      outer loop
         vertex -0.00156173 -0.00275052 0.001505
         vertex -0.0016 -0.00275813 0.001505
         vertex -0.0015 -0.00265813 0.001505
      endloop
   endfacet
   facet normal 0 0 -1
      outer loop
         vertex -0.00300078 -0.0026468 0.001505
         vertex -0.0030147 -0.00275813 0.001505
         vertex -0.00308107 -0.0027468 0.001505
      endloop
   endfacet
   facet normal 0 0 -1
      outer loop
         vertex -0.00309105 -0.00131767 0.001505
         vertex -0.00309105 0.000121866 0.001505
         vertex -0.003045 0.000121866 0.001505
      endloop
   endfacet
   facet normal 0 0 -1
      outer loop
         vertex -0.0030147 -0.00275813 0.001505
         vertex -0.00300078 -0.0026468 0.001505
         vertex -0.0029344 -0.00265813 0.001505
      endloop
   endfacet
   facet normal 0 0 -1
      outer loop
         vertex -0.00310428 -0.00256369 0.001505
         vertex -0.00305963 -0.00261408 0.001505
         vertex -0.00318458 -0.00266369 0.001505
      endloop
   endfacet
   facet normal 0 0 -1
      outer loop
         vertex -0.00308107 -0.0027468 0.001505
         vertex -0.00313992 -0.00271408 0.001505
         vertex -0.00305963 -0.00261408 0.001505
      endloop
   endfacet
   facet normal 0 0 -1
      outer loop
         vertex -0.0016 -0.00275813 0.001505
         vertex -0.0030147 -0.00275813 0.001505
         vertex -0.0029344 -0.00265813 0.001505
      endloop
   endfacet
   facet normal -1 0 0
      outer loop
         vertex -0.00309105 -0.00131767 0.001505
         vertex -0.00309105 -0.00131767 0.001655
         vertex -0.00309105 0.000121866 0.001655
      endloop
   endfacet
   facet normal -1 0 0
      outer loop
         vertex -0.00309105 0.000121866 0.001655
         vertex -0.00309105 0.000121866 0.001505
         vertex -0.00309105 -0.00131767 0.001505
      endloop
   endfacet
   facet normal -0.952608 0.3042 0
      outer loop
         vertex -0.00309579 -0.00134809 0.001655
         vertex -0.00309105 -0.00131767 0.001655
         vertex -0.00309105 -0.00131767 0.001505
      endloop
   endfacet
   facet normal -0.814925 0.579567 0
      outer loop
         vertex -0.00310956 -0.00137563 0.001655
         vertex -0.00309579 -0.00134809 0.001655
         vertex -0.00309579 -0.00134809 0.001505
      endloop
   endfacet
   facet normal -0.6 0.8 0
      outer loop
         vertex -0.00313105 -0.00139767 0.001655
         vertex -0.00310956 -0.00137563 0.001655
         vertex -0.00310956 -0.00137563 0.001505
      endloop
   endfacet
   facet normal -0.814925 0.579567 0
      outer loop
         vertex -0.00310956 -0.00137563 0.001505
         vertex -0.00313105 -0.00139767 0.001505
         vertex -0.00313105 -0.00139767 0.001655
      endloop
   endfacet
   facet normal -0.952608 0.3042 0
      outer loop
         vertex -0.00309579 -0.00134809 0.001505
         vertex -0.00310956 -0.00137563 0.001505
         vertex -0.00310956 -0.00137563 0.001655
      endloop
   endfacet
   facet normal -1 0 0
      outer loop
         vertex -0.00309105 -0.00131767 0.001505
         vertex -0.00309579 -0.00134809 0.001505
         vertex -0.00309579 -0.00134809 0.001655
      endloop
   endfacet
   facet normal 0.9764 -0.215971 0
      outer loop
         vertex 0.00312968 -0.00250133 0.001655
         vertex 0.00312968 -0.00250133 0.00183
         vertex 0.00310648 -0.00256006 0.00183
      endloop
   endfacet
   facet normal 0.860388 -0.509639 0
      outer loop
         vertex 0.00310648 -0.00256006 0.00183
         vertex 0.00310428 -0.00256369 0.001655
         vertex 0.00312968 -0.00250133 0.001655
      endloop
   endfacet
   facet normal 0.849392 -0.527762 0
      outer loop
         vertex 0.00310428 -0.00256369 0.001655
         vertex 0.00306669 -0.00260813 0.00183
         vertex 0.00305963 -0.00261408 0.00182405
      endloop
   endfacet
   facet normal 0.849392 -0.527762 0
      outer loop
         vertex 0.00310428 -0.00256369 0.001655
         vertex 0.00310381 -0.00256329 0.00183
         vertex 0.00306669 -0.00260813 0.00183
      endloop
   endfacet
   facet normal 0.62611 -0.779734 0
      outer loop
         vertex 0.00305963 -0.00261408 0.001655
         vertex 0.00305963 -0.00261408 0.00182405
         vertex 0.00300078 -0.0026468 0.00179133
      endloop
   endfacet
   facet normal 0 -1 0
      outer loop
         vertex 0.0029344 -0.00265813 0.001655
         vertex 0.00300078 -0.0026468 0.001655
         vertex 0.00296807 -0.00265528 0.00178285
      endloop
   endfacet
   facet normal 0.331863 -0.943328 0
      outer loop
         vertex 0.00300078 -0.0026468 0.001655
         vertex 0.00300078 -0.0026468 0.00179133
         vertex 0.00296807 -0.00265528 0.00178285
      endloop
   endfacet
   facet normal 0.168333 -0.98573 0
      outer loop
         vertex 0.00296807 -0.00265528 0.00178285
         vertex 0.0029344 -0.00265813 0.00178
         vertex 0.0029344 -0.00265813 0.001655
      endloop
   endfacet
   facet normal 0.331863 -0.943328 0
      outer loop
         vertex 0.00300078 -0.0026468 0.00179133
         vertex 0.00300078 -0.0026468 0.001655
         vertex 0.00305963 -0.00261408 0.001655
      endloop
   endfacet
   facet normal 0.62611 -0.779734 0
      outer loop
         vertex 0.00305963 -0.00261408 0.00182405
         vertex 0.00305963 -0.00261408 0.001655
         vertex 0.00310428 -0.00256369 0.001655
      endloop
   endfacet
   facet normal 0.860388 -0.509639 0
      outer loop
         vertex 0.00310648 -0.00256006 0.00183
         vertex 0.00310381 -0.00256329 0.00183
         vertex 0.00310428 -0.00256369 0.001655
      endloop
   endfacet
   facet normal 0 -0.707107 0.707107
      outer loop
         vertex 0.00305963 -0.00261408 0.00182405
         vertex 0.0029344 -0.00265813 0.00178
         vertex 0.00296807 -0.00265528 0.00178285
      endloop
   endfacet
   facet normal 0 -0.707107 0.707107
      outer loop
         vertex 0.00305954 -0.00251628 0.00192169
         vertex 0.00302101 -0.00250813 0.00193
         vertex -0.00302101 -0.00250813 0.00193
      endloop
   endfacet
   facet normal 0 -0.707107 0.707107
      outer loop
         vertex -0.00305947 -0.00251632 0.00192181
         vertex 0.00308508 -0.00253759 0.00190049
         vertex 0.00306868 -0.00252016 0.00191778
      endloop
   endfacet
   facet normal 0 -0.707107 0.707107
      outer loop
         vertex -0.00305947 -0.00251632 0.00192181
         vertex 0.00307216 -0.00260294 0.00183518
         vertex 0.00308921 -0.0025766 0.00186143
      endloop
   endfacet
   facet normal 0 -0.707107 0.707107
      outer loop
         vertex 0.00296807 -0.00265528 0.00178285
         vertex 0.00300078 -0.0026468 0.00179133
         vertex 0.00305963 -0.00261408 0.00182405
      endloop
   endfacet
   facet normal 0 -0.707107 0.707107
      outer loop
         vertex -0.00305963 -0.00261408 0.00182405
         vertex -0.00300078 -0.0026468 0.00179133
         vertex -0.00296807 -0.00265528 0.00178285
      endloop
   endfacet
   facet normal 0 -0.707107 0.707107
      outer loop
         vertex -0.00305947 -0.00251632 0.00192181
         vertex -0.00302101 -0.00250813 0.00193
         vertex -0.00303138 -0.00250857 0.00192957
      endloop
   endfacet
   facet normal 0 -0.707107 0.707107
      outer loop
         vertex 0.00305954 -0.00251628 0.00192169
         vertex 0.00304751 -0.00251119 0.00192684
         vertex 0.00302101 -0.00250813 0.00193
      endloop
   endfacet
   facet normal 0 -0.707107 0.707107
      outer loop
         vertex -0.00305947 -0.00251632 0.00192181
         vertex 0.00309062 -0.00255076 0.00188737
         vertex 0.00308508 -0.00253759 0.00190049
      endloop
   endfacet
   facet normal 0 -0.707107 0.707107
      outer loop
         vertex -0.00305947 -0.00251632 0.00192181
         vertex 0.00306669 -0.00260813 0.00183
         vertex 0.00307216 -0.00260294 0.00183518
      endloop
   endfacet
   facet normal 0 -0.707107 0.707107
      outer loop
         vertex 0.00306669 -0.00260813 0.00183
         vertex -0.00305947 -0.00251632 0.00192181
         vertex 0.0029344 -0.00265813 0.00178
      endloop
   endfacet
   facet normal 0 -0.707107 0.707107
      outer loop
         vertex -0.0029344 -0.00265813 0.00178
         vertex -0.00306669 -0.00260813 0.00183
         vertex -0.00305963 -0.00261408 0.00182405
      endloop
   endfacet
   facet normal 0 -0.707107 0.707107
      outer loop
         vertex -0.0029344 -0.00265813 0.00178
         vertex -0.00308899 -0.00257017 0.00186796
         vertex -0.00308584 -0.00258433 0.0018538
      endloop
   endfacet
   facet normal 0 -0.707107 0.707107
      outer loop
         vertex -0.00302101 -0.00250813 0.00193
         vertex -0.00305947 -0.00251632 0.00192181
         vertex 0.00305954 -0.00251628 0.00192169
      endloop
   endfacet
   facet normal 0 -0.707107 0.707107
      outer loop
         vertex 0.00306868 -0.00252016 0.00191778
         vertex 0.00305954 -0.00251628 0.00192169
         vertex -0.00305947 -0.00251632 0.00192181
      endloop
   endfacet
   facet normal 0 -0.707107 0.707107
      outer loop
         vertex -0.00305947 -0.00251632 0.00192181
         vertex 0.00308977 -0.00257005 0.001868
         vertex 0.00309127 -0.00255231 0.00188583
      endloop
   endfacet
   facet normal 0 -0.707107 0.707107
      outer loop
         vertex 0.00305963 -0.00261408 0.00182405
         vertex 0.00306669 -0.00260813 0.00183
         vertex 0.0029344 -0.00265813 0.00178
      endloop
   endfacet
   facet normal 0 -0.707107 0.707107
      outer loop
         vertex -0.00308584 -0.00258433 0.0018538
         vertex -0.00306669 -0.00260813 0.00183
         vertex -0.0029344 -0.00265813 0.00178
      endloop
   endfacet
   facet normal 0 -0.707107 0.707107
      outer loop
         vertex 0.00308508 -0.00253759 0.00190049
         vertex 0.00308382 -0.0025346 0.00190346
         vertex 0.00306868 -0.00252016 0.00191778
      endloop
   endfacet
   facet normal 0 -0.707107 0.707107
      outer loop
         vertex 0.00308921 -0.0025766 0.00186143
         vertex 0.00308977 -0.00257005 0.001868
         vertex -0.00305947 -0.00251632 0.00192181
      endloop
   endfacet
   facet normal 0 -0.707107 0.707107
      outer loop
         vertex -0.0029344 -0.00265813 0.00178
         vertex -0.00308986 -0.00255047 0.00188766
         vertex -0.00308899 -0.00257017 0.00186796
      endloop
   endfacet
   facet normal 0 -0.707107 0.707107
      outer loop
         vertex 0.0029344 -0.00265813 0.00178
         vertex -0.00305947 -0.00251632 0.00192181
         vertex -0.0030716 -0.00252242 0.00191572
      endloop
   endfacet
   facet normal 0 -0.707107 0.707107
      outer loop
         vertex 0.00309127 -0.00255231 0.00188583
         vertex 0.00309062 -0.00255076 0.00188737
         vertex -0.00305947 -0.00251632 0.00192181
      endloop
   endfacet
   facet normal 0 -0.707107 0.707107
      outer loop
         vertex -0.00296807 -0.00265528 0.00178285
         vertex -0.0029344 -0.00265813 0.00178
         vertex -0.00305963 -0.00261408 0.00182405
      endloop
   endfacet
   facet normal 0 -0.707107 0.707107
      outer loop
         vertex 0.0029344 -0.00265813 0.00178
         vertex -0.00308534 -0.00253754 0.0019006
         vertex -0.00308622 -0.00253851 0.00189962
      endloop
   endfacet
   facet normal 0 -0.707107 0.707107
      outer loop
         vertex -0.00303138 -0.00250857 0.00192957
         vertex -0.0030523 -0.00251271 0.00192542
         vertex -0.00305947 -0.00251632 0.00192181
      endloop
   endfacet
   facet normal 0 -0.707107 0.707107
      outer loop
         vertex -0.00308986 -0.00255047 0.00188766
         vertex -0.00309189 -0.00255712 0.00188102
         vertex -0.00308899 -0.00257017 0.00186796
      endloop
   endfacet
   facet normal 0 -0.707107 0.707107
      outer loop
         vertex -0.0030716 -0.00252242 0.00191572
         vertex -0.00308534 -0.00253754 0.0019006
         vertex 0.0029344 -0.00265813 0.00178
      endloop
   endfacet
   facet normal 0 -0.707107 0.707107
      outer loop
         vertex -0.00308622 -0.00253851 0.00189962
         vertex -0.00308986 -0.00255047 0.00188766
         vertex 0.0029344 -0.00265813 0.00178
      endloop
   endfacet
   facet normal 0 -0.707107 0.707107
      outer loop
         vertex -0.0029344 -0.00265813 0.00178
         vertex 0.0029344 -0.00265813 0.00178
         vertex -0.00308986 -0.00255047 0.00188766
      endloop
   endfacet
   facet normal -0.9764 -0.215971 0
      outer loop
         vertex -0.00312968 -0.00250133 0.001655
         vertex -0.00310428 -0.00256369 0.001655
         vertex -0.00310648 -0.00256006 0.00183
      endloop
   endfacet
   facet normal -0.849392 -0.527762 0
      outer loop
         vertex -0.00310428 -0.00256369 0.001655
         vertex -0.00310381 -0.00256329 0.00183
         vertex -0.00310648 -0.00256006 0.00183
      endloop
   endfacet
   facet normal 0 -1 0
      outer loop
         vertex -0.0029344 -0.00265813 0.001655
         vertex -0.0029344 -0.00265813 0.00178
         vertex -0.00296807 -0.00265528 0.00178285
      endloop
   endfacet
   facet normal -0.168333 -0.98573 0
      outer loop
         vertex -0.00296807 -0.00265528 0.00178285
         vertex -0.00300078 -0.0026468 0.001655
         vertex -0.0029344 -0.00265813 0.001655
      endloop
   endfacet
   facet normal -0.62611 -0.779734 0
      outer loop
         vertex -0.00305963 -0.00261408 0.001655
         vertex -0.00300078 -0.0026468 0.001655
         vertex -0.00300078 -0.0026468 0.00179133
      endloop
   endfacet
   facet normal -0.849392 -0.527762 0
      outer loop
         vertex -0.00310428 -0.00256369 0.001655
         vertex -0.00305963 -0.00261408 0.001655
         vertex -0.00305963 -0.00261408 0.00182405
      endloop
   endfacet
   facet normal -0.62611 -0.779734 0
      outer loop
         vertex -0.00305963 -0.00261408 0.00182405
         vertex -0.00306669 -0.00260813 0.00183
         vertex -0.00310428 -0.00256369 0.001655
      endloop
   endfacet
   facet normal -0.661438 -0.75 0
      outer loop
         vertex -0.00306669 -0.00260813 0.00183
         vertex -0.00310381 -0.00256329 0.00183
         vertex -0.00310428 -0.00256369 0.001655
      endloop
   endfacet
   facet normal -0.331863 -0.943328 0
      outer loop
         vertex -0.00300078 -0.0026468 0.00179133
         vertex -0.00305963 -0.00261408 0.00182405
         vertex -0.00305963 -0.00261408 0.001655
      endloop
   endfacet
   facet normal -0.168333 -0.98573 0
      outer loop
         vertex -0.00296807 -0.00265528 0.00178285
         vertex -0.00300078 -0.0026468 0.00179133
         vertex -0.00300078 -0.0026468 0.001655
      endloop
   endfacet
   facet normal -0.860388 -0.509639 0
      outer loop
         vertex -0.00310648 -0.00256006 0.00183
         vertex -0.00312968 -0.00250133 0.00183
         vertex -0.00312968 -0.00250133 0.001655
      endloop
   endfacet
   facet normal 0.794888 -0.470841 0.382703
      outer loop
         vertex 0.00309993 -0.00255618 0.00186827
         vertex 0.00309062 -0.00255076 0.00188737
         vertex 0.00309127 -0.00255231 0.00188583
      endloop
   endfacet
   facet normal 0.753918 -0.576906 0.314304
      outer loop
         vertex 0.00308921 -0.0025766 0.00186143
         vertex 0.00307216 -0.00260294 0.00183518
         vertex 0.00310381 -0.00256329 0.00183
      endloop
   endfacet
   facet normal 0.849612 -0.527407 5.48542e-05
      outer loop
         vertex 0.00310381 -0.00256329 0.00183
         vertex 0.00310648 -0.00256006 0.00183
         vertex 0.00308921 -0.0025766 0.00186143
      endloop
   endfacet
   facet normal 0.860388 -0.509639 5.45184e-05
      outer loop
         vertex 0.00310648 -0.00256006 0.00183
         vertex 0.00309993 -0.00255618 0.00186827
         vertex 0.00308977 -0.00257005 0.001868
      endloop
   endfacet
   facet normal 0.749304 -0.539769 0.383659
      outer loop
         vertex 0.00308977 -0.00257005 0.001868
         vertex 0.00308921 -0.0025766 0.00186143
         vertex 0.00310648 -0.00256006 0.00183
      endloop
   endfacet
   facet normal 0.9764 -0.215971 5.45184e-05
      outer loop
         vertex 0.00312968 -0.00250133 0.00183
         vertex 0.00312225 -0.00249968 0.00186827
         vertex 0.00309993 -0.00255618 0.00186827
      endloop
   endfacet
   facet normal 0.902068 -0.19953 0.382703
      outer loop
         vertex 0.00312225 -0.00249968 0.00186827
         vertex 0.00310109 -0.002495 0.00190071
         vertex 0.00308508 -0.00253759 0.00190049
      endloop
   endfacet
   facet normal 0.624849 -0.329484 0.707817
      outer loop
         vertex 0.00308508 -0.00253759 0.00190049
         vertex 0.00309062 -0.00255076 0.00188737
         vertex 0.00312225 -0.00249968 0.00186827
      endloop
   endfacet
   facet normal 0.69043 -0.152717 0.707095
      outer loop
         vertex 0.00310109 -0.002495 0.00190071
         vertex 0.00306868 -0.00252016 0.00191778
         vertex 0.00308382 -0.0025346 0.00190346
      endloop
   endfacet
   facet normal 0.373698 -0.0826589 0.92386
      outer loop
         vertex 0.00306941 -0.002488 0.00192239
         vertex 0.00305954 -0.00251628 0.00192169
         vertex 0.00306868 -0.00252016 0.00191778
      endloop
   endfacet
   facet normal 0.434958 -0.20091 0.877751
      outer loop
         vertex 0.00306868 -0.00252016 0.00191778
         vertex 0.00310109 -0.002495 0.00190071
         vertex 0.00306941 -0.002488 0.00192239
      endloop
   endfacet
   facet normal 7.58504e-05 -1.67775e-05 1
      outer loop
         vertex 0.00303204 -0.00247973 0.00193
         vertex 0.00302101 -0.00250813 0.00193
         vertex 0.00304751 -0.00251119 0.00192684
      endloop
   endfacet
   facet normal 0.225781 -0.105897 0.968405
      outer loop
         vertex 0.00304751 -0.00251119 0.00192684
         vertex 0.00306941 -0.002488 0.00192239
         vertex 0.00303204 -0.00247973 0.00193
      endloop
   endfacet
   facet normal 0.225781 -0.105897 0.968405
      outer loop
         vertex 0.00304751 -0.00251119 0.00192684
         vertex 0.00305954 -0.00251628 0.00192169
         vertex 0.00306941 -0.002488 0.00192239
      endloop
   endfacet
   facet normal 0.604002 -0.309086 0.734607
      outer loop
         vertex 0.00308382 -0.0025346 0.00190346
         vertex 0.00308508 -0.00253759 0.00190049
         vertex 0.00310109 -0.002495 0.00190071
      endloop
   endfacet
   facet normal 0.703678 -0.417222 0.57512
      outer loop
         vertex 0.00309062 -0.00255076 0.00188737
         vertex 0.00309993 -0.00255618 0.00186827
         vertex 0.00312225 -0.00249968 0.00186827
      endloop
   endfacet
   facet normal 0.794888 -0.470841 0.382703
      outer loop
         vertex 0.00309993 -0.00255618 0.00186827
         vertex 0.00310648 -0.00256006 0.00183
         vertex 0.00312968 -0.00250133 0.00183
      endloop
   endfacet
   facet normal 0.688323 -0.72355 0.0518365
      outer loop
         vertex 0.00307216 -0.00260294 0.00183518
         vertex 0.00306669 -0.00260813 0.00183
         vertex 0.00310381 -0.00256329 0.00183
      endloop
   endfacet
   facet normal 0.711309 -0.427027 0.55829
      outer loop
         vertex 0.00309127 -0.00255231 0.00188583
         vertex 0.00308977 -0.00257005 0.001868
         vertex 0.00309993 -0.00255618 0.00186827
      endloop
   endfacet
   facet normal 0.9764 -0.215971 -8.34376e-16
      outer loop
         vertex 0.00324028 -0.00200133 0.00183
         vertex 0.00312968 -0.00250133 0.00183
         vertex 0.00312968 -0.00250133 0.001655
      endloop
   endfacet
   facet normal 0.9764 -0.215971 -8.34376e-16
      outer loop
         vertex 0.00312968 -0.00250133 0.001655
         vertex 0.00324028 -0.00200133 0.001655
         vertex 0.00324028 -0.00200133 0.00183
      endloop
   endfacet
   facet normal 1.59242e-12 -3.56703e-13 1
      outer loop
         vertex 0.00314264 -0.00197973 0.00193
         vertex 0.00303204 -0.00247973 0.00193
         vertex 0.00306941 -0.002488 0.00192239
      endloop
   endfacet
   facet normal 0.373652 -0.0826487 0.92388
      outer loop
         vertex 0.00318001 -0.001988 0.00192239
         vertex 0.00306941 -0.002488 0.00192239
         vertex 0.00310109 -0.002495 0.00190071
      endloop
   endfacet
   facet normal 0.690419 -0.152715 0.707107
      outer loop
         vertex 0.00321168 -0.001995 0.00190071
         vertex 0.00310109 -0.002495 0.00190071
         vertex 0.00312225 -0.00249968 0.00186827
      endloop
   endfacet
   facet normal 0.902076 -0.199532 0.382683
      outer loop
         vertex 0.00323285 -0.00199968 0.00186827
         vertex 0.00312225 -0.00249968 0.00186827
         vertex 0.00312968 -0.00250133 0.00183
      endloop
   endfacet
   facet normal 0.9764 -0.215971 3.55121e-17
      outer loop
         vertex 0.00312968 -0.00250133 0.00183
         vertex 0.00324028 -0.00200133 0.00183
         vertex 0.00323285 -0.00199968 0.00186827
      endloop
   endfacet
   facet normal 0.902076 -0.199532 0.382683
      outer loop
         vertex 0.00312225 -0.00249968 0.00186827
         vertex 0.00323285 -0.00199968 0.00186827
         vertex 0.00321168 -0.001995 0.00190071
      endloop
   endfacet
   facet normal 0.690419 -0.152715 0.707107
      outer loop
         vertex 0.00310109 -0.002495 0.00190071
         vertex 0.00321168 -0.001995 0.00190071
         vertex 0.00318001 -0.001988 0.00192239
      endloop
   endfacet
   facet normal 0.373652 -0.0826487 0.92388
      outer loop
         vertex 0.00306941 -0.002488 0.00192239
         vertex 0.00318001 -0.001988 0.00192239
         vertex 0.00314264 -0.00197973 0.00193
      endloop
   endfacet
   facet normal 0.9764 -0.215971 3.55121e-17
      outer loop
         vertex 0.00324028 -0.00200133 0.00183
         vertex 0.00324028 -0.00200133 0.001655
         vertex 0.003245 -0.00195813 0.001655
      endloop
   endfacet
   facet normal 1 -3.35018e-12 0
      outer loop
         vertex 0.003245 -0.00195813 0.001655
         vertex 0.003245 -0.00195813 0.00183
         vertex 0.00324028 -0.00200133 0.00183
      endloop
   endfacet
   facet normal 0.902076 -0.199532 0.382683
      outer loop
         vertex 0.00323285 -0.00199968 0.00186827
         vertex 0.00324028 -0.00200133 0.00183
         vertex 0.003245 -0.00195813 0.00183
      endloop
   endfacet
   facet normal 0.690419 -0.152715 0.707107
      outer loop
         vertex 0.00321168 -0.001995 0.00190071
         vertex 0.00323285 -0.00199968 0.00186827
         vertex 0.00323739 -0.00195813 0.00186827
      endloop
   endfacet
   facet normal 0.373652 -0.0826487 0.92388
      outer loop
         vertex 0.00318001 -0.001988 0.00192239
         vertex 0.00321168 -0.001995 0.00190071
         vertex 0.00321571 -0.00195813 0.00190071
      endloop
   endfacet
   facet normal 1.40526e-12 -3.10827e-13 1
      outer loop
         vertex 0.00314264 -0.00197973 0.00193
         vertex 0.00318001 -0.001988 0.00192239
         vertex 0.00318327 -0.00195813 0.00192239
      endloop
   endfacet
   facet normal 0.382683 3.09192e-12 0.92388
      outer loop
         vertex 0.00318327 -0.00195813 0.00192239
         vertex 0.003145 -0.00195813 0.00193
         vertex 0.00314264 -0.00197973 0.00193
      endloop
   endfacet
   facet normal 0.707107 5.71246e-12 0.707107
      outer loop
         vertex 0.00321571 -0.00195813 0.00190071
         vertex 0.00318327 -0.00195813 0.00192239
         vertex 0.00318001 -0.001988 0.00192239
      endloop
   endfacet
   facet normal 0.92388 7.46492e-12 0.382683
      outer loop
         vertex 0.00323739 -0.00195813 0.00186827
         vertex 0.00321571 -0.00195813 0.00190071
         vertex 0.00321168 -0.001995 0.00190071
      endloop
   endfacet
   facet normal 1 6.72422e-12 3.98986e-13
      outer loop
         vertex 0.003245 -0.00195813 0.00183
         vertex 0.00323739 -0.00195813 0.00186827
         vertex 0.00323285 -0.00199968 0.00186827
      endloop
   endfacet
   facet normal 1 0 0
      outer loop
         vertex 0.003245 -0.00165813 0.00183
         vertex 0.003245 -0.00195813 0.00183
         vertex 0.003245 -0.00195813 0.001655
      endloop
   endfacet
   facet normal 1 0 0
      outer loop
         vertex 0.003245 -0.00195813 0.001655
         vertex 0.003245 -0.00165813 0.001655
         vertex 0.003245 -0.00165813 0.00183
      endloop
   endfacet
   facet normal 0 0 1
      outer loop
         vertex 0.003145 -0.00165813 0.00193
         vertex 0.003145 -0.00195813 0.00193
         vertex 0.00318327 -0.00195813 0.00192239
      endloop
   endfacet
   facet normal 0.382683 0 0.92388
      outer loop
         vertex 0.00318327 -0.00195813 0.00192239
         vertex 0.00321571 -0.00195813 0.00190071
         vertex 0.00321204 -0.00165813 0.00190316
      endloop
   endfacet
   facet normal 0.675602 0 0.737266
      outer loop
         vertex 0.00321204 -0.00165813 0.00190316
         vertex 0.00318682 -0.00165813 0.00192002
         vertex 0.00318327 -0.00195813 0.00192239
      endloop
   endfacet
   facet normal 0.707107 0 0.707107
      outer loop
         vertex 0.00321571 -0.00195813 0.00190071
         vertex 0.00321571 -0.00165813 0.00190071
         vertex 0.00321204 -0.00165813 0.00190316
      endloop
   endfacet
   facet normal 0.92388 0 0.382683
      outer loop
         vertex 0.00323739 -0.00195813 0.00186827
         vertex 0.00323552 -0.00165813 0.00187107
         vertex 0.00322325 -0.00165813 0.00188942
      endloop
   endfacet
   facet normal 0.796399 0 0.604772
      outer loop
         vertex 0.00322325 -0.00165813 0.00188942
         vertex 0.00321571 -0.00195813 0.00190071
         vertex 0.00323739 -0.00195813 0.00186827
      endloop
   endfacet
   facet normal 0.92388 0 0.382683
      outer loop
         vertex 0.00323739 -0.00195813 0.00186827
         vertex 0.00323739 -0.00165813 0.00186827
         vertex 0.00323552 -0.00165813 0.00187107
      endloop
   endfacet
   facet normal 0.92388 0 0.382683
      outer loop
         vertex 0.00323739 -0.00195813 0.00186827
         vertex 0.003245 -0.00195813 0.00183
         vertex 0.0032412 -0.00165813 0.00184913
      endloop
   endfacet
   facet normal 1 0 0
      outer loop
         vertex 0.003245 -0.00195813 0.00183
         vertex 0.003245 -0.00165813 0.00183
         vertex 0.0032412 -0.00165813 0.00184913
      endloop
   endfacet
   facet normal 0.980798 0 0.195028
      outer loop
         vertex 0.0032412 -0.00165813 0.00184913
         vertex 0.00323739 -0.00165813 0.00186827
         vertex 0.00323739 -0.00195813 0.00186827
      endloop
   endfacet
   facet normal 0.796399 0 0.604772
      outer loop
         vertex 0.00322325 -0.00165813 0.00188942
         vertex 0.00321571 -0.00165813 0.00190071
         vertex 0.00321571 -0.00195813 0.00190071
      endloop
   endfacet
   facet normal 0.421301 0 0.906921
      outer loop
         vertex 0.00318682 -0.00165813 0.00192002
         vertex 0.00318327 -0.00165813 0.00192239
         vertex 0.00318327 -0.00195813 0.00192239
      endloop
   endfacet
   facet normal 0.382683 0 0.92388
      outer loop
         vertex 0.00318327 -0.00195813 0.00192239
         vertex 0.00318327 -0.00165813 0.00192239
         vertex 0.003145 -0.00165813 0.00193
      endloop
   endfacet
   facet normal -0.860388 -0.509639 5.45184e-05
      outer loop
         vertex -0.00310648 -0.00256006 0.00183
         vertex -0.00309993 -0.00255618 0.00186829
         vertex -0.00312225 -0.00249968 0.00186827
      endloop
   endfacet
   facet normal -0.794819 -0.4708 0.382897
      outer loop
         vertex -0.00309993 -0.00255618 0.00186829
         vertex -0.00312224 -0.00249968 0.00186829
         vertex -0.00312225 -0.00249968 0.00186827
      endloop
   endfacet
   facet normal -0.849612 -0.527407 5.48542e-05
      outer loop
         vertex -0.00310381 -0.00256329 0.00183
         vertex -0.00308584 -0.00258433 0.0018538
         vertex -0.00308899 -0.00257017 0.00186796
      endloop
   endfacet
   facet normal -0.794819 -0.4708 0.382897
      outer loop
         vertex -0.00309993 -0.00255618 0.00186829
         vertex -0.00310648 -0.00256006 0.00183
         vertex -0.00310381 -0.00256329 0.00183
      endloop
   endfacet
   facet normal -0.849612 -0.527407 5.48542e-05
      outer loop
         vertex -0.00310381 -0.00256329 0.00183
         vertex -0.00306669 -0.00260813 0.00183
         vertex -0.00308584 -0.00258433 0.0018538
      endloop
   endfacet
   facet normal -0.794819 -0.4708 0.382897
      outer loop
         vertex -0.00309993 -0.00255618 0.00186829
         vertex -0.00308899 -0.00257017 0.00186796
         vertex -0.00309189 -0.00255712 0.00188102
      endloop
   endfacet
   facet normal -0.690419 -0.152715 0.707107
      outer loop
         vertex -0.00310108 -0.002495 0.00190071
         vertex -0.00308622 -0.00253851 0.00189962
         vertex -0.00308534 -0.00253754 0.0019006
      endloop
   endfacet
   facet normal -0.62558 -0.329113 0.707344
      outer loop
         vertex -0.00308534 -0.00253754 0.0019006
         vertex -0.00310106 -0.002495 0.00190074
         vertex -0.00310108 -0.002495 0.00190071
      endloop
   endfacet
   facet normal -0.901989 -0.199513 0.382897
      outer loop
         vertex -0.00312224 -0.00249968 0.00186829
         vertex -0.00309993 -0.00255618 0.00186829
         vertex -0.00308986 -0.00255047 0.00188766
      endloop
   endfacet
   facet normal -0.699879 -0.415706 0.580826
      outer loop
         vertex -0.00308986 -0.00255047 0.00188766
         vertex -0.00308622 -0.00253851 0.00189962
         vertex -0.00312224 -0.00249968 0.00186829
      endloop
   endfacet
   facet normal -0.346308 -0.161116 0.924182
      outer loop
         vertex -0.00305947 -0.00251632 0.00192181
         vertex -0.00306935 -0.00248798 0.00192241
         vertex -0.0030694 -0.00248799 0.00192238
      endloop
   endfacet
   facet normal -0.373676 -0.0826541 0.923869
      outer loop
         vertex -0.0030694 -0.00248799 0.00192238
         vertex -0.0030716 -0.00252242 0.00191572
         vertex -0.00305947 -0.00251632 0.00192181
      endloop
   endfacet
   facet normal -0.690138 -0.152653 0.707395
      outer loop
         vertex -0.00310106 -0.002495 0.00190074
         vertex -0.00308534 -0.00253754 0.0019006
         vertex -0.0030716 -0.00252242 0.00191572
      endloop
   endfacet
   facet normal -7.58506e-05 -1.67775e-05 1
      outer loop
         vertex -0.00303204 -0.00247973 0.00193
         vertex -0.00306935 -0.00248798 0.00192241
         vertex -0.0030523 -0.00251271 0.00192542
      endloop
   endfacet
   facet normal -0.271495 -0.125687 0.954198
      outer loop
         vertex -0.0030523 -0.00251271 0.00192542
         vertex -0.00303138 -0.00250857 0.00192957
         vertex -0.00303204 -0.00247973 0.00193
      endloop
   endfacet
   facet normal -0.373126 -0.0825323 0.924103
      outer loop
         vertex -0.00306935 -0.00248798 0.00192241
         vertex -0.00305947 -0.00251632 0.00192181
         vertex -0.0030523 -0.00251271 0.00192542
      endloop
   endfacet
   facet normal -0.0825919 -0.0429522 0.995657
      outer loop
         vertex -0.00303138 -0.00250857 0.00192957
         vertex -0.00302101 -0.00250813 0.00193
         vertex -0.00303204 -0.00247973 0.00193
      endloop
   endfacet
   facet normal -0.373676 -0.0826541 0.923869
      outer loop
         vertex -0.0030694 -0.00248799 0.00192238
         vertex -0.00310106 -0.002495 0.00190074
         vertex -0.0030716 -0.00252242 0.00191572
      endloop
   endfacet
   facet normal -0.690419 -0.152715 0.707107
      outer loop
         vertex -0.00310108 -0.002495 0.00190071
         vertex -0.00312224 -0.00249968 0.00186829
         vertex -0.00308622 -0.00253851 0.00189962
      endloop
   endfacet
   facet normal -0.728179 -0.457687 0.510174
      outer loop
         vertex -0.00309189 -0.00255712 0.00188102
         vertex -0.00308986 -0.00255047 0.00188766
         vertex -0.00309993 -0.00255618 0.00186829
      endloop
   endfacet
   facet normal -0.747165 -0.541524 0.385351
      outer loop
         vertex -0.00308899 -0.00257017 0.00186796
         vertex -0.00309993 -0.00255618 0.00186829
         vertex -0.00310381 -0.00256329 0.00183
      endloop
   endfacet
   facet normal -0.902065 -0.199529 0.38271
      outer loop
         vertex -0.00312225 -0.00249968 0.00186827
         vertex -0.00312968 -0.00250133 0.00183
         vertex -0.00310648 -0.00256006 0.00183
      endloop
   endfacet
   facet normal -0.9764 -0.215971 8.34376e-16
      outer loop
         vertex -0.00324028 -0.00200133 0.00183
         vertex -0.00324028 -0.00200133 0.001655
         vertex -0.00312968 -0.00250133 0.001655
      endloop
   endfacet
   facet normal -0.9764 -0.215971 8.34376e-16
      outer loop
         vertex -0.00312968 -0.00250133 0.001655
         vertex -0.00312968 -0.00250133 0.00183
         vertex -0.00324028 -0.00200133 0.00183
      endloop
   endfacet
   facet normal -0.373652 -0.0826487 0.92388
      outer loop
         vertex -0.00318001 -0.001988 0.00192239
         vertex -0.0030694 -0.00248799 0.00192238
         vertex -0.00306935 -0.00248798 0.00192241
      endloop
   endfacet
   facet normal -0.37308 -0.0825221 0.924122
      outer loop
         vertex -0.00306935 -0.00248798 0.00192241
         vertex -0.00314264 -0.00197973 0.00193
         vertex -0.00318001 -0.001988 0.00192239
      endloop
   endfacet
   facet normal -0.690419 -0.152715 0.707107
      outer loop
         vertex -0.00321168 -0.001995 0.00190071
         vertex -0.00310108 -0.002495 0.00190071
         vertex -0.00310106 -0.002495 0.00190074
      endloop
   endfacet
   facet normal -0.690126 -0.15265 0.707406
      outer loop
         vertex -0.00310106 -0.002495 0.00190074
         vertex -0.00318001 -0.001988 0.00192239
         vertex -0.00321168 -0.001995 0.00190071
      endloop
   endfacet
   facet normal -0.902076 -0.199532 0.382683
      outer loop
         vertex -0.00323285 -0.00199968 0.00186827
         vertex -0.00312225 -0.00249968 0.00186827
         vertex -0.00312224 -0.00249968 0.00186829
      endloop
   endfacet
   facet normal -0.901997 -0.199514 0.382878
      outer loop
         vertex -0.00312224 -0.00249968 0.00186829
         vertex -0.00321168 -0.001995 0.00190071
         vertex -0.00323285 -0.00199968 0.00186827
      endloop
   endfacet
   facet normal -0.902073 -0.199531 0.382691
      outer loop
         vertex -0.00312225 -0.00249968 0.00186827
         vertex -0.00323285 -0.00199968 0.00186827
         vertex -0.00324028 -0.00200133 0.00183
      endloop
   endfacet
   facet normal -0.9764 -0.215971 3.55121e-17
      outer loop
         vertex -0.00324028 -0.00200133 0.00183
         vertex -0.00312968 -0.00250133 0.00183
         vertex -0.00312225 -0.00249968 0.00186827
      endloop
   endfacet
   facet normal -0.901997 -0.199514 0.382878
      outer loop
         vertex -0.00312224 -0.00249968 0.00186829
         vertex -0.00310108 -0.002495 0.00190071
         vertex -0.00321168 -0.001995 0.00190071
      endloop
   endfacet
   facet normal -0.690126 -0.15265 0.707406
      outer loop
         vertex -0.00310106 -0.002495 0.00190074
         vertex -0.0030694 -0.00248799 0.00192238
         vertex -0.00318001 -0.001988 0.00192239
      endloop
   endfacet
   facet normal -0.37308 -0.0825221 0.924122
      outer loop
         vertex -0.00306935 -0.00248798 0.00192241
         vertex -0.00303204 -0.00247973 0.00193
         vertex -0.00314264 -0.00197973 0.00193
      endloop
   endfacet
   facet normal -1 2.12504e-12 0
      outer loop
         vertex -0.003245 -0.00195813 0.00183
         vertex -0.003245 -0.00195813 0.001655
         vertex -0.00324028 -0.00200133 0.001655
      endloop
   endfacet
   facet normal -0.9764 -0.215971 0
      outer loop
         vertex -0.00324028 -0.00200133 0.001655
         vertex -0.00324028 -0.00200133 0.00183
         vertex -0.003245 -0.00195813 0.00183
      endloop
   endfacet
   facet normal -0.92388 1.30998e-11 0.382683
      outer loop
         vertex -0.00323739 -0.00195813 0.00186827
         vertex -0.003245 -0.00195813 0.00183
         vertex -0.00324028 -0.00200133 0.00183
      endloop
   endfacet
   facet normal -0.707107 1.00262e-11 0.707107
      outer loop
         vertex -0.00321571 -0.00195813 0.00190071
         vertex -0.00323739 -0.00195813 0.00186827
         vertex -0.00323285 -0.00199968 0.00186827
      endloop
   endfacet
   facet normal -0.382683 5.42612e-12 0.92388
      outer loop
         vertex -0.00318327 -0.00195813 0.00192239
         vertex -0.00321571 -0.00195813 0.00190071
         vertex -0.00321168 -0.001995 0.00190071
      endloop
   endfacet
   facet normal 2.65657e-12 -2.94817e-23 1
      outer loop
         vertex -0.003145 -0.00195813 0.00193
         vertex -0.00318327 -0.00195813 0.00192239
         vertex -0.00318001 -0.001988 0.00192239
      endloop
   endfacet
   facet normal -0.373652 -0.0826487 0.92388
      outer loop
         vertex -0.00318001 -0.001988 0.00192239
         vertex -0.00314264 -0.00197973 0.00193
         vertex -0.003145 -0.00195813 0.00193
      endloop
   endfacet
   facet normal -0.690419 -0.152715 0.707107
      outer loop
         vertex -0.00321168 -0.001995 0.00190071
         vertex -0.00318001 -0.001988 0.00192239
         vertex -0.00318327 -0.00195813 0.00192239
      endloop
   endfacet
   facet normal -0.902076 -0.199532 0.382683
      outer loop
         vertex -0.00323285 -0.00199968 0.00186827
         vertex -0.00321168 -0.001995 0.00190071
         vertex -0.00321571 -0.00195813 0.00190071
      endloop
   endfacet
   facet normal -0.9764 -0.215971 -2.79941e-12
      outer loop
         vertex -0.00324028 -0.00200133 0.00183
         vertex -0.00323285 -0.00199968 0.00186827
         vertex -0.00323739 -0.00195813 0.00186827
      endloop
   endfacet
   facet normal -1 0 0
      outer loop
         vertex -0.003245 -0.00195813 0.00183
         vertex -0.003245 -0.00165813 0.00183
         vertex -0.003245 -0.00165813 0.001655
      endloop
   endfacet
   facet normal -1 0 0
      outer loop
         vertex -0.003245 -0.00165813 0.001655
         vertex -0.003245 -0.00195813 0.001655
         vertex -0.003245 -0.00195813 0.00183
      endloop
   endfacet
   facet normal -2.70183e-12 0 1
      outer loop
         vertex -0.003145 -0.00195813 0.00193
         vertex -0.003145 -0.00165813 0.00193
         vertex -0.00318327 -0.00165813 0.00192239
      endloop
   endfacet
   facet normal -0.382683 0 0.92388
      outer loop
         vertex -0.00318327 -0.00195813 0.00192239
         vertex -0.00318682 -0.00165813 0.00192002
         vertex -0.00321204 -0.00165813 0.00190316
      endloop
   endfacet
   facet normal -0.675602 0 0.737266
      outer loop
         vertex -0.00321204 -0.00165813 0.00190316
         vertex -0.00321571 -0.00195813 0.00190071
         vertex -0.00318327 -0.00195813 0.00192239
      endloop
   endfacet
   facet normal -0.382683 0 0.92388
      outer loop
         vertex -0.00318327 -0.00195813 0.00192239
         vertex -0.00318327 -0.00165813 0.00192239
         vertex -0.00318682 -0.00165813 0.00192002
      endloop
   endfacet
   facet normal -0.92388 0 0.382683
      outer loop
         vertex -0.00323739 -0.00195813 0.00186827
         vertex -0.00321571 -0.00195813 0.00190071
         vertex -0.00322325 -0.00165813 0.00188942
      endloop
   endfacet
   facet normal -0.796399 0 0.604772
      outer loop
         vertex -0.00322325 -0.00165813 0.00188942
         vertex -0.00323552 -0.00165813 0.00187107
         vertex -0.00323739 -0.00195813 0.00186827
      endloop
   endfacet
   facet normal -0.707107 0 0.707107
      outer loop
         vertex -0.00321571 -0.00195813 0.00190071
         vertex -0.00321571 -0.00165813 0.00190071
         vertex -0.00322325 -0.00165813 0.00188942
      endloop
   endfacet
   facet normal -0.92388 0 0.382683
      outer loop
         vertex -0.00323739 -0.00195813 0.00186827
         vertex -0.00323739 -0.00165813 0.00186827
         vertex -0.0032412 -0.00165813 0.00184913
      endloop
   endfacet
   facet normal -0.980798 0 0.195028
      outer loop
         vertex -0.0032412 -0.00165813 0.00184913
         vertex -0.003245 -0.00195813 0.00183
         vertex -0.00323739 -0.00195813 0.00186827
      endloop
   endfacet
   facet normal -0.980798 0 0.195028
      outer loop
         vertex -0.0032412 -0.00165813 0.00184913
         vertex -0.003245 -0.00165813 0.00183
         vertex -0.003245 -0.00195813 0.00183
      endloop
   endfacet
   facet normal -0.910659 0 0.413159
      outer loop
         vertex -0.00323552 -0.00165813 0.00187107
         vertex -0.00323739 -0.00165813 0.00186827
         vertex -0.00323739 -0.00195813 0.00186827
      endloop
   endfacet
   facet normal -0.675602 0 0.737266
      outer loop
         vertex -0.00321204 -0.00165813 0.00190316
         vertex -0.00321571 -0.00165813 0.00190071
         vertex -0.00321571 -0.00195813 0.00190071
      endloop
   endfacet
   facet normal -0.382683 0 0.92388
      outer loop
         vertex -0.00318327 -0.00165813 0.00192239
         vertex -0.00318327 -0.00195813 0.00192239
         vertex -0.003145 -0.00195813 0.00193
      endloop
   endfacet
   facet normal -0.891399 0.281037 0.355564
      outer loop
         vertex -0.00323414 -0.00163003 0.00186556
         vertex -0.00322011 -0.00165098 0.00189564
         vertex -0.00320795 -0.00162666 0.00190104
      endloop
   endfacet
   facet normal -0.984547 0.0947414 0.147279
      outer loop
         vertex -0.00324345 -0.00164866 0.00184473
         vertex -0.00323444 -0.00161341 0.00183
         vertex -0.00323847 -0.0016282 0.00183
      endloop
   endfacet
   facet normal -1 2.78e-09 0
      outer loop
         vertex -0.003245 -0.00165813 0.00183
         vertex -0.0032412 -0.00165813 0.00184913
         vertex -0.00324345 -0.00164866 0.00184473
      endloop
   endfacet
   facet normal -0.947237 0.169361 0.272137
      outer loop
         vertex -0.00323972 -0.0016412 0.00185721
         vertex -0.00324345 -0.00164866 0.00184473
         vertex -0.0032412 -0.00165813 0.00184913
      endloop
   endfacet
   facet normal -0.980798 1.41768e-09 0.195028
      outer loop
         vertex -0.0032412 -0.00165813 0.00184913
         vertex -0.00323739 -0.00165813 0.00186827
         vertex -0.00323972 -0.0016412 0.00185721
      endloop
   endfacet
   facet normal -0.891399 0.281037 0.355564
      outer loop
         vertex -0.00323414 -0.00163003 0.00186556
         vertex -0.00323972 -0.0016412 0.00185721
         vertex -0.00323552 -0.00165813 0.00187107
      endloop
   endfacet
   facet normal -0.910659 0 0.413159
      outer loop
         vertex -0.00323552 -0.00165813 0.00187107
         vertex -0.00322325 -0.00165813 0.00188942
         vertex -0.00323414 -0.00163003 0.00186556
      endloop
   endfacet
   facet normal -0.751052 0.071566 0.656353
      outer loop
         vertex -0.00322011 -0.00165098 0.00189564
         vertex -0.00322325 -0.00165813 0.00188942
         vertex -0.00321571 -0.00165813 0.00190071
      endloop
   endfacet
   facet normal -0.629468 0.314734 0.710431
      outer loop
         vertex -0.00320795 -0.00162666 0.00190104
         vertex -0.00321204 -0.00165813 0.00190316
         vertex -0.00318682 -0.00165813 0.00192002
      endloop
   endfacet
   facet normal -0.629468 0.314734 0.710431
      outer loop
         vertex -0.00320795 -0.00162666 0.00190104
         vertex -0.00322011 -0.00165098 0.00189564
         vertex -0.00321204 -0.00165813 0.00190316
      endloop
   endfacet
   facet normal -0.336433 0.168216 0.926561
      outer loop
         vertex -0.00317864 -0.00164131 0.00192266
         vertex -0.00318682 -0.00165813 0.00192002
         vertex -0.00318327 -0.00165813 0.00192239
      endloop
   endfacet
   facet normal -0.382683 0 0.92388
      outer loop
         vertex -0.00318327 -0.00165813 0.00192239
         vertex -0.003145 -0.00165813 0.00193
         vertex -0.00317864 -0.00164131 0.00192266
      endloop
   endfacet
   facet normal -0.421301 0 0.906921
      outer loop
         vertex -0.00318682 -0.00165813 0.00192002
         vertex -0.00317864 -0.00164131 0.00192266
         vertex -0.00320795 -0.00162666 0.00190104
      endloop
   endfacet
   facet normal -0.707107 0 0.707107
      outer loop
         vertex -0.00321571 -0.00165813 0.00190071
         vertex -0.00321204 -0.00165813 0.00190316
         vertex -0.00322011 -0.00165098 0.00189564
      endloop
   endfacet
   facet normal -0.796399 0 0.604772
      outer loop
         vertex -0.00322325 -0.00165813 0.00188942
         vertex -0.00322011 -0.00165098 0.00189564
         vertex -0.00323414 -0.00163003 0.00186556
      endloop
   endfacet
   facet normal -0.92388 0 0.382683
      outer loop
         vertex -0.00323739 -0.00165813 0.00186827
         vertex -0.00323552 -0.00165813 0.00187107
         vertex -0.00323972 -0.0016412 0.00185721
      endloop
   endfacet
   facet normal -0.984547 0.0947414 0.147279
      outer loop
         vertex -0.00324345 -0.00164866 0.00184473
         vertex -0.00324476 -0.00165128 0.00183
         vertex -0.003245 -0.00165813 0.00183
      endloop
   endfacet
   facet normal -0.894427 0.447214 -6.50521e-15
      outer loop
         vertex -0.00323444 -0.00161341 0.00183
         vertex -0.00323414 -0.00163003 0.00186556
         vertex -0.00322755 -0.00161686 0.00186849
      endloop
   endfacet
   facet normal -0.894427 0.447214 -6.50521e-15
      outer loop
         vertex -0.00323444 -0.00161341 0.00183
         vertex -0.00323972 -0.0016412 0.00185721
         vertex -0.00323414 -0.00163003 0.00186556
      endloop
   endfacet
   facet normal -0.894427 0.447214 -6.50521e-15
      outer loop
         vertex -0.00323444 -0.00161341 0.00183
         vertex -0.00324345 -0.00164866 0.00184473
         vertex -0.00323972 -0.0016412 0.00185721
      endloop
   endfacet
   facet normal -0.952361 0.304972 4.33681e-15
      outer loop
         vertex -0.00323847 -0.0016282 0.00183
         vertex -0.00324476 -0.00165128 0.00183
         vertex -0.00324345 -0.00164866 0.00184473
      endloop
   endfacet
   facet normal -0.629468 0.314734 0.710431
      outer loop
         vertex -0.00320795 -0.00162666 0.00190104
         vertex -0.00322755 -0.00161686 0.00186849
         vertex -0.00323414 -0.00163003 0.00186556
      endloop
   endfacet
   facet normal -0.814925 0.579567 0
      outer loop
         vertex -0.00322649 -0.00160018 0.001655
         vertex -0.00322503 -0.00160131 0.00183
         vertex -0.00321034 -0.00158243 0.00183
      endloop
   endfacet
   facet normal -0.65342 0.756996 0
      outer loop
         vertex -0.00321034 -0.00158243 0.00183
         vertex -0.003205 -0.00157813 0.001655
         vertex -0.00322649 -0.00160018 0.001655
      endloop
   endfacet
   facet normal -0.952608 0.3042 0
      outer loop
         vertex -0.00324026 -0.00162771 0.001655
         vertex -0.00323847 -0.0016282 0.00183
         vertex -0.00323444 -0.00161341 0.00183
      endloop
   endfacet
   facet normal -0.894427 0.447214 0
      outer loop
         vertex -0.00323444 -0.00161341 0.00183
         vertex -0.00322649 -0.00160018 0.001655
         vertex -0.00324026 -0.00162771 0.001655
      endloop
   endfacet
   facet normal -0.952608 0.3042 0
      outer loop
         vertex -0.00324026 -0.00162771 0.001655
         vertex -0.003245 -0.00165813 0.001655
         vertex -0.00324476 -0.00165128 0.00183
      endloop
   endfacet
   facet normal -1 1.8533e-09 0
      outer loop
         vertex -0.003245 -0.00165813 0.001655
         vertex -0.003245 -0.00165813 0.00183
         vertex -0.00324476 -0.00165128 0.00183
      endloop
   endfacet
   facet normal -0.997648 0.0685386 0
      outer loop
         vertex -0.00324476 -0.00165128 0.00183
         vertex -0.00323847 -0.0016282 0.00183
         vertex -0.00324026 -0.00162771 0.001655
      endloop
   endfacet
   facet normal -0.894427 0.447214 0
      outer loop
         vertex -0.00323444 -0.00161341 0.00183
         vertex -0.00322503 -0.00160131 0.00183
         vertex -0.00322649 -0.00160018 0.001655
      endloop
   endfacet
   facet normal -0.65342 0.756996 0
      outer loop
         vertex -0.00321034 -0.00158243 0.00183
         vertex -0.003205 -0.00157813 0.00183
         vertex -0.003205 -0.00157813 0.001655
      endloop
   endfacet
   facet normal 0.825534 0.412767 0.384859
      outer loop
         vertex 0.00322755 -0.00161686 0.00186849
         vertex 0.00320795 -0.00162666 0.00190104
         vertex 0.00322011 -0.00165098 0.00189564
      endloop
   endfacet
   facet normal 0.984547 0.0947414 0.147279
      outer loop
         vertex 0.00324345 -0.00164866 0.00184473
         vertex 0.00324476 -0.00165128 0.00183
         vertex 0.00323847 -0.0016282 0.00183
      endloop
   endfacet
   facet normal 0.336433 0.168216 0.926561
      outer loop
         vertex 0.00317864 -0.00164131 0.00192266
         vertex 0.003145 -0.00165813 0.00193
         vertex 0.00318327 -0.00165813 0.00192239
      endloop
   endfacet
   facet normal 0.629468 0.314734 0.710431
      outer loop
         vertex 0.00320795 -0.00162666 0.00190104
         vertex 0.00317864 -0.00164131 0.00192266
         vertex 0.00318682 -0.00165813 0.00192002
      endloop
   endfacet
   facet normal 0.421301 5.20417e-14 0.906921
      outer loop
         vertex 0.00318682 -0.00165813 0.00192002
         vertex 0.00321204 -0.00165813 0.00190316
         vertex 0.00320795 -0.00162666 0.00190104
      endloop
   endfacet
   facet normal 0.751052 0.071566 0.656353
      outer loop
         vertex 0.00322011 -0.00165098 0.00189564
         vertex 0.00321204 -0.00165813 0.00190316
         vertex 0.00321571 -0.00165813 0.00190071
      endloop
   endfacet
   facet normal 0.891399 0.281037 0.355564
      outer loop
         vertex 0.00323414 -0.00163003 0.00186556
         vertex 0.00322325 -0.00165813 0.00188942
         vertex 0.00323552 -0.00165813 0.00187107
      endloop
   endfacet
   facet normal 0.891399 0.281037 0.355564
      outer loop
         vertex 0.00323414 -0.00163003 0.00186556
         vertex 0.00322011 -0.00165098 0.00189564
         vertex 0.00322325 -0.00165813 0.00188942
      endloop
   endfacet
   facet normal 0.947237 0.169361 0.272137
      outer loop
         vertex 0.00323972 -0.0016412 0.00185721
         vertex 0.00323739 -0.00165813 0.00186827
         vertex 0.0032412 -0.00165813 0.00184913
      endloop
   endfacet
   facet normal 0.947237 0.169361 0.272137
      outer loop
         vertex 0.00323972 -0.0016412 0.00185721
         vertex 0.00323552 -0.00165813 0.00187107
         vertex 0.00323739 -0.00165813 0.00186827
      endloop
   endfacet
   facet normal 1 5.20417e-14 0
      outer loop
         vertex 0.003245 -0.00165813 0.00183
         vertex 0.00324476 -0.00165128 0.00183
         vertex 0.00324345 -0.00164866 0.00184473
      endloop
   endfacet
   facet normal 0.984547 0.0947414 0.147279
      outer loop
         vertex 0.00324345 -0.00164866 0.00184473
         vertex 0.0032412 -0.00165813 0.00184913
         vertex 0.003245 -0.00165813 0.00183
      endloop
   endfacet
   facet normal 0.980798 5.20417e-14 0.195028
      outer loop
         vertex 0.0032412 -0.00165813 0.00184913
         vertex 0.00324345 -0.00164866 0.00184473
         vertex 0.00323972 -0.0016412 0.00185721
      endloop
   endfacet
   facet normal 0.910659 5.20417e-14 0.413159
      outer loop
         vertex 0.00323552 -0.00165813 0.00187107
         vertex 0.00323972 -0.0016412 0.00185721
         vertex 0.00323414 -0.00163003 0.00186556
      endloop
   endfacet
   facet normal 0.707107 5.20417e-14 0.707107
      outer loop
         vertex 0.00321571 -0.00165813 0.00190071
         vertex 0.00322325 -0.00165813 0.00188942
         vertex 0.00322011 -0.00165098 0.00189564
      endloop
   endfacet
   facet normal 0.675602 5.20417e-14 0.737266
      outer loop
         vertex 0.00321204 -0.00165813 0.00190316
         vertex 0.00322011 -0.00165098 0.00189564
         vertex 0.00320795 -0.00162666 0.00190104
      endloop
   endfacet
   facet normal 0.382683 5.20417e-14 0.92388
      outer loop
         vertex 0.00318327 -0.00165813 0.00192239
         vertex 0.00318682 -0.00165813 0.00192002
         vertex 0.00317864 -0.00164131 0.00192266
      endloop
   endfacet
   facet normal 0.952361 0.304972 4.33681e-15
      outer loop
         vertex 0.00323847 -0.0016282 0.00183
         vertex 0.00323444 -0.00161341 0.00183
         vertex 0.00324345 -0.00164866 0.00184473
      endloop
   endfacet
   facet normal 0.894427 0.447214 -4.33681e-15
      outer loop
         vertex 0.00323444 -0.00161341 0.00183
         vertex 0.00323972 -0.0016412 0.00185721
         vertex 0.00324345 -0.00164866 0.00184473
      endloop
   endfacet
   facet normal 0.894427 0.447214 -4.33681e-15
      outer loop
         vertex 0.00323444 -0.00161341 0.00183
         vertex 0.00323414 -0.00163003 0.00186556
         vertex 0.00323972 -0.0016412 0.00185721
      endloop
   endfacet
   facet normal 0.894427 0.447214 -4.33681e-15
      outer loop
         vertex 0.00323444 -0.00161341 0.00183
         vertex 0.00322755 -0.00161686 0.00186849
         vertex 0.00323414 -0.00163003 0.00186556
      endloop
   endfacet
   facet normal 0.751052 0.071566 0.656353
      outer loop
         vertex 0.00322011 -0.00165098 0.00189564
         vertex 0.00323414 -0.00163003 0.00186556
         vertex 0.00322755 -0.00161686 0.00186849
      endloop
   endfacet
   facet normal 0.952608 0.3042 0
      outer loop
         vertex 0.00324026 -0.00162771 0.001655
         vertex 0.00323847 -0.0016282 0.00183
         vertex 0.00324476 -0.00165128 0.00183
      endloop
   endfacet
   facet normal 0.997648 0.0685386 0
      outer loop
         vertex 0.00324476 -0.00165128 0.00183
         vertex 0.003245 -0.00165813 0.001655
         vertex 0.00324026 -0.00162771 0.001655
      endloop
   endfacet
   facet normal 0.814925 0.579567 0
      outer loop
         vertex 0.00322649 -0.00160018 0.001655
         vertex 0.00322503 -0.00160131 0.00183
         vertex 0.00323444 -0.00161341 0.00183
      endloop
   endfacet
   facet normal 0.894427 0.447214 0
      outer loop
         vertex 0.00323444 -0.00161341 0.00183
         vertex 0.00324026 -0.00162771 0.001655
         vertex 0.00322649 -0.00160018 0.001655
      endloop
   endfacet
   facet normal 0.814925 0.579567 0
      outer loop
         vertex 0.00322649 -0.00160018 0.001655
         vertex 0.003205 -0.00157813 0.001655
         vertex 0.00321034 -0.00158243 0.00183
      endloop
   endfacet
   facet normal 0.6 0.8 0
      outer loop
         vertex 0.003205 -0.00157813 0.001655
         vertex 0.003205 -0.00157813 0.00183
         vertex 0.00321034 -0.00158243 0.00183
      endloop
   endfacet
   facet normal 0.65342 0.756996 0
      outer loop
         vertex 0.00321034 -0.00158243 0.00183
         vertex 0.00322503 -0.00160131 0.00183
         vertex 0.00322649 -0.00160018 0.001655
      endloop
   endfacet
   facet normal 0.894427 0.447214 0
      outer loop
         vertex 0.00323444 -0.00161341 0.00183
         vertex 0.00323847 -0.0016282 0.00183
         vertex 0.00324026 -0.00162771 0.001655
      endloop
   endfacet
   facet normal 0.997648 0.0685386 0
      outer loop
         vertex 0.00324476 -0.00165128 0.00183
         vertex 0.003245 -0.00165813 0.00183
         vertex 0.003245 -0.00165813 0.001655
      endloop
   endfacet
   facet normal 0.759669 0.544498 0.355564
      outer loop
         vertex 0.00322097 -0.00160368 0.00186556
         vertex 0.00319579 -0.00160234 0.00189564
         vertex 0.00320795 -0.00162666 0.00190104
      endloop
   endfacet
   facet normal 0.666521 0.730793 0.147279
      outer loop
         vertex 0.00321165 -0.00158505 0.00184473
         vertex 0.00323444 -0.00161341 0.00183
         vertex 0.00322503 -0.00160131 0.00183
      endloop
   endfacet
   facet normal 0.6 0.8 0
      outer loop
         vertex 0.003205 -0.00157813 0.00183
         vertex 0.00320272 -0.00158118 0.00184913
         vertex 0.00321165 -0.00158505 0.00184473
      endloop
   endfacet
   facet normal 0.703831 0.656173 0.272137
      outer loop
         vertex 0.00321538 -0.00159252 0.00185721
         vertex 0.00321165 -0.00158505 0.00184473
         vertex 0.00320272 -0.00158118 0.00184913
      endloop
   endfacet
   facet normal 0.588479 0.784638 0.195028
      outer loop
         vertex 0.00320272 -0.00158118 0.00184913
         vertex 0.00320043 -0.00158422 0.00186827
         vertex 0.00321538 -0.00159252 0.00185721
      endloop
   endfacet
   facet normal 0.759669 0.544498 0.355564
      outer loop
         vertex 0.00322097 -0.00160368 0.00186556
         vertex 0.00321538 -0.00159252 0.00185721
         vertex 0.00319931 -0.00158572 0.00187107
      endloop
   endfacet
   facet normal 0.546395 0.728527 0.413159
      outer loop
         vertex 0.00319931 -0.00158572 0.00187107
         vertex 0.00319195 -0.00159553 0.00188942
         vertex 0.00322097 -0.00160368 0.00186556
      endloop
   endfacet
   facet normal 0.507884 0.557902 0.656353
      outer loop
         vertex 0.00319579 -0.00160234 0.00189564
         vertex 0.00319195 -0.00159553 0.00188942
         vertex 0.00318743 -0.00160157 0.00190071
      endloop
   endfacet
   facet normal 0.629468 0.314734 0.710431
      outer loop
         vertex 0.00320795 -0.00162666 0.00190104
         vertex 0.00318523 -0.0016045 0.00190316
         vertex 0.00317009 -0.00162468 0.00192002
      endloop
   endfacet
   facet normal 0.629468 0.314734 0.710431
      outer loop
         vertex 0.00320795 -0.00162666 0.00190104
         vertex 0.00319579 -0.00160234 0.00189564
         vertex 0.00318523 -0.0016045 0.00190316
      endloop
   endfacet
   facet normal 0.336433 0.168216 0.926561
      outer loop
         vertex 0.00317864 -0.00164131 0.00192266
         vertex 0.00317009 -0.00162468 0.00192002
         vertex 0.00316796 -0.00162752 0.00192239
      endloop
   endfacet
   facet normal 0.22961 0.306147 0.92388
      outer loop
         vertex 0.00316796 -0.00162752 0.00192239
         vertex 0.003145 -0.00165813 0.00193
         vertex 0.00317864 -0.00164131 0.00192266
      endloop
   endfacet
   facet normal 0.25278 0.33704 0.906921
      outer loop
         vertex 0.00317009 -0.00162468 0.00192002
         vertex 0.00317864 -0.00164131 0.00192266
         vertex 0.00320795 -0.00162666 0.00190104
      endloop
   endfacet
   facet normal 0.424264 0.565685 0.707107
      outer loop
         vertex 0.00318743 -0.00160157 0.00190071
         vertex 0.00318523 -0.0016045 0.00190316
         vertex 0.00319579 -0.00160234 0.00189564
      endloop
   endfacet
   facet normal 0.477839 0.637119 0.604772
      outer loop
         vertex 0.00319195 -0.00159553 0.00188942
         vertex 0.00319579 -0.00160234 0.00189564
         vertex 0.00322097 -0.00160368 0.00186556
      endloop
   endfacet
   facet normal 0.554328 0.739104 0.382683
      outer loop
         vertex 0.00320043 -0.00158422 0.00186827
         vertex 0.00319931 -0.00158572 0.00187107
         vertex 0.00321538 -0.00159252 0.00185721
      endloop
   endfacet
   facet normal 0.666521 0.730793 0.147279
      outer loop
         vertex 0.00321165 -0.00158505 0.00184473
         vertex 0.00321034 -0.00158243 0.00183
         vertex 0.003205 -0.00157813 0.00183
      endloop
   endfacet
   facet normal 0.894427 0.447214 1.95156e-14
      outer loop
         vertex 0.00323444 -0.00161341 0.00183
         vertex 0.00322097 -0.00160368 0.00186556
         vertex 0.00322755 -0.00161686 0.00186849
      endloop
   endfacet
   facet normal 0.894427 0.447214 1.95156e-14
      outer loop
         vertex 0.00323444 -0.00161341 0.00183
         vertex 0.00321538 -0.00159252 0.00185721
         vertex 0.00322097 -0.00160368 0.00186556
      endloop
   endfacet
   facet normal 0.894427 0.447214 1.95156e-14
      outer loop
         vertex 0.00323444 -0.00161341 0.00183
         vertex 0.00321165 -0.00158505 0.00184473
         vertex 0.00321538 -0.00159252 0.00185721
      endloop
   endfacet
   facet normal 0.815394 0.578906 1.14925e-13
      outer loop
         vertex 0.00322503 -0.00160131 0.00183
         vertex 0.00321034 -0.00158243 0.00183
         vertex 0.00321165 -0.00158505 0.00184473
      endloop
   endfacet
   facet normal 0.629468 0.314734 0.710431
      outer loop
         vertex 0.00320795 -0.00162666 0.00190104
         vertex 0.00322755 -0.00161686 0.00186849
         vertex 0.00322097 -0.00160368 0.00186556
      endloop
   endfacet
   facet normal 0.6 0.8 -5.12726e-16
      outer loop
         vertex 0.003085 -0.00148813 0.00183
         vertex 0.003205 -0.00157813 0.00183
         vertex 0.003205 -0.00157813 0.001655
      endloop
   endfacet
   facet normal 0.6 0.8 -5.12726e-16
      outer loop
         vertex 0.003205 -0.00157813 0.001655
         vertex 0.003085 -0.00148813 0.001655
         vertex 0.003085 -0.00148813 0.00183
      endloop
   endfacet
   facet normal 0 0 1
      outer loop
         vertex 0.00334028 -0.00201226 0.001655
         vertex 0.00324028 -0.00200133 0.001655
         vertex 0.00312968 -0.00250133 0.001655
      endloop
   endfacet
   facet normal 0 0 1
      outer loop
         vertex 0.003245 -0.00195813 0.001655
         vertex 0.00324028 -0.00200133 0.001655
         vertex 0.00334028 -0.00201226 0.001655
      endloop
   endfacet
   facet normal 0 0 1
      outer loop
         vertex 0.00313105 -0.00139767 0.001655
         vertex 0.00310956 -0.00137563 0.001655
         vertex 0.003045 -0.00140813 0.001655
      endloop
   endfacet
   facet normal 0 0 1
      outer loop
         vertex 0.00313105 -0.00139767 0.001655
         vertex 0.003085 -0.00148813 0.001655
         vertex 0.003205 -0.00157813 0.001655
      endloop
   endfacet
   facet normal 0 0 1
      outer loop
         vertex 0.00334028 -0.00201226 0.001655
         vertex 0.003345 -0.00196906 0.001655
         vertex 0.003245 -0.00195813 0.001655
      endloop
   endfacet
   facet normal 0 0 1
      outer loop
         vertex 0.003345 -0.00196906 0.001655
         vertex 0.003345 -0.00160813 0.001655
         vertex 0.003245 -0.00165813 0.001655
      endloop
   endfacet
   facet normal 0 0 1
      outer loop
         vertex 0.003045 -0.00140813 0.001655
         vertex 0.00304974 -0.00143855 0.001655
         vertex 0.00313105 -0.00139767 0.001655
      endloop
   endfacet
   facet normal 0 0 1
      outer loop
         vertex 0.00313105 -0.00139767 0.001655
         vertex 0.00306351 -0.00146609 0.001655
         vertex 0.003085 -0.00148813 0.001655
      endloop
   endfacet
   facet normal 0 0 1
      outer loop
         vertex 0.003245 -0.00165813 0.001655
         vertex 0.003245 -0.00195813 0.001655
         vertex 0.003345 -0.00196906 0.001655
      endloop
   endfacet
   facet normal 0 0 1
      outer loop
         vertex 0.00332649 -0.00155018 0.001655
         vertex 0.003305 -0.00152813 0.001655
         vertex 0.00322649 -0.00160018 0.001655
      endloop
   endfacet
   facet normal 0 0 1
      outer loop
         vertex 0.00324026 -0.00162771 0.001655
         vertex 0.003345 -0.00160813 0.001655
         vertex 0.00334026 -0.00157771 0.001655
      endloop
   endfacet
   facet normal 0 0 1
      outer loop
         vertex 0.003205 -0.00157813 0.001655
         vertex 0.003305 -0.00152813 0.001655
         vertex 0.00313105 -0.00139767 0.001655
      endloop
   endfacet
   facet normal 0 0 1
      outer loop
         vertex 0.00156173 -0.00275052 0.001655
         vertex 0.0015 -0.00265813 0.001655
         vertex 0.00150761 -0.0026964 0.001655
      endloop
   endfacet
   facet normal 0 0 1
      outer loop
         vertex 0.003345 -0.00160813 0.001655
         vertex 0.00324026 -0.00162771 0.001655
         vertex 0.003245 -0.00165813 0.001655
      endloop
   endfacet
   facet normal 0 0 1
      outer loop
         vertex 0.00334026 -0.00157771 0.001655
         vertex 0.00332649 -0.00155018 0.001655
         vertex 0.00324026 -0.00162771 0.001655
      endloop
   endfacet
   facet normal 0 0 1
      outer loop
         vertex 0.00304974 -0.00143855 0.001655
         vertex 0.00306351 -0.00146609 0.001655
         vertex 0.00313105 -0.00139767 0.001655
      endloop
   endfacet
   facet normal 0 0 1
      outer loop
         vertex 0.0029344 -0.00265813 0.001655
         vertex 0.0015 -0.00265813 0.001655
         vertex 0.0016 -0.00275813 0.001655
      endloop
   endfacet
   facet normal 0 0 1
      outer loop
         vertex 0.00150761 -0.0026964 0.001655
         vertex 0.00152929 -0.00272884 0.001655
         vertex 0.00156173 -0.00275052 0.001655
      endloop
   endfacet
   facet normal 0 0 1
      outer loop
         vertex 0.00308107 -0.0027468 0.001655
         vertex 0.00305963 -0.00261408 0.001655
         vertex 0.00300078 -0.0026468 0.001655
      endloop
   endfacet
   facet normal 0 0 1
      outer loop
         vertex 0.00318458 -0.00266369 0.001655
         vertex 0.00320998 -0.00260133 0.001655
         vertex 0.00310428 -0.00256369 0.001655
      endloop
   endfacet
   facet normal 0 0 1
      outer loop
         vertex 0.00312968 -0.00250133 0.001655
         vertex 0.00320998 -0.00260133 0.001655
         vertex 0.00334028 -0.00201226 0.001655
      endloop
   endfacet
   facet normal 0 0 1
      outer loop
         vertex 0.003205 -0.00157813 0.001655
         vertex 0.00322649 -0.00160018 0.001655
         vertex 0.003305 -0.00152813 0.001655
      endloop
   endfacet
   facet normal 0 0 1
      outer loop
         vertex 0.00156173 -0.00275052 0.001655
         vertex 0.0016 -0.00275813 0.001655
         vertex 0.0015 -0.00265813 0.001655
      endloop
   endfacet
   facet normal 0 0 1
      outer loop
         vertex 0.00300078 -0.0026468 0.001655
         vertex 0.0030147 -0.00275813 0.001655
         vertex 0.00308107 -0.0027468 0.001655
      endloop
   endfacet
   facet normal 0 0 1
      outer loop
         vertex 0.00305963 -0.00261408 0.001655
         vertex 0.00313992 -0.00271408 0.001655
         vertex 0.00318458 -0.00266369 0.001655
      endloop
   endfacet
   facet normal 0 0 1
      outer loop
         vertex 0.003045 0.000121866 0.001655
         vertex 0.003045 -0.00140813 0.001655
         vertex 0.00309105 -0.00131767 0.001655
      endloop
   endfacet
   facet normal 0 0 1
      outer loop
         vertex 0.00322649 -0.00160018 0.001655
         vertex 0.00324026 -0.00162771 0.001655
         vertex 0.00332649 -0.00155018 0.001655
      endloop
   endfacet
   facet normal 0 0 1
      outer loop
         vertex 0.0030147 -0.00275813 0.001655
         vertex 0.00300078 -0.0026468 0.001655
         vertex 0.0029344 -0.00265813 0.001655
      endloop
   endfacet
   facet normal 0 0 1
      outer loop
         vertex 0.00310428 -0.00256369 0.001655
         vertex 0.00305963 -0.00261408 0.001655
         vertex 0.00318458 -0.00266369 0.001655
      endloop
   endfacet
   facet normal 0 0 1
      outer loop
         vertex 0.003045 -0.00140813 0.001655
         vertex 0.00309579 -0.00134809 0.001655
         vertex 0.00309105 -0.00131767 0.001655
      endloop
   endfacet
   facet normal 0 0 1
      outer loop
         vertex 0.00312968 -0.00250133 0.001655
         vertex 0.00310428 -0.00256369 0.001655
         vertex 0.00320998 -0.00260133 0.001655
      endloop
   endfacet
   facet normal 0 0 1
      outer loop
         vertex 0.00308107 -0.0027468 0.001655
         vertex 0.00313992 -0.00271408 0.001655
         vertex 0.00305963 -0.00261408 0.001655
      endloop
   endfacet
   facet normal 0 0 1
      outer loop
         vertex 0.00310956 -0.00137563 0.001655
         vertex 0.00309579 -0.00134809 0.001655
         vertex 0.003045 -0.00140813 0.001655
      endloop
   endfacet
   facet normal 0 0 1
      outer loop
         vertex 0.00309105 -0.00131767 0.001655
         vertex 0.00309105 0.000121866 0.001655
         vertex 0.003045 0.000121866 0.001655
      endloop
   endfacet
   facet normal 0 0 1
      outer loop
         vertex 0.0016 -0.00275813 0.001655
         vertex 0.0030147 -0.00275813 0.001655
         vertex 0.0029344 -0.00265813 0.001655
      endloop
   endfacet
   facet normal 0.814925 0.579567 0
      outer loop
         vertex 0.00306351 -0.00146609 0.00183
         vertex 0.003085 -0.00148813 0.00183
         vertex 0.003085 -0.00148813 0.001655
      endloop
   endfacet
   facet normal 0.952608 0.3042 0
      outer loop
         vertex 0.00304974 -0.00143855 0.00183
         vertex 0.00306351 -0.00146609 0.00183
         vertex 0.00306351 -0.00146609 0.001655
      endloop
   endfacet
   facet normal 1 3.06126e-09 0
      outer loop
         vertex 0.003045 -0.00140813 0.00183
         vertex 0.00304974 -0.00143855 0.00183
         vertex 0.00304974 -0.00143855 0.001655
      endloop
   endfacet
   facet normal 0.952608 0.3042 0
      outer loop
         vertex 0.00304974 -0.00143855 0.001655
         vertex 0.003045 -0.00140813 0.001655
         vertex 0.003045 -0.00140813 0.00183
      endloop
   endfacet
   facet normal 0.814925 0.579567 0
      outer loop
         vertex 0.00306351 -0.00146609 0.001655
         vertex 0.00304974 -0.00143855 0.001655
         vertex 0.00304974 -0.00143855 0.00183
      endloop
   endfacet
   facet normal 0.6 0.8 0
      outer loop
         vertex 0.003085 -0.00148813 0.001655
         vertex 0.00306351 -0.00146609 0.001655
         vertex 0.00306351 -0.00146609 0.00183
      endloop
   endfacet
   facet normal 8.97841e-11 1.19711e-10 1
      outer loop
         vertex 0.003025 -0.00156813 0.00193
         vertex 0.003145 -0.00165813 0.00193
         vertex 0.00316796 -0.00162752 0.00192239
      endloop
   endfacet
   facet normal 0.22961 0.306147 0.92388
      outer loop
         vertex 0.00304796 -0.00153752 0.00192239
         vertex 0.00317009 -0.00162468 0.00192002
         vertex 0.00318523 -0.0016045 0.00190316
      endloop
   endfacet
   facet normal 0.405361 0.540482 0.737266
      outer loop
         vertex 0.00318523 -0.0016045 0.00190316
         vertex 0.00306743 -0.00151157 0.00190071
         vertex 0.00304796 -0.00153752 0.00192239
      endloop
   endfacet
   facet normal 0.22961 0.306147 0.92388
      outer loop
         vertex 0.00304796 -0.00153752 0.00192239
         vertex 0.00316796 -0.00162752 0.00192239
         vertex 0.00317009 -0.00162468 0.00192002
      endloop
   endfacet
   facet normal 0.554328 0.739104 0.382683
      outer loop
         vertex 0.00308043 -0.00149422 0.00186827
         vertex 0.00306743 -0.00151157 0.00190071
         vertex 0.00319195 -0.00159553 0.00188942
      endloop
   endfacet
   facet normal 0.424264 0.565685 0.707107
      outer loop
         vertex 0.00306743 -0.00151157 0.00190071
         vertex 0.00318743 -0.00160157 0.00190071
         vertex 0.00319195 -0.00159553 0.00188942
      endloop
   endfacet
   facet normal 0.477839 0.637119 0.604772
      outer loop
         vertex 0.00319195 -0.00159553 0.00188942
         vertex 0.00319931 -0.00158572 0.00187107
         vertex 0.00308043 -0.00149422 0.00186827
      endloop
   endfacet
   facet normal 0.554328 0.739104 0.382683
      outer loop
         vertex 0.00308043 -0.00149422 0.00186827
         vertex 0.00320043 -0.00158422 0.00186827
         vertex 0.00320272 -0.00158118 0.00184913
      endloop
   endfacet
   facet normal 0.588479 0.784638 0.195028
      outer loop
         vertex 0.00320272 -0.00158118 0.00184913
         vertex 0.003085 -0.00148813 0.00183
         vertex 0.00308043 -0.00149422 0.00186827
      endloop
   endfacet
   facet normal 0.588479 0.784638 0.195028
      outer loop
         vertex 0.00320272 -0.00158118 0.00184913
         vertex 0.003205 -0.00157813 0.00183
         vertex 0.003085 -0.00148813 0.00183
      endloop
   endfacet
   facet normal 0.546395 0.728527 0.413159
      outer loop
         vertex 0.00319931 -0.00158572 0.00187107
         vertex 0.00320043 -0.00158422 0.00186827
         vertex 0.00308043 -0.00149422 0.00186827
      endloop
   endfacet
   facet normal 0.405361 0.540482 0.737266
      outer loop
         vertex 0.00318523 -0.0016045 0.00190316
         vertex 0.00318743 -0.00160157 0.00190071
         vertex 0.00306743 -0.00151157 0.00190071
      endloop
   endfacet
   facet normal 0.22961 0.306147 0.92388
      outer loop
         vertex 0.00316796 -0.00162752 0.00192239
         vertex 0.00304796 -0.00153752 0.00192239
         vertex 0.003025 -0.00156813 0.00193
      endloop
   endfacet
   facet normal 1 0 0
      outer loop
         vertex 0.003045 0.000121866 0.00183
         vertex 0.003045 -0.00140813 0.00183
         vertex 0.003045 -0.00140813 0.001655
      endloop
   endfacet
   facet normal 1 0 0
      outer loop
         vertex 0.003045 -0.00140813 0.001655
         vertex 0.003045 0.000121866 0.001655
         vertex 0.003045 0.000121866 0.00183
      endloop
   endfacet
   facet normal 0.382717 7.85694e-10 0.923865
      outer loop
         vertex 0.00298327 -0.00140813 0.00192239
         vertex 0.002945 -0.00140813 0.00193
         vertex 0.00295448 -0.00146897 0.00193
      endloop
   endfacet
   facet normal 0.36458 0.116423 0.923865
      outer loop
         vertex 0.00299093 -0.00145733 0.00192239
         vertex 0.00295448 -0.00146897 0.00193
         vertex 0.00298201 -0.00152405 0.00193
      endloop
   endfacet
   facet normal 0.311886 0.22181 0.923865
      outer loop
         vertex 0.0030132 -0.00150187 0.00192239
         vertex 0.00298201 -0.00152405 0.00193
         vertex 0.003025 -0.00156813 0.00193
      endloop
   endfacet
   facet normal 0.707111 1.45165e-09 0.707102
      outer loop
         vertex 0.00301571 -0.00140813 0.00190071
         vertex 0.00298327 -0.00140813 0.00192239
         vertex 0.00299093 -0.00145733 0.00192239
      endloop
   endfacet
   facet normal 0.6736 0.215103 0.707102
      outer loop
         vertex 0.00302184 -0.00144746 0.00190071
         vertex 0.00299093 -0.00145733 0.00192239
         vertex 0.0030132 -0.00150187 0.00192239
      endloop
   endfacet
   facet normal 0.576243 0.409818 0.707102
      outer loop
         vertex 0.00303964 -0.00148307 0.00190071
         vertex 0.0030132 -0.00150187 0.00192239
         vertex 0.00304796 -0.00153752 0.00192239
      endloop
   endfacet
   facet normal 0.92387 1.89664e-09 0.382706
      outer loop
         vertex 0.00303739 -0.00140813 0.00186827
         vertex 0.00301571 -0.00140813 0.00190071
         vertex 0.00302184 -0.00144746 0.00190071
      endloop
   endfacet
   facet normal 0.880086 0.281041 0.382706
      outer loop
         vertex 0.00304249 -0.00144087 0.00186827
         vertex 0.00302184 -0.00144746 0.00190071
         vertex 0.00303964 -0.00148307 0.00190071
      endloop
   endfacet
   facet normal 0.752885 0.535444 0.382706
      outer loop
         vertex 0.0030573 -0.0014705 0.00186827
         vertex 0.00303964 -0.00148307 0.00190071
         vertex 0.00306743 -0.00151157 0.00190071
      endloop
   endfacet
   facet normal 1 3.06126e-09 5.45184e-05
      outer loop
         vertex 0.003045 -0.00140813 0.00183
         vertex 0.00303739 -0.00140813 0.00186827
         vertex 0.00304249 -0.00144087 0.00186827
      endloop
   endfacet
   facet normal 0.952608 0.3042 5.45184e-05
      outer loop
         vertex 0.00304974 -0.00143855 0.00183
         vertex 0.00304249 -0.00144087 0.00186827
         vertex 0.0030573 -0.0014705 0.00186827
      endloop
   endfacet
   facet normal 0.814925 0.579567 5.45184e-05
      outer loop
         vertex 0.00306351 -0.00146609 0.00183
         vertex 0.0030573 -0.0014705 0.00186827
         vertex 0.00308043 -0.00149422 0.00186827
      endloop
   endfacet
   facet normal 0.554322 0.739096 0.382706
      outer loop
         vertex 0.00308043 -0.00149422 0.00186827
         vertex 0.003085 -0.00148813 0.00183
         vertex 0.00306351 -0.00146609 0.00183
      endloop
   endfacet
   facet normal 0.752885 0.535444 0.382706
      outer loop
         vertex 0.0030573 -0.0014705 0.00186827
         vertex 0.00306351 -0.00146609 0.00183
         vertex 0.00304974 -0.00143855 0.00183
      endloop
   endfacet
   facet normal 0.880086 0.281041 0.382706
      outer loop
         vertex 0.00304249 -0.00144087 0.00186827
         vertex 0.00304974 -0.00143855 0.00183
         vertex 0.003045 -0.00140813 0.00183
      endloop
   endfacet
   facet normal 0.424267 0.565689 0.707102
      outer loop
         vertex 0.00306743 -0.00151157 0.00190071
         vertex 0.00308043 -0.00149422 0.00186827
         vertex 0.0030573 -0.0014705 0.00186827
      endloop
   endfacet
   facet normal 0.576243 0.409818 0.707102
      outer loop
         vertex 0.00303964 -0.00148307 0.00190071
         vertex 0.0030573 -0.0014705 0.00186827
         vertex 0.00304249 -0.00144087 0.00186827
      endloop
   endfacet
   facet normal 0.6736 0.215103 0.707102
      outer loop
         vertex 0.00302184 -0.00144746 0.00190071
         vertex 0.00304249 -0.00144087 0.00186827
         vertex 0.00303739 -0.00140813 0.00186827
      endloop
   endfacet
   facet normal 0.22963 0.306174 0.923865
      outer loop
         vertex 0.00304796 -0.00153752 0.00192239
         vertex 0.00306743 -0.00151157 0.00190071
         vertex 0.00303964 -0.00148307 0.00190071
      endloop
   endfacet
   facet normal 0.311886 0.22181 0.923865
      outer loop
         vertex 0.0030132 -0.00150187 0.00192239
         vertex 0.00303964 -0.00148307 0.00190071
         vertex 0.00302184 -0.00144746 0.00190071
      endloop
   endfacet
   facet normal 0.36458 0.116423 0.923865
      outer loop
         vertex 0.00299093 -0.00145733 0.00192239
         vertex 0.00302184 -0.00144746 0.00190071
         vertex 0.00301571 -0.00140813 0.00190071
      endloop
   endfacet
   facet normal 4.66105e-05 6.21473e-05 1
      outer loop
         vertex 0.003025 -0.00156813 0.00193
         vertex 0.00304796 -0.00153752 0.00192239
         vertex 0.0030132 -0.00150187 0.00192239
      endloop
   endfacet
   facet normal 5.48136e-05 3.89829e-05 1
      outer loop
         vertex 0.00298201 -0.00152405 0.00193
         vertex 0.0030132 -0.00150187 0.00192239
         vertex 0.00299093 -0.00145733 0.00192239
      endloop
   endfacet
   facet normal 6.40745e-05 2.04611e-05 1
      outer loop
         vertex 0.00295448 -0.00146897 0.00193
         vertex 0.00299093 -0.00145733 0.00192239
         vertex 0.00298327 -0.00140813 0.00192239
      endloop
   endfacet
   facet normal 3.03351e-10 0 1
      outer loop
         vertex 0.002945 0.000121866 0.00193
         vertex 0.002945 -0.00140813 0.00193
         vertex 0.00298327 -0.00140813 0.00192239
      endloop
   endfacet
   facet normal 0.382683 0 0.92388
      outer loop
         vertex 0.00298327 0.000121866 0.00192239
         vertex 0.00298327 -0.00140813 0.00192239
         vertex 0.00301571 -0.00140813 0.00190071
      endloop
   endfacet
   facet normal 0.707107 0 0.707107
      outer loop
         vertex 0.00301571 0.000121866 0.00190071
         vertex 0.00301571 -0.00140813 0.00190071
         vertex 0.00303739 -0.00140813 0.00186827
      endloop
   endfacet
   facet normal 0.92388 0 0.382683
      outer loop
         vertex 0.00303739 0.000121866 0.00186827
         vertex 0.00303739 -0.00140813 0.00186827
         vertex 0.003045 -0.00140813 0.00183
      endloop
   endfacet
   facet normal 1 0 0
      outer loop
         vertex 0.003045 -0.00140813 0.00183
         vertex 0.003045 0.000121866 0.00183
         vertex 0.00303739 0.000121866 0.00186827
      endloop
   endfacet
   facet normal 0.92388 0 0.382683
      outer loop
         vertex 0.00303739 -0.00140813 0.00186827
         vertex 0.00303739 0.000121866 0.00186827
         vertex 0.00301571 0.000121866 0.00190071
      endloop
   endfacet
   facet normal 0.707107 0 0.707107
      outer loop
         vertex 0.00301571 -0.00140813 0.00190071
         vertex 0.00301571 0.000121866 0.00190071
         vertex 0.00298327 0.000121866 0.00192239
      endloop
   endfacet
   facet normal 0.382683 0 0.92388
      outer loop
         vertex 0.00298327 -0.00140813 0.00192239
         vertex 0.00298327 0.000121866 0.00192239
         vertex 0.002945 0.000121866 0.00193
      endloop
   endfacet
   facet normal -0.825534 0.412767 0.384859
      outer loop
         vertex -0.00322755 -0.00161686 0.00186849
         vertex -0.00320795 -0.00162666 0.00190104
         vertex -0.00319579 -0.00160234 0.00189564
      endloop
   endfacet
   facet normal -0.666521 0.730793 0.147279
      outer loop
         vertex -0.00321165 -0.00158505 0.00184473
         vertex -0.00321034 -0.00158243 0.00183
         vertex -0.00322503 -0.00160131 0.00183
      endloop
   endfacet
   facet normal -0.336433 0.168216 0.926561
      outer loop
         vertex -0.00317864 -0.00164131 0.00192266
         vertex -0.003145 -0.00165813 0.00193
         vertex -0.00316796 -0.00162752 0.00192239
      endloop
   endfacet
   facet normal -0.629468 0.314734 0.710431
      outer loop
         vertex -0.00320795 -0.00162666 0.00190104
         vertex -0.00317864 -0.00164131 0.00192266
         vertex -0.00317009 -0.00162468 0.00192002
      endloop
   endfacet
   facet normal -0.25278 0.33704 0.906921
      outer loop
         vertex -0.00317009 -0.00162468 0.00192002
         vertex -0.00318523 -0.0016045 0.00190316
         vertex -0.00320795 -0.00162666 0.00190104
      endloop
   endfacet
   facet normal -0.507884 0.557902 0.656353
      outer loop
         vertex -0.00319579 -0.00160234 0.00189564
         vertex -0.00318523 -0.0016045 0.00190316
         vertex -0.00318743 -0.00160157 0.00190071
      endloop
   endfacet
   facet normal -0.759669 0.544498 0.355564
      outer loop
         vertex -0.00322097 -0.00160368 0.00186556
         vertex -0.00319195 -0.00159553 0.00188942
         vertex -0.00319931 -0.00158572 0.00187107
      endloop
   endfacet
   facet normal -0.759669 0.544498 0.355564
      outer loop
         vertex -0.00322097 -0.00160368 0.00186556
         vertex -0.00319579 -0.00160234 0.00189564
         vertex -0.00319195 -0.00159553 0.00188942
      endloop
   endfacet
   facet normal -0.703831 0.656173 0.272137
      outer loop
         vertex -0.00321538 -0.00159252 0.00185721
         vertex -0.00320043 -0.00158422 0.00186827
         vertex -0.00320272 -0.00158118 0.00184913
      endloop
   endfacet
   facet normal -0.703831 0.656173 0.272137
      outer loop
         vertex -0.00321538 -0.00159252 0.00185721
         vertex -0.00319931 -0.00158572 0.00187107
         vertex -0.00320043 -0.00158422 0.00186827
      endloop
   endfacet
   facet normal -0.6 0.8 0
      outer loop
         vertex -0.003205 -0.00157813 0.00183
         vertex -0.00321034 -0.00158243 0.00183
         vertex -0.00321165 -0.00158505 0.00184473
      endloop
   endfacet
   facet normal -0.666521 0.730793 0.147279
      outer loop
         vertex -0.00321165 -0.00158505 0.00184473
         vertex -0.00320272 -0.00158118 0.00184913
         vertex -0.003205 -0.00157813 0.00183
      endloop
   endfacet
   facet normal -0.588479 0.784638 0.195028
      outer loop
         vertex -0.00320272 -0.00158118 0.00184913
         vertex -0.00321165 -0.00158505 0.00184473
         vertex -0.00321538 -0.00159252 0.00185721
      endloop
   endfacet
   facet normal -0.546395 0.728527 0.413159
      outer loop
         vertex -0.00319931 -0.00158572 0.00187107
         vertex -0.00321538 -0.00159252 0.00185721
         vertex -0.00322097 -0.00160368 0.00186556
      endloop
   endfacet
   facet normal -0.424264 0.565685 0.707107
      outer loop
         vertex -0.00318743 -0.00160157 0.00190071
         vertex -0.00319195 -0.00159553 0.00188942
         vertex -0.00319579 -0.00160234 0.00189564
      endloop
   endfacet
   facet normal -0.405361 0.540482 0.737266
      outer loop
         vertex -0.00318523 -0.0016045 0.00190316
         vertex -0.00319579 -0.00160234 0.00189564
         vertex -0.00320795 -0.00162666 0.00190104
      endloop
   endfacet
   facet normal -0.22961 0.306147 0.92388
      outer loop
         vertex -0.00316796 -0.00162752 0.00192239
         vertex -0.00317009 -0.00162468 0.00192002
         vertex -0.00317864 -0.00164131 0.00192266
      endloop
   endfacet
   facet normal -0.815394 0.578906 -4.33681e-15
      outer loop
         vertex -0.00322503 -0.00160131 0.00183
         vertex -0.00323444 -0.00161341 0.00183
         vertex -0.00321165 -0.00158505 0.00184473
      endloop
   endfacet
   facet normal -0.894427 0.447214 2.1684e-14
      outer loop
         vertex -0.00323444 -0.00161341 0.00183
         vertex -0.00321538 -0.00159252 0.00185721
         vertex -0.00321165 -0.00158505 0.00184473
      endloop
   endfacet
   facet normal -0.894427 0.447214 2.1684e-14
      outer loop
         vertex -0.00323444 -0.00161341 0.00183
         vertex -0.00322097 -0.00160368 0.00186556
         vertex -0.00321538 -0.00159252 0.00185721
      endloop
   endfacet
   facet normal -0.894427 0.447214 2.1684e-14
      outer loop
         vertex -0.00323444 -0.00161341 0.00183
         vertex -0.00322755 -0.00161686 0.00186849
         vertex -0.00322097 -0.00160368 0.00186556
      endloop
   endfacet
   facet normal -0.507884 0.557902 0.656353
      outer loop
         vertex -0.00319579 -0.00160234 0.00189564
         vertex -0.00322097 -0.00160368 0.00186556
         vertex -0.00322755 -0.00161686 0.00186849
      endloop
   endfacet
   facet normal -0.6 0.8 0
      outer loop
         vertex -0.003205 -0.00157813 0.00183
         vertex -0.003085 -0.00148813 0.00183
         vertex -0.003085 -0.00148813 0.001655
      endloop
   endfacet
   facet normal -0.6 0.8 0
      outer loop
         vertex -0.003085 -0.00148813 0.001655
         vertex -0.003205 -0.00157813 0.001655
         vertex -0.003205 -0.00157813 0.00183
      endloop
   endfacet
   facet normal 0 0 1
      outer loop
         vertex -0.00313105 -0.00139767 0.001655
         vertex -0.003305 -0.00152813 0.001655
         vertex -0.003205 -0.00157813 0.001655
      endloop
   endfacet
   facet normal 0 0 1
      outer loop
         vertex -0.003345 -0.00196906 0.001655
         vertex -0.00334028 -0.00201226 0.001655
         vertex -0.00324028 -0.00200133 0.001655
      endloop
   endfacet
   facet normal 0 0 1
      outer loop
         vertex -0.00334028 -0.00201226 0.001655
         vertex -0.00320998 -0.00260133 0.001655
         vertex -0.00312968 -0.00250133 0.001655
      endloop
   endfacet
   facet normal 0 0 1
      outer loop
         vertex -0.003205 -0.00157813 0.001655
         vertex -0.003085 -0.00148813 0.001655
         vertex -0.00313105 -0.00139767 0.001655
      endloop
   endfacet
   facet normal 0 0 1
      outer loop
         vertex -0.00313105 -0.00139767 0.001655
         vertex -0.00304974 -0.00143855 0.001655
         vertex -0.003045 -0.00140813 0.001655
      endloop
   endfacet
   facet normal 0 0 1
      outer loop
         vertex -0.003345 -0.00196906 0.001655
         vertex -0.003245 -0.00195813 0.001655
         vertex -0.003245 -0.00165813 0.001655
      endloop
   endfacet
   facet normal 0 0 1
      outer loop
         vertex -0.00312968 -0.00250133 0.001655
         vertex -0.00324028 -0.00200133 0.001655
         vertex -0.00334028 -0.00201226 0.001655
      endloop
   endfacet
   facet normal 0 0 1
      outer loop
         vertex -0.003305 -0.00152813 0.001655
         vertex -0.00322649 -0.00160018 0.001655
         vertex -0.003205 -0.00157813 0.001655
      endloop
   endfacet
   facet normal 0 0 1
      outer loop
         vertex -0.00313105 -0.00139767 0.001655
         vertex -0.00306351 -0.00146609 0.001655
         vertex -0.00304974 -0.00143855 0.001655
      endloop
   endfacet
   facet normal 0 0 1
      outer loop
         vertex -0.00324026 -0.00162771 0.001655
         vertex -0.00332649 -0.00155018 0.001655
         vertex -0.00334026 -0.00157771 0.001655
      endloop
   endfacet
   facet normal 0 0 1
      outer loop
         vertex -0.00332649 -0.00155018 0.001655
         vertex -0.00324026 -0.00162771 0.001655
         vertex -0.00322649 -0.00160018 0.001655
      endloop
   endfacet
   facet normal 0 0 1
      outer loop
         vertex -0.00324028 -0.00200133 0.001655
         vertex -0.003245 -0.00195813 0.001655
         vertex -0.003345 -0.00196906 0.001655
      endloop
   endfacet
   facet normal 0 0 1
      outer loop
         vertex -0.003045 -0.00140813 0.001655
         vertex -0.00310956 -0.00137563 0.001655
         vertex -0.00313105 -0.00139767 0.001655
      endloop
   endfacet
   facet normal 0 0 1
      outer loop
         vertex -0.00322649 -0.00160018 0.001655
         vertex -0.003305 -0.00152813 0.001655
         vertex -0.00332649 -0.00155018 0.001655
      endloop
   endfacet
   facet normal 0 0 1
      outer loop
         vertex -0.003245 -0.00165813 0.001655
         vertex -0.003345 -0.00160813 0.001655
         vertex -0.003345 -0.00196906 0.001655
      endloop
   endfacet
   facet normal 0 0 1
      outer loop
         vertex -0.00156173 -0.00275052 0.001655
         vertex -0.00152929 -0.00272884 0.001655
         vertex -0.00150761 -0.0026964 0.001655
      endloop
   endfacet
   facet normal 0 0 1
      outer loop
         vertex -0.00334026 -0.00157771 0.001655
         vertex -0.003345 -0.00160813 0.001655
         vertex -0.00324026 -0.00162771 0.001655
      endloop
   endfacet
   facet normal 0 0 1
      outer loop
         vertex -0.00320998 -0.00260133 0.001655
         vertex -0.00310428 -0.00256369 0.001655
         vertex -0.00312968 -0.00250133 0.001655
      endloop
   endfacet
   facet normal 0 0 1
      outer loop
         vertex -0.00318458 -0.00266369 0.001655
         vertex -0.00305963 -0.00261408 0.001655
         vertex -0.00310428 -0.00256369 0.001655
      endloop
   endfacet
   facet normal 0 0 1
      outer loop
         vertex -0.00308107 -0.0027468 0.001655
         vertex -0.0030147 -0.00275813 0.001655
         vertex -0.00300078 -0.0026468 0.001655
      endloop
   endfacet
   facet normal 0 0 1
      outer loop
         vertex -0.0015 -0.00265813 0.001655
         vertex -0.0016 -0.00275813 0.001655
         vertex -0.00156173 -0.00275052 0.001655
      endloop
   endfacet
   facet normal 0 0 1
      outer loop
         vertex -0.0029344 -0.00265813 0.001655
         vertex -0.0030147 -0.00275813 0.001655
         vertex -0.0016 -0.00275813 0.001655
      endloop
   endfacet
   facet normal 0 0 1
      outer loop
         vertex -0.003245 -0.00165813 0.001655
         vertex -0.00324026 -0.00162771 0.001655
         vertex -0.003345 -0.00160813 0.001655
      endloop
   endfacet
   facet normal 0 0 1
      outer loop
         vertex -0.003045 0.000121866 0.001655
         vertex -0.00309105 0.000121866 0.001655
         vertex -0.00309105 -0.00131767 0.001655
      endloop
   endfacet
   facet normal 0 0 1
      outer loop
         vertex -0.00310428 -0.00256369 0.001655
         vertex -0.00320998 -0.00260133 0.001655
         vertex -0.00318458 -0.00266369 0.001655
      endloop
   endfacet
   facet normal 0 0 1
      outer loop
         vertex -0.00305963 -0.00261408 0.001655
         vertex -0.00313992 -0.00271408 0.001655
         vertex -0.00308107 -0.0027468 0.001655
      endloop
   endfacet
   facet normal 0 0 1
      outer loop
         vertex -0.0016 -0.00275813 0.001655
         vertex -0.0015 -0.00265813 0.001655
         vertex -0.0029344 -0.00265813 0.001655
      endloop
   endfacet
   facet normal 0 0 1
      outer loop
         vertex -0.003045 -0.00140813 0.001655
         vertex -0.00309579 -0.00134809 0.001655
         vertex -0.00310956 -0.00137563 0.001655
      endloop
   endfacet
   facet normal 0 0 1
      outer loop
         vertex -0.00309105 -0.00131767 0.001655
         vertex -0.003045 -0.00140813 0.001655
         vertex -0.003045 0.000121866 0.001655
      endloop
   endfacet
   facet normal 0 0 1
      outer loop
         vertex -0.00300078 -0.0026468 0.001655
         vertex -0.00305963 -0.00261408 0.001655
         vertex -0.00308107 -0.0027468 0.001655
      endloop
   endfacet
   facet normal 0 0 1
      outer loop
         vertex -0.00150761 -0.0026964 0.001655
         vertex -0.0015 -0.00265813 0.001655
         vertex -0.00156173 -0.00275052 0.001655
      endloop
   endfacet
   facet normal 0 0 1
      outer loop
         vertex -0.00309105 -0.00131767 0.001655
         vertex -0.00309579 -0.00134809 0.001655
         vertex -0.003045 -0.00140813 0.001655
      endloop
   endfacet
   facet normal 0 0 1
      outer loop
         vertex -0.0029344 -0.00265813 0.001655
         vertex -0.00300078 -0.0026468 0.001655
         vertex -0.0030147 -0.00275813 0.001655
      endloop
   endfacet
   facet normal 0 0 1
      outer loop
         vertex -0.00318458 -0.00266369 0.001655
         vertex -0.00313992 -0.00271408 0.001655
         vertex -0.00305963 -0.00261408 0.001655
      endloop
   endfacet
   facet normal 0 0 1
      outer loop
         vertex -0.003085 -0.00148813 0.001655
         vertex -0.00306351 -0.00146609 0.001655
         vertex -0.00313105 -0.00139767 0.001655
      endloop
   endfacet
   facet normal -1 0 0
      outer loop
         vertex -0.003045 0.000121866 0.001655
         vertex -0.003045 -0.00140813 0.001655
         vertex -0.003045 -0.00140813 0.00183
      endloop
   endfacet
   facet normal -1 0 0
      outer loop
         vertex -0.003045 -0.00140813 0.00183
         vertex -0.003045 0.000121866 0.00183
         vertex -0.003045 0.000121866 0.001655
      endloop
   endfacet
   facet normal 0 0 1
      outer loop
         vertex 0.002945 0.000121866 0.00193
         vertex -0.002945 0.000121866 0.00193
         vertex -0.002945 -0.00140813 0.00193
      endloop
   endfacet
   facet normal 0 0 1
      outer loop
         vertex 0.003145 -0.00195813 0.00193
         vertex 0.003145 -0.00165813 0.00193
         vertex 0.003025 -0.00156813 0.00193
      endloop
   endfacet
   facet normal 0 0 1
      outer loop
         vertex -0.003025 -0.00156813 0.00193
         vertex -0.00314264 -0.00197973 0.00193
         vertex -0.00303204 -0.00247973 0.00193
      endloop
   endfacet
   facet normal 0 0 1
      outer loop
         vertex -0.003025 -0.00156813 0.00193
         vertex -0.003145 -0.00165813 0.00193
         vertex -0.003145 -0.00195813 0.00193
      endloop
   endfacet
   facet normal 0 0 1
      outer loop
         vertex -0.002945 -0.00140813 0.00193
         vertex 0.002945 -0.00140813 0.00193
         vertex 0.002945 0.000121866 0.00193
      endloop
   endfacet
   facet normal 0 0 1
      outer loop
         vertex -0.00302101 -0.00250813 0.00193
         vertex 0.00314264 -0.00197973 0.00193
         vertex 0.003145 -0.00195813 0.00193
      endloop
   endfacet
   facet normal 0 0 1
      outer loop
         vertex -0.00302101 -0.00250813 0.00193
         vertex 0.00302101 -0.00250813 0.00193
         vertex 0.00303204 -0.00247973 0.00193
      endloop
   endfacet
   facet normal 0 0 1
      outer loop
         vertex -0.003145 -0.00195813 0.00193
         vertex -0.00314264 -0.00197973 0.00193
         vertex -0.003025 -0.00156813 0.00193
      endloop
   endfacet
   facet normal 0 0 1
      outer loop
         vertex 0.00295448 -0.00146897 0.00193
         vertex -0.00298201 -0.00152405 0.00193
         vertex -0.003025 -0.00156813 0.00193
      endloop
   endfacet
   facet normal 0 0 1
      outer loop
         vertex -0.00295448 -0.00146897 0.00193
         vertex 0.00295448 -0.00146897 0.00193
         vertex 0.002945 -0.00140813 0.00193
      endloop
   endfacet
   facet normal 0 0 1
      outer loop
         vertex 0.00303204 -0.00247973 0.00193
         vertex 0.00314264 -0.00197973 0.00193
         vertex -0.00302101 -0.00250813 0.00193
      endloop
   endfacet
   facet normal 0 0 1
      outer loop
         vertex -0.003025 -0.00156813 0.00193
         vertex -0.00302101 -0.00250813 0.00193
         vertex 0.00295448 -0.00146897 0.00193
      endloop
   endfacet
   facet normal 0 0 1
      outer loop
         vertex -0.002945 -0.00140813 0.00193
         vertex -0.00295448 -0.00146897 0.00193
         vertex 0.002945 -0.00140813 0.00193
      endloop
   endfacet
   facet normal 0 0 1
      outer loop
         vertex 0.003025 -0.00156813 0.00193
         vertex -0.00302101 -0.00250813 0.00193
         vertex 0.003145 -0.00195813 0.00193
      endloop
   endfacet
   facet normal 0 0 1
      outer loop
         vertex -0.00295448 -0.00146897 0.00193
         vertex -0.00298201 -0.00152405 0.00193
         vertex 0.00295448 -0.00146897 0.00193
      endloop
   endfacet
   facet normal 0 0 1
      outer loop
         vertex 0.003025 -0.00156813 0.00193
         vertex 0.00298201 -0.00152405 0.00193
         vertex -0.00302101 -0.00250813 0.00193
      endloop
   endfacet
   facet normal 0 0 1
      outer loop
         vertex 0.00298201 -0.00152405 0.00193
         vertex 0.00295448 -0.00146897 0.00193
         vertex -0.00302101 -0.00250813 0.00193
      endloop
   endfacet
   facet normal 0 0 1
      outer loop
         vertex -0.00303204 -0.00247973 0.00193
         vertex -0.00302101 -0.00250813 0.00193
         vertex -0.003025 -0.00156813 0.00193
      endloop
   endfacet
   facet normal -0.952608 0.3042 0
      outer loop
         vertex -0.00304974 -0.00143855 0.00183
         vertex -0.003045 -0.00140813 0.00183
         vertex -0.003045 -0.00140813 0.001655
      endloop
   endfacet
   facet normal -0.814925 0.579567 0
      outer loop
         vertex -0.00306351 -0.00146609 0.00183
         vertex -0.00304974 -0.00143855 0.00183
         vertex -0.00304974 -0.00143855 0.001655
      endloop
   endfacet
   facet normal -0.6 0.8 0
      outer loop
         vertex -0.003085 -0.00148813 0.00183
         vertex -0.00306351 -0.00146609 0.00183
         vertex -0.00306351 -0.00146609 0.001655
      endloop
   endfacet
   facet normal -0.814925 0.579567 0
      outer loop
         vertex -0.00306351 -0.00146609 0.001655
         vertex -0.003085 -0.00148813 0.001655
         vertex -0.003085 -0.00148813 0.00183
      endloop
   endfacet
   facet normal -0.952608 0.3042 0
      outer loop
         vertex -0.00304974 -0.00143855 0.001655
         vertex -0.00306351 -0.00146609 0.001655
         vertex -0.00306351 -0.00146609 0.00183
      endloop
   endfacet
   facet normal -1 0 0
      outer loop
         vertex -0.003045 -0.00140813 0.001655
         vertex -0.00304974 -0.00143855 0.001655
         vertex -0.00304974 -0.00143855 0.00183
      endloop
   endfacet
   facet normal -1.52001e-10 0 1
      outer loop
         vertex -0.002945 -0.00140813 0.00193
         vertex -0.002945 0.000121866 0.00193
         vertex -0.00298327 0.000121866 0.00192239
      endloop
   endfacet
   facet normal -0.382683 0 0.92388
      outer loop
         vertex -0.00298327 -0.00140813 0.00192239
         vertex -0.00298327 0.000121866 0.00192239
         vertex -0.00301571 0.000121866 0.00190071
      endloop
   endfacet
   facet normal -0.707107 0 0.707107
      outer loop
         vertex -0.00301571 -0.00140813 0.00190071
         vertex -0.00301571 0.000121866 0.00190071
         vertex -0.00303739 0.000121866 0.00186827
      endloop
   endfacet
   facet normal -0.92388 0 0.382683
      outer loop
         vertex -0.00303739 -0.00140813 0.00186827
         vertex -0.00303739 0.000121866 0.00186827
         vertex -0.003045 0.000121866 0.00183
      endloop
   endfacet
   facet normal -1 0 0
      outer loop
         vertex -0.003045 0.000121866 0.00183
         vertex -0.003045 -0.00140813 0.00183
         vertex -0.00303739 -0.00140813 0.00186827
      endloop
   endfacet
   facet normal -0.92388 0 0.382683
      outer loop
         vertex -0.00303739 0.000121866 0.00186827
         vertex -0.00303739 -0.00140813 0.00186827
         vertex -0.00301571 -0.00140813 0.00190071
      endloop
   endfacet
   facet normal -0.707107 0 0.707107
      outer loop
         vertex -0.00301571 0.000121866 0.00190071
         vertex -0.00301571 -0.00140813 0.00190071
         vertex -0.00298327 -0.00140813 0.00192239
      endloop
   endfacet
   facet normal -0.382683 0 0.92388
      outer loop
         vertex -0.00298327 0.000121866 0.00192239
         vertex -0.00298327 -0.00140813 0.00192239
         vertex -0.002945 -0.00140813 0.00193
      endloop
   endfacet
   facet normal -0.22963 0.306174 0.923865
      outer loop
         vertex -0.00304796 -0.00153752 0.00192239
         vertex -0.003025 -0.00156813 0.00193
         vertex -0.00298201 -0.00152405 0.00193
      endloop
   endfacet
   facet normal -0.311886 0.22181 0.923865
      outer loop
         vertex -0.0030132 -0.00150187 0.00192239
         vertex -0.00298201 -0.00152405 0.00193
         vertex -0.00295448 -0.00146897 0.00193
      endloop
   endfacet
   facet normal -0.36458 0.116423 0.923865
      outer loop
         vertex -0.00299093 -0.00145733 0.00192239
         vertex -0.00295448 -0.00146897 0.00193
         vertex -0.002945 -0.00140813 0.00193
      endloop
   endfacet
   facet normal -0.424267 0.565689 0.707102
      outer loop
         vertex -0.00306743 -0.00151157 0.00190071
         vertex -0.00304796 -0.00153752 0.00192239
         vertex -0.0030132 -0.00150187 0.00192239
      endloop
   endfacet
   facet normal -0.576243 0.409818 0.707102
      outer loop
         vertex -0.00303964 -0.00148307 0.00190071
         vertex -0.0030132 -0.00150187 0.00192239
         vertex -0.00299093 -0.00145733 0.00192239
      endloop
   endfacet
   facet normal -0.6736 0.215103 0.707102
      outer loop
         vertex -0.00302184 -0.00144746 0.00190071
         vertex -0.00299093 -0.00145733 0.00192239
         vertex -0.00298327 -0.00140813 0.00192239
      endloop
   endfacet
   facet normal -0.554322 0.739096 0.382706
      outer loop
         vertex -0.00308043 -0.00149422 0.00186827
         vertex -0.00306743 -0.00151157 0.00190071
         vertex -0.00303964 -0.00148307 0.00190071
      endloop
   endfacet
   facet normal -0.752885 0.535444 0.382706
      outer loop
         vertex -0.0030573 -0.0014705 0.00186827
         vertex -0.00303964 -0.00148307 0.00190071
         vertex -0.00302184 -0.00144746 0.00190071
      endloop
   endfacet
   facet normal -0.880086 0.281041 0.382706
      outer loop
         vertex -0.00304249 -0.00144087 0.00186827
         vertex -0.00302184 -0.00144746 0.00190071
         vertex -0.00301571 -0.00140813 0.00190071
      endloop
   endfacet
   facet normal -0.6 0.8 5.45184e-05
      outer loop
         vertex -0.003085 -0.00148813 0.00183
         vertex -0.00308043 -0.00149422 0.00186827
         vertex -0.0030573 -0.0014705 0.00186827
      endloop
   endfacet
   facet normal -0.814925 0.579567 5.45184e-05
      outer loop
         vertex -0.00306351 -0.00146609 0.00183
         vertex -0.0030573 -0.0014705 0.00186827
         vertex -0.00304249 -0.00144087 0.00186827
      endloop
   endfacet
   facet normal -0.952608 0.3042 5.45184e-05
      outer loop
         vertex -0.00304974 -0.00143855 0.00183
         vertex -0.00304249 -0.00144087 0.00186827
         vertex -0.00303739 -0.00140813 0.00186827
      endloop
   endfacet
   facet normal -0.92387 4.15143e-16 0.382706
      outer loop
         vertex -0.00303739 -0.00140813 0.00186827
         vertex -0.003045 -0.00140813 0.00183
         vertex -0.00304974 -0.00143855 0.00183
      endloop
   endfacet
   facet normal -0.880086 0.281041 0.382706
      outer loop
         vertex -0.00304249 -0.00144087 0.00186827
         vertex -0.00304974 -0.00143855 0.00183
         vertex -0.00306351 -0.00146609 0.00183
      endloop
   endfacet
   facet normal -0.752885 0.535444 0.382706
      outer loop
         vertex -0.0030573 -0.0014705 0.00186827
         vertex -0.00306351 -0.00146609 0.00183
         vertex -0.003085 -0.00148813 0.00183
      endloop
   endfacet
   facet normal -0.707111 1.90847e-15 0.707102
      outer loop
         vertex -0.00301571 -0.00140813 0.00190071
         vertex -0.00303739 -0.00140813 0.00186827
         vertex -0.00304249 -0.00144087 0.00186827
      endloop
   endfacet
   facet normal -0.6736 0.215103 0.707102
      outer loop
         vertex -0.00302184 -0.00144746 0.00190071
         vertex -0.00304249 -0.00144087 0.00186827
         vertex -0.0030573 -0.0014705 0.00186827
      endloop
   endfacet
   facet normal -0.576243 0.409818 0.707102
      outer loop
         vertex -0.00303964 -0.00148307 0.00190071
         vertex -0.0030573 -0.0014705 0.00186827
         vertex -0.00308043 -0.00149422 0.00186827
      endloop
   endfacet
   facet normal -0.382717 3.47933e-15 0.923865
      outer loop
         vertex -0.00298327 -0.00140813 0.00192239
         vertex -0.00301571 -0.00140813 0.00190071
         vertex -0.00302184 -0.00144746 0.00190071
      endloop
   endfacet
   facet normal -0.36458 0.116423 0.923865
      outer loop
         vertex -0.00299093 -0.00145733 0.00192239
         vertex -0.00302184 -0.00144746 0.00190071
         vertex -0.00303964 -0.00148307 0.00190071
      endloop
   endfacet
   facet normal -0.311886 0.22181 0.923865
      outer loop
         vertex -0.0030132 -0.00150187 0.00192239
         vertex -0.00303964 -0.00148307 0.00190071
         vertex -0.00306743 -0.00151157 0.00190071
      endloop
   endfacet
   facet normal -7.76842e-05 3.40568e-15 1
      outer loop
         vertex -0.002945 -0.00140813 0.00193
         vertex -0.00298327 -0.00140813 0.00192239
         vertex -0.00299093 -0.00145733 0.00192239
      endloop
   endfacet
   facet normal -6.40745e-05 2.04611e-05 1
      outer loop
         vertex -0.00295448 -0.00146897 0.00193
         vertex -0.00299093 -0.00145733 0.00192239
         vertex -0.0030132 -0.00150187 0.00192239
      endloop
   endfacet
   facet normal -5.48136e-05 3.89829e-05 1
      outer loop
         vertex -0.00298201 -0.00152405 0.00193
         vertex -0.0030132 -0.00150187 0.00192239
         vertex -0.00304796 -0.00153752 0.00192239
      endloop
   endfacet
   facet normal -1.19994e-12 1.60123e-12 1
      outer loop
         vertex -0.003145 -0.00165813 0.00193
         vertex -0.003025 -0.00156813 0.00193
         vertex -0.00304796 -0.00153752 0.00192239
      endloop
   endfacet
   facet normal -0.22961 0.306147 0.92388
      outer loop
         vertex -0.00304796 -0.00153752 0.00192239
         vertex -0.00306743 -0.00151157 0.00190071
         vertex -0.00318523 -0.0016045 0.00190316
      endloop
   endfacet
   facet normal -0.405361 0.540482 0.737266
      outer loop
         vertex -0.00318523 -0.0016045 0.00190316
         vertex -0.00317009 -0.00162468 0.00192002
         vertex -0.00304796 -0.00153752 0.00192239
      endloop
   endfacet
   facet normal -0.424264 0.565685 0.707107
      outer loop
         vertex -0.00306743 -0.00151157 0.00190071
         vertex -0.00318743 -0.00160157 0.00190071
         vertex -0.00318523 -0.0016045 0.00190316
      endloop
   endfacet
   facet normal -0.554328 0.739104 0.382683
      outer loop
         vertex -0.00308043 -0.00149422 0.00186827
         vertex -0.00319931 -0.00158572 0.00187107
         vertex -0.00319195 -0.00159553 0.00188942
      endloop
   endfacet
   facet normal -0.554328 0.739104 0.382683
      outer loop
         vertex -0.00308043 -0.00149422 0.00186827
         vertex -0.00320043 -0.00158422 0.00186827
         vertex -0.00319931 -0.00158572 0.00187107
      endloop
   endfacet
   facet normal -0.477839 0.637119 0.604772
      outer loop
         vertex -0.00319195 -0.00159553 0.00188942
         vertex -0.00306743 -0.00151157 0.00190071
         vertex -0.00308043 -0.00149422 0.00186827
      endloop
   endfacet
   facet normal -0.554328 0.739104 0.382683
      outer loop
         vertex -0.00308043 -0.00149422 0.00186827
         vertex -0.003085 -0.00148813 0.00183
         vertex -0.00320272 -0.00158118 0.00184913
      endloop
   endfacet
   facet normal -0.6 0.8 -1.31544e-16
      outer loop
         vertex -0.003085 -0.00148813 0.00183
         vertex -0.003205 -0.00157813 0.00183
         vertex -0.00320272 -0.00158118 0.00184913
      endloop
   endfacet
   facet normal -0.588479 0.784638 0.195028
      outer loop
         vertex -0.00320272 -0.00158118 0.00184913
         vertex -0.00320043 -0.00158422 0.00186827
         vertex -0.00308043 -0.00149422 0.00186827
      endloop
   endfacet
   facet normal -0.477839 0.637119 0.604772
      outer loop
         vertex -0.00319195 -0.00159553 0.00188942
         vertex -0.00318743 -0.00160157 0.00190071
         vertex -0.00306743 -0.00151157 0.00190071
      endloop
   endfacet
   facet normal -0.25278 0.33704 0.906921
      outer loop
         vertex -0.00317009 -0.00162468 0.00192002
         vertex -0.00316796 -0.00162752 0.00192239
         vertex -0.00304796 -0.00153752 0.00192239
      endloop
   endfacet
   facet normal -0.22961 0.306147 0.92388
      outer loop
         vertex -0.00304796 -0.00153752 0.00192239
         vertex -0.00316796 -0.00162752 0.00192239
         vertex -0.003145 -0.00165813 0.00193
      endloop
   endfacet
   facet normal 0 -1 0
      outer loop
         vertex -0.002945 0.000121866 0.00193
         vertex 0.002945 0.000121866 0.00193
         vertex 0.002865 0.000121866 0.00208
      endloop
   endfacet
   facet normal 0 -1 0
      outer loop
         vertex 0.002865 0.000121866 0.00208
         vertex -0.002865 0.000121866 0.00208
         vertex -0.002945 0.000121866 0.00193
      endloop
   endfacet
   facet normal 0 -1 0
      outer loop
         vertex 0.002945 0.000121866 0.00193
         vertex 0.00297981 0.000121866 0.00205716
         vertex 0.002865 0.000121866 0.00208
      endloop
   endfacet
   facet normal 0 -1 0
      outer loop
         vertex -0.00297981 0.000121866 0.00205716
         vertex -0.00298327 0.000121866 0.00192239
         vertex -0.002945 0.000121866 0.00193
      endloop
   endfacet
   facet normal 0 -1 0
      outer loop
         vertex 0.003045 0.000121866 0.00183
         vertex 0.003045 0.000121866 0.001655
         vertex 0.00309105 0.000121866 0.001655
      endloop
   endfacet
   facet normal 0 -1 0
      outer loop
         vertex 0.00307713 0.000121866 0.00199213
         vertex 0.00297981 0.000121866 0.00205716
         vertex 0.00298327 0.000121866 0.00192239
      endloop
   endfacet
   facet normal 0 -1 0
      outer loop
         vertex -0.002865 0.000121866 0.00208
         vertex -0.00297981 0.000121866 0.00205716
         vertex -0.002945 0.000121866 0.00193
      endloop
   endfacet
   facet normal 0 -1 0
      outer loop
         vertex 0.00309105 0.000121866 0.001655
         vertex 0.003165 0.000121866 0.00178
         vertex 0.003045 0.000121866 0.00183
      endloop
   endfacet
   facet normal 0 -1 0
      outer loop
         vertex 0.00314216 0.000121866 0.00189481
         vertex 0.00307713 0.000121866 0.00199213
         vertex 0.00301571 0.000121866 0.00190071
      endloop
   endfacet
   facet normal 0 -1 0
      outer loop
         vertex 0.002945 0.000121866 0.00193
         vertex 0.00298327 0.000121866 0.00192239
         vertex 0.00297981 0.000121866 0.00205716
      endloop
   endfacet
   facet normal 0 -1 0
      outer loop
         vertex 0.00314216 0.000121866 0.00189481
         vertex 0.00303739 0.000121866 0.00186827
         vertex 0.003045 0.000121866 0.00183
      endloop
   endfacet
   facet normal 0 -1 0
      outer loop
         vertex 0.00298327 0.000121866 0.00192239
         vertex 0.00301571 0.000121866 0.00190071
         vertex 0.00307713 0.000121866 0.00199213
      endloop
   endfacet
   facet normal 0 -1 0
      outer loop
         vertex 0.002945 0.000121866 0.00123
         vertex -0.002945 0.000121866 0.00123
         vertex -0.002865 0.000121866 0.00108
      endloop
   endfacet
   facet normal 0 -1 0
      outer loop
         vertex 0.00301571 0.000121866 0.00190071
         vertex 0.00303739 0.000121866 0.00186827
         vertex 0.00314216 0.000121866 0.00189481
      endloop
   endfacet
   facet normal 0 -1 0
      outer loop
         vertex -0.00307713 0.000121866 0.00199213
         vertex -0.00301571 0.000121866 0.00190071
         vertex -0.00298327 0.000121866 0.00192239
      endloop
   endfacet
   facet normal 0 -1 0
      outer loop
         vertex -0.003045 0.000121866 0.00183
         vertex -0.003165 0.000121866 0.00178
         vertex -0.00309105 0.000121866 0.001655
      endloop
   endfacet
   facet normal 0 -1 0
      outer loop
         vertex -0.003045 0.000121866 0.00133
         vertex -0.003045 0.000121866 0.001505
         vertex -0.00309105 0.000121866 0.001505
      endloop
   endfacet
   facet normal 0 -1 0
      outer loop
         vertex -0.002945 0.000121866 0.00123
         vertex -0.00297981 0.000121866 0.00110284
         vertex -0.002865 0.000121866 0.00108
      endloop
   endfacet
   facet normal 0 -1 0
      outer loop
         vertex 0.00307713 0.000121866 0.00116787
         vertex 0.00301571 0.000121866 0.00125929
         vertex 0.00298327 0.000121866 0.00123761
      endloop
   endfacet
   facet normal 0 -1 0
      outer loop
         vertex 0.00314216 0.000121866 0.00126519
         vertex 0.00303739 0.000121866 0.00129173
         vertex 0.00301571 0.000121866 0.00125929
      endloop
   endfacet
   facet normal 0 -1 0
      outer loop
         vertex 0.003045 0.000121866 0.00133
         vertex 0.003165 0.000121866 0.00138
         vertex 0.00309105 0.000121866 0.001505
      endloop
   endfacet
   facet normal 0 -1 0
      outer loop
         vertex -0.00298327 0.000121866 0.00192239
         vertex -0.00297981 0.000121866 0.00205716
         vertex -0.00307713 0.000121866 0.00199213
      endloop
   endfacet
   facet normal 0 -1 0
      outer loop
         vertex -0.00314216 0.000121866 0.00189481
         vertex -0.00303739 0.000121866 0.00186827
         vertex -0.00301571 0.000121866 0.00190071
      endloop
   endfacet
   facet normal 0 -1 0
      outer loop
         vertex -0.003045 0.000121866 0.00183
         vertex -0.00314216 0.000121866 0.00189481
         vertex -0.003165 0.000121866 0.00178
      endloop
   endfacet
   facet normal 0 -1 0
      outer loop
         vertex -0.00309105 0.000121866 0.001505
         vertex -0.003165 0.000121866 0.00138
         vertex -0.003045 0.000121866 0.00133
      endloop
   endfacet
   facet normal 0 -1 0
      outer loop
         vertex -0.002865 0.000121866 0.00108
         vertex 0.002865 0.000121866 0.00108
         vertex 0.002945 0.000121866 0.00123
      endloop
   endfacet
   facet normal 0 -1 0
      outer loop
         vertex 0.00301571 0.000121866 0.00125929
         vertex 0.00307713 0.000121866 0.00116787
         vertex 0.00314216 0.000121866 0.00126519
      endloop
   endfacet
   facet normal 0 -1 0
      outer loop
         vertex 0.003045 0.000121866 0.00133
         vertex 0.00314216 0.000121866 0.00126519
         vertex 0.003165 0.000121866 0.00138
      endloop
   endfacet
   facet normal 0 -1 0
      outer loop
         vertex -0.00301571 0.000121866 0.00190071
         vertex -0.00307713 0.000121866 0.00199213
         vertex -0.00314216 0.000121866 0.00189481
      endloop
   endfacet
   facet normal 0 -1 0
      outer loop
         vertex -0.00309105 0.000121866 0.001655
         vertex -0.003045 0.000121866 0.001655
         vertex -0.003045 0.000121866 0.00183
      endloop
   endfacet
   facet normal 0 -1 0
      outer loop
         vertex -0.00314216 0.000121866 0.00126519
         vertex -0.00303739 0.000121866 0.00129173
         vertex -0.003045 0.000121866 0.00133
      endloop
   endfacet
   facet normal 0 -1 0
      outer loop
         vertex -0.00314216 0.000121866 0.00126519
         vertex -0.00307713 0.000121866 0.00116787
         vertex -0.00301571 0.000121866 0.00125929
      endloop
   endfacet
   facet normal 0 -1 0
      outer loop
         vertex -0.00307713 0.000121866 0.00116787
         vertex -0.00297981 0.000121866 0.00110284
         vertex -0.00298327 0.000121866 0.00123761
      endloop
   endfacet
   facet normal 0 -1 0
      outer loop
         vertex 0.002865 0.000121866 0.00108
         vertex 0.00297981 0.000121866 0.00110284
         vertex 0.002945 0.000121866 0.00123
      endloop
   endfacet
   facet normal 0 -1 0
      outer loop
         vertex 0.00298327 0.000121866 0.00123761
         vertex 0.00297981 0.000121866 0.00110284
         vertex 0.00307713 0.000121866 0.00116787
      endloop
   endfacet
   facet normal 0 -1 0
      outer loop
         vertex 0.00309105 0.000121866 0.001505
         vertex 0.003045 0.000121866 0.001505
         vertex 0.003045 0.000121866 0.00133
      endloop
   endfacet
   facet normal 0 -1 0
      outer loop
         vertex -0.003045 0.000121866 0.00183
         vertex -0.00303739 0.000121866 0.00186827
         vertex -0.00314216 0.000121866 0.00189481
      endloop
   endfacet
   facet normal 0 -1 0
      outer loop
         vertex -0.003165 0.000121866 0.00178
         vertex -0.003165 0.000121866 0.00138
         vertex -0.00309105 0.000121866 0.001505
      endloop
   endfacet
   facet normal 0 -1 0
      outer loop
         vertex -0.00301571 0.000121866 0.00125929
         vertex -0.00303739 0.000121866 0.00129173
         vertex -0.00314216 0.000121866 0.00126519
      endloop
   endfacet
   facet normal 0 -1 0
      outer loop
         vertex -0.002945 0.000121866 0.00123
         vertex -0.00298327 0.000121866 0.00123761
         vertex -0.00297981 0.000121866 0.00110284
      endloop
   endfacet
   facet normal 0 -1 0
      outer loop
         vertex 0.003045 0.000121866 0.00133
         vertex 0.00303739 0.000121866 0.00129173
         vertex 0.00314216 0.000121866 0.00126519
      endloop
   endfacet
   facet normal 0 -1 0
      outer loop
         vertex 0.003165 0.000121866 0.00178
         vertex 0.00309105 0.000121866 0.001655
         vertex 0.00309105 0.000121866 0.001505
      endloop
   endfacet
   facet normal 0 -1 0
      outer loop
         vertex -0.00309105 0.000121866 0.001505
         vertex -0.00309105 0.000121866 0.001655
         vertex -0.003165 0.000121866 0.00178
      endloop
   endfacet
   facet normal 0 -1 0
      outer loop
         vertex -0.00298327 0.000121866 0.00123761
         vertex -0.00301571 0.000121866 0.00125929
         vertex -0.00307713 0.000121866 0.00116787
      endloop
   endfacet
   facet normal 0 -1 0
      outer loop
         vertex 0.00309105 0.000121866 0.001505
         vertex 0.003165 0.000121866 0.00138
         vertex 0.003165 0.000121866 0.00178
      endloop
   endfacet
   facet normal 0 -1 0
      outer loop
         vertex -0.003165 0.000121866 0.00138
         vertex -0.00314216 0.000121866 0.00126519
         vertex -0.003045 0.000121866 0.00133
      endloop
   endfacet
   facet normal 0 -1 0
      outer loop
         vertex 0.003165 0.000121866 0.00178
         vertex 0.00314216 0.000121866 0.00189481
         vertex 0.003045 0.000121866 0.00183
      endloop
   endfacet
   facet normal 0 -1 0
      outer loop
         vertex 0.00298327 0.000121866 0.00123761
         vertex 0.002945 0.000121866 0.00123
         vertex 0.00297981 0.000121866 0.00110284
      endloop
   endfacet
   facet normal 1 0 0
      outer loop
         vertex 0.003165 0.000121866 0.00178
         vertex 0.003165 0.000121866 0.00138
         vertex 0.003165 0.00174187 0.00138
      endloop
   endfacet
   facet normal 1 0 0
      outer loop
         vertex 0.003165 0.00174187 0.00138
         vertex 0.003165 0.00174187 0.00178
         vertex 0.003165 0.000121866 0.00178
      endloop
   endfacet
   facet normal -1 0 0
      outer loop
         vertex -0.003165 0.000121866 0.00138
         vertex -0.003165 0.000121866 0.00178
         vertex -0.003165 0.00174187 0.00178
      endloop
   endfacet
   facet normal -1 0 0
      outer loop
         vertex -0.003165 0.00174187 0.00178
         vertex -0.003165 0.00174187 0.00138
         vertex -0.003165 0.000121866 0.00138
      endloop
   endfacet
   facet normal 0 0 1
      outer loop
         vertex -0.002865 0.000121866 0.00208
         vertex -0.002865 0.00174187 0.00208
         vertex -0.00297981 0.00174187 0.00205716
      endloop
   endfacet
   facet normal -0.382683 0 0.92388
      outer loop
         vertex -0.00297981 0.000121866 0.00205716
         vertex -0.00297981 0.00174187 0.00205716
         vertex -0.00307713 0.00174187 0.00199213
      endloop
   endfacet
   facet normal -0.707107 0 0.707107
      outer loop
         vertex -0.00307713 0.000121866 0.00199213
         vertex -0.00307713 0.00174187 0.00199213
         vertex -0.00314216 0.00174187 0.00189481
      endloop
   endfacet
   facet normal -0.92388 0 0.382683
      outer loop
         vertex -0.00314216 0.000121866 0.00189481
         vertex -0.00314216 0.00174187 0.00189481
         vertex -0.003165 0.00174187 0.00178
      endloop
   endfacet
   facet normal -1 0 0
      outer loop
         vertex -0.003165 0.00174187 0.00178
         vertex -0.003165 0.000121866 0.00178
         vertex -0.00314216 0.000121866 0.00189481
      endloop
   endfacet
   facet normal -0.92388 0 0.382683
      outer loop
         vertex -0.00314216 0.00174187 0.00189481
         vertex -0.00314216 0.000121866 0.00189481
         vertex -0.00307713 0.000121866 0.00199213
      endloop
   endfacet
   facet normal -0.707107 0 0.707107
      outer loop
         vertex -0.00307713 0.00174187 0.00199213
         vertex -0.00307713 0.000121866 0.00199213
         vertex -0.00297981 0.000121866 0.00205716
      endloop
   endfacet
   facet normal -0.382683 0 0.92388
      outer loop
         vertex -0.00297981 0.00174187 0.00205716
         vertex -0.00297981 0.000121866 0.00205716
         vertex -0.002865 0.000121866 0.00208
      endloop
   endfacet
   facet normal 1 0 0
      outer loop
         vertex 0.003165 0.000121866 0.00178
         vertex 0.003165 0.00174187 0.00178
         vertex 0.00314216 0.00174187 0.00189481
      endloop
   endfacet
   facet normal 0.92388 0 0.382683
      outer loop
         vertex 0.00314216 0.000121866 0.00189481
         vertex 0.00314216 0.00174187 0.00189481
         vertex 0.00307713 0.00174187 0.00199213
      endloop
   endfacet
   facet normal 0.707107 0 0.707107
      outer loop
         vertex 0.00307713 0.000121866 0.00199213
         vertex 0.00307713 0.00174187 0.00199213
         vertex 0.00297981 0.00174187 0.00205716
      endloop
   endfacet
   facet normal 0.382683 0 0.92388
      outer loop
         vertex 0.00297981 0.000121866 0.00205716
         vertex 0.00297981 0.00174187 0.00205716
         vertex 0.002865 0.00174187 0.00208
      endloop
   endfacet
   facet normal 0 0 1
      outer loop
         vertex 0.002865 0.00174187 0.00208
         vertex 0.002865 0.000121866 0.00208
         vertex 0.00297981 0.000121866 0.00205716
      endloop
   endfacet
   facet normal 0.382683 0 0.92388
      outer loop
         vertex 0.00297981 0.00174187 0.00205716
         vertex 0.00297981 0.000121866 0.00205716
         vertex 0.00307713 0.000121866 0.00199213
      endloop
   endfacet
   facet normal 0.707107 0 0.707107
      outer loop
         vertex 0.00307713 0.00174187 0.00199213
         vertex 0.00307713 0.000121866 0.00199213
         vertex 0.00314216 0.000121866 0.00189481
      endloop
   endfacet
   facet normal 0.92388 0 0.382683
      outer loop
         vertex 0.00314216 0.00174187 0.00189481
         vertex 0.00314216 0.000121866 0.00189481
         vertex 0.003165 0.000121866 0.00178
      endloop
   endfacet
   facet normal 0 0 -1
      outer loop
         vertex 0.002865 0.000121866 0.00108
         vertex 0.002865 0.00174187 0.00108
         vertex 0.00297981 0.00174187 0.00110284
      endloop
   endfacet
   facet normal 0.382683 0 -0.92388
      outer loop
         vertex 0.00297981 0.000121866 0.00110284
         vertex 0.00297981 0.00174187 0.00110284
         vertex 0.00307713 0.00174187 0.00116787
      endloop
   endfacet
   facet normal 0.707107 0 -0.707107
      outer loop
         vertex 0.00307713 0.000121866 0.00116787
         vertex 0.00307713 0.00174187 0.00116787
         vertex 0.00314216 0.00174187 0.00126519
      endloop
   endfacet
   facet normal 0.92388 0 -0.382683
      outer loop
         vertex 0.00314216 0.000121866 0.00126519
         vertex 0.00314216 0.00174187 0.00126519
         vertex 0.003165 0.00174187 0.00138
      endloop
   endfacet
   facet normal 1 0 0
      outer loop
         vertex 0.003165 0.00174187 0.00138
         vertex 0.003165 0.000121866 0.00138
         vertex 0.00314216 0.000121866 0.00126519
      endloop
   endfacet
   facet normal 0.92388 0 -0.382683
      outer loop
         vertex 0.00314216 0.00174187 0.00126519
         vertex 0.00314216 0.000121866 0.00126519
         vertex 0.00307713 0.000121866 0.00116787
      endloop
   endfacet
   facet normal 0.707107 0 -0.707107
      outer loop
         vertex 0.00307713 0.00174187 0.00116787
         vertex 0.00307713 0.000121866 0.00116787
         vertex 0.00297981 0.000121866 0.00110284
      endloop
   endfacet
   facet normal 0.382683 0 -0.92388
      outer loop
         vertex 0.00297981 0.00174187 0.00110284
         vertex 0.00297981 0.000121866 0.00110284
         vertex 0.002865 0.000121866 0.00108
      endloop
   endfacet
   facet normal -1 0 0
      outer loop
         vertex -0.003165 0.000121866 0.00138
         vertex -0.003165 0.00174187 0.00138
         vertex -0.00314216 0.00174187 0.00126519
      endloop
   endfacet
   facet normal -0.92388 0 -0.382683
      outer loop
         vertex -0.00314216 0.000121866 0.00126519
         vertex -0.00314216 0.00174187 0.00126519
         vertex -0.00307713 0.00174187 0.00116787
      endloop
   endfacet
   facet normal -0.707107 0 -0.707107
      outer loop
         vertex -0.00307713 0.000121866 0.00116787
         vertex -0.00307713 0.00174187 0.00116787
         vertex -0.00297981 0.00174187 0.00110284
      endloop
   endfacet
   facet normal -0.382683 0 -0.92388
      outer loop
         vertex -0.00297981 0.000121866 0.00110284
         vertex -0.00297981 0.00174187 0.00110284
         vertex -0.002865 0.00174187 0.00108
      endloop
   endfacet
   facet normal 0 0 -1
      outer loop
         vertex -0.002865 0.00174187 0.00108
         vertex -0.002865 0.000121866 0.00108
         vertex -0.00297981 0.000121866 0.00110284
      endloop
   endfacet
   facet normal -0.382683 0 -0.92388
      outer loop
         vertex -0.00297981 0.00174187 0.00110284
         vertex -0.00297981 0.000121866 0.00110284
         vertex -0.00307713 0.000121866 0.00116787
      endloop
   endfacet
   facet normal -0.707107 0 -0.707107
      outer loop
         vertex -0.00307713 0.00174187 0.00116787
         vertex -0.00307713 0.000121866 0.00116787
         vertex -0.00314216 0.000121866 0.00126519
      endloop
   endfacet
   facet normal -0.92388 0 -0.382683
      outer loop
         vertex -0.00314216 0.00174187 0.00126519
         vertex -0.00314216 0.000121866 0.00126519
         vertex -0.003165 0.000121866 0.00138
      endloop
   endfacet
   facet normal 0 0 1
      outer loop
         vertex -0.002865 0.000121866 0.00208
         vertex 0.002865 0.000121866 0.00208
         vertex 0.002865 0.00174187 0.00208
      endloop
   endfacet
   facet normal 0 0 1
      outer loop
         vertex 0.002865 0.00174187 0.00208
         vertex -0.002865 0.00174187 0.00208
         vertex -0.002865 0.000121866 0.00208
      endloop
   endfacet
   facet normal 0 0 -1
      outer loop
         vertex 0.002865 0.000121866 0.00108
         vertex -0.002865 0.000121866 0.00108
         vertex -0.002865 0.00174187 0.00108
      endloop
   endfacet
   facet normal 0 0 -1
      outer loop
         vertex -0.002865 0.00174187 0.00108
         vertex 0.002865 0.00174187 0.00108
         vertex 0.002865 0.000121866 0.00108
      endloop
   endfacet
   facet normal 0 -1 0
      outer loop
         vertex 0.00417 0.00174187 0.0013
         vertex 0.003165 0.00174187 0.00138
         vertex 0.00314216 0.00174187 0.00126519
      endloop
   endfacet
   facet normal 0 -1 0
      outer loop
         vertex 0.00417 0.00174187 0.0013
         vertex 0.00417 0.00174187 0.00186
         vertex 0.003165 0.00174187 0.00178
      endloop
   endfacet
   facet normal 0 -1 0
      outer loop
         vertex 0.00317 0.00174187 0.00286
         vertex -0.00317 0.00174187 0.00286
         vertex -0.002865 0.00174187 0.00208
      endloop
   endfacet
   facet normal 0 -1 0
      outer loop
         vertex 0.003165 0.00174187 0.00178
         vertex 0.003165 0.00174187 0.00138
         vertex 0.00417 0.00174187 0.0013
      endloop
   endfacet
   facet normal 0 -1 0
      outer loop
         vertex 0.00417 0.00174187 0.00186
         vertex 0.00409388 0.00174187 0.00224268
         vertex 0.00314216 0.00174187 0.00189481
      endloop
   endfacet
   facet normal 0 -1 0
      outer loop
         vertex 0.00355268 0.00174187 0.00278388
         vertex 0.00317 0.00174187 0.00286
         vertex 0.00297981 0.00174187 0.00205716
      endloop
   endfacet
   facet normal 0 -1 0
      outer loop
         vertex -0.002865 0.00174187 0.00208
         vertex 0.002865 0.00174187 0.00208
         vertex 0.00317 0.00174187 0.00286
      endloop
   endfacet
   facet normal 0 -1 0
      outer loop
         vertex -0.00417 0.00174187 0.00186
         vertex -0.003165 0.00174187 0.00178
         vertex -0.00314216 0.00174187 0.00189481
      endloop
   endfacet
   facet normal 0 -1 0
      outer loop
         vertex -0.00417 0.00174187 0.0013
         vertex -0.003165 0.00174187 0.00138
         vertex -0.003165 0.00174187 0.00178
      endloop
   endfacet
   facet normal 0 -1 0
      outer loop
         vertex 0.00314216 0.00174187 0.00189481
         vertex 0.003165 0.00174187 0.00178
         vertex 0.00417 0.00174187 0.00186
      endloop
   endfacet
   facet normal 0 -1 0
      outer loop
         vertex 0.00387711 0.00174187 0.00256711
         vertex 0.00307713 0.00174187 0.00199213
         vertex 0.00314216 0.00174187 0.00189481
      endloop
   endfacet
   facet normal 0 -1 0
      outer loop
         vertex 0.00307713 0.00174187 0.00199213
         vertex 0.00387711 0.00174187 0.00256711
         vertex 0.00355268 0.00174187 0.00278388
      endloop
   endfacet
   facet normal 0 -1 0
      outer loop
         vertex -0.00317 0.00174187 0.00286
         vertex -0.00297981 0.00174187 0.00205716
         vertex -0.002865 0.00174187 0.00208
      endloop
   endfacet
   facet normal 0 -1 0
      outer loop
         vertex -0.00355268 0.00174187 0.00278388
         vertex -0.00307713 0.00174187 0.00199213
         vertex -0.00297981 0.00174187 0.00205716
      endloop
   endfacet
   facet normal 0 -1 0
      outer loop
         vertex -0.003165 0.00174187 0.00178
         vertex -0.00417 0.00174187 0.00186
         vertex -0.00417 0.00174187 0.0013
      endloop
   endfacet
   facet normal 0 -1 0
      outer loop
         vertex -0.00417 0.00174187 0.0013
         vertex -0.00409388 0.00174187 0.000917317
         vertex -0.00314216 0.00174187 0.00126519
      endloop
   endfacet
   facet normal 0 -1 0
      outer loop
         vertex -0.00355268 0.00174187 0.00037612
         vertex -0.00317 0.00174187 0.0003
         vertex -0.00297981 0.00174187 0.00110284
      endloop
   endfacet
   facet normal 0 -1 0
      outer loop
         vertex -0.00317 0.00174187 0.0003
         vertex 0.00317 0.00174187 0.0003
         vertex 0.002865 0.00174187 0.00108
      endloop
   endfacet
   facet normal 0 -1 0
      outer loop
         vertex 0.00355268 0.00174187 0.00037612
         vertex 0.00307713 0.00174187 0.00116787
         vertex 0.00297981 0.00174187 0.00110284
      endloop
   endfacet
   facet normal 0 -1 0
      outer loop
         vertex 0.00314216 0.00174187 0.00189481
         vertex 0.00409388 0.00174187 0.00224268
         vertex 0.00387711 0.00174187 0.00256711
      endloop
   endfacet
   facet normal 0 -1 0
      outer loop
         vertex 0.002865 0.00174187 0.00208
         vertex 0.00297981 0.00174187 0.00205716
         vertex 0.00317 0.00174187 0.00286
      endloop
   endfacet
   facet normal 0 -1 0
      outer loop
         vertex -0.00297981 0.00174187 0.00205716
         vertex -0.00317 0.00174187 0.00286
         vertex -0.00355268 0.00174187 0.00278388
      endloop
   endfacet
   facet normal 0 -1 0
      outer loop
         vertex -0.00387711 0.00174187 0.00256711
         vertex -0.00409388 0.00174187 0.00224268
         vertex -0.00314216 0.00174187 0.00189481
      endloop
   endfacet
   facet normal 0 -1 0
      outer loop
         vertex -0.00314216 0.00174187 0.00126519
         vertex -0.003165 0.00174187 0.00138
         vertex -0.00417 0.00174187 0.0013
      endloop
   endfacet
   facet normal 0 -1 0
      outer loop
         vertex -0.00387711 0.00174187 0.000592893
         vertex -0.00307713 0.00174187 0.00116787
         vertex -0.00314216 0.00174187 0.00126519
      endloop
   endfacet
   facet normal 0 -1 0
      outer loop
         vertex -0.00307713 0.00174187 0.00116787
         vertex -0.00387711 0.00174187 0.000592893
         vertex -0.00355268 0.00174187 0.00037612
      endloop
   endfacet
   facet normal 0 -1 0
      outer loop
         vertex 0.002865 0.00174187 0.00108
         vertex -0.002865 0.00174187 0.00108
         vertex -0.00317 0.00174187 0.0003
      endloop
   endfacet
   facet normal 0 -1 0
      outer loop
         vertex 0.00297981 0.00174187 0.00110284
         vertex 0.00317 0.00174187 0.0003
         vertex 0.00355268 0.00174187 0.00037612
      endloop
   endfacet
   facet normal 0 -1 0
      outer loop
         vertex 0.00387711 0.00174187 0.000592893
         vertex 0.00409388 0.00174187 0.000917317
         vertex 0.00314216 0.00174187 0.00126519
      endloop
   endfacet
   facet normal 0 -1 0
      outer loop
         vertex 0.00297981 0.00174187 0.00205716
         vertex 0.00307713 0.00174187 0.00199213
         vertex 0.00355268 0.00174187 0.00278388
      endloop
   endfacet
   facet normal 0 -1 0
      outer loop
         vertex -0.00314216 0.00174187 0.00189481
         vertex -0.00307713 0.00174187 0.00199213
         vertex -0.00387711 0.00174187 0.00256711
      endloop
   endfacet
   facet normal 0 -1 0
      outer loop
         vertex -0.00314216 0.00174187 0.00126519
         vertex -0.00409388 0.00174187 0.000917317
         vertex -0.00387711 0.00174187 0.000592893
      endloop
   endfacet
   facet normal 0 -1 0
      outer loop
         vertex -0.002865 0.00174187 0.00108
         vertex -0.00297981 0.00174187 0.00110284
         vertex -0.00317 0.00174187 0.0003
      endloop
   endfacet
   facet normal 0 -1 0
      outer loop
         vertex 0.00314216 0.00174187 0.00126519
         vertex 0.00307713 0.00174187 0.00116787
         vertex 0.00387711 0.00174187 0.000592893
      endloop
   endfacet
   facet normal 0 -1 0
      outer loop
         vertex -0.00355268 0.00174187 0.00278388
         vertex -0.00387711 0.00174187 0.00256711
         vertex -0.00307713 0.00174187 0.00199213
      endloop
   endfacet
   facet normal 0 -1 0
      outer loop
         vertex -0.00297981 0.00174187 0.00110284
         vertex -0.00307713 0.00174187 0.00116787
         vertex -0.00355268 0.00174187 0.00037612
      endloop
   endfacet
   facet normal 0 -1 0
      outer loop
         vertex 0.00355268 0.00174187 0.00037612
         vertex 0.00387711 0.00174187 0.000592893
         vertex 0.00307713 0.00174187 0.00116787
      endloop
   endfacet
   facet normal 0 -1 0
      outer loop
         vertex -0.00314216 0.00174187 0.00189481
         vertex -0.00409388 0.00174187 0.00224268
         vertex -0.00417 0.00174187 0.00186
      endloop
   endfacet
   facet normal 0 -1 0
      outer loop
         vertex 0.00314216 0.00174187 0.00126519
         vertex 0.00409388 0.00174187 0.000917317
         vertex 0.00417 0.00174187 0.0013
      endloop
   endfacet
   facet normal 0 -1 0
      outer loop
         vertex 0.00297981 0.00174187 0.00110284
         vertex 0.002865 0.00174187 0.00108
         vertex 0.00317 0.00174187 0.0003
      endloop
   endfacet
   facet normal 0.92388 0 -0.382683
      outer loop
         vertex -0.00409388 -0.00295813 0.00224268
         vertex -0.00417 -0.00295813 0.00186
         vertex -0.00417 0.00174187 0.00186
      endloop
   endfacet
   facet normal 0.707107 0 -0.707107
      outer loop
         vertex -0.00387711 -0.00295813 0.00256711
         vertex -0.00409388 -0.00295813 0.00224268
         vertex -0.00409388 0.00174187 0.00224268
      endloop
   endfacet
   facet normal 0.382683 0 -0.92388
      outer loop
         vertex -0.00355268 -0.00295813 0.00278388
         vertex -0.00387711 -0.00295813 0.00256711
         vertex -0.00387711 0.00174187 0.00256711
      endloop
   endfacet
   facet normal 0 0 -1
      outer loop
         vertex -0.00317 -0.00295813 0.00286
         vertex -0.00355268 -0.00295813 0.00278388
         vertex -0.00355268 0.00174187 0.00278388
      endloop
   endfacet
   facet normal 0.382683 0 -0.92388
      outer loop
         vertex -0.00355268 0.00174187 0.00278388
         vertex -0.00317 0.00174187 0.00286
         vertex -0.00317 -0.00295813 0.00286
      endloop
   endfacet
   facet normal 0.707107 0 -0.707107
      outer loop
         vertex -0.00387711 0.00174187 0.00256711
         vertex -0.00355268 0.00174187 0.00278388
         vertex -0.00355268 -0.00295813 0.00278388
      endloop
   endfacet
   facet normal 0.92388 0 -0.382683
      outer loop
         vertex -0.00409388 0.00174187 0.00224268
         vertex -0.00387711 0.00174187 0.00256711
         vertex -0.00387711 -0.00295813 0.00256711
      endloop
   endfacet
   facet normal 1 0 0
      outer loop
         vertex -0.00417 0.00174187 0.00186
         vertex -0.00409388 0.00174187 0.00224268
         vertex -0.00409388 -0.00295813 0.00224268
      endloop
   endfacet
   facet normal -0.382683 0 -0.92388
      outer loop
         vertex 0.00355268 -0.00295813 0.00278388
         vertex 0.00317 -0.00295813 0.00286
         vertex 0.00317 0.00174187 0.00286
      endloop
   endfacet
   facet normal -0.707107 0 -0.707107
      outer loop
         vertex 0.00387711 -0.00295813 0.00256711
         vertex 0.00355268 -0.00295813 0.00278388
         vertex 0.00355268 0.00174187 0.00278388
      endloop
   endfacet
   facet normal -0.92388 0 -0.382683
      outer loop
         vertex 0.00409388 -0.00295813 0.00224268
         vertex 0.00387711 -0.00295813 0.00256711
         vertex 0.00387711 0.00174187 0.00256711
      endloop
   endfacet
   facet normal -1 0 2.1684e-16
      outer loop
         vertex 0.00417 -0.00295813 0.00186
         vertex 0.00409388 -0.00295813 0.00224268
         vertex 0.00409388 0.00174187 0.00224268
      endloop
   endfacet
   facet normal -0.92388 0 -0.382683
      outer loop
         vertex 0.00409388 0.00174187 0.00224268
         vertex 0.00417 0.00174187 0.00186
         vertex 0.00417 -0.00295813 0.00186
      endloop
   endfacet
   facet normal -0.707107 0 -0.707107
      outer loop
         vertex 0.00387711 0.00174187 0.00256711
         vertex 0.00409388 0.00174187 0.00224268
         vertex 0.00409388 -0.00295813 0.00224268
      endloop
   endfacet
   facet normal -0.382683 0 -0.92388
      outer loop
         vertex 0.00355268 0.00174187 0.00278388
         vertex 0.00387711 0.00174187 0.00256711
         vertex 0.00387711 -0.00295813 0.00256711
      endloop
   endfacet
   facet normal 0 0 -1
      outer loop
         vertex 0.00317 0.00174187 0.00286
         vertex 0.00355268 0.00174187 0.00278388
         vertex 0.00355268 -0.00295813 0.00278388
      endloop
   endfacet
   facet normal 0 0 -1
      outer loop
         vertex -0.00317 -0.00295813 0.00286
         vertex -0.00317 0.00174187 0.00286
         vertex 0.00317 0.00174187 0.00286
      endloop
   endfacet
   facet normal 0 0 -1
      outer loop
         vertex 0.00317 0.00174187 0.00286
         vertex 0.00317 -0.00295813 0.00286
         vertex -0.00317 -0.00295813 0.00286
      endloop
   endfacet
   facet normal -0.92388 0 0.382683
      outer loop
         vertex 0.00409388 4.18659e-05 0.000917317
         vertex 0.00417 4.18659e-05 0.0013
         vertex 0.00417 0.00174187 0.0013
      endloop
   endfacet
   facet normal -0.707107 0 0.707107
      outer loop
         vertex 0.00387711 4.18659e-05 0.000592893
         vertex 0.00409388 4.18659e-05 0.000917317
         vertex 0.00409388 0.00174187 0.000917317
      endloop
   endfacet
   facet normal -0.382683 0 0.92388
      outer loop
         vertex 0.00355268 4.18659e-05 0.00037612
         vertex 0.00387711 4.18659e-05 0.000592893
         vertex 0.00387711 0.00174187 0.000592893
      endloop
   endfacet
   facet normal 0 0 1
      outer loop
         vertex 0.00317 4.18659e-05 0.0003
         vertex 0.00355268 4.18659e-05 0.00037612
         vertex 0.00355268 0.00174187 0.00037612
      endloop
   endfacet
   facet normal -0.382683 0 0.92388
      outer loop
         vertex 0.00355268 0.00174187 0.00037612
         vertex 0.00317 0.00174187 0.0003
         vertex 0.00317 4.18659e-05 0.0003
      endloop
   endfacet
   facet normal -0.707107 0 0.707107
      outer loop
         vertex 0.00387711 0.00174187 0.000592893
         vertex 0.00355268 0.00174187 0.00037612
         vertex 0.00355268 4.18659e-05 0.00037612
      endloop
   endfacet
   facet normal -0.92388 0 0.382683
      outer loop
         vertex 0.00409388 0.00174187 0.000917317
         vertex 0.00387711 0.00174187 0.000592893
         vertex 0.00387711 4.18659e-05 0.000592893
      endloop
   endfacet
   facet normal -1 0 2.1684e-16
      outer loop
         vertex 0.00417 0.00174187 0.0013
         vertex 0.00409388 0.00174187 0.000917317
         vertex 0.00409388 4.18659e-05 0.000917317
      endloop
   endfacet
   facet normal 0.382683 0 0.92388
      outer loop
         vertex -0.00355268 4.18659e-05 0.00037612
         vertex -0.00317 4.18659e-05 0.0003
         vertex -0.00317 0.00174187 0.0003
      endloop
   endfacet
   facet normal 0.707107 0 0.707107
      outer loop
         vertex -0.00387711 4.18659e-05 0.000592893
         vertex -0.00355268 4.18659e-05 0.00037612
         vertex -0.00355268 0.00174187 0.00037612
      endloop
   endfacet
   facet normal 0.92388 0 0.382683
      outer loop
         vertex -0.00409388 4.18659e-05 0.000917317
         vertex -0.00387711 4.18659e-05 0.000592893
         vertex -0.00387711 0.00174187 0.000592893
      endloop
   endfacet
   facet normal 1 0 0
      outer loop
         vertex -0.00417 4.18659e-05 0.0013
         vertex -0.00409388 4.18659e-05 0.000917317
         vertex -0.00409388 0.00174187 0.000917317
      endloop
   endfacet
   facet normal 0.92388 0 0.382683
      outer loop
         vertex -0.00409388 0.00174187 0.000917317
         vertex -0.00417 0.00174187 0.0013
         vertex -0.00417 4.18659e-05 0.0013
      endloop
   endfacet
   facet normal 0.707107 0 0.707107
      outer loop
         vertex -0.00387711 0.00174187 0.000592893
         vertex -0.00409388 0.00174187 0.000917317
         vertex -0.00409388 4.18659e-05 0.000917317
      endloop
   endfacet
   facet normal 0.382683 0 0.92388
      outer loop
         vertex -0.00355268 0.00174187 0.00037612
         vertex -0.00387711 0.00174187 0.000592893
         vertex -0.00387711 4.18659e-05 0.000592893
      endloop
   endfacet
   facet normal 0 0 1
      outer loop
         vertex -0.00317 0.00174187 0.0003
         vertex -0.00355268 0.00174187 0.00037612
         vertex -0.00355268 4.18659e-05 0.00037612
      endloop
   endfacet
   facet normal 0 -1 0
      outer loop
         vertex -0.00447 4.18659e-05 0.00138
         vertex -0.00447 4.18659e-05 0.0013
         vertex -0.00417 4.18659e-05 0.0013
      endloop
   endfacet
   facet normal 0 -1 0
      outer loop
         vertex -0.00437104 4.18659e-05 0.000802512
         vertex -0.00409388 4.18659e-05 0.000917317
         vertex -0.00417 4.18659e-05 0.0013
      endloop
   endfacet
   facet normal 0 -1 0
      outer loop
         vertex -0.00417 4.18659e-05 0.0013
         vertex -0.00447 4.18659e-05 0.0013
         vertex -0.00437104 4.18659e-05 0.000802512
      endloop
   endfacet
   facet normal 0 -1 0
      outer loop
         vertex -0.00408924 4.18659e-05 0.000380761
         vertex -0.00387711 4.18659e-05 0.000592893
         vertex -0.00409388 4.18659e-05 0.000917317
      endloop
   endfacet
   facet normal 0 -1 0
      outer loop
         vertex -0.00409388 4.18659e-05 0.000917317
         vertex -0.00437104 4.18659e-05 0.000802512
         vertex -0.00408924 4.18659e-05 0.000380761
      endloop
   endfacet
   facet normal 0 -1 0
      outer loop
         vertex -0.00366749 4.18659e-05 9.89566e-05
         vertex -0.00355268 4.18659e-05 0.00037612
         vertex -0.00387711 4.18659e-05 0.000592893
      endloop
   endfacet
   facet normal 0 -1 0
      outer loop
         vertex -0.00317 4.18659e-05 2.56541e-18
         vertex -0.00317 4.18659e-05 0.0003
         vertex -0.00355268 4.18659e-05 0.00037612
      endloop
   endfacet
   facet normal 0 -1 0
      outer loop
         vertex -0.00227 4.18659e-05 0.0003
         vertex -0.00317 4.18659e-05 0.0003
         vertex -0.00317 4.18659e-05 2.56541e-18
      endloop
   endfacet
   facet normal 0 -1 0
      outer loop
         vertex -0.00387711 4.18659e-05 0.000592893
         vertex -0.00408924 4.18659e-05 0.000380761
         vertex -0.00366749 4.18659e-05 9.89566e-05
      endloop
   endfacet
   facet normal 0 -1 0
      outer loop
         vertex -0.00317 4.18659e-05 2.56541e-18
         vertex -0.00227 4.18659e-05 2.09221e-18
         vertex -0.00227 4.18659e-05 0.0003
      endloop
   endfacet
   facet normal 0 -1 0
      outer loop
         vertex -0.00355268 4.18659e-05 0.00037612
         vertex -0.00366749 4.18659e-05 9.89566e-05
         vertex -0.00317 4.18659e-05 2.56541e-18
      endloop
   endfacet
   facet normal 0 -1 0
      outer loop
         vertex -0.00417 4.18659e-05 0.0013
         vertex -0.00417 4.18659e-05 0.00138
         vertex -0.00447 4.18659e-05 0.00138
      endloop
   endfacet
   facet normal -0.92388 -0.382683 0
      outer loop
         vertex -0.00213142 -5.07316e-05 1.73472e-18
         vertex -0.00212 -0.000108134 1.90884e-18
         vertex -0.00212 -0.000108134 0.0003
      endloop
   endfacet
   facet normal -0.707107 -0.707107 0
      outer loop
         vertex -0.00216393 -2.06809e-06 1.73472e-18
         vertex -0.00213142 -5.07316e-05 1.73472e-18
         vertex -0.00213142 -5.07316e-05 0.0003
      endloop
   endfacet
   facet normal -0.382683 -0.92388 0
      outer loop
         vertex -0.0022126 3.04478e-05 1.73472e-18
         vertex -0.00216393 -2.06809e-06 1.73472e-18
         vertex -0.00216393 -2.06809e-06 0.0003
      endloop
   endfacet
   facet normal 0 -1 0
      outer loop
         vertex -0.00227 4.18659e-05 2.09221e-18
         vertex -0.0022126 3.04478e-05 1.73472e-18
         vertex -0.0022126 3.04478e-05 0.0003
      endloop
   endfacet
   facet normal -0.382683 -0.92388 0
      outer loop
         vertex -0.0022126 3.04478e-05 0.0003
         vertex -0.00227 4.18659e-05 0.0003
         vertex -0.00227 4.18659e-05 2.09221e-18
      endloop
   endfacet
   facet normal -0.707107 -0.707107 0
      outer loop
         vertex -0.00216393 -2.06809e-06 0.0003
         vertex -0.0022126 3.04478e-05 0.0003
         vertex -0.0022126 3.04478e-05 1.73472e-18
      endloop
   endfacet
   facet normal -0.92388 -0.382683 0
      outer loop
         vertex -0.00213142 -5.07316e-05 0.0003
         vertex -0.00216393 -2.06809e-06 0.0003
         vertex -0.00216393 -2.06809e-06 1.73472e-18
      endloop
   endfacet
   facet normal -1 0 0
      outer loop
         vertex -0.00212 -0.000108134 0.0003
         vertex -0.00213142 -5.07316e-05 0.0003
         vertex -0.00213142 -5.07316e-05 1.73472e-18
      endloop
   endfacet
   facet normal -1 0 0
      outer loop
         vertex -0.00212 -0.000108134 1.90884e-18
         vertex -0.00212 -0.00190813 1.93839e-18
         vertex -0.00212 -0.00190813 0.0003
      endloop
   endfacet
   facet normal -1 0 0
      outer loop
         vertex -0.00212 -0.00190813 0.0003
         vertex -0.00212 -0.000108134 0.0003
         vertex -0.00212 -0.000108134 1.90884e-18
      endloop
   endfacet
   facet normal -0.92388 0.382683 0
      outer loop
         vertex -0.00213142 -0.00196554 0.0003
         vertex -0.00212 -0.00190813 0.0003
         vertex -0.00212 -0.00190813 1.93839e-18
      endloop
   endfacet
   facet normal -0.707107 0.707107 0
      outer loop
         vertex -0.00216393 -0.0020142 0.0003
         vertex -0.00213142 -0.00196554 0.0003
         vertex -0.00213142 -0.00196554 1.73472e-18
      endloop
   endfacet
   facet normal -0.382683 0.92388 0
      outer loop
         vertex -0.0022126 -0.00204672 0.0003
         vertex -0.00216393 -0.0020142 0.0003
         vertex -0.00216393 -0.0020142 1.73472e-18
      endloop
   endfacet
   facet normal 0 1 0
      outer loop
         vertex -0.00227 -0.00205813 0.0003
         vertex -0.0022126 -0.00204672 0.0003
         vertex -0.0022126 -0.00204672 1.73472e-18
      endloop
   endfacet
   facet normal -0.382683 0.92388 0
      outer loop
         vertex -0.0022126 -0.00204672 1.73472e-18
         vertex -0.00227 -0.00205813 1.94765e-18
         vertex -0.00227 -0.00205813 0.0003
      endloop
   endfacet
   facet normal -0.707107 0.707107 0
      outer loop
         vertex -0.00216393 -0.0020142 1.73472e-18
         vertex -0.0022126 -0.00204672 1.73472e-18
         vertex -0.0022126 -0.00204672 0.0003
      endloop
   endfacet
   facet normal -0.92388 0.382683 0
      outer loop
         vertex -0.00213142 -0.00196554 1.73472e-18
         vertex -0.00216393 -0.0020142 1.73472e-18
         vertex -0.00216393 -0.0020142 0.0003
      endloop
   endfacet
   facet normal -1 0 0
      outer loop
         vertex -0.00212 -0.00190813 1.93839e-18
         vertex -0.00213142 -0.00196554 1.73472e-18
         vertex -0.00213142 -0.00196554 0.0003
      endloop
   endfacet
   facet normal 0 0.92388 -0.382683
      outer loop
         vertex -0.00417 -0.000246716 0.0014374
         vertex -0.00417 -0.000258134 0.00138
         vertex -0.00447 -0.000258134 0.00138
      endloop
   endfacet
   facet normal 0 0.707107 -0.707107
      outer loop
         vertex -0.00417 -0.0002142 0.00148607
         vertex -0.00417 -0.000246716 0.0014374
         vertex -0.00447 -0.000246716 0.0014374
      endloop
   endfacet
   facet normal 0 0.382683 -0.92388
      outer loop
         vertex -0.00417 -0.000165537 0.00151858
         vertex -0.00417 -0.0002142 0.00148607
         vertex -0.00447 -0.0002142 0.00148607
      endloop
   endfacet
   facet normal 0 6.43249e-16 -1
      outer loop
         vertex -0.00417 -0.000108134 0.00153
         vertex -0.00417 -0.000165537 0.00151858
         vertex -0.00447 -0.000165537 0.00151858
      endloop
   endfacet
   facet normal 0 -0.382683 -0.92388
      outer loop
         vertex -0.00417 -5.07316e-05 0.00151858
         vertex -0.00417 -0.000108134 0.00153
         vertex -0.00447 -0.000108134 0.00153
      endloop
   endfacet
   facet normal 0 -0.707107 -0.707107
      outer loop
         vertex -0.00417 -2.06809e-06 0.00148607
         vertex -0.00417 -5.07316e-05 0.00151858
         vertex -0.00447 -5.07316e-05 0.00151858
      endloop
   endfacet
   facet normal 0 -0.92388 -0.382683
      outer loop
         vertex -0.00417 3.04478e-05 0.0014374
         vertex -0.00417 -2.06809e-06 0.00148607
         vertex -0.00447 -2.06809e-06 0.00148607
      endloop
   endfacet
   facet normal 0 -1 9.39642e-14
      outer loop
         vertex -0.00417 4.18659e-05 0.00138
         vertex -0.00417 3.04478e-05 0.0014374
         vertex -0.00447 3.04478e-05 0.0014374
      endloop
   endfacet
   facet normal 0 -0.92388 -0.382683
      outer loop
         vertex -0.00447 3.04478e-05 0.0014374
         vertex -0.00447 4.18659e-05 0.00138
         vertex -0.00417 4.18659e-05 0.00138
      endloop
   endfacet
   facet normal 0 -0.707107 -0.707107
      outer loop
         vertex -0.00447 -2.06809e-06 0.00148607
         vertex -0.00447 3.04478e-05 0.0014374
         vertex -0.00417 3.04478e-05 0.0014374
      endloop
   endfacet
   facet normal 0 -0.382683 -0.92388
      outer loop
         vertex -0.00447 -5.07316e-05 0.00151858
         vertex -0.00447 -2.06809e-06 0.00148607
         vertex -0.00417 -2.06809e-06 0.00148607
      endloop
   endfacet
   facet normal 0 6.43249e-16 -1
      outer loop
         vertex -0.00447 -0.000108134 0.00153
         vertex -0.00447 -5.07316e-05 0.00151858
         vertex -0.00417 -5.07316e-05 0.00151858
      endloop
   endfacet
   facet normal 0 0.382683 -0.92388
      outer loop
         vertex -0.00447 -0.000165537 0.00151858
         vertex -0.00447 -0.000108134 0.00153
         vertex -0.00417 -0.000108134 0.00153
      endloop
   endfacet
   facet normal 0 0.707107 -0.707107
      outer loop
         vertex -0.00447 -0.0002142 0.00148607
         vertex -0.00447 -0.000165537 0.00151858
         vertex -0.00417 -0.000165537 0.00151858
      endloop
   endfacet
   facet normal 0 0.92388 -0.382683
      outer loop
         vertex -0.00447 -0.000246716 0.0014374
         vertex -0.00447 -0.0002142 0.00148607
         vertex -0.00417 -0.0002142 0.00148607
      endloop
   endfacet
   facet normal 0 1 0
      outer loop
         vertex -0.00447 -0.000258134 0.00138
         vertex -0.00447 -0.000246716 0.0014374
         vertex -0.00417 -0.000246716 0.0014374
      endloop
   endfacet
   facet normal 0 1 0
      outer loop
         vertex -0.00447 -0.000258134 -0.00065
         vertex -0.00447 -0.000258134 0.00138
         vertex -0.00417 -0.000258134 0.00138
      endloop
   endfacet
   facet normal 0 1 0
      outer loop
         vertex -0.00417 -0.000258134 0.00138
         vertex -0.00417 -0.000258134 -0.00065
         vertex -0.00447 -0.000258134 -0.00065
      endloop
   endfacet
   facet normal 0 1 0
      outer loop
         vertex -0.00447 -0.000258134 -0.00065
         vertex -0.00417 -0.000258134 -0.00065
         vertex -0.00417 -0.000269552 -0.000707403
      endloop
   endfacet
   facet normal 0 0.92388 -0.382683
      outer loop
         vertex -0.00447 -0.000269552 -0.000707403
         vertex -0.00417 -0.000269552 -0.000707403
         vertex -0.00417 -0.000302068 -0.000756066
      endloop
   endfacet
   facet normal 0 0.707107 -0.707107
      outer loop
         vertex -0.00447 -0.000302068 -0.000756066
         vertex -0.00417 -0.000302068 -0.000756066
         vertex -0.00417 -0.000350732 -0.000788582
      endloop
   endfacet
   facet normal 0 0.382683 -0.92388
      outer loop
         vertex -0.00447 -0.000350732 -0.000788582
         vertex -0.00417 -0.000350732 -0.000788582
         vertex -0.00417 -0.000408134 -0.0008
      endloop
   endfacet
   facet normal 0 0 -1
      outer loop
         vertex -0.00417 -0.000408134 -0.0008
         vertex -0.00447 -0.000408134 -0.0008
         vertex -0.00447 -0.000350732 -0.000788582
      endloop
   endfacet
   facet normal 0 0.382683 -0.92388
      outer loop
         vertex -0.00417 -0.000350732 -0.000788582
         vertex -0.00447 -0.000350732 -0.000788582
         vertex -0.00447 -0.000302068 -0.000756066
      endloop
   endfacet
   facet normal 0 0.707107 -0.707107
      outer loop
         vertex -0.00417 -0.000302068 -0.000756066
         vertex -0.00447 -0.000302068 -0.000756066
         vertex -0.00447 -0.000269552 -0.000707403
      endloop
   endfacet
   facet normal 0 0.92388 -0.382683
      outer loop
         vertex -0.00417 -0.000269552 -0.000707403
         vertex -0.00447 -0.000269552 -0.000707403
         vertex -0.00447 -0.000258134 -0.00065
      endloop
   endfacet
   facet normal 0 0 -1
      outer loop
         vertex -0.00417 -0.00160813 -0.0008
         vertex -0.00447 -0.00160813 -0.0008
         vertex -0.00447 -0.000408134 -0.0008
      endloop
   endfacet
   facet normal 0 0 -1
      outer loop
         vertex -0.00447 -0.000408134 -0.0008
         vertex -0.00417 -0.000408134 -0.0008
         vertex -0.00417 -0.00160813 -0.0008
      endloop
   endfacet
   facet normal 0 -1 -9.32414e-14
      outer loop
         vertex -0.00417 -0.00175813 -0.00065
         vertex -0.00447 -0.00175813 -0.00065
         vertex -0.00447 -0.00174672 -0.000707403
      endloop
   endfacet
   facet normal 0 -0.92388 -0.382683
      outer loop
         vertex -0.00417 -0.00174672 -0.000707403
         vertex -0.00447 -0.00174672 -0.000707403
         vertex -0.00447 -0.0017142 -0.000756066
      endloop
   endfacet
   facet normal 0 -0.707107 -0.707107
      outer loop
         vertex -0.00417 -0.0017142 -0.000756066
         vertex -0.00447 -0.0017142 -0.000756066
         vertex -0.00447 -0.00166554 -0.000788582
      endloop
   endfacet
   facet normal 0 -0.382683 -0.92388
      outer loop
         vertex -0.00417 -0.00166554 -0.000788582
         vertex -0.00447 -0.00166554 -0.000788582
         vertex -0.00447 -0.00160813 -0.0008
      endloop
   endfacet
   facet normal 0 0 -1
      outer loop
         vertex -0.00447 -0.00160813 -0.0008
         vertex -0.00417 -0.00160813 -0.0008
         vertex -0.00417 -0.00166554 -0.000788582
      endloop
   endfacet
   facet normal 0 -0.382683 -0.92388
      outer loop
         vertex -0.00447 -0.00166554 -0.000788582
         vertex -0.00417 -0.00166554 -0.000788582
         vertex -0.00417 -0.0017142 -0.000756066
      endloop
   endfacet
   facet normal 0 -0.707107 -0.707107
      outer loop
         vertex -0.00447 -0.0017142 -0.000756066
         vertex -0.00417 -0.0017142 -0.000756066
         vertex -0.00417 -0.00174672 -0.000707403
      endloop
   endfacet
   facet normal 0 -0.92388 -0.382683
      outer loop
         vertex -0.00447 -0.00174672 -0.000707403
         vertex -0.00417 -0.00174672 -0.000707403
         vertex -0.00417 -0.00175813 -0.00065
      endloop
   endfacet
   facet normal 0 -1 0
      outer loop
         vertex -0.00417 -0.00175813 0.00138
         vertex -0.00447 -0.00175813 0.00138
         vertex -0.00447 -0.00175813 -0.00065
      endloop
   endfacet
   facet normal 0 -1 0
      outer loop
         vertex -0.00447 -0.00175813 -0.00065
         vertex -0.00417 -0.00175813 -0.00065
         vertex -0.00417 -0.00175813 0.00138
      endloop
   endfacet
   facet normal 0 -0.92388 -0.382683
      outer loop
         vertex -0.00447 -0.00176955 0.0014374
         vertex -0.00447 -0.00175813 0.00138
         vertex -0.00417 -0.00175813 0.00138
      endloop
   endfacet
   facet normal 0 -0.707107 -0.707107
      outer loop
         vertex -0.00447 -0.00180207 0.00148607
         vertex -0.00447 -0.00176955 0.0014374
         vertex -0.00417 -0.00176955 0.0014374
      endloop
   endfacet
   facet normal 0 -0.382683 -0.92388
      outer loop
         vertex -0.00447 -0.00185073 0.00151858
         vertex -0.00447 -0.00180207 0.00148607
         vertex -0.00417 -0.00180207 0.00148607
      endloop
   endfacet
   facet normal 0 1.22465e-16 -1
      outer loop
         vertex -0.00447 -0.00190813 0.00153
         vertex -0.00447 -0.00185073 0.00151858
         vertex -0.00417 -0.00185073 0.00151858
      endloop
   endfacet
   facet normal 0 0.382683 -0.92388
      outer loop
         vertex -0.00447 -0.00196554 0.00151858
         vertex -0.00447 -0.00190813 0.00153
         vertex -0.00417 -0.00190813 0.00153
      endloop
   endfacet
   facet normal 0 0.707107 -0.707107
      outer loop
         vertex -0.00447 -0.0020142 0.00148607
         vertex -0.00447 -0.00196554 0.00151858
         vertex -0.00417 -0.00196554 0.00151858
      endloop
   endfacet
   facet normal 0 0.92388 -0.382683
      outer loop
         vertex -0.00447 -0.00204672 0.0014374
         vertex -0.00447 -0.0020142 0.00148607
         vertex -0.00417 -0.0020142 0.00148607
      endloop
   endfacet
   facet normal 0 1 -9.39642e-14
      outer loop
         vertex -0.00447 -0.00205813 0.00138
         vertex -0.00447 -0.00204672 0.0014374
         vertex -0.00417 -0.00204672 0.0014374
      endloop
   endfacet
   facet normal 0 0.92388 -0.382683
      outer loop
         vertex -0.00417 -0.00204672 0.0014374
         vertex -0.00417 -0.00205813 0.00138
         vertex -0.00447 -0.00205813 0.00138
      endloop
   endfacet
   facet normal 0 0.707107 -0.707107
      outer loop
         vertex -0.00417 -0.0020142 0.00148607
         vertex -0.00417 -0.00204672 0.0014374
         vertex -0.00447 -0.00204672 0.0014374
      endloop
   endfacet
   facet normal 0 0.382683 -0.92388
      outer loop
         vertex -0.00417 -0.00196554 0.00151858
         vertex -0.00417 -0.0020142 0.00148607
         vertex -0.00447 -0.0020142 0.00148607
      endloop
   endfacet
   facet normal 0 1.22465e-16 -1
      outer loop
         vertex -0.00417 -0.00190813 0.00153
         vertex -0.00417 -0.00196554 0.00151858
         vertex -0.00447 -0.00196554 0.00151858
      endloop
   endfacet
   facet normal 0 -0.382683 -0.92388
      outer loop
         vertex -0.00417 -0.00185073 0.00151858
         vertex -0.00417 -0.00190813 0.00153
         vertex -0.00447 -0.00190813 0.00153
      endloop
   endfacet
   facet normal 0 -0.707107 -0.707107
      outer loop
         vertex -0.00417 -0.00180207 0.00148607
         vertex -0.00417 -0.00185073 0.00151858
         vertex -0.00447 -0.00185073 0.00151858
      endloop
   endfacet
   facet normal 0 -0.92388 -0.382683
      outer loop
         vertex -0.00417 -0.00176955 0.0014374
         vertex -0.00417 -0.00180207 0.00148607
         vertex -0.00447 -0.00180207 0.00148607
      endloop
   endfacet
   facet normal 0 -1 0
      outer loop
         vertex -0.00417 -0.00175813 0.00138
         vertex -0.00417 -0.00176955 0.0014374
         vertex -0.00447 -0.00176955 0.0014374
      endloop
   endfacet
   facet normal 1 0 0
      outer loop
         vertex -0.00417 -0.00166554 -0.000788582
         vertex -0.00417 -0.00175813 -0.00065
         vertex -0.00417 -0.00174672 -0.000707403
      endloop
   endfacet
   facet normal 1 0 0
      outer loop
         vertex -0.00417 -0.000408134 -0.0008
         vertex -0.00417 -0.000350732 -0.000788582
         vertex -0.00417 -0.000302068 -0.000756066
      endloop
   endfacet
   facet normal 1 0 0
      outer loop
         vertex -0.00417 -0.00174672 -0.000707403
         vertex -0.00417 -0.0017142 -0.000756066
         vertex -0.00417 -0.00166554 -0.000788582
      endloop
   endfacet
   facet normal 1 0 0
      outer loop
         vertex -0.00417 -0.000302068 -0.000756066
         vertex -0.00417 -0.000269552 -0.000707403
         vertex -0.00417 -0.000408134 -0.0008
      endloop
   endfacet
   facet normal 1 0 0
      outer loop
         vertex -0.00417 -0.00166554 -0.000788582
         vertex -0.00417 -0.00160813 -0.0008
         vertex -0.00417 -0.00175813 -0.00065
      endloop
   endfacet
   facet normal 1 0 0
      outer loop
         vertex -0.00417 -0.000258134 0.00138
         vertex -0.00417 -0.00175813 0.00138
         vertex -0.00417 -0.00175813 -0.00065
      endloop
   endfacet
   facet normal 1 0 0
      outer loop
         vertex -0.00417 -0.000246716 0.0014374
         vertex -0.00417 -0.00295813 0.00186
         vertex -0.00417 -0.00190813 0.00153
      endloop
   endfacet
   facet normal 1 0 0
      outer loop
         vertex -0.00417 -0.00295813 0.00186
         vertex -0.00417 -0.0020142 0.00148607
         vertex -0.00417 -0.00196554 0.00151858
      endloop
   endfacet
   facet normal 1 0 0
      outer loop
         vertex -0.00417 0.00174187 0.00186
         vertex -0.00417 -0.000108134 0.00153
         vertex -0.00417 -5.07316e-05 0.00151858
      endloop
   endfacet
   facet normal 1 0 0
      outer loop
         vertex -0.00417 -0.00295813 0.00186
         vertex -0.00417 -0.000165537 0.00151858
         vertex -0.00417 -0.000108134 0.00153
      endloop
   endfacet
   facet normal 1 0 0
      outer loop
         vertex -0.00417 -0.000269552 -0.000707403
         vertex -0.00417 -0.000258134 -0.00065
         vertex -0.00417 -0.000408134 -0.0008
      endloop
   endfacet
   facet normal 1 0 0
      outer loop
         vertex -0.00417 -0.00175813 -0.00065
         vertex -0.00417 -0.000408134 -0.0008
         vertex -0.00417 -0.000258134 0.00138
      endloop
   endfacet
   facet normal 1 0 0
      outer loop
         vertex -0.00417 -0.00196554 0.00151858
         vertex -0.00417 -0.00190813 0.00153
         vertex -0.00417 -0.00295813 0.00186
      endloop
   endfacet
   facet normal 1 0 0
      outer loop
         vertex -0.00417 -0.00295813 0.00186
         vertex -0.00417 -0.00295813 0.0013
         vertex -0.00417 -0.00205813 0.00138
      endloop
   endfacet
   facet normal 1 0 0
      outer loop
         vertex -0.00417 -0.000108134 0.00153
         vertex -0.00417 0.00174187 0.00186
         vertex -0.00417 -0.00295813 0.00186
      endloop
   endfacet
   facet normal 1 0 0
      outer loop
         vertex -0.00417 -0.00295813 0.00186
         vertex -0.00417 -0.000246716 0.0014374
         vertex -0.00417 -0.0002142 0.00148607
      endloop
   endfacet
   facet normal 1 0 0
      outer loop
         vertex -0.00417 -0.00160813 -0.0008
         vertex -0.00417 -0.000408134 -0.0008
         vertex -0.00417 -0.00175813 -0.00065
      endloop
   endfacet
   facet normal 1 0 0
      outer loop
         vertex -0.00417 -0.00295813 0.00186
         vertex -0.00417 -0.00204672 0.0014374
         vertex -0.00417 -0.0020142 0.00148607
      endloop
   endfacet
   facet normal 1 0 0
      outer loop
         vertex -0.00417 -0.00295813 0.0013
         vertex -0.00417 -0.00205813 0.0013
         vertex -0.00417 -0.00205813 0.00138
      endloop
   endfacet
   facet normal 1 0 0
      outer loop
         vertex -0.00417 0.00174187 0.00186
         vertex -0.00417 3.04478e-05 0.0014374
         vertex -0.00417 4.18659e-05 0.00138
      endloop
   endfacet
   facet normal 1 0 0
      outer loop
         vertex -0.00417 -0.0002142 0.00148607
         vertex -0.00417 -0.000165537 0.00151858
         vertex -0.00417 -0.00295813 0.00186
      endloop
   endfacet
   facet normal 1 0 0
      outer loop
         vertex -0.00417 -0.000258134 -0.00065
         vertex -0.00417 -0.000258134 0.00138
         vertex -0.00417 -0.000408134 -0.0008
      endloop
   endfacet
   facet normal 1 0 0
      outer loop
         vertex -0.00417 -0.000246716 0.0014374
         vertex -0.00417 -0.00185073 0.00151858
         vertex -0.00417 -0.00180207 0.00148607
      endloop
   endfacet
   facet normal 1 0 0
      outer loop
         vertex -0.00417 -0.00205813 0.00138
         vertex -0.00417 -0.00204672 0.0014374
         vertex -0.00417 -0.00295813 0.00186
      endloop
   endfacet
   facet normal 1 0 0
      outer loop
         vertex -0.00417 4.18659e-05 0.00138
         vertex -0.00417 0.00174187 0.0013
         vertex -0.00417 0.00174187 0.00186
      endloop
   endfacet
   facet normal 1 0 0
      outer loop
         vertex -0.00417 -5.07316e-05 0.00151858
         vertex -0.00417 -2.06809e-06 0.00148607
         vertex -0.00417 0.00174187 0.00186
      endloop
   endfacet
   facet normal 1 0 0
      outer loop
         vertex -0.00417 -0.000246716 0.0014374
         vertex -0.00417 -0.00176955 0.0014374
         vertex -0.00417 -0.00175813 0.00138
      endloop
   endfacet
   facet normal 1 0 0
      outer loop
         vertex -0.00417 -0.00190813 0.00153
         vertex -0.00417 -0.00185073 0.00151858
         vertex -0.00417 -0.000246716 0.0014374
      endloop
   endfacet
   facet normal 1 0 0
      outer loop
         vertex -0.00417 -2.06809e-06 0.00148607
         vertex -0.00417 3.04478e-05 0.0014374
         vertex -0.00417 0.00174187 0.00186
      endloop
   endfacet
   facet normal 1 0 0
      outer loop
         vertex -0.00417 -0.00180207 0.00148607
         vertex -0.00417 -0.00176955 0.0014374
         vertex -0.00417 -0.000246716 0.0014374
      endloop
   endfacet
   facet normal 1 0 0
      outer loop
         vertex -0.00417 -0.000258134 0.00138
         vertex -0.00417 -0.000246716 0.0014374
         vertex -0.00417 -0.00175813 0.00138
      endloop
   endfacet
   facet normal 1 0 0
      outer loop
         vertex -0.00417 4.18659e-05 0.00138
         vertex -0.00417 4.18659e-05 0.0013
         vertex -0.00417 0.00174187 0.0013
      endloop
   endfacet
   facet normal 0.382683 0 0.92388
      outer loop
         vertex -0.00355268 -0.00295813 0.00037612
         vertex -0.00317 -0.00295813 0.0003
         vertex -0.00317 -0.00205813 0.0003
      endloop
   endfacet
   facet normal 0.707107 0 0.707107
      outer loop
         vertex -0.00387711 -0.00295813 0.000592893
         vertex -0.00355268 -0.00295813 0.00037612
         vertex -0.00355268 -0.00205813 0.00037612
      endloop
   endfacet
   facet normal 0.92388 0 0.382683
      outer loop
         vertex -0.00409388 -0.00295813 0.000917317
         vertex -0.00387711 -0.00295813 0.000592893
         vertex -0.00387711 -0.00205813 0.000592893
      endloop
   endfacet
   facet normal 1 0 0
      outer loop
         vertex -0.00417 -0.00295813 0.0013
         vertex -0.00409388 -0.00295813 0.000917317
         vertex -0.00409388 -0.00205813 0.000917317
      endloop
   endfacet
   facet normal 0.92388 0 0.382683
      outer loop
         vertex -0.00409388 -0.00205813 0.000917317
         vertex -0.00417 -0.00205813 0.0013
         vertex -0.00417 -0.00295813 0.0013
      endloop
   endfacet
   facet normal 0.707107 0 0.707107
      outer loop
         vertex -0.00387711 -0.00205813 0.000592893
         vertex -0.00409388 -0.00205813 0.000917317
         vertex -0.00409388 -0.00295813 0.000917317
      endloop
   endfacet
   facet normal 0.382683 0 0.92388
      outer loop
         vertex -0.00355268 -0.00205813 0.00037612
         vertex -0.00387711 -0.00205813 0.000592893
         vertex -0.00387711 -0.00295813 0.000592893
      endloop
   endfacet
   facet normal 0 0 1
      outer loop
         vertex -0.00317 -0.00205813 0.0003
         vertex -0.00355268 -0.00205813 0.00037612
         vertex -0.00355268 -0.00295813 0.00037612
      endloop
   endfacet
   facet normal 0 1 0
      outer loop
         vertex -0.00437104 -0.00205813 0.000802512
         vertex -0.00447 -0.00205813 0.0013
         vertex -0.00417 -0.00205813 0.0013
      endloop
   endfacet
   facet normal 0 1 0
      outer loop
         vertex -0.00417 -0.00205813 0.00138
         vertex -0.00417 -0.00205813 0.0013
         vertex -0.00447 -0.00205813 0.0013
      endloop
   endfacet
   facet normal 0 1 0
      outer loop
         vertex -0.00408924 -0.00205813 0.000380761
         vertex -0.00437104 -0.00205813 0.000802512
         vertex -0.00409388 -0.00205813 0.000917317
      endloop
   endfacet
   facet normal 0 1 0
      outer loop
         vertex -0.00447 -0.00205813 0.0013
         vertex -0.00447 -0.00205813 0.00138
         vertex -0.00417 -0.00205813 0.00138
      endloop
   endfacet
   facet normal 0 1 0
      outer loop
         vertex -0.00227 -0.00205813 0.0003
         vertex -0.00227 -0.00205813 1.94765e-18
         vertex -0.00317 -0.00205813 2.56541e-18
      endloop
   endfacet
   facet normal 0 1 0
      outer loop
         vertex -0.00317 -0.00205813 2.56541e-18
         vertex -0.00366749 -0.00205813 9.89566e-05
         vertex -0.00355268 -0.00205813 0.00037612
      endloop
   endfacet
   facet normal 0 1 0
      outer loop
         vertex -0.00366749 -0.00205813 9.89566e-05
         vertex -0.00408924 -0.00205813 0.000380761
         vertex -0.00387711 -0.00205813 0.000592893
      endloop
   endfacet
   facet normal 0 1 0
      outer loop
         vertex -0.00417 -0.00205813 0.0013
         vertex -0.00409388 -0.00205813 0.000917317
         vertex -0.00437104 -0.00205813 0.000802512
      endloop
   endfacet
   facet normal 0 1 0
      outer loop
         vertex -0.00355268 -0.00205813 0.00037612
         vertex -0.00317 -0.00205813 0.0003
         vertex -0.00317 -0.00205813 2.56541e-18
      endloop
   endfacet
   facet normal 0 1 0
      outer loop
         vertex -0.00409388 -0.00205813 0.000917317
         vertex -0.00387711 -0.00205813 0.000592893
         vertex -0.00408924 -0.00205813 0.000380761
      endloop
   endfacet
   facet normal 0 1 0
      outer loop
         vertex -0.00387711 -0.00205813 0.000592893
         vertex -0.00355268 -0.00205813 0.00037612
         vertex -0.00366749 -0.00205813 9.89566e-05
      endloop
   endfacet
   facet normal 0 1 0
      outer loop
         vertex -0.00317 -0.00205813 2.56541e-18
         vertex -0.00317 -0.00205813 0.0003
         vertex -0.00227 -0.00205813 0.0003
      endloop
   endfacet
   facet normal -1 0 0
      outer loop
         vertex -0.00447 -0.00295813 0.0013
         vertex -0.00447 -0.00205813 0.0013
         vertex -0.00437104 -0.00205813 0.000802512
      endloop
   endfacet
   facet normal -0.92388 0 -0.382683
      outer loop
         vertex -0.00437104 -0.00295813 0.000802512
         vertex -0.00437104 -0.00205813 0.000802512
         vertex -0.00408924 -0.00205813 0.000380761
      endloop
   endfacet
   facet normal -0.707107 0 -0.707107
      outer loop
         vertex -0.00408924 -0.00295813 0.000380761
         vertex -0.00408924 -0.00205813 0.000380761
         vertex -0.00366749 -0.00205813 9.89566e-05
      endloop
   endfacet
   facet normal -0.382683 0 -0.92388
      outer loop
         vertex -0.00366749 -0.00295813 9.89566e-05
         vertex -0.00366749 -0.00205813 9.89566e-05
         vertex -0.00317 -0.00205813 2.56541e-18
      endloop
   endfacet
   facet normal -3.33601e-16 0 -1
      outer loop
         vertex -0.00317 -0.00205813 2.56541e-18
         vertex -0.00317 -0.00295813 2.56541e-18
         vertex -0.00366749 -0.00295813 9.89566e-05
      endloop
   endfacet
   facet normal -0.382683 0 -0.92388
      outer loop
         vertex -0.00366749 -0.00205813 9.89566e-05
         vertex -0.00366749 -0.00295813 9.89566e-05
         vertex -0.00408924 -0.00295813 0.000380761
      endloop
   endfacet
   facet normal -0.707107 0 -0.707107
      outer loop
         vertex -0.00408924 -0.00205813 0.000380761
         vertex -0.00408924 -0.00295813 0.000380761
         vertex -0.00437104 -0.00295813 0.000802512
      endloop
   endfacet
   facet normal -0.92388 0 -0.382683
      outer loop
         vertex -0.00437104 -0.00205813 0.000802512
         vertex -0.00437104 -0.00295813 0.000802512
         vertex -0.00447 -0.00295813 0.0013
      endloop
   endfacet
   facet normal 0 -1 0
      outer loop
         vertex 0.00317 4.18659e-05 0.0003
         vertex 0.00227 4.18659e-05 0.0003
         vertex 0.00227 4.18659e-05 -1.80309e-18
      endloop
   endfacet
   facet normal 0 -1 0
      outer loop
         vertex 0.00366749 4.18659e-05 9.89566e-05
         vertex 0.00355268 4.18659e-05 0.00037612
         vertex 0.00317 4.18659e-05 0.0003
      endloop
   endfacet
   facet normal 0 -1 0
      outer loop
         vertex 0.00437104 4.18659e-05 0.000802512
         vertex 0.00447 4.18659e-05 0.0013
         vertex 0.00417 4.18659e-05 0.0013
      endloop
   endfacet
   facet normal 0 -1 0
      outer loop
         vertex 0.00417 4.18659e-05 0.00138
         vertex 0.00417 4.18659e-05 0.0013
         vertex 0.00447 4.18659e-05 0.0013
      endloop
   endfacet
   facet normal 0 -1 0
      outer loop
         vertex 0.00317 4.18659e-05 0.0003
         vertex 0.00317 4.18659e-05 -2.63769e-18
         vertex 0.00366749 4.18659e-05 9.89566e-05
      endloop
   endfacet
   facet normal 0 -1 0
      outer loop
         vertex 0.00408924 4.18659e-05 0.000380761
         vertex 0.00387711 4.18659e-05 0.000592893
         vertex 0.00355268 4.18659e-05 0.00037612
      endloop
   endfacet
   facet normal 0 -1 0
      outer loop
         vertex 0.00437104 4.18659e-05 0.000802512
         vertex 0.00409388 4.18659e-05 0.000917317
         vertex 0.00387711 4.18659e-05 0.000592893
      endloop
   endfacet
   facet normal 0 -1 0
      outer loop
         vertex 0.00447 4.18659e-05 0.0013
         vertex 0.00447 4.18659e-05 0.00138
         vertex 0.00417 4.18659e-05 0.00138
      endloop
   endfacet
   facet normal 0 -1 0
      outer loop
         vertex 0.00355268 4.18659e-05 0.00037612
         vertex 0.00366749 4.18659e-05 9.89566e-05
         vertex 0.00408924 4.18659e-05 0.000380761
      endloop
   endfacet
   facet normal 0 -1 0
      outer loop
         vertex 0.00417 4.18659e-05 0.0013
         vertex 0.00409388 4.18659e-05 0.000917317
         vertex 0.00437104 4.18659e-05 0.000802512
      endloop
   endfacet
   facet normal 0 -1 0
      outer loop
         vertex 0.00387711 4.18659e-05 0.000592893
         vertex 0.00408924 4.18659e-05 0.000380761
         vertex 0.00437104 4.18659e-05 0.000802512
      endloop
   endfacet
   facet normal 0 -1 0
      outer loop
         vertex 0.00227 4.18659e-05 -1.80309e-18
         vertex 0.00317 4.18659e-05 -2.63769e-18
         vertex 0.00317 4.18659e-05 0.0003
      endloop
   endfacet
   facet normal 0.92388 -0.382683 0
      outer loop
         vertex 0.00213142 -5.07316e-05 0.0003
         vertex 0.00212 -0.000108134 0.0003
         vertex 0.00212 -0.000108134 -1.61972e-18
      endloop
   endfacet
   facet normal 0.707107 -0.707107 0
      outer loop
         vertex 0.00216393 -2.06809e-06 0.0003
         vertex 0.00213142 -5.07316e-05 0.0003
         vertex 0.00213142 -5.07316e-05 -1.73472e-18
      endloop
   endfacet
   facet normal 0.382683 -0.92388 0
      outer loop
         vertex 0.0022126 3.04478e-05 0.0003
         vertex 0.00216393 -2.06809e-06 0.0003
         vertex 0.00216393 -2.06809e-06 -1.73472e-18
      endloop
   endfacet
   facet normal 0 -1 0
      outer loop
         vertex 0.00227 4.18659e-05 0.0003
         vertex 0.0022126 3.04478e-05 0.0003
         vertex 0.0022126 3.04478e-05 -1.73472e-18
      endloop
   endfacet
   facet normal 0.382683 -0.92388 0
      outer loop
         vertex 0.0022126 3.04478e-05 -1.73472e-18
         vertex 0.00227 4.18659e-05 -1.80309e-18
         vertex 0.00227 4.18659e-05 0.0003
      endloop
   endfacet
   facet normal 0.707107 -0.707107 0
      outer loop
         vertex 0.00216393 -2.06809e-06 -1.73472e-18
         vertex 0.0022126 3.04478e-05 -1.73472e-18
         vertex 0.0022126 3.04478e-05 0.0003
      endloop
   endfacet
   facet normal 0.92388 -0.382683 0
      outer loop
         vertex 0.00213142 -5.07316e-05 -1.73472e-18
         vertex 0.00216393 -2.06809e-06 -1.73472e-18
         vertex 0.00216393 -2.06809e-06 0.0003
      endloop
   endfacet
   facet normal 1 0 0
      outer loop
         vertex 0.00212 -0.000108134 -1.61972e-18
         vertex 0.00213142 -5.07316e-05 -1.73472e-18
         vertex 0.00213142 -5.07316e-05 0.0003
      endloop
   endfacet
   facet normal 1 0 0
      outer loop
         vertex 0.00212 -0.000108134 0.0003
         vertex 0.00212 -0.00190813 0.0003
         vertex 0.00212 -0.00190813 -1.61972e-18
      endloop
   endfacet
   facet normal 1 0 0
      outer loop
         vertex 0.00212 -0.00190813 -1.61972e-18
         vertex 0.00212 -0.000108134 -1.61972e-18
         vertex 0.00212 -0.000108134 0.0003
      endloop
   endfacet
   facet normal 0.92388 0.382683 0
      outer loop
         vertex 0.00213142 -0.00196554 -1.73472e-18
         vertex 0.00212 -0.00190813 -1.61972e-18
         vertex 0.00212 -0.00190813 0.0003
      endloop
   endfacet
   facet normal 0.707107 0.707107 0
      outer loop
         vertex 0.00216393 -0.0020142 -1.73472e-18
         vertex 0.00213142 -0.00196554 -1.73472e-18
         vertex 0.00213142 -0.00196554 0.0003
      endloop
   endfacet
   facet normal 0.382683 0.92388 0
      outer loop
         vertex 0.0022126 -0.00204672 -1.73472e-18
         vertex 0.00216393 -0.0020142 -1.73472e-18
         vertex 0.00216393 -0.0020142 0.0003
      endloop
   endfacet
   facet normal 0 1 0
      outer loop
         vertex 0.00227 -0.00205813 -1.83869e-18
         vertex 0.0022126 -0.00204672 -1.73472e-18
         vertex 0.0022126 -0.00204672 0.0003
      endloop
   endfacet
   facet normal 0.382683 0.92388 0
      outer loop
         vertex 0.0022126 -0.00204672 0.0003
         vertex 0.00227 -0.00205813 0.0003
         vertex 0.00227 -0.00205813 -1.83869e-18
      endloop
   endfacet
   facet normal 0.707107 0.707107 0
      outer loop
         vertex 0.00216393 -0.0020142 0.0003
         vertex 0.0022126 -0.00204672 0.0003
         vertex 0.0022126 -0.00204672 -1.73472e-18
      endloop
   endfacet
   facet normal 0.92388 0.382683 0
      outer loop
         vertex 0.00213142 -0.00196554 0.0003
         vertex 0.00216393 -0.0020142 0.0003
         vertex 0.00216393 -0.0020142 -1.73472e-18
      endloop
   endfacet
   facet normal 1 0 0
      outer loop
         vertex 0.00212 -0.00190813 0.0003
         vertex 0.00213142 -0.00196554 0.0003
         vertex 0.00213142 -0.00196554 -1.73472e-18
      endloop
   endfacet
   facet normal 0 0 1
      outer loop
         vertex -0.00212 -0.000108134 0.0003
         vertex -0.00212 -0.00190813 0.0003
         vertex 0.00212 -0.00190813 0.0003
      endloop
   endfacet
   facet normal 0 0 1
      outer loop
         vertex -0.00212 -0.00190813 0.0003
         vertex 0.00213142 -0.00196554 0.0003
         vertex 0.00212 -0.00190813 0.0003
      endloop
   endfacet
   facet normal 0 0 1
      outer loop
         vertex 0.00212 -0.000108134 0.0003
         vertex -0.00213142 -5.07316e-05 0.0003
         vertex -0.00212 -0.000108134 0.0003
      endloop
   endfacet
   facet normal 0 0 1
      outer loop
         vertex 0.00212 -0.00190813 0.0003
         vertex 0.00212 -0.000108134 0.0003
         vertex -0.00212 -0.000108134 0.0003
      endloop
   endfacet
   facet normal 0 0 1
      outer loop
         vertex 0.00212 -0.000108134 0.0003
         vertex 0.00213142 -5.07316e-05 0.0003
         vertex -0.00213142 -5.07316e-05 0.0003
      endloop
   endfacet
   facet normal 0 0 1
      outer loop
         vertex -0.00317 -0.00295813 0.0003
         vertex 0.0022126 -0.00204672 0.0003
         vertex -0.0022126 -0.00204672 0.0003
      endloop
   endfacet
   facet normal 0 0 1
      outer loop
         vertex -0.00212 -0.00190813 0.0003
         vertex -0.00213142 -0.00196554 0.0003
         vertex 0.00213142 -0.00196554 0.0003
      endloop
   endfacet
   facet normal 0 0 1
      outer loop
         vertex -0.0022126 -0.00204672 0.0003
         vertex -0.00227 -0.00205813 0.0003
         vertex -0.00317 -0.00295813 0.0003
      endloop
   endfacet
   facet normal 0 0 1
      outer loop
         vertex -0.00216393 -0.0020142 0.0003
         vertex 0.00216393 -0.0020142 0.0003
         vertex 0.00213142 -0.00196554 0.0003
      endloop
   endfacet
   facet normal 0 0 1
      outer loop
         vertex 0.00213142 -5.07316e-05 0.0003
         vertex -0.00317 0.00174187 0.0003
         vertex -0.0022126 3.04478e-05 0.0003
      endloop
   endfacet
   facet normal 0 0 1
      outer loop
         vertex -0.00317 0.00174187 0.0003
         vertex -0.00317 4.18659e-05 0.0003
         vertex -0.00227 4.18659e-05 0.0003
      endloop
   endfacet
   facet normal 0 0 1
      outer loop
         vertex 0.00317 0.00174187 0.0003
         vertex -0.00317 0.00174187 0.0003
         vertex 0.0022126 3.04478e-05 0.0003
      endloop
   endfacet
   facet normal 0 0 1
      outer loop
         vertex 0.0022126 -0.00204672 0.0003
         vertex -0.00216393 -0.0020142 0.0003
         vertex -0.0022126 -0.00204672 0.0003
      endloop
   endfacet
   facet normal 0 0 1
      outer loop
         vertex -0.00216393 -0.0020142 0.0003
         vertex 0.0022126 -0.00204672 0.0003
         vertex 0.00216393 -0.0020142 0.0003
      endloop
   endfacet
   facet normal 0 0 1
      outer loop
         vertex -0.00227 4.18659e-05 0.0003
         vertex -0.0022126 3.04478e-05 0.0003
         vertex -0.00317 0.00174187 0.0003
      endloop
   endfacet
   facet normal 0 0 1
      outer loop
         vertex 0.0022126 3.04478e-05 0.0003
         vertex 0.00227 4.18659e-05 0.0003
         vertex 0.00317 0.00174187 0.0003
      endloop
   endfacet
   facet normal 0 0 1
      outer loop
         vertex -0.00213142 -0.00196554 0.0003
         vertex -0.00216393 -0.0020142 0.0003
         vertex 0.00213142 -0.00196554 0.0003
      endloop
   endfacet
   facet normal 0 0 1
      outer loop
         vertex -0.0022126 3.04478e-05 0.0003
         vertex -0.00216393 -2.06809e-06 0.0003
         vertex 0.00213142 -5.07316e-05 0.0003
      endloop
   endfacet
   facet normal 0 0 1
      outer loop
         vertex 0.00317 -0.00295813 0.0003
         vertex 0.00227 -0.00205813 0.0003
         vertex 0.0022126 -0.00204672 0.0003
      endloop
   endfacet
   facet normal 0 0 1
      outer loop
         vertex -0.00317 0.00174187 0.0003
         vertex 0.00216393 -2.06809e-06 0.0003
         vertex 0.0022126 3.04478e-05 0.0003
      endloop
   endfacet
   facet normal 0 0 1
      outer loop
         vertex -0.00216393 -2.06809e-06 0.0003
         vertex -0.00213142 -5.07316e-05 0.0003
         vertex 0.00213142 -5.07316e-05 0.0003
      endloop
   endfacet
   facet normal 0 0 1
      outer loop
         vertex 0.00317 -0.00295813 0.0003
         vertex 0.00317 -0.00205813 0.0003
         vertex 0.00227 -0.00205813 0.0003
      endloop
   endfacet
   facet normal 0 0 1
      outer loop
         vertex -0.00317 0.00174187 0.0003
         vertex 0.00213142 -5.07316e-05 0.0003
         vertex 0.00216393 -2.06809e-06 0.0003
      endloop
   endfacet
   facet normal 0 0 1
      outer loop
         vertex 0.0022126 -0.00204672 0.0003
         vertex -0.00317 -0.00295813 0.0003
         vertex 0.00317 -0.00295813 0.0003
      endloop
   endfacet
   facet normal 0 0 1
      outer loop
         vertex -0.00227 -0.00205813 0.0003
         vertex -0.00317 -0.00205813 0.0003
         vertex -0.00317 -0.00295813 0.0003
      endloop
   endfacet
   facet normal 0 0 1
      outer loop
         vertex 0.00227 4.18659e-05 0.0003
         vertex 0.00317 4.18659e-05 0.0003
         vertex 0.00317 0.00174187 0.0003
      endloop
   endfacet
   facet normal -0.92388 0 0.382683
      outer loop
         vertex 0.00409388 -0.00295813 0.000917317
         vertex 0.00417 -0.00295813 0.0013
         vertex 0.00417 -0.00205813 0.0013
      endloop
   endfacet
   facet normal -0.707107 0 0.707107
      outer loop
         vertex 0.00387711 -0.00295813 0.000592893
         vertex 0.00409388 -0.00295813 0.000917317
         vertex 0.00409388 -0.00205813 0.000917317
      endloop
   endfacet
   facet normal -0.382683 0 0.92388
      outer loop
         vertex 0.00355268 -0.00295813 0.00037612
         vertex 0.00387711 -0.00295813 0.000592893
         vertex 0.00387711 -0.00205813 0.000592893
      endloop
   endfacet
   facet normal 0 0 1
      outer loop
         vertex 0.00317 -0.00295813 0.0003
         vertex 0.00355268 -0.00295813 0.00037612
         vertex 0.00355268 -0.00205813 0.00037612
      endloop
   endfacet
   facet normal -0.382683 0 0.92388
      outer loop
         vertex 0.00355268 -0.00205813 0.00037612
         vertex 0.00317 -0.00205813 0.0003
         vertex 0.00317 -0.00295813 0.0003
      endloop
   endfacet
   facet normal -0.707107 0 0.707107
      outer loop
         vertex 0.00387711 -0.00205813 0.000592893
         vertex 0.00355268 -0.00205813 0.00037612
         vertex 0.00355268 -0.00295813 0.00037612
      endloop
   endfacet
   facet normal -0.92388 0 0.382683
      outer loop
         vertex 0.00409388 -0.00205813 0.000917317
         vertex 0.00387711 -0.00205813 0.000592893
         vertex 0.00387711 -0.00295813 0.000592893
      endloop
   endfacet
   facet normal -1 0 2.1684e-16
      outer loop
         vertex 0.00417 -0.00205813 0.0013
         vertex 0.00409388 -0.00205813 0.000917317
         vertex 0.00409388 -0.00295813 0.000917317
      endloop
   endfacet
   facet normal 0 0.92388 -0.382683
      outer loop
         vertex 0.00447 -0.000246716 0.0014374
         vertex 0.00447 -0.000258134 0.00138
         vertex 0.00417 -0.000258134 0.00138
      endloop
   endfacet
   facet normal 0 0.707107 -0.707107
      outer loop
         vertex 0.00447 -0.0002142 0.00148607
         vertex 0.00447 -0.000246716 0.0014374
         vertex 0.00417 -0.000246716 0.0014374
      endloop
   endfacet
   facet normal 0 0.382683 -0.92388
      outer loop
         vertex 0.00447 -0.000165537 0.00151858
         vertex 0.00447 -0.0002142 0.00148607
         vertex 0.00417 -0.0002142 0.00148607
      endloop
   endfacet
   facet normal 0 -2.44929e-16 -1
      outer loop
         vertex 0.00447 -0.000108134 0.00153
         vertex 0.00447 -0.000165537 0.00151858
         vertex 0.00417 -0.000165537 0.00151858
      endloop
   endfacet
   facet normal 0 -0.382683 -0.92388
      outer loop
         vertex 0.00447 -5.07316e-05 0.00151858
         vertex 0.00447 -0.000108134 0.00153
         vertex 0.00417 -0.000108134 0.00153
      endloop
   endfacet
   facet normal 0 -0.707107 -0.707107
      outer loop
         vertex 0.00447 -2.06809e-06 0.00148607
         vertex 0.00447 -5.07316e-05 0.00151858
         vertex 0.00417 -5.07316e-05 0.00151858
      endloop
   endfacet
   facet normal 0 -0.92388 -0.382683
      outer loop
         vertex 0.00447 3.04478e-05 0.0014374
         vertex 0.00447 -2.06809e-06 0.00148607
         vertex 0.00417 -2.06809e-06 0.00148607
      endloop
   endfacet
   facet normal 0 -1 9.39642e-14
      outer loop
         vertex 0.00447 4.18659e-05 0.00138
         vertex 0.00447 3.04478e-05 0.0014374
         vertex 0.00417 3.04478e-05 0.0014374
      endloop
   endfacet
   facet normal 0 -0.92388 -0.382683
      outer loop
         vertex 0.00417 3.04478e-05 0.0014374
         vertex 0.00417 4.18659e-05 0.00138
         vertex 0.00447 4.18659e-05 0.00138
      endloop
   endfacet
   facet normal 0 -0.707107 -0.707107
      outer loop
         vertex 0.00417 -2.06809e-06 0.00148607
         vertex 0.00417 3.04478e-05 0.0014374
         vertex 0.00447 3.04478e-05 0.0014374
      endloop
   endfacet
   facet normal 0 -0.382683 -0.92388
      outer loop
         vertex 0.00417 -5.07316e-05 0.00151858
         vertex 0.00417 -2.06809e-06 0.00148607
         vertex 0.00447 -2.06809e-06 0.00148607
      endloop
   endfacet
   facet normal 0 -2.44929e-16 -1
      outer loop
         vertex 0.00417 -0.000108134 0.00153
         vertex 0.00417 -5.07316e-05 0.00151858
         vertex 0.00447 -5.07316e-05 0.00151858
      endloop
   endfacet
   facet normal 0 0.382683 -0.92388
      outer loop
         vertex 0.00417 -0.000165537 0.00151858
         vertex 0.00417 -0.000108134 0.00153
         vertex 0.00447 -0.000108134 0.00153
      endloop
   endfacet
   facet normal 0 0.707107 -0.707107
      outer loop
         vertex 0.00417 -0.0002142 0.00148607
         vertex 0.00417 -0.000165537 0.00151858
         vertex 0.00447 -0.000165537 0.00151858
      endloop
   endfacet
   facet normal 0 0.92388 -0.382683
      outer loop
         vertex 0.00417 -0.000246716 0.0014374
         vertex 0.00417 -0.0002142 0.00148607
         vertex 0.00447 -0.0002142 0.00148607
      endloop
   endfacet
   facet normal 0 1 9.39642e-14
      outer loop
         vertex 0.00417 -0.000258134 0.00138
         vertex 0.00417 -0.000246716 0.0014374
         vertex 0.00447 -0.000246716 0.0014374
      endloop
   endfacet
   facet normal 0 1 0
      outer loop
         vertex 0.00417 -0.000258134 -0.00065
         vertex 0.00417 -0.000258134 0.00138
         vertex 0.00447 -0.000258134 0.00138
      endloop
   endfacet
   facet normal 0 1 0
      outer loop
         vertex 0.00447 -0.000258134 0.00138
         vertex 0.00447 -0.000258134 -0.00065
         vertex 0.00417 -0.000258134 -0.00065
      endloop
   endfacet
   facet normal 0 1 0
      outer loop
         vertex 0.00417 -0.000258134 -0.00065
         vertex 0.00447 -0.000258134 -0.00065
         vertex 0.00447 -0.000269552 -0.000707403
      endloop
   endfacet
   facet normal 0 0.92388 -0.382683
      outer loop
         vertex 0.00417 -0.000269552 -0.000707403
         vertex 0.00447 -0.000269552 -0.000707403
         vertex 0.00447 -0.000302068 -0.000756066
      endloop
   endfacet
   facet normal 0 0.707107 -0.707107
      outer loop
         vertex 0.00417 -0.000302068 -0.000756066
         vertex 0.00447 -0.000302068 -0.000756066
         vertex 0.00447 -0.000350732 -0.000788582
      endloop
   endfacet
   facet normal 0 0.382683 -0.92388
      outer loop
         vertex 0.00417 -0.000350732 -0.000788582
         vertex 0.00447 -0.000350732 -0.000788582
         vertex 0.00447 -0.000408134 -0.0008
      endloop
   endfacet
   facet normal 0 0 -1
      outer loop
         vertex 0.00447 -0.000408134 -0.0008
         vertex 0.00417 -0.000408134 -0.0008
         vertex 0.00417 -0.000350732 -0.000788582
      endloop
   endfacet
   facet normal 0 0.382683 -0.92388
      outer loop
         vertex 0.00447 -0.000350732 -0.000788582
         vertex 0.00417 -0.000350732 -0.000788582
         vertex 0.00417 -0.000302068 -0.000756066
      endloop
   endfacet
   facet normal 0 0.707107 -0.707107
      outer loop
         vertex 0.00447 -0.000302068 -0.000756066
         vertex 0.00417 -0.000302068 -0.000756066
         vertex 0.00417 -0.000269552 -0.000707403
      endloop
   endfacet
   facet normal 0 0.92388 -0.382683
      outer loop
         vertex 0.00447 -0.000269552 -0.000707403
         vertex 0.00417 -0.000269552 -0.000707403
         vertex 0.00417 -0.000258134 -0.00065
      endloop
   endfacet
   facet normal 0 0 -1
      outer loop
         vertex 0.00447 -0.00160813 -0.0008
         vertex 0.00417 -0.00160813 -0.0008
         vertex 0.00417 -0.000408134 -0.0008
      endloop
   endfacet
   facet normal 0 0 -1
      outer loop
         vertex 0.00417 -0.000408134 -0.0008
         vertex 0.00447 -0.000408134 -0.0008
         vertex 0.00447 -0.00160813 -0.0008
      endloop
   endfacet
   facet normal 0 -1 -9.32414e-14
      outer loop
         vertex 0.00447 -0.00175813 -0.00065
         vertex 0.00417 -0.00175813 -0.00065
         vertex 0.00417 -0.00174672 -0.000707403
      endloop
   endfacet
   facet normal 0 -0.92388 -0.382683
      outer loop
         vertex 0.00447 -0.00174672 -0.000707403
         vertex 0.00417 -0.00174672 -0.000707403
         vertex 0.00417 -0.0017142 -0.000756066
      endloop
   endfacet
   facet normal 0 -0.707107 -0.707107
      outer loop
         vertex 0.00447 -0.0017142 -0.000756066
         vertex 0.00417 -0.0017142 -0.000756066
         vertex 0.00417 -0.00166554 -0.000788582
      endloop
   endfacet
   facet normal 0 -0.382683 -0.92388
      outer loop
         vertex 0.00447 -0.00166554 -0.000788582
         vertex 0.00417 -0.00166554 -0.000788582
         vertex 0.00417 -0.00160813 -0.0008
      endloop
   endfacet
   facet normal 0 0 -1
      outer loop
         vertex 0.00417 -0.00160813 -0.0008
         vertex 0.00447 -0.00160813 -0.0008
         vertex 0.00447 -0.00166554 -0.000788582
      endloop
   endfacet
   facet normal 0 -0.382683 -0.92388
      outer loop
         vertex 0.00417 -0.00166554 -0.000788582
         vertex 0.00447 -0.00166554 -0.000788582
         vertex 0.00447 -0.0017142 -0.000756066
      endloop
   endfacet
   facet normal 0 -0.707107 -0.707107
      outer loop
         vertex 0.00417 -0.0017142 -0.000756066
         vertex 0.00447 -0.0017142 -0.000756066
         vertex 0.00447 -0.00174672 -0.000707403
      endloop
   endfacet
   facet normal 0 -0.92388 -0.382683
      outer loop
         vertex 0.00417 -0.00174672 -0.000707403
         vertex 0.00447 -0.00174672 -0.000707403
         vertex 0.00447 -0.00175813 -0.00065
      endloop
   endfacet
   facet normal -1 0 0
      outer loop
         vertex 0.00417 -0.00175813 -0.00065
         vertex 0.00417 -0.00166554 -0.000788582
         vertex 0.00417 -0.0017142 -0.000756066
      endloop
   endfacet
   facet normal -1 0 0
      outer loop
         vertex 0.00417 -0.00175813 -0.00065
         vertex 0.00417 -0.00160813 -0.0008
         vertex 0.00417 -0.00166554 -0.000788582
      endloop
   endfacet
   facet normal -1 0 0
      outer loop
         vertex 0.00417 -0.000408134 -0.0008
         vertex 0.00417 -0.000269552 -0.000707403
         vertex 0.00417 -0.000302068 -0.000756066
      endloop
   endfacet
   facet normal -1 0 0
      outer loop
         vertex 0.00417 -0.000258134 0.00138
         vertex 0.00417 -0.000408134 -0.0008
         vertex 0.00417 -0.00175813 -0.00065
      endloop
   endfacet
   facet normal -1 0 0
      outer loop
         vertex 0.00417 -0.00175813 -0.00065
         vertex 0.00417 -0.000408134 -0.0008
         vertex 0.00417 -0.00160813 -0.0008
      endloop
   endfacet
   facet normal -1 0 0
      outer loop
         vertex 0.00417 -0.000408134 -0.0008
         vertex 0.00417 -0.000258134 -0.00065
         vertex 0.00417 -0.000269552 -0.000707403
      endloop
   endfacet
   facet normal -1 0 0
      outer loop
         vertex 0.00417 -0.0017142 -0.000756066
         vertex 0.00417 -0.00174672 -0.000707403
         vertex 0.00417 -0.00175813 -0.00065
      endloop
   endfacet
   facet normal -1 0 0
      outer loop
         vertex 0.00417 -0.000408134 -0.0008
         vertex 0.00417 -0.000258134 0.00138
         vertex 0.00417 -0.000258134 -0.00065
      endloop
   endfacet
   facet normal -1 0 0
      outer loop
         vertex 0.00417 -0.000302068 -0.000756066
         vertex 0.00417 -0.000350732 -0.000788582
         vertex 0.00417 -0.000408134 -0.0008
      endloop
   endfacet
   facet normal -1 0 0
      outer loop
         vertex 0.00417 -0.000246716 0.0014374
         vertex 0.00417 -0.00185073 0.00151858
         vertex 0.00417 -0.00190813 0.00153
      endloop
   endfacet
   facet normal -1 0 0
      outer loop
         vertex 0.00417 -0.00175813 0.00138
         vertex 0.00417 -0.000246716 0.0014374
         vertex 0.00417 -0.000258134 0.00138
      endloop
   endfacet
   facet normal -1 0 0
      outer loop
         vertex 0.00417 -0.00295813 0.00186
         vertex 0.00417 -0.00204672 0.0014374
         vertex 0.00417 -0.00205813 0.00138
      endloop
   endfacet
   facet normal -1 0 0
      outer loop
         vertex 0.00417 -0.000246716 0.0014374
         vertex 0.00417 -0.00180207 0.00148607
         vertex 0.00417 -0.00185073 0.00151858
      endloop
   endfacet
   facet normal -1 0 0
      outer loop
         vertex 0.00417 -0.00175813 -0.00065
         vertex 0.00417 -0.00175813 0.00138
         vertex 0.00417 -0.000258134 0.00138
      endloop
   endfacet
   facet normal -1 0 0
      outer loop
         vertex 0.00417 -0.00205813 0.00138
         vertex 0.00417 -0.00295813 0.0013
         vertex 0.00417 -0.00295813 0.00186
      endloop
   endfacet
   facet normal -1 0 0
      outer loop
         vertex 0.00417 -0.00295813 0.00186
         vertex 0.00417 -0.00196554 0.00151858
         vertex 0.00417 -0.0020142 0.00148607
      endloop
   endfacet
   facet normal -1 0 0
      outer loop
         vertex 0.00417 -0.00190813 0.00153
         vertex 0.00417 -0.00295813 0.00186
         vertex 0.00417 -0.000246716 0.0014374
      endloop
   endfacet
   facet normal -1 0 0
      outer loop
         vertex 0.00417 -0.00175813 0.00138
         vertex 0.00417 -0.00176955 0.0014374
         vertex 0.00417 -0.000246716 0.0014374
      endloop
   endfacet
   facet normal -1 0 0
      outer loop
         vertex 0.00417 -0.0020142 0.00148607
         vertex 0.00417 -0.00204672 0.0014374
         vertex 0.00417 -0.00295813 0.00186
      endloop
   endfacet
   facet normal -1 0 0
      outer loop
         vertex 0.00417 -0.00176955 0.0014374
         vertex 0.00417 -0.00180207 0.00148607
         vertex 0.00417 -0.000246716 0.0014374
      endloop
   endfacet
   facet normal -1 0 0
      outer loop
         vertex 0.00417 -0.00190813 0.00153
         vertex 0.00417 -0.00196554 0.00151858
         vertex 0.00417 -0.00295813 0.00186
      endloop
   endfacet
   facet normal -1 0 0
      outer loop
         vertex 0.00417 0.00174187 0.00186
         vertex 0.00417 0.00174187 0.0013
         vertex 0.00417 4.18659e-05 0.00138
      endloop
   endfacet
   facet normal -1 0 0
      outer loop
         vertex 0.00417 -0.00295813 0.00186
         vertex 0.00417 -0.0002142 0.00148607
         vertex 0.00417 -0.000246716 0.0014374
      endloop
   endfacet
   facet normal -1 0 0
      outer loop
         vertex 0.00417 -0.00295813 0.00186
         vertex 0.00417 0.00174187 0.00186
         vertex 0.00417 -0.000108134 0.00153
      endloop
   endfacet
   facet normal -1 0 0
      outer loop
         vertex 0.00417 0.00174187 0.0013
         vertex 0.00417 4.18659e-05 0.0013
         vertex 0.00417 4.18659e-05 0.00138
      endloop
   endfacet
   facet normal -1 0 0
      outer loop
         vertex 0.00417 -0.00295813 0.00186
         vertex 0.00417 -0.000165537 0.00151858
         vertex 0.00417 -0.0002142 0.00148607
      endloop
   endfacet
   facet normal -1 0 0
      outer loop
         vertex 0.00417 0.00174187 0.00186
         vertex 0.00417 -5.07316e-05 0.00151858
         vertex 0.00417 -0.000108134 0.00153
      endloop
   endfacet
   facet normal -1 0 0
      outer loop
         vertex 0.00417 4.18659e-05 0.00138
         vertex 0.00417 3.04478e-05 0.0014374
         vertex 0.00417 0.00174187 0.00186
      endloop
   endfacet
   facet normal -1 0 0
      outer loop
         vertex 0.00417 -0.000108134 0.00153
         vertex 0.00417 -0.000165537 0.00151858
         vertex 0.00417 -0.00295813 0.00186
      endloop
   endfacet
   facet normal -1 0 0
      outer loop
         vertex 0.00417 3.04478e-05 0.0014374
         vertex 0.00417 -2.06809e-06 0.00148607
         vertex 0.00417 0.00174187 0.00186
      endloop
   endfacet
   facet normal -1 0 0
      outer loop
         vertex 0.00417 -2.06809e-06 0.00148607
         vertex 0.00417 -5.07316e-05 0.00151858
         vertex 0.00417 0.00174187 0.00186
      endloop
   endfacet
   facet normal -1 0 0
      outer loop
         vertex 0.00417 -0.00205813 0.00138
         vertex 0.00417 -0.00205813 0.0013
         vertex 0.00417 -0.00295813 0.0013
      endloop
   endfacet
   facet normal 0 -0.92388 -0.382683
      outer loop
         vertex 0.00417 -0.00176955 0.0014374
         vertex 0.00417 -0.00175813 0.00138
         vertex 0.00447 -0.00175813 0.00138
      endloop
   endfacet
   facet normal 0 -0.707107 -0.707107
      outer loop
         vertex 0.00417 -0.00180207 0.00148607
         vertex 0.00417 -0.00176955 0.0014374
         vertex 0.00447 -0.00176955 0.0014374
      endloop
   endfacet
   facet normal 0 -0.382683 -0.92388
      outer loop
         vertex 0.00417 -0.00185073 0.00151858
         vertex 0.00417 -0.00180207 0.00148607
         vertex 0.00447 -0.00180207 0.00148607
      endloop
   endfacet
   facet normal 0 1.45473e-15 -1
      outer loop
         vertex 0.00417 -0.00190813 0.00153
         vertex 0.00417 -0.00185073 0.00151858
         vertex 0.00447 -0.00185073 0.00151858
      endloop
   endfacet
   facet normal 0 0.382683 -0.92388
      outer loop
         vertex 0.00417 -0.00196554 0.00151858
         vertex 0.00417 -0.00190813 0.00153
         vertex 0.00447 -0.00190813 0.00153
      endloop
   endfacet
   facet normal 0 0.707107 -0.707107
      outer loop
         vertex 0.00417 -0.0020142 0.00148607
         vertex 0.00417 -0.00196554 0.00151858
         vertex 0.00447 -0.00196554 0.00151858
      endloop
   endfacet
   facet normal 0 0.92388 -0.382683
      outer loop
         vertex 0.00417 -0.00204672 0.0014374
         vertex 0.00417 -0.0020142 0.00148607
         vertex 0.00447 -0.0020142 0.00148607
      endloop
   endfacet
   facet normal 0 1 -9.39642e-14
      outer loop
         vertex 0.00417 -0.00205813 0.00138
         vertex 0.00417 -0.00204672 0.0014374
         vertex 0.00447 -0.00204672 0.0014374
      endloop
   endfacet
   facet normal 0 0.92388 -0.382683
      outer loop
         vertex 0.00447 -0.00204672 0.0014374
         vertex 0.00447 -0.00205813 0.00138
         vertex 0.00417 -0.00205813 0.00138
      endloop
   endfacet
   facet normal 0 0.707107 -0.707107
      outer loop
         vertex 0.00447 -0.0020142 0.00148607
         vertex 0.00447 -0.00204672 0.0014374
         vertex 0.00417 -0.00204672 0.0014374
      endloop
   endfacet
   facet normal 0 0.382683 -0.92388
      outer loop
         vertex 0.00447 -0.00196554 0.00151858
         vertex 0.00447 -0.0020142 0.00148607
         vertex 0.00417 -0.0020142 0.00148607
      endloop
   endfacet
   facet normal 0 1.45473e-15 -1
      outer loop
         vertex 0.00447 -0.00190813 0.00153
         vertex 0.00447 -0.00196554 0.00151858
         vertex 0.00417 -0.00196554 0.00151858
      endloop
   endfacet
   facet normal 0 -0.382683 -0.92388
      outer loop
         vertex 0.00447 -0.00185073 0.00151858
         vertex 0.00447 -0.00190813 0.00153
         vertex 0.00417 -0.00190813 0.00153
      endloop
   endfacet
   facet normal 0 -0.707107 -0.707107
      outer loop
         vertex 0.00447 -0.00180207 0.00148607
         vertex 0.00447 -0.00185073 0.00151858
         vertex 0.00417 -0.00185073 0.00151858
      endloop
   endfacet
   facet normal 0 -0.92388 -0.382683
      outer loop
         vertex 0.00447 -0.00176955 0.0014374
         vertex 0.00447 -0.00180207 0.00148607
         vertex 0.00417 -0.00180207 0.00148607
      endloop
   endfacet
   facet normal 0 -1 -9.39642e-14
      outer loop
         vertex 0.00447 -0.00175813 0.00138
         vertex 0.00447 -0.00176955 0.0014374
         vertex 0.00417 -0.00176955 0.0014374
      endloop
   endfacet
   facet normal 0 -1 0
      outer loop
         vertex 0.00447 -0.00175813 0.00138
         vertex 0.00417 -0.00175813 0.00138
         vertex 0.00417 -0.00175813 -0.00065
      endloop
   endfacet
   facet normal 0 -1 0
      outer loop
         vertex 0.00417 -0.00175813 -0.00065
         vertex 0.00447 -0.00175813 -0.00065
         vertex 0.00447 -0.00175813 0.00138
      endloop
   endfacet
   facet normal 0 1 0
      outer loop
         vertex 0.00447 -0.00205813 0.00138
         vertex 0.00447 -0.00205813 0.0013
         vertex 0.00417 -0.00205813 0.0013
      endloop
   endfacet
   facet normal 0 1 0
      outer loop
         vertex 0.00437104 -0.00205813 0.000802512
         vertex 0.00409388 -0.00205813 0.000917317
         vertex 0.00417 -0.00205813 0.0013
      endloop
   endfacet
   facet normal 0 1 0
      outer loop
         vertex 0.00366749 -0.00205813 9.89566e-05
         vertex 0.00317 -0.00205813 -2.74558e-18
         vertex 0.00317 -0.00205813 0.0003
      endloop
   endfacet
   facet normal 0 1 0
      outer loop
         vertex 0.00317 -0.00205813 0.0003
         vertex 0.00317 -0.00205813 -2.74558e-18
         vertex 0.00227 -0.00205813 -1.83869e-18
      endloop
   endfacet
   facet normal 0 1 0
      outer loop
         vertex 0.00417 -0.00205813 0.0013
         vertex 0.00447 -0.00205813 0.0013
         vertex 0.00437104 -0.00205813 0.000802512
      endloop
   endfacet
   facet normal 0 1 0
      outer loop
         vertex 0.00437104 -0.00205813 0.000802512
         vertex 0.00408924 -0.00205813 0.000380761
         vertex 0.00387711 -0.00205813 0.000592893
      endloop
   endfacet
   facet normal 0 1 0
      outer loop
         vertex 0.00408924 -0.00205813 0.000380761
         vertex 0.00366749 -0.00205813 9.89566e-05
         vertex 0.00355268 -0.00205813 0.00037612
      endloop
   endfacet
   facet normal 0 1 0
      outer loop
         vertex 0.00227 -0.00205813 -1.83869e-18
         vertex 0.00227 -0.00205813 0.0003
         vertex 0.00317 -0.00205813 0.0003
      endloop
   endfacet
   facet normal 0 1 0
      outer loop
         vertex 0.00387711 -0.00205813 0.000592893
         vertex 0.00409388 -0.00205813 0.000917317
         vertex 0.00437104 -0.00205813 0.000802512
      endloop
   endfacet
   facet normal 0 1 0
      outer loop
         vertex 0.00317 -0.00205813 0.0003
         vertex 0.00355268 -0.00205813 0.00037612
         vertex 0.00366749 -0.00205813 9.89566e-05
      endloop
   endfacet
   facet normal 0 1 0
      outer loop
         vertex 0.00355268 -0.00205813 0.00037612
         vertex 0.00387711 -0.00205813 0.000592893
         vertex 0.00408924 -0.00205813 0.000380761
      endloop
   endfacet
   facet normal 0 1 0
      outer loop
         vertex 0.00417 -0.00205813 0.0013
         vertex 0.00417 -0.00205813 0.00138
         vertex 0.00447 -0.00205813 0.00138
      endloop
   endfacet
   facet normal -3.33601e-16 0 -1
      outer loop
         vertex 0.00317 -0.00295813 -2.70997e-18
         vertex 0.00317 -0.00205813 -2.74558e-18
         vertex 0.00366749 -0.00205813 9.89566e-05
      endloop
   endfacet
   facet normal 0.382683 0 -0.92388
      outer loop
         vertex 0.00366749 -0.00295813 9.89566e-05
         vertex 0.00366749 -0.00205813 9.89566e-05
         vertex 0.00408924 -0.00205813 0.000380761
      endloop
   endfacet
   facet normal 0.707107 0 -0.707107
      outer loop
         vertex 0.00408924 -0.00295813 0.000380761
         vertex 0.00408924 -0.00205813 0.000380761
         vertex 0.00437104 -0.00205813 0.000802512
      endloop
   endfacet
   facet normal 0.92388 0 -0.382683
      outer loop
         vertex 0.00437104 -0.00295813 0.000802512
         vertex 0.00437104 -0.00205813 0.000802512
         vertex 0.00447 -0.00205813 0.0013
      endloop
   endfacet
   facet normal 1 0 -3.33601e-16
      outer loop
         vertex 0.00447 -0.00205813 0.0013
         vertex 0.00447 -0.00295813 0.0013
         vertex 0.00437104 -0.00295813 0.000802512
      endloop
   endfacet
   facet normal 0.92388 0 -0.382683
      outer loop
         vertex 0.00437104 -0.00205813 0.000802512
         vertex 0.00437104 -0.00295813 0.000802512
         vertex 0.00408924 -0.00295813 0.000380761
      endloop
   endfacet
   facet normal 0.707107 0 -0.707107
      outer loop
         vertex 0.00408924 -0.00205813 0.000380761
         vertex 0.00408924 -0.00295813 0.000380761
         vertex 0.00366749 -0.00295813 9.89566e-05
      endloop
   endfacet
   facet normal 0.382683 0 -0.92388
      outer loop
         vertex 0.00366749 -0.00205813 9.89566e-05
         vertex 0.00366749 -0.00295813 9.89566e-05
         vertex 0.00317 -0.00295813 -2.70997e-18
      endloop
   endfacet
   facet normal 0 0 -1
      outer loop
         vertex 0.00212 -0.000108134 -1.61972e-18
         vertex 0.00212 -0.00190813 -1.61972e-18
         vertex -0.00212 -0.00190813 1.93839e-18
      endloop
   endfacet
   facet normal 0 0 -1
      outer loop
         vertex -0.00212 -0.00190813 1.93839e-18
         vertex -0.00212 -0.000108134 1.90884e-18
         vertex 0.00212 -0.000108134 -1.61972e-18
      endloop
   endfacet
   facet normal 0 0 -1
      outer loop
         vertex -0.00212 -0.000108134 1.90884e-18
         vertex 0.00213142 -5.07316e-05 -1.73472e-18
         vertex 0.00212 -0.000108134 -1.61972e-18
      endloop
   endfacet
   facet normal 0 0 -1
      outer loop
         vertex 0.00213142 -0.00196554 -1.73472e-18
         vertex -0.00213142 -0.00196554 1.73472e-18
         vertex -0.00212 -0.00190813 1.93839e-18
      endloop
   endfacet
   facet normal 0 0 -1
      outer loop
         vertex 0.00212 -0.00190813 -1.61972e-18
         vertex 0.00213142 -0.00196554 -1.73472e-18
         vertex -0.00212 -0.00190813 1.93839e-18
      endloop
   endfacet
   facet normal 0 0 -1
      outer loop
         vertex -0.00212 -0.000108134 1.90884e-18
         vertex -0.00213142 -5.07316e-05 1.73472e-18
         vertex 0.00213142 -5.07316e-05 -1.73472e-18
      endloop
   endfacet
   facet normal 0 0 -1
      outer loop
         vertex -0.00317 0.00271187 2.52981e-18
         vertex -0.0022126 3.04478e-05 1.73472e-18
         vertex -0.00227 4.18659e-05 2.09221e-18
      endloop
   endfacet
   facet normal 0 0 -1
      outer loop
         vertex -0.00317 0.00271187 2.52981e-18
         vertex 0.00213142 -5.07316e-05 -1.73472e-18
         vertex -0.00216393 -2.06809e-06 1.73472e-18
      endloop
   endfacet
   facet normal 0 0 -1
      outer loop
         vertex 0.00213142 -0.00196554 -1.73472e-18
         vertex 0.00216393 -0.0020142 -1.73472e-18
         vertex -0.00213142 -0.00196554 1.73472e-18
      endloop
   endfacet
   facet normal 0 0 -1
      outer loop
         vertex 0.0022126 -0.00204672 -1.73472e-18
         vertex -0.0022126 -0.00204672 1.73472e-18
         vertex -0.00216393 -0.0020142 1.73472e-18
      endloop
   endfacet
   facet normal 0 0 -1
      outer loop
         vertex -0.00317 -0.00295813 2.56541e-18
         vertex -0.00227 -0.00205813 1.94765e-18
         vertex -0.0022126 -0.00204672 1.73472e-18
      endloop
   endfacet
   facet normal 0 0 -1
      outer loop
         vertex -0.00216393 -2.06809e-06 1.73472e-18
         vertex -0.0022126 3.04478e-05 1.73472e-18
         vertex -0.00317 0.00271187 2.52981e-18
      endloop
   endfacet
   facet normal 0 0 -1
      outer loop
         vertex -0.00216393 -0.0020142 1.73472e-18
         vertex -0.00213142 -0.00196554 1.73472e-18
         vertex 0.0022126 -0.00204672 -1.73472e-18
      endloop
   endfacet
   facet normal 0 0 -1
      outer loop
         vertex -0.00317 -0.00295813 2.56541e-18
         vertex -0.00317 -0.00205813 2.56541e-18
         vertex -0.00227 -0.00205813 1.94765e-18
      endloop
   endfacet
   facet normal 0 0 -1
      outer loop
         vertex 0.00317 0.00271187 -2.6733e-18
         vertex 0.00227 4.18659e-05 -1.80309e-18
         vertex 0.0022126 3.04478e-05 -1.73472e-18
      endloop
   endfacet
   facet normal 0 0 -1
      outer loop
         vertex 0.00317 -0.00295813 -2.70997e-18
         vertex -0.00317 -0.00295813 2.56541e-18
         vertex 0.0022126 -0.00204672 -1.73472e-18
      endloop
   endfacet
   facet normal 0 0 -1
      outer loop
         vertex 0.00213142 -5.07316e-05 -1.73472e-18
         vertex -0.00213142 -5.07316e-05 1.73472e-18
         vertex -0.00216393 -2.06809e-06 1.73472e-18
      endloop
   endfacet
   facet normal 0 0 -1
      outer loop
         vertex -0.0022126 -0.00204672 1.73472e-18
         vertex 0.0022126 -0.00204672 -1.73472e-18
         vertex -0.00317 -0.00295813 2.56541e-18
      endloop
   endfacet
   facet normal 0 0 -1
      outer loop
         vertex 0.00317 0.00271187 -2.6733e-18
         vertex 0.00317 4.18659e-05 -2.63769e-18
         vertex 0.00227 4.18659e-05 -1.80309e-18
      endloop
   endfacet
   facet normal 0 0 -1
      outer loop
         vertex 0.0022126 -0.00204672 -1.73472e-18
         vertex 0.00227 -0.00205813 -1.83869e-18
         vertex 0.00317 -0.00295813 -2.70997e-18
      endloop
   endfacet
   facet normal 0 0 -1
      outer loop
         vertex 0.00216393 -0.0020142 -1.73472e-18
         vertex 0.0022126 -0.00204672 -1.73472e-18
         vertex -0.00213142 -0.00196554 1.73472e-18
      endloop
   endfacet
   facet normal 0 0 -1
      outer loop
         vertex 0.0022126 3.04478e-05 -1.73472e-18
         vertex -0.00317 0.00271187 2.52981e-18
         vertex 0.00317 0.00271187 -2.6733e-18
      endloop
   endfacet
   facet normal 0 0 -1
      outer loop
         vertex -0.00227 4.18659e-05 2.09221e-18
         vertex -0.00317 4.18659e-05 2.56541e-18
         vertex -0.00317 0.00271187 2.52981e-18
      endloop
   endfacet
   facet normal 0 0 -1
      outer loop
         vertex 0.0022126 3.04478e-05 -1.73472e-18
         vertex 0.00216393 -2.06809e-06 -1.73472e-18
         vertex -0.00317 0.00271187 2.52981e-18
      endloop
   endfacet
   facet normal 0 0 -1
      outer loop
         vertex 0.00216393 -2.06809e-06 -1.73472e-18
         vertex 0.00213142 -5.07316e-05 -1.73472e-18
         vertex -0.00317 0.00271187 2.52981e-18
      endloop
   endfacet
   facet normal 0 0 -1
      outer loop
         vertex 0.00227 -0.00205813 -1.83869e-18
         vertex 0.00317 -0.00205813 -2.74558e-18
         vertex 0.00317 -0.00295813 -2.70997e-18
      endloop
   endfacet
   facet normal 0 1 0
      outer loop
         vertex 0.00317 0.00271187 -2.6733e-18
         vertex 0.002 0.00271187 0.00015
         vertex 0.0025 0.00271187 0.00015
      endloop
   endfacet
   facet normal 0 1 0
      outer loop
         vertex 0.00317 0.00271187 -2.6733e-18
         vertex 0.0015 0.00271187 0.00015
         vertex 0.002 0.00271187 0.00015
      endloop
   endfacet
   facet normal 0 1 0
      outer loop
         vertex 0.00317 0.00271187 -2.6733e-18
         vertex 0.001 0.00271187 0.00015
         vertex 0.0015 0.00271187 0.00015
      endloop
   endfacet
   facet normal 0 1 0
      outer loop
         vertex 0.00317 0.00271187 -2.6733e-18
         vertex 0.0005 0.00271187 0.00015
         vertex 0.001 0.00271187 0.00015
      endloop
   endfacet
   facet normal 0 1 0
      outer loop
         vertex 0.00317 0.00271187 -2.6733e-18
         vertex 0 0.00271187 0.00015
         vertex 0.0005 0.00271187 0.00015
      endloop
   endfacet
   facet normal 0 1 0
      outer loop
         vertex -0.00317 0.00271187 2.52981e-18
         vertex -0.001 0.00271187 0.00015
         vertex 0 0.00271187 0.00015
      endloop
   endfacet
   facet normal 0 1 0
      outer loop
         vertex 0 0.00271187 0.00015
         vertex 0.00317 0.00271187 -2.6733e-18
         vertex -0.00317 0.00271187 2.52981e-18
      endloop
   endfacet
   facet normal 0 1 0
      outer loop
         vertex -0.00317 0.00271187 2.52981e-18
         vertex -0.0015 0.00271187 0.00015
         vertex -0.001 0.00271187 0.00015
      endloop
   endfacet
   facet normal 0 1 0
      outer loop
         vertex -0.00317 0.00271187 2.52981e-18
         vertex -0.002 0.00271187 0.00015
         vertex -0.0015 0.00271187 0.00015
      endloop
   endfacet
   facet normal 0 1 0
      outer loop
         vertex -0.003 0.00271187 0.00015
         vertex -0.00317 0.00271187 2.52981e-18
         vertex -0.00366749 0.00271187 9.89566e-05
      endloop
   endfacet
   facet normal 0 1 0
      outer loop
         vertex -0.00317 0.00271187 2.52981e-18
         vertex -0.0025 0.00271187 0.00015
         vertex -0.002 0.00271187 0.00015
      endloop
   endfacet
   facet normal 0 1 0
      outer loop
         vertex -0.00366749 0.00271187 9.89566e-05
         vertex -0.00377622 0.00271187 0.00015
         vertex -0.003 0.00271187 0.00015
      endloop
   endfacet
   facet normal 0 1 0
      outer loop
         vertex 0.003 0.00271187 0.00015
         vertex 0.00377622 0.00271187 0.00015
         vertex 0.00366749 0.00271187 9.89566e-05
      endloop
   endfacet
   facet normal 0 1 0
      outer loop
         vertex -0.003 0.00271187 0.00015
         vertex -0.0025 0.00271187 0.00015
         vertex -0.00317 0.00271187 2.52981e-18
      endloop
   endfacet
   facet normal 0 1 0
      outer loop
         vertex 0.0025 0.00271187 0.00015
         vertex 0.003 0.00271187 0.00015
         vertex 0.00317 0.00271187 -2.6733e-18
      endloop
   endfacet
   facet normal 0 1 0
      outer loop
         vertex 0.00366749 0.00271187 9.89566e-05
         vertex 0.00317 0.00271187 -2.6733e-18
         vertex 0.003 0.00271187 0.00015
      endloop
   endfacet
   facet normal 0 -1 0
      outer loop
         vertex 0.00437104 -0.00295813 0.000802512
         vertex 0.00447 -0.00295813 0.0013
         vertex 0.00417 -0.00295813 0.0013
      endloop
   endfacet
   facet normal 0 -1 0
      outer loop
         vertex 0.00417 -0.00295813 0.00186
         vertex 0.00417 -0.00295813 0.0013
         vertex 0.00447 -0.00295813 0.0013
      endloop
   endfacet
   facet normal 0 -1 0
      outer loop
         vertex -0.00447 -0.00295813 0.00186
         vertex -0.00417 -0.00295813 0.00186
         vertex -0.00409388 -0.00295813 0.00224268
      endloop
   endfacet
   facet normal 0 -1 0
      outer loop
         vertex -0.00417 -0.00295813 0.0013
         vertex -0.00417 -0.00295813 0.00186
         vertex -0.00447 -0.00295813 0.00186
      endloop
   endfacet
   facet normal 0 -1 0
      outer loop
         vertex 0.00447 -0.00295813 0.0013
         vertex 0.00447 -0.00295813 0.00186
         vertex 0.00417 -0.00295813 0.00186
      endloop
   endfacet
   facet normal 0 -1 0
      outer loop
         vertex 0.00437104 -0.00295813 0.00235749
         vertex 0.00409388 -0.00295813 0.00224268
         vertex 0.00417 -0.00295813 0.00186
      endloop
   endfacet
   facet normal 0 -1 0
      outer loop
         vertex 0.00317 -0.00295813 0.00316
         vertex 0.00317 -0.00295813 0.00286
         vertex 0.00355268 -0.00295813 0.00278388
      endloop
   endfacet
   facet normal 0 -1 0
      outer loop
         vertex -0.00317 -0.00295813 0.00286
         vertex 0.00317 -0.00295813 0.00286
         vertex 0.00317 -0.00295813 0.00316
      endloop
   endfacet
   facet normal 0 -1 0
      outer loop
         vertex -0.00447 -0.00295813 0.00186
         vertex -0.00447 -0.00295813 0.0013
         vertex -0.00417 -0.00295813 0.0013
      endloop
   endfacet
   facet normal 0 -1 0
      outer loop
         vertex -0.00437104 -0.00295813 0.000802512
         vertex -0.00409388 -0.00295813 0.000917317
         vertex -0.00417 -0.00295813 0.0013
      endloop
   endfacet
   facet normal 0 -1 0
      outer loop
         vertex 0.00437104 -0.00295813 0.000802512
         vertex 0.00409388 -0.00295813 0.000917317
         vertex 0.00387711 -0.00295813 0.000592893
      endloop
   endfacet
   facet normal 0 -1 0
      outer loop
         vertex 0.00417 -0.00295813 0.00186
         vertex 0.00447 -0.00295813 0.00186
         vertex 0.00437104 -0.00295813 0.00235749
      endloop
   endfacet
   facet normal 0 -1 0
      outer loop
         vertex 0.00408924 -0.00295813 0.00277924
         vertex 0.00387711 -0.00295813 0.00256711
         vertex 0.00409388 -0.00295813 0.00224268
      endloop
   endfacet
   facet normal 0 -1 0
      outer loop
         vertex 0.00408924 -0.00295813 0.00277924
         vertex 0.00366749 -0.00295813 0.00306104
         vertex 0.00355268 -0.00295813 0.00278388
      endloop
   endfacet
   facet normal 0 -1 0
      outer loop
         vertex 0.00317 -0.00295813 0.00316
         vertex -0.00317 -0.00295813 0.00316
         vertex -0.00317 -0.00295813 0.00286
      endloop
   endfacet
   facet normal 0 -1 0
      outer loop
         vertex -0.00366749 -0.00295813 0.00306104
         vertex -0.00355268 -0.00295813 0.00278388
         vertex -0.00317 -0.00295813 0.00286
      endloop
   endfacet
   facet normal 0 -1 0
      outer loop
         vertex -0.00437104 -0.00295813 0.00235749
         vertex -0.00409388 -0.00295813 0.00224268
         vertex -0.00387711 -0.00295813 0.00256711
      endloop
   endfacet
   facet normal 0 -1 0
      outer loop
         vertex -0.00417 -0.00295813 0.0013
         vertex -0.00447 -0.00295813 0.0013
         vertex -0.00437104 -0.00295813 0.000802512
      endloop
   endfacet
   facet normal 0 -1 0
      outer loop
         vertex 0.00417 -0.00295813 0.0013
         vertex 0.00409388 -0.00295813 0.000917317
         vertex 0.00437104 -0.00295813 0.000802512
      endloop
   endfacet
   facet normal 0 -1 0
      outer loop
         vertex 0.00355268 -0.00295813 0.00278388
         vertex 0.00387711 -0.00295813 0.00256711
         vertex 0.00408924 -0.00295813 0.00277924
      endloop
   endfacet
   facet normal 0 -1 0
      outer loop
         vertex -0.00317 -0.00295813 0.00286
         vertex -0.00317 -0.00295813 0.00316
         vertex -0.00366749 -0.00295813 0.00306104
      endloop
   endfacet
   facet normal 0 -1 0
      outer loop
         vertex -0.00366749 -0.00295813 0.00306104
         vertex -0.00408924 -0.00295813 0.00277924
         vertex -0.00387711 -0.00295813 0.00256711
      endloop
   endfacet
   facet normal 0 -1 0
      outer loop
         vertex -0.00409388 -0.00295813 0.00224268
         vertex -0.00437104 -0.00295813 0.00235749
         vertex -0.00447 -0.00295813 0.00186
      endloop
   endfacet
   facet normal 0 -1 0
      outer loop
         vertex -0.00408924 -0.00295813 0.000380761
         vertex -0.00387711 -0.00295813 0.000592893
         vertex -0.00409388 -0.00295813 0.000917317
      endloop
   endfacet
   facet normal 0 -1 0
      outer loop
         vertex 0.00366749 -0.00295813 9.89566e-05
         vertex 0.00355268 -0.00295813 0.00037612
         vertex 0.00317 -0.00295813 0.0003
      endloop
   endfacet
   facet normal 0 -1 0
      outer loop
         vertex 0.00408924 -0.00295813 0.000380761
         vertex 0.00387711 -0.00295813 0.000592893
         vertex 0.00355268 -0.00295813 0.00037612
      endloop
   endfacet
   facet normal 0 -1 0
      outer loop
         vertex 0.00409388 -0.00295813 0.00224268
         vertex 0.00437104 -0.00295813 0.00235749
         vertex 0.00408924 -0.00295813 0.00277924
      endloop
   endfacet
   facet normal 0 -1 0
      outer loop
         vertex -0.00387711 -0.00295813 0.00256711
         vertex -0.00355268 -0.00295813 0.00278388
         vertex -0.00366749 -0.00295813 0.00306104
      endloop
   endfacet
   facet normal 0 -1 0
      outer loop
         vertex -0.00409388 -0.00295813 0.000917317
         vertex -0.00437104 -0.00295813 0.000802512
         vertex -0.00408924 -0.00295813 0.000380761
      endloop
   endfacet
   facet normal 0 -1 0
      outer loop
         vertex -0.00366749 -0.00295813 9.89566e-05
         vertex -0.00355268 -0.00295813 0.00037612
         vertex -0.00387711 -0.00295813 0.000592893
      endloop
   endfacet
   facet normal 0 -1 0
      outer loop
         vertex -0.00317 -0.00295813 2.56541e-18
         vertex -0.00317 -0.00295813 0.0003
         vertex -0.00355268 -0.00295813 0.00037612
      endloop
   endfacet
   facet normal 0 -1 0
      outer loop
         vertex 0.00317 -0.00295813 0.0003
         vertex -0.00317 -0.00295813 0.0003
         vertex -0.00317 -0.00295813 2.56541e-18
      endloop
   endfacet
   facet normal 0 -1 0
      outer loop
         vertex 0.00355268 -0.00295813 0.00037612
         vertex 0.00366749 -0.00295813 9.89566e-05
         vertex 0.00408924 -0.00295813 0.000380761
      endloop
   endfacet
   facet normal 0 -1 0
      outer loop
         vertex 0.00355268 -0.00295813 0.00278388
         vertex 0.00366749 -0.00295813 0.00306104
         vertex 0.00317 -0.00295813 0.00316
      endloop
   endfacet
   facet normal 0 -1 0
      outer loop
         vertex -0.00387711 -0.00295813 0.000592893
         vertex -0.00408924 -0.00295813 0.000380761
         vertex -0.00366749 -0.00295813 9.89566e-05
      endloop
   endfacet
   facet normal 0 -1 0
      outer loop
         vertex -0.00317 -0.00295813 2.56541e-18
         vertex 0.00317 -0.00295813 -2.70997e-18
         vertex 0.00317 -0.00295813 0.0003
      endloop
   endfacet
   facet normal 0 -1 0
      outer loop
         vertex 0.00387711 -0.00295813 0.000592893
         vertex 0.00408924 -0.00295813 0.000380761
         vertex 0.00437104 -0.00295813 0.000802512
      endloop
   endfacet
   facet normal 0 -1 0
      outer loop
         vertex -0.00355268 -0.00295813 0.00037612
         vertex -0.00366749 -0.00295813 9.89566e-05
         vertex -0.00317 -0.00295813 2.56541e-18
      endloop
   endfacet
   facet normal 0 -1 0
      outer loop
         vertex -0.00387711 -0.00295813 0.00256711
         vertex -0.00408924 -0.00295813 0.00277924
         vertex -0.00437104 -0.00295813 0.00235749
      endloop
   endfacet
   facet normal 0 -1 0
      outer loop
         vertex 0.00317 -0.00295813 0.0003
         vertex 0.00317 -0.00295813 -2.70997e-18
         vertex 0.00366749 -0.00295813 9.89566e-05
      endloop
   endfacet
   facet normal 0 0 1
      outer loop
         vertex -0.00317 -0.00295813 0.00316
         vertex -0.00317 0.00465187 0.00316
         vertex -0.00366749 0.00465187 0.00306104
      endloop
   endfacet
   facet normal -0.382683 0 0.92388
      outer loop
         vertex -0.00366749 -0.00295813 0.00306104
         vertex -0.00366749 0.00465187 0.00306104
         vertex -0.00408924 0.00465187 0.00277924
      endloop
   endfacet
   facet normal -0.707107 0 0.707107
      outer loop
         vertex -0.00408924 -0.00295813 0.00277924
         vertex -0.00408924 0.00465187 0.00277924
         vertex -0.00437104 0.00465187 0.00235749
      endloop
   endfacet
   facet normal -0.92388 0 0.382683
      outer loop
         vertex -0.00437104 -0.00295813 0.00235749
         vertex -0.00437104 0.00465187 0.00235749
         vertex -0.00447 0.00465187 0.00186
      endloop
   endfacet
   facet normal -1 0 0
      outer loop
         vertex -0.00447 0.00465187 0.00186
         vertex -0.00447 -0.00295813 0.00186
         vertex -0.00437104 -0.00295813 0.00235749
      endloop
   endfacet
   facet normal -0.92388 0 0.382683
      outer loop
         vertex -0.00437104 0.00465187 0.00235749
         vertex -0.00437104 -0.00295813 0.00235749
         vertex -0.00408924 -0.00295813 0.00277924
      endloop
   endfacet
   facet normal -0.707107 0 0.707107
      outer loop
         vertex -0.00408924 0.00465187 0.00277924
         vertex -0.00408924 -0.00295813 0.00277924
         vertex -0.00366749 -0.00295813 0.00306104
      endloop
   endfacet
   facet normal -0.382683 0 0.92388
      outer loop
         vertex -0.00366749 0.00465187 0.00306104
         vertex -0.00366749 -0.00295813 0.00306104
         vertex -0.00317 -0.00295813 0.00316
      endloop
   endfacet
   facet normal 1 0 -3.33601e-16
      outer loop
         vertex 0.00447 -0.00295813 0.00186
         vertex 0.00447 0.00465187 0.00186
         vertex 0.00437104 0.00465187 0.00235749
      endloop
   endfacet
   facet normal 0.92388 0 0.382683
      outer loop
         vertex 0.00437104 -0.00295813 0.00235749
         vertex 0.00437104 0.00465187 0.00235749
         vertex 0.00408924 0.00465187 0.00277924
      endloop
   endfacet
   facet normal 0.707107 0 0.707107
      outer loop
         vertex 0.00408924 -0.00295813 0.00277924
         vertex 0.00408924 0.00465187 0.00277924
         vertex 0.00366749 0.00465187 0.00306104
      endloop
   endfacet
   facet normal 0.382683 0 0.92388
      outer loop
         vertex 0.00366749 -0.00295813 0.00306104
         vertex 0.00366749 0.00465187 0.00306104
         vertex 0.00317 0.00465187 0.00316
      endloop
   endfacet
   facet normal 0 0 1
      outer loop
         vertex 0.00317 0.00465187 0.00316
         vertex 0.00317 -0.00295813 0.00316
         vertex 0.00366749 -0.00295813 0.00306104
      endloop
   endfacet
   facet normal 0.382683 0 0.92388
      outer loop
         vertex 0.00366749 0.00465187 0.00306104
         vertex 0.00366749 -0.00295813 0.00306104
         vertex 0.00408924 -0.00295813 0.00277924
      endloop
   endfacet
   facet normal 0.707107 0 0.707107
      outer loop
         vertex 0.00408924 0.00465187 0.00277924
         vertex 0.00408924 -0.00295813 0.00277924
         vertex 0.00437104 -0.00295813 0.00235749
      endloop
   endfacet
   facet normal 0.92388 0 0.382683
      outer loop
         vertex 0.00437104 0.00465187 0.00235749
         vertex 0.00437104 -0.00295813 0.00235749
         vertex 0.00447 -0.00295813 0.00186
      endloop
   endfacet
   facet normal -1 0 0
      outer loop
         vertex -0.00447 4.18659e-05 0.0013
         vertex -0.00447 0.00311187 0.0013
         vertex -0.00437104 0.00311187 0.000802512
      endloop
   endfacet
   facet normal -0.92388 0 -0.382683
      outer loop
         vertex -0.00437104 4.18659e-05 0.000802512
         vertex -0.00432326 0.00311187 0.0007
         vertex -0.00417 0.00311187 0.000469338
      endloop
   endfacet
   facet normal -0.769231 0 -0.638971
      outer loop
         vertex -0.00417 0.00311187 0.000469338
         vertex -0.00408924 4.18659e-05 0.000380761
         vertex -0.00437104 4.18659e-05 0.000802512
      endloop
   endfacet
   facet normal -0.92388 0 -0.382683
      outer loop
         vertex -0.00437104 4.18659e-05 0.000802512
         vertex -0.00437104 0.00311187 0.000802512
         vertex -0.00432326 0.00311187 0.0007
      endloop
   endfacet
   facet normal -0.382683 0 -0.92388
      outer loop
         vertex -0.00366749 4.18659e-05 9.89566e-05
         vertex -0.00408924 4.18659e-05 0.000380761
         vertex -0.00377622 0.00271187 0.00015
      endloop
   endfacet
   facet normal -0.707107 0 -0.707107
      outer loop
         vertex -0.00408924 0.00311187 0.000380761
         vertex -0.00377622 0.00311187 0.00015
         vertex -0.00377622 0.00271187 0.00015
      endloop
   endfacet
   facet normal -0.466321 0 -0.884615
      outer loop
         vertex -0.00377622 0.00271187 0.00015
         vertex -0.00408924 4.18659e-05 0.000380761
         vertex -0.00408924 0.00311187 0.000380761
      endloop
   endfacet
   facet normal -0.382683 0 -0.92388
      outer loop
         vertex -0.00366749 4.18659e-05 9.89566e-05
         vertex -0.00366749 0.00271187 9.89566e-05
         vertex -0.00317 0.00271187 2.52981e-18
      endloop
   endfacet
   facet normal -3.33601e-16 0 -1
      outer loop
         vertex -0.00317 0.00271187 2.52981e-18
         vertex -0.00317 4.18659e-05 2.56541e-18
         vertex -0.00366749 4.18659e-05 9.89566e-05
      endloop
   endfacet
   facet normal -0.466321 0 -0.884615
      outer loop
         vertex -0.00377622 0.00271187 0.00015
         vertex -0.00366749 0.00271187 9.89566e-05
         vertex -0.00366749 4.18659e-05 9.89566e-05
      endloop
   endfacet
   facet normal -0.769231 0 -0.638971
      outer loop
         vertex -0.00417 0.00311187 0.000469338
         vertex -0.00408924 0.00311187 0.000380761
         vertex -0.00408924 4.18659e-05 0.000380761
      endloop
   endfacet
   facet normal -0.92388 0 -0.382683
      outer loop
         vertex -0.00437104 0.00311187 0.000802512
         vertex -0.00437104 4.18659e-05 0.000802512
         vertex -0.00447 4.18659e-05 0.0013
      endloop
   endfacet
   facet normal 0 -1 0
      outer loop
         vertex -0.00408924 0.00311187 0.000380761
         vertex -0.00417 0.00311187 0.00015
         vertex -0.00381 0.00311187 0.00015
      endloop
   endfacet
   facet normal 0 -1 0
      outer loop
         vertex -0.00381 0.00311187 0.00015
         vertex -0.00377622 0.00311187 0.00015
         vertex -0.00408924 0.00311187 0.000380761
      endloop
   endfacet
   facet normal 0 -1 0
      outer loop
         vertex -0.00408924 0.00311187 0.000380761
         vertex -0.00417 0.00311187 0.000469338
         vertex -0.00417 0.00311187 0.00015
      endloop
   endfacet
   facet normal 0 1 0
      outer loop
         vertex -0.00417 0.00311187 0.0007
         vertex -0.00417 0.00311187 0.000469338
         vertex -0.00432326 0.00311187 0.0007
      endloop
   endfacet
   facet normal 0 -1 0
      outer loop
         vertex -0.00447 0.00311187 0.0007
         vertex -0.00432326 0.00311187 0.0007
         vertex -0.00437104 0.00311187 0.000802512
      endloop
   endfacet
   facet normal 0 -1 0
      outer loop
         vertex -0.00437104 0.00311187 0.000802512
         vertex -0.00447 0.00311187 0.0013
         vertex -0.00447 0.00311187 0.0007
      endloop
   endfacet
   facet normal 0 0 -1
      outer loop
         vertex -0.00447 0.00331187 0.0005
         vertex -0.00417 0.00331187 0.0005
         vertex -0.00417 0.00323533 0.000515224
      endloop
   endfacet
   facet normal 0 -0.382683 -0.92388
      outer loop
         vertex -0.00447 0.00323533 0.000515224
         vertex -0.00417 0.00323533 0.000515224
         vertex -0.00417 0.00317044 0.000558579
      endloop
   endfacet
   facet normal 0 -0.707107 -0.707107
      outer loop
         vertex -0.00447 0.00317044 0.000558579
         vertex -0.00417 0.00317044 0.000558579
         vertex -0.00417 0.00312709 0.000623463
      endloop
   endfacet
   facet normal 0 -0.92388 -0.382683
      outer loop
         vertex -0.00417 0.00312709 0.000623463
         vertex -0.00417 0.00311187 0.0007
         vertex -0.00432326 0.00311187 0.0007
      endloop
   endfacet
   facet normal 0 -1 0
      outer loop
         vertex -0.00432326 0.00311187 0.0007
         vertex -0.00447 0.00312709 0.000623463
         vertex -0.00417 0.00312709 0.000623463
      endloop
   endfacet
   facet normal 0 -1 0
      outer loop
         vertex -0.00432326 0.00311187 0.0007
         vertex -0.00447 0.00311187 0.0007
         vertex -0.00447 0.00312709 0.000623463
      endloop
   endfacet
   facet normal 0 -0.92388 -0.382683
      outer loop
         vertex -0.00417 0.00312709 0.000623463
         vertex -0.00447 0.00312709 0.000623463
         vertex -0.00447 0.00317044 0.000558579
      endloop
   endfacet
   facet normal 0 -0.707107 -0.707107
      outer loop
         vertex -0.00417 0.00317044 0.000558579
         vertex -0.00447 0.00317044 0.000558579
         vertex -0.00447 0.00323533 0.000515224
      endloop
   endfacet
   facet normal 0 -0.382683 -0.92388
      outer loop
         vertex -0.00417 0.00323533 0.000515224
         vertex -0.00447 0.00323533 0.000515224
         vertex -0.00447 0.00331187 0.0005
      endloop
   endfacet
   facet normal 0 0 -1
      outer loop
         vertex -0.00447 0.00331187 0.0005
         vertex -0.00447 0.00365187 0.0005
         vertex -0.00417 0.00365187 0.0005
      endloop
   endfacet
   facet normal 0 0 -1
      outer loop
         vertex -0.00417 0.00365187 0.0005
         vertex -0.00417 0.00331187 0.0005
         vertex -0.00447 0.00331187 0.0005
      endloop
   endfacet
   facet normal -1 0 0
      outer loop
         vertex -0.00417 0.00365187 0.0005
         vertex -0.00417 0.0037284 0.000484776
         vertex -0.00417 0.00379329 0.000441421
      endloop
   endfacet
   facet normal -1 0 0
      outer loop
         vertex -0.00417 0.00379329 0.000441421
         vertex -0.00417 0.00383664 0.000376537
         vertex -0.00417 0.00365187 0.0005
      endloop
   endfacet
   facet normal -1 0 0
      outer loop
         vertex -0.00417 0.00383664 0.000376537
         vertex -0.00417 0.00385187 0.0003
         vertex -0.00417 0.00365187 0.0005
      endloop
   endfacet
   facet normal -1 0 0
      outer loop
         vertex -0.00417 0.00385187 0.00015
         vertex -0.00417 0.00311187 0.00015
         vertex -0.00417 0.00331187 0.0005
      endloop
   endfacet
   facet normal -1 0 0
      outer loop
         vertex -0.00417 0.00323533 0.000515224
         vertex -0.00417 0.00311187 0.00015
         vertex -0.00417 0.00311187 0.000469338
      endloop
   endfacet
   facet normal -1 0 0
      outer loop
         vertex -0.00417 0.00331187 0.0005
         vertex -0.00417 0.00365187 0.0005
         vertex -0.00417 0.00385187 0.00015
      endloop
   endfacet
   facet normal -1 0 0
      outer loop
         vertex -0.00417 0.00311187 0.000469338
         vertex -0.00417 0.00312709 0.000623463
         vertex -0.00417 0.00317044 0.000558579
      endloop
   endfacet
   facet normal -1 0 0
      outer loop
         vertex -0.00417 0.00311187 0.00015
         vertex -0.00417 0.00323533 0.000515224
         vertex -0.00417 0.00331187 0.0005
      endloop
   endfacet
   facet normal -1 0 0
      outer loop
         vertex -0.00417 0.00311187 0.000469338
         vertex -0.00417 0.00311187 0.0007
         vertex -0.00417 0.00312709 0.000623463
      endloop
   endfacet
   facet normal -1 0 0
      outer loop
         vertex -0.00417 0.00311187 0.000469338
         vertex -0.00417 0.00317044 0.000558579
         vertex -0.00417 0.00323533 0.000515224
      endloop
   endfacet
   facet normal -1 0 0
      outer loop
         vertex -0.00417 0.00385187 0.0003
         vertex -0.00417 0.00385187 0.00015
         vertex -0.00417 0.00365187 0.0005
      endloop
   endfacet
   facet normal 0 -0.92388 -0.382683
      outer loop
         vertex -0.00447 0.00383664 0.000376537
         vertex -0.00447 0.00385187 0.0003
         vertex -0.00417 0.00385187 0.0003
      endloop
   endfacet
   facet normal 0 -0.707107 -0.707107
      outer loop
         vertex -0.00447 0.00379329 0.000441421
         vertex -0.00447 0.00383664 0.000376537
         vertex -0.00417 0.00383664 0.000376537
      endloop
   endfacet
   facet normal 0 -0.382683 -0.92388
      outer loop
         vertex -0.00447 0.0037284 0.000484776
         vertex -0.00447 0.00379329 0.000441421
         vertex -0.00417 0.00379329 0.000441421
      endloop
   endfacet
   facet normal 0 0 -1
      outer loop
         vertex -0.00447 0.00365187 0.0005
         vertex -0.00447 0.0037284 0.000484776
         vertex -0.00417 0.0037284 0.000484776
      endloop
   endfacet
   facet normal 0 -0.382683 -0.92388
      outer loop
         vertex -0.00417 0.0037284 0.000484776
         vertex -0.00417 0.00365187 0.0005
         vertex -0.00447 0.00365187 0.0005
      endloop
   endfacet
   facet normal 0 -0.707107 -0.707107
      outer loop
         vertex -0.00417 0.00379329 0.000441421
         vertex -0.00417 0.0037284 0.000484776
         vertex -0.00447 0.0037284 0.000484776
      endloop
   endfacet
   facet normal 0 -0.92388 -0.382683
      outer loop
         vertex -0.00417 0.00383664 0.000376537
         vertex -0.00417 0.00379329 0.000441421
         vertex -0.00447 0.00379329 0.000441421
      endloop
   endfacet
   facet normal 0 -1 -2.71051e-16
      outer loop
         vertex -0.00417 0.00385187 0.0003
         vertex -0.00417 0.00383664 0.000376537
         vertex -0.00447 0.00383664 0.000376537
      endloop
   endfacet
   facet normal 0 -1 0
      outer loop
         vertex -0.00447 0.00385187 -0.00065
         vertex -0.00417 0.00385187 -0.00065
         vertex -0.00417 0.00385187 0.00015
      endloop
   endfacet
   facet normal 0 -1 0
      outer loop
         vertex -0.00417 0.00385187 0.00015
         vertex -0.00447 0.00385187 0.0003
         vertex -0.00447 0.00385187 -0.00065
      endloop
   endfacet
   facet normal 0 -1 0
      outer loop
         vertex -0.00417 0.00385187 0.00015
         vertex -0.00417 0.00385187 0.0003
         vertex -0.00447 0.00385187 0.0003
      endloop
   endfacet
   facet normal 0 0 -1
      outer loop
         vertex -0.00447 0.00400187 -0.0008
         vertex -0.00417 0.00400187 -0.0008
         vertex -0.00417 0.00394446 -0.000788582
      endloop
   endfacet
   facet normal 0 -0.382683 -0.92388
      outer loop
         vertex -0.00447 0.00394446 -0.000788582
         vertex -0.00417 0.00394446 -0.000788582
         vertex -0.00417 0.0038958 -0.000756066
      endloop
   endfacet
   facet normal 0 -0.707107 -0.707107
      outer loop
         vertex -0.00447 0.0038958 -0.000756066
         vertex -0.00417 0.0038958 -0.000756066
         vertex -0.00417 0.00386328 -0.000707403
      endloop
   endfacet
   facet normal 0 -0.92388 -0.382683
      outer loop
         vertex -0.00447 0.00386328 -0.000707403
         vertex -0.00417 0.00386328 -0.000707403
         vertex -0.00417 0.00385187 -0.00065
      endloop
   endfacet
   facet normal 0 -1 0
      outer loop
         vertex -0.00417 0.00385187 -0.00065
         vertex -0.00447 0.00385187 -0.00065
         vertex -0.00447 0.00386328 -0.000707403
      endloop
   endfacet
   facet normal 0 -0.92388 -0.382683
      outer loop
         vertex -0.00417 0.00386328 -0.000707403
         vertex -0.00447 0.00386328 -0.000707403
         vertex -0.00447 0.0038958 -0.000756066
      endloop
   endfacet
   facet normal 0 -0.707107 -0.707107
      outer loop
         vertex -0.00417 0.0038958 -0.000756066
         vertex -0.00447 0.0038958 -0.000756066
         vertex -0.00447 0.00394446 -0.000788582
      endloop
   endfacet
   facet normal 0 -0.382683 -0.92388
      outer loop
         vertex -0.00417 0.00394446 -0.000788582
         vertex -0.00447 0.00394446 -0.000788582
         vertex -0.00447 0.00400187 -0.0008
      endloop
   endfacet
   facet normal 0 0 -1
      outer loop
         vertex -0.00417 0.00470187 -0.0008
         vertex -0.00417 0.00400187 -0.0008
         vertex -0.00447 0.00400187 -0.0008
      endloop
   endfacet
   facet normal 0 0 -1
      outer loop
         vertex -0.00447 0.00400187 -0.0008
         vertex -0.00447 0.00470187 -0.0008
         vertex -0.00417 0.00470187 -0.0008
      endloop
   endfacet
   facet normal 0 1 0
      outer loop
         vertex -0.00447 0.00485187 -0.00065
         vertex -0.00417 0.00485187 -0.00065
         vertex -0.00417 0.00484045 -0.000707403
      endloop
   endfacet
   facet normal 0 0.92388 -0.382683
      outer loop
         vertex -0.00447 0.00484045 -0.000707403
         vertex -0.00417 0.00484045 -0.000707403
         vertex -0.00417 0.00480793 -0.000756066
      endloop
   endfacet
   facet normal 0 0.707107 -0.707107
      outer loop
         vertex -0.00447 0.00480793 -0.000756066
         vertex -0.00417 0.00480793 -0.000756066
         vertex -0.00417 0.00475927 -0.000788582
      endloop
   endfacet
   facet normal 0 0.382683 -0.92388
      outer loop
         vertex -0.00447 0.00475927 -0.000788582
         vertex -0.00417 0.00475927 -0.000788582
         vertex -0.00417 0.00470187 -0.0008
      endloop
   endfacet
   facet normal 0 0 -1
      outer loop
         vertex -0.00417 0.00470187 -0.0008
         vertex -0.00447 0.00470187 -0.0008
         vertex -0.00447 0.00475927 -0.000788582
      endloop
   endfacet
   facet normal 0 0.382683 -0.92388
      outer loop
         vertex -0.00417 0.00475927 -0.000788582
         vertex -0.00447 0.00475927 -0.000788582
         vertex -0.00447 0.00480793 -0.000756066
      endloop
   endfacet
   facet normal 0 0.707107 -0.707107
      outer loop
         vertex -0.00417 0.00480793 -0.000756066
         vertex -0.00447 0.00480793 -0.000756066
         vertex -0.00447 0.00484045 -0.000707403
      endloop
   endfacet
   facet normal 0 0.92388 -0.382683
      outer loop
         vertex -0.00417 0.00484045 -0.000707403
         vertex -0.00447 0.00484045 -0.000707403
         vertex -0.00447 0.00485187 -0.00065
      endloop
   endfacet
   facet normal -1 0 0
      outer loop
         vertex -0.00447 0.00386328 -0.000707403
         vertex -0.00447 0.00400187 -0.0008
         vertex -0.00447 0.00394446 -0.000788582
      endloop
   endfacet
   facet normal -1 0 0
      outer loop
         vertex -0.00447 -0.00166554 -0.000788582
         vertex -0.00447 -0.0017142 -0.000756066
         vertex -0.00447 -0.00174672 -0.000707403
      endloop
   endfacet
   facet normal -1 0 0
      outer loop
         vertex -0.00447 0.00394446 -0.000788582
         vertex -0.00447 0.0038958 -0.000756066
         vertex -0.00447 0.00386328 -0.000707403
      endloop
   endfacet
   facet normal -1 0 0
      outer loop
         vertex -0.00447 0.00484045 -0.000707403
         vertex -0.00447 0.00480793 -0.000756066
         vertex -0.00447 0.00475927 -0.000788582
      endloop
   endfacet
   facet normal -1 0 0
      outer loop
         vertex -0.00447 -0.00175813 -0.00065
         vertex -0.00447 -0.00160813 -0.0008
         vertex -0.00447 -0.00166554 -0.000788582
      endloop
   endfacet
   facet normal -1 0 0
      outer loop
         vertex -0.00447 -0.000408134 -0.0008
         vertex -0.00447 -0.000269552 -0.000707403
         vertex -0.00447 -0.000302068 -0.000756066
      endloop
   endfacet
   facet normal -1 0 0
      outer loop
         vertex -0.00447 0.00386328 -0.000707403
         vertex -0.00447 0.00385187 -0.00065
         vertex -0.00447 0.00400187 -0.0008
      endloop
   endfacet
   facet normal -1 0 0
      outer loop
         vertex -0.00447 0.00470187 -0.0008
         vertex -0.00447 0.00400187 -0.0008
         vertex -0.00447 0.00385187 0.0003
      endloop
   endfacet
   facet normal -1 0 0
      outer loop
         vertex -0.00447 0.00470187 -0.0008
         vertex -0.00447 0.00485187 -0.00065
         vertex -0.00447 0.00484045 -0.000707403
      endloop
   endfacet
   facet normal -1 0 0
      outer loop
         vertex -0.00447 -0.00295813 0.00186
         vertex -0.00447 -0.00190813 0.00153
         vertex -0.00447 -0.00196554 0.00151858
      endloop
   endfacet
   facet normal -1 0 0
      outer loop
         vertex -0.00447 -0.000246716 0.0014374
         vertex -0.00447 -0.00185073 0.00151858
         vertex -0.00447 -0.00190813 0.00153
      endloop
   endfacet
   facet normal -1 0 0
      outer loop
         vertex -0.00447 -0.000258134 0.00138
         vertex -0.00447 -0.000408134 -0.0008
         vertex -0.00447 -0.00175813 -0.00065
      endloop
   endfacet
   facet normal -1 0 0
      outer loop
         vertex -0.00447 -0.00175813 -0.00065
         vertex -0.00447 -0.000408134 -0.0008
         vertex -0.00447 -0.00160813 -0.0008
      endloop
   endfacet
   facet normal -1 0 0
      outer loop
         vertex -0.00447 -0.000408134 -0.0008
         vertex -0.00447 -0.000258134 -0.00065
         vertex -0.00447 -0.000269552 -0.000707403
      endloop
   endfacet
   facet normal -1 0 0
      outer loop
         vertex -0.00447 0.00465187 0.00186
         vertex -0.00447 -5.07316e-05 0.00151858
         vertex -0.00447 -0.000108134 0.00153
      endloop
   endfacet
   facet normal -1 0 0
      outer loop
         vertex -0.00447 0.00385187 0.0003
         vertex -0.00447 0.00485187 0.00086
         vertex -0.00447 0.00470187 -0.0008
      endloop
   endfacet
   facet normal -1 0 0
      outer loop
         vertex -0.00447 0.00470187 -0.0008
         vertex -0.00447 0.00485187 0.00086
         vertex -0.00447 0.00485187 -0.00065
      endloop
   endfacet
   facet normal -1 0 0
      outer loop
         vertex -0.00447 -0.00295813 0.00186
         vertex -0.00447 -0.00204672 0.0014374
         vertex -0.00447 -0.00205813 0.00138
      endloop
   endfacet
   facet normal -1 0 0
      outer loop
         vertex -0.00447 -0.00190813 0.00153
         vertex -0.00447 -0.00295813 0.00186
         vertex -0.00447 -0.000246716 0.0014374
      endloop
   endfacet
   facet normal -1 0 0
      outer loop
         vertex -0.00447 -0.00174672 -0.000707403
         vertex -0.00447 -0.00175813 -0.00065
         vertex -0.00447 -0.00166554 -0.000788582
      endloop
   endfacet
   facet normal -1 0 0
      outer loop
         vertex -0.00447 -0.000408134 -0.0008
         vertex -0.00447 -0.000258134 0.00138
         vertex -0.00447 -0.000258134 -0.00065
      endloop
   endfacet
   facet normal -1 0 0
      outer loop
         vertex -0.00447 0.00465187 0.00186
         vertex -0.00447 -2.06809e-06 0.00148607
         vertex -0.00447 -5.07316e-05 0.00151858
      endloop
   endfacet
   facet normal -1 0 0
      outer loop
         vertex -0.00447 0.00475927 -0.000788582
         vertex -0.00447 0.00470187 -0.0008
         vertex -0.00447 0.00484045 -0.000707403
      endloop
   endfacet
   facet normal -1 0 0
      outer loop
         vertex -0.00447 -0.00205813 0.00138
         vertex -0.00447 -0.00295813 0.0013
         vertex -0.00447 -0.00295813 0.00186
      endloop
   endfacet
   facet normal -1 0 0
      outer loop
         vertex -0.00447 -0.00196554 0.00151858
         vertex -0.00447 -0.0020142 0.00148607
         vertex -0.00447 -0.00295813 0.00186
      endloop
   endfacet
   facet normal -1 0 0
      outer loop
         vertex -0.00447 -0.000302068 -0.000756066
         vertex -0.00447 -0.000350732 -0.000788582
         vertex -0.00447 -0.000408134 -0.0008
      endloop
   endfacet
   facet normal -1 0 0
      outer loop
         vertex -0.00447 -0.00295813 0.00186
         vertex -0.00447 -0.000165537 0.00151858
         vertex -0.00447 -0.0002142 0.00148607
      endloop
   endfacet
   facet normal -1 0 0
      outer loop
         vertex -0.00447 -0.000108134 0.00153
         vertex -0.00447 -0.00295813 0.00186
         vertex -0.00447 0.00465187 0.00186
      endloop
   endfacet
   facet normal -1 0 0
      outer loop
         vertex -0.00447 0.00383664 0.000376537
         vertex -0.00447 0.00379329 0.000441421
         vertex -0.00447 0.00465187 0.00106
      endloop
   endfacet
   facet normal -1 0 0
      outer loop
         vertex -0.00447 0.00385187 -0.00065
         vertex -0.00447 0.00385187 0.0003
         vertex -0.00447 0.00400187 -0.0008
      endloop
   endfacet
   facet normal -1 0 0
      outer loop
         vertex -0.00447 -0.0020142 0.00148607
         vertex -0.00447 -0.00204672 0.0014374
         vertex -0.00447 -0.00295813 0.00186
      endloop
   endfacet
   facet normal -1 0 0
      outer loop
         vertex -0.00447 -0.000246716 0.0014374
         vertex -0.00447 -0.00176955 0.0014374
         vertex -0.00447 -0.00180207 0.00148607
      endloop
   endfacet
   facet normal -1 0 0
      outer loop
         vertex -0.00447 -0.00175813 0.00138
         vertex -0.00447 -0.000246716 0.0014374
         vertex -0.00447 -0.000258134 0.00138
      endloop
   endfacet
   facet normal -1 0 0
      outer loop
         vertex -0.00447 -0.000108134 0.00153
         vertex -0.00447 -0.000165537 0.00151858
         vertex -0.00447 -0.00295813 0.00186
      endloop
   endfacet
   facet normal -1 0 0
      outer loop
         vertex -0.00447 4.18659e-05 0.00138
         vertex -0.00447 0.00465187 0.00186
         vertex -0.00447 0.00311187 0.0013
      endloop
   endfacet
   facet normal -1 0 0
      outer loop
         vertex -0.00447 0.00385187 0.0003
         vertex -0.00447 0.00383664 0.000376537
         vertex -0.00447 0.00485187 0.00086
      endloop
   endfacet
   facet normal -1 0 0
      outer loop
         vertex -0.00447 0.00465187 0.00106
         vertex -0.00447 0.00317044 0.000558579
         vertex -0.00447 0.00312709 0.000623463
      endloop
   endfacet
   facet normal -1 0 0
      outer loop
         vertex -0.00447 0.00465187 0.00106
         vertex -0.00447 0.00331187 0.0005
         vertex -0.00447 0.00323533 0.000515224
      endloop
   endfacet
   facet normal -1 0 0
      outer loop
         vertex -0.00447 -0.00180207 0.00148607
         vertex -0.00447 -0.00185073 0.00151858
         vertex -0.00447 -0.000246716 0.0014374
      endloop
   endfacet
   facet normal -1 0 0
      outer loop
         vertex -0.00447 -0.00175813 -0.00065
         vertex -0.00447 -0.00175813 0.00138
         vertex -0.00447 -0.000258134 0.00138
      endloop
   endfacet
   facet normal -1 0 0
      outer loop
         vertex -0.00447 0.00465187 0.00186
         vertex -0.00447 3.04478e-05 0.0014374
         vertex -0.00447 -2.06809e-06 0.00148607
      endloop
   endfacet
   facet normal -1 0 0
      outer loop
         vertex -0.00447 0.00311187 0.0013
         vertex -0.00447 4.18659e-05 0.0013
         vertex -0.00447 4.18659e-05 0.00138
      endloop
   endfacet
   facet normal -1 0 0
      outer loop
         vertex -0.00447 0.00465187 0.00106
         vertex -0.00447 0.0037284 0.000484776
         vertex -0.00447 0.00365187 0.0005
      endloop
   endfacet
   facet normal -1 0 0
      outer loop
         vertex -0.00447 0.00465187 0.00106
         vertex -0.00447 0.00485187 0.00086
         vertex -0.00447 0.00383664 0.000376537
      endloop
   endfacet
   facet normal -1 0 0
      outer loop
         vertex -0.00447 0.00465187 0.00106
         vertex -0.00447 0.00311187 0.0007
         vertex -0.00447 0.00311187 0.0013
      endloop
   endfacet
   facet normal -1 0 0
      outer loop
         vertex -0.00447 0.00323533 0.000515224
         vertex -0.00447 0.00317044 0.000558579
         vertex -0.00447 0.00465187 0.00106
      endloop
   endfacet
   facet normal -1 0 0
      outer loop
         vertex -0.00447 -0.00175813 0.00138
         vertex -0.00447 -0.00176955 0.0014374
         vertex -0.00447 -0.000246716 0.0014374
      endloop
   endfacet
   facet normal -1 0 0
      outer loop
         vertex -0.00447 4.18659e-05 0.00138
         vertex -0.00447 3.04478e-05 0.0014374
         vertex -0.00447 0.00465187 0.00186
      endloop
   endfacet
   facet normal -1 0 0
      outer loop
         vertex -0.00447 0.00379329 0.000441421
         vertex -0.00447 0.0037284 0.000484776
         vertex -0.00447 0.00465187 0.00106
      endloop
   endfacet
   facet normal -1 0 0
      outer loop
         vertex -0.00447 0.00312709 0.000623463
         vertex -0.00447 0.00311187 0.0007
         vertex -0.00447 0.00465187 0.00106
      endloop
   endfacet
   facet normal -1 0 0
      outer loop
         vertex -0.00447 -0.0002142 0.00148607
         vertex -0.00447 -0.000246716 0.0014374
         vertex -0.00447 -0.00295813 0.00186
      endloop
   endfacet
   facet normal -1 0 0
      outer loop
         vertex -0.00447 0.00311187 0.0013
         vertex -0.00447 0.00465187 0.00186
         vertex -0.00447 0.00465187 0.00106
      endloop
   endfacet
   facet normal -1 0 0
      outer loop
         vertex -0.00447 0.00365187 0.0005
         vertex -0.00447 0.00331187 0.0005
         vertex -0.00447 0.00465187 0.00106
      endloop
   endfacet
   facet normal -1 0 0
      outer loop
         vertex -0.00447 -0.00205813 0.00138
         vertex -0.00447 -0.00205813 0.0013
         vertex -0.00447 -0.00295813 0.0013
      endloop
   endfacet
   facet normal 1 0 0
      outer loop
         vertex -0.00417 0.00465187 0.00015
         vertex -0.00417 0.00470187 -0.0008
         vertex -0.00417 0.00475927 -0.000788582
      endloop
   endfacet
   facet normal 1 0 0
      outer loop
         vertex -0.00417 0.00400187 -0.0008
         vertex -0.00417 0.00386328 -0.000707403
         vertex -0.00417 0.0038958 -0.000756066
      endloop
   endfacet
   facet normal 1 0 0
      outer loop
         vertex -0.00417 0.00475927 -0.000788582
         vertex -0.00417 0.00480793 -0.000756066
         vertex -0.00417 0.00465187 0.00015
      endloop
   endfacet
   facet normal 1 0 0
      outer loop
         vertex -0.00417 0.00400187 -0.0008
         vertex -0.00417 0.00385187 -0.00065
         vertex -0.00417 0.00386328 -0.000707403
      endloop
   endfacet
   facet normal 1 0 0
      outer loop
         vertex -0.00417 0.00414687 0.00015
         vertex -0.00417 0.00385187 0.00015
         vertex -0.00417 0.00385187 -0.00065
      endloop
   endfacet
   facet normal 1 0 0
      outer loop
         vertex -0.00417 0.00480793 -0.000756066
         vertex -0.00417 0.00484045 -0.000707403
         vertex -0.00417 0.00465187 0.00015
      endloop
   endfacet
   facet normal 1 0 0
      outer loop
         vertex -0.00417 0.00470187 -0.0008
         vertex -0.00417 0.00465187 0.00015
         vertex -0.00417 0.00414687 0.00015
      endloop
   endfacet
   facet normal 1 0 0
      outer loop
         vertex -0.00417 0.00385187 -0.00065
         vertex -0.00417 0.00400187 -0.0008
         vertex -0.00417 0.00414687 0.00015
      endloop
   endfacet
   facet normal 1 0 0
      outer loop
         vertex -0.00417 0.00414687 0.00015
         vertex -0.00417 0.00400187 -0.0008
         vertex -0.00417 0.00470187 -0.0008
      endloop
   endfacet
   facet normal 1 0 0
      outer loop
         vertex -0.00417 0.00484045 -0.000707403
         vertex -0.00417 0.00485187 -0.00065
         vertex -0.00417 0.00465187 0.00015
      endloop
   endfacet
   facet normal 1 0 0
      outer loop
         vertex -0.00417 0.00485187 0.00086
         vertex -0.00417 0.00465187 0.00106
         vertex -0.00417 0.00465187 0.00015
      endloop
   endfacet
   facet normal 1 0 0
      outer loop
         vertex -0.00417 0.00465187 0.00015
         vertex -0.00417 0.00485187 -0.00065
         vertex -0.00417 0.00485187 0.00086
      endloop
   endfacet
   facet normal 1 0 0
      outer loop
         vertex -0.00417 0.0038958 -0.000756066
         vertex -0.00417 0.00394446 -0.000788582
         vertex -0.00417 0.00400187 -0.0008
      endloop
   endfacet
   facet normal 0 1 0
      outer loop
         vertex -0.00417 0.00485187 0.00086
         vertex -0.00417 0.00485187 -0.00065
         vertex -0.00447 0.00485187 -0.00065
      endloop
   endfacet
   facet normal 0 1 0
      outer loop
         vertex -0.00447 0.00485187 -0.00065
         vertex -0.00447 0.00485187 0.00086
         vertex -0.00417 0.00485187 0.00086
      endloop
   endfacet
   facet normal 0 0.707107 0.707107
      outer loop
         vertex -0.00447 0.00485187 0.00086
         vertex -0.00447 0.00465187 0.00106
         vertex -0.00417 0.00465187 0.00106
      endloop
   endfacet
   facet normal 0 0.707107 0.707107
      outer loop
         vertex -0.00417 0.00465187 0.00106
         vertex -0.00417 0.00485187 0.00086
         vertex -0.00447 0.00485187 0.00086
      endloop
   endfacet
   facet normal 0.92388 0 -0.382683
      outer loop
         vertex 0.00437104 4.18659e-05 0.000802512
         vertex 0.00408924 4.18659e-05 0.000380761
         vertex 0.00417 0.00311187 0.000469338
      endloop
   endfacet
   facet normal 0.769231 0 -0.638971
      outer loop
         vertex 0.00417 0.00311187 0.000469338
         vertex 0.00432326 0.00311187 0.0007
         vertex 0.00437104 4.18659e-05 0.000802512
      endloop
   endfacet
   facet normal 0.707107 0 -0.707107
      outer loop
         vertex 0.00408924 4.18659e-05 0.000380761
         vertex 0.00408924 0.00311187 0.000380761
         vertex 0.00417 0.00311187 0.000469338
      endloop
   endfacet
   facet normal 0.92388 0 -0.382683
      outer loop
         vertex 0.00437104 4.18659e-05 0.000802512
         vertex 0.00437104 0.00311187 0.000802512
         vertex 0.00447 0.00311187 0.0013
      endloop
   endfacet
   facet normal -3.33601e-16 0 -1
      outer loop
         vertex 0.00317 4.18659e-05 -2.63769e-18
         vertex 0.00317 0.00271187 -2.6733e-18
         vertex 0.00366749 0.00271187 9.89566e-05
      endloop
   endfacet
   facet normal 0.707107 0 -0.707107
      outer loop
         vertex 0.00408924 0.00311187 0.000380761
         vertex 0.00408924 4.18659e-05 0.000380761
         vertex 0.00377622 0.00271187 0.00015
      endloop
   endfacet
   facet normal 0.382683 0 -0.92388
      outer loop
         vertex 0.00366749 4.18659e-05 9.89566e-05
         vertex 0.00366749 0.00271187 9.89566e-05
         vertex 0.00377622 0.00271187 0.00015
      endloop
   endfacet
   facet normal 0.466321 0 -0.884615
      outer loop
         vertex 0.00377622 0.00271187 0.00015
         vertex 0.00408924 4.18659e-05 0.000380761
         vertex 0.00366749 4.18659e-05 9.89566e-05
      endloop
   endfacet
   facet normal 0.466321 0 -0.884615
      outer loop
         vertex 0.00377622 0.00271187 0.00015
         vertex 0.00377622 0.00311187 0.00015
         vertex 0.00408924 0.00311187 0.000380761
      endloop
   endfacet
   facet normal 0.382683 0 -0.92388
      outer loop
         vertex 0.00366749 0.00271187 9.89566e-05
         vertex 0.00366749 4.18659e-05 9.89566e-05
         vertex 0.00317 4.18659e-05 -2.63769e-18
      endloop
   endfacet
   facet normal 1 0 -3.33601e-16
      outer loop
         vertex 0.00447 0.00311187 0.0013
         vertex 0.00447 4.18659e-05 0.0013
         vertex 0.00437104 4.18659e-05 0.000802512
      endloop
   endfacet
   facet normal 0.88712 0 -0.461538
      outer loop
         vertex 0.00432326 0.00311187 0.0007
         vertex 0.00437104 0.00311187 0.000802512
         vertex 0.00437104 4.18659e-05 0.000802512
      endloop
   endfacet
   facet normal 0 -1 0
      outer loop
         vertex 0.00417 0.00311187 0.00015
         vertex 0.00417 0.00311187 0.000469338
         vertex 0.00408924 0.00311187 0.000380761
      endloop
   endfacet
   facet normal 0 -1 0
      outer loop
         vertex 0.00408924 0.00311187 0.000380761
         vertex 0.00377622 0.00311187 0.00015
         vertex 0.00417 0.00311187 0.00015
      endloop
   endfacet
   facet normal 0 1 0
      outer loop
         vertex 0.00417 0.00311187 0.0007
         vertex 0.00432326 0.00311187 0.0007
         vertex 0.00417 0.00311187 0.000469338
      endloop
   endfacet
   facet normal 0 -1 0
      outer loop
         vertex 0.00447 0.00311187 0.0007
         vertex 0.00447 0.00311187 0.0013
         vertex 0.00437104 0.00311187 0.000802512
      endloop
   endfacet
   facet normal 0 -1 0
      outer loop
         vertex 0.00437104 0.00311187 0.000802512
         vertex 0.00432326 0.00311187 0.0007
         vertex 0.00447 0.00311187 0.0007
      endloop
   endfacet
   facet normal 0 0 -1
      outer loop
         vertex 0.00417 0.00331187 0.0005
         vertex 0.00447 0.00331187 0.0005
         vertex 0.00447 0.00323533 0.000515224
      endloop
   endfacet
   facet normal 0 -0.382683 -0.92388
      outer loop
         vertex 0.00417 0.00323533 0.000515224
         vertex 0.00447 0.00323533 0.000515224
         vertex 0.00447 0.00317044 0.000558579
      endloop
   endfacet
   facet normal 0 -0.707107 -0.707107
      outer loop
         vertex 0.00417 0.00317044 0.000558579
         vertex 0.00447 0.00317044 0.000558579
         vertex 0.00447 0.00312709 0.000623463
      endloop
   endfacet
   facet normal 0 -0.92388 -0.382683
      outer loop
         vertex 0.00417 0.00312709 0.000623463
         vertex 0.00447 0.00312709 0.000623463
         vertex 0.00432326 0.00311187 0.0007
      endloop
   endfacet
   facet normal 0 -0.92388 -0.382683
      outer loop
         vertex 0.00447 0.00312709 0.000623463
         vertex 0.00447 0.00311187 0.0007
         vertex 0.00432326 0.00311187 0.0007
      endloop
   endfacet
   facet normal 0 -1 0
      outer loop
         vertex 0.00432326 0.00311187 0.0007
         vertex 0.00417 0.00311187 0.0007
         vertex 0.00417 0.00312709 0.000623463
      endloop
   endfacet
   facet normal 0 -0.92388 -0.382683
      outer loop
         vertex 0.00447 0.00312709 0.000623463
         vertex 0.00417 0.00312709 0.000623463
         vertex 0.00417 0.00317044 0.000558579
      endloop
   endfacet
   facet normal 0 -0.707107 -0.707107
      outer loop
         vertex 0.00447 0.00317044 0.000558579
         vertex 0.00417 0.00317044 0.000558579
         vertex 0.00417 0.00323533 0.000515224
      endloop
   endfacet
   facet normal 0 -0.382683 -0.92388
      outer loop
         vertex 0.00447 0.00323533 0.000515224
         vertex 0.00417 0.00323533 0.000515224
         vertex 0.00417 0.00331187 0.0005
      endloop
   endfacet
   facet normal 0 0 -1
      outer loop
         vertex 0.00417 0.00365187 0.0005
         vertex 0.00447 0.00365187 0.0005
         vertex 0.00447 0.00331187 0.0005
      endloop
   endfacet
   facet normal 0 0 -1
      outer loop
         vertex 0.00447 0.00331187 0.0005
         vertex 0.00417 0.00331187 0.0005
         vertex 0.00417 0.00365187 0.0005
      endloop
   endfacet
   facet normal 1 0 0
      outer loop
         vertex 0.00417 0.00365187 0.0005
         vertex 0.00417 0.00383664 0.000376537
         vertex 0.00417 0.00379329 0.000441421
      endloop
   endfacet
   facet normal 1 0 0
      outer loop
         vertex 0.00417 0.00365187 0.0005
         vertex 0.00417 0.00385187 0.0003
         vertex 0.00417 0.00383664 0.000376537
      endloop
   endfacet
   facet normal 1 0 0
      outer loop
         vertex 0.00417 0.00385187 0.00015
         vertex 0.00417 0.00365187 0.0005
         vertex 0.00417 0.00331187 0.0005
      endloop
   endfacet
   facet normal 1 0 0
      outer loop
         vertex 0.00417 0.00365187 0.0005
         vertex 0.00417 0.00385187 0.00015
         vertex 0.00417 0.00385187 0.0003
      endloop
   endfacet
   facet normal 1 0 0
      outer loop
         vertex 0.00417 0.00311187 0.000469338
         vertex 0.00417 0.00317044 0.000558579
         vertex 0.00417 0.00312709 0.000623463
      endloop
   endfacet
   facet normal 1 0 0
      outer loop
         vertex 0.00417 0.00323533 0.000515224
         vertex 0.00417 0.00317044 0.000558579
         vertex 0.00417 0.00311187 0.000469338
      endloop
   endfacet
   facet normal 1 0 0
      outer loop
         vertex 0.00417 0.00379329 0.000441421
         vertex 0.00417 0.0037284 0.000484776
         vertex 0.00417 0.00365187 0.0005
      endloop
   endfacet
   facet normal 1 0 0
      outer loop
         vertex 0.00417 0.00311187 0.000469338
         vertex 0.00417 0.00311187 0.00015
         vertex 0.00417 0.00323533 0.000515224
      endloop
   endfacet
   facet normal 1 0 0
      outer loop
         vertex 0.00417 0.00331187 0.0005
         vertex 0.00417 0.00311187 0.00015
         vertex 0.00417 0.00385187 0.00015
      endloop
   endfacet
   facet normal 1 0 0
      outer loop
         vertex 0.00417 0.00331187 0.0005
         vertex 0.00417 0.00323533 0.000515224
         vertex 0.00417 0.00311187 0.00015
      endloop
   endfacet
   facet normal 1 0 0
      outer loop
         vertex 0.00417 0.00312709 0.000623463
         vertex 0.00417 0.00311187 0.0007
         vertex 0.00417 0.00311187 0.000469338
      endloop
   endfacet
   facet normal 0 -0.92388 -0.382683
      outer loop
         vertex 0.00417 0.00383664 0.000376537
         vertex 0.00417 0.00385187 0.0003
         vertex 0.00447 0.00385187 0.0003
      endloop
   endfacet
   facet normal 0 -0.707107 -0.707107
      outer loop
         vertex 0.00417 0.00379329 0.000441421
         vertex 0.00417 0.00383664 0.000376537
         vertex 0.00447 0.00383664 0.000376537
      endloop
   endfacet
   facet normal 0 -0.382683 -0.92388
      outer loop
         vertex 0.00417 0.0037284 0.000484776
         vertex 0.00417 0.00379329 0.000441421
         vertex 0.00447 0.00379329 0.000441421
      endloop
   endfacet
   facet normal 0 0 -1
      outer loop
         vertex 0.00417 0.00365187 0.0005
         vertex 0.00417 0.0037284 0.000484776
         vertex 0.00447 0.0037284 0.000484776
      endloop
   endfacet
   facet normal 0 -0.382683 -0.92388
      outer loop
         vertex 0.00447 0.0037284 0.000484776
         vertex 0.00447 0.00365187 0.0005
         vertex 0.00417 0.00365187 0.0005
      endloop
   endfacet
   facet normal 0 -0.707107 -0.707107
      outer loop
         vertex 0.00447 0.00379329 0.000441421
         vertex 0.00447 0.0037284 0.000484776
         vertex 0.00417 0.0037284 0.000484776
      endloop
   endfacet
   facet normal 0 -0.92388 -0.382683
      outer loop
         vertex 0.00447 0.00383664 0.000376537
         vertex 0.00447 0.00379329 0.000441421
         vertex 0.00417 0.00379329 0.000441421
      endloop
   endfacet
   facet normal 0 -1 3.71339e-14
      outer loop
         vertex 0.00447 0.00385187 0.0003
         vertex 0.00447 0.00383664 0.000376537
         vertex 0.00417 0.00383664 0.000376537
      endloop
   endfacet
   facet normal 0 -1 0
      outer loop
         vertex 0.00447 0.00385187 -0.00065
         vertex 0.00447 0.00385187 0.0003
         vertex 0.00417 0.00385187 0.00015
      endloop
   endfacet
   facet normal 0 -1 0
      outer loop
         vertex 0.00447 0.00385187 0.0003
         vertex 0.00417 0.00385187 0.0003
         vertex 0.00417 0.00385187 0.00015
      endloop
   endfacet
   facet normal 0 -1 0
      outer loop
         vertex 0.00417 0.00385187 0.00015
         vertex 0.00417 0.00385187 -0.00065
         vertex 0.00447 0.00385187 -0.00065
      endloop
   endfacet
   facet normal 0 0 -1
      outer loop
         vertex 0.00417 0.00400187 -0.0008
         vertex 0.00447 0.00400187 -0.0008
         vertex 0.00447 0.00394446 -0.000788582
      endloop
   endfacet
   facet normal 0 -0.382683 -0.92388
      outer loop
         vertex 0.00417 0.00394446 -0.000788582
         vertex 0.00447 0.00394446 -0.000788582
         vertex 0.00447 0.0038958 -0.000756066
      endloop
   endfacet
   facet normal 0 -0.707107 -0.707107
      outer loop
         vertex 0.00417 0.0038958 -0.000756066
         vertex 0.00447 0.0038958 -0.000756066
         vertex 0.00447 0.00386328 -0.000707403
      endloop
   endfacet
   facet normal 0 -0.92388 -0.382683
      outer loop
         vertex 0.00417 0.00386328 -0.000707403
         vertex 0.00447 0.00386328 -0.000707403
         vertex 0.00447 0.00385187 -0.00065
      endloop
   endfacet
   facet normal 0 -1 0
      outer loop
         vertex 0.00447 0.00385187 -0.00065
         vertex 0.00417 0.00385187 -0.00065
         vertex 0.00417 0.00386328 -0.000707403
      endloop
   endfacet
   facet normal 0 -0.92388 -0.382683
      outer loop
         vertex 0.00447 0.00386328 -0.000707403
         vertex 0.00417 0.00386328 -0.000707403
         vertex 0.00417 0.0038958 -0.000756066
      endloop
   endfacet
   facet normal 0 -0.707107 -0.707107
      outer loop
         vertex 0.00447 0.0038958 -0.000756066
         vertex 0.00417 0.0038958 -0.000756066
         vertex 0.00417 0.00394446 -0.000788582
      endloop
   endfacet
   facet normal 0 -0.382683 -0.92388
      outer loop
         vertex 0.00447 0.00394446 -0.000788582
         vertex 0.00417 0.00394446 -0.000788582
         vertex 0.00417 0.00400187 -0.0008
      endloop
   endfacet
   facet normal 0 0 -1
      outer loop
         vertex 0.00447 0.00400187 -0.0008
         vertex 0.00417 0.00400187 -0.0008
         vertex 0.00417 0.00470187 -0.0008
      endloop
   endfacet
   facet normal 0 0 -1
      outer loop
         vertex 0.00417 0.00470187 -0.0008
         vertex 0.00447 0.00470187 -0.0008
         vertex 0.00447 0.00400187 -0.0008
      endloop
   endfacet
   facet normal 0 1 0
      outer loop
         vertex 0.00417 0.00485187 -0.00065
         vertex 0.00447 0.00485187 -0.00065
         vertex 0.00447 0.00484045 -0.000707403
      endloop
   endfacet
   facet normal 0 0.92388 -0.382683
      outer loop
         vertex 0.00417 0.00484045 -0.000707403
         vertex 0.00447 0.00484045 -0.000707403
         vertex 0.00447 0.00480793 -0.000756066
      endloop
   endfacet
   facet normal 0 0.707107 -0.707107
      outer loop
         vertex 0.00417 0.00480793 -0.000756066
         vertex 0.00447 0.00480793 -0.000756066
         vertex 0.00447 0.00475927 -0.000788582
      endloop
   endfacet
   facet normal 0 0.382683 -0.92388
      outer loop
         vertex 0.00417 0.00475927 -0.000788582
         vertex 0.00447 0.00475927 -0.000788582
         vertex 0.00447 0.00470187 -0.0008
      endloop
   endfacet
   facet normal 0 0 -1
      outer loop
         vertex 0.00447 0.00470187 -0.0008
         vertex 0.00417 0.00470187 -0.0008
         vertex 0.00417 0.00475927 -0.000788582
      endloop
   endfacet
   facet normal 0 0.382683 -0.92388
      outer loop
         vertex 0.00447 0.00475927 -0.000788582
         vertex 0.00417 0.00475927 -0.000788582
         vertex 0.00417 0.00480793 -0.000756066
      endloop
   endfacet
   facet normal 0 0.707107 -0.707107
      outer loop
         vertex 0.00447 0.00480793 -0.000756066
         vertex 0.00417 0.00480793 -0.000756066
         vertex 0.00417 0.00484045 -0.000707403
      endloop
   endfacet
   facet normal 0 0.92388 -0.382683
      outer loop
         vertex 0.00447 0.00484045 -0.000707403
         vertex 0.00417 0.00484045 -0.000707403
         vertex 0.00417 0.00485187 -0.00065
      endloop
   endfacet
   facet normal 1 0 0
      outer loop
         vertex 0.00447 -0.00175813 -0.00065
         vertex 0.00447 -0.00174672 -0.000707403
         vertex 0.00447 -0.0017142 -0.000756066
      endloop
   endfacet
   facet normal 1 0 0
      outer loop
         vertex 0.00447 -0.000408134 -0.0008
         vertex 0.00447 -0.000302068 -0.000756066
         vertex 0.00447 -0.000269552 -0.000707403
      endloop
   endfacet
   facet normal 1 0 0
      outer loop
         vertex 0.00447 -0.0017142 -0.000756066
         vertex 0.00447 -0.00166554 -0.000788582
         vertex 0.00447 -0.00175813 -0.00065
      endloop
   endfacet
   facet normal 1 0 0
      outer loop
         vertex 0.00447 -0.000408134 -0.0008
         vertex 0.00447 -0.000350732 -0.000788582
         vertex 0.00447 -0.000302068 -0.000756066
      endloop
   endfacet
   facet normal 1 0 0
      outer loop
         vertex 0.00447 -0.00166554 -0.000788582
         vertex 0.00447 -0.00160813 -0.0008
         vertex 0.00447 -0.00175813 -0.00065
      endloop
   endfacet
   facet normal 1 0 0
      outer loop
         vertex 0.00447 -0.000258134 0.00138
         vertex 0.00447 -0.00175813 0.00138
         vertex 0.00447 -0.00175813 -0.00065
      endloop
   endfacet
   facet normal 1 0 0
      outer loop
         vertex 0.00447 -0.000269552 -0.000707403
         vertex 0.00447 -0.000258134 -0.00065
         vertex 0.00447 -0.000408134 -0.0008
      endloop
   endfacet
   facet normal 1 0 0
      outer loop
         vertex 0.00447 -0.00175813 -0.00065
         vertex 0.00447 -0.000408134 -0.0008
         vertex 0.00447 -0.000258134 0.00138
      endloop
   endfacet
   facet normal 1 0 0
      outer loop
         vertex 0.00447 -0.00160813 -0.0008
         vertex 0.00447 -0.000408134 -0.0008
         vertex 0.00447 -0.00175813 -0.00065
      endloop
   endfacet
   facet normal 1 0 0
      outer loop
         vertex 0.00447 0.00485187 -0.00065
         vertex 0.00447 0.00470187 -0.0008
         vertex 0.00447 0.00475927 -0.000788582
      endloop
   endfacet
   facet normal 1 0 0
      outer loop
         vertex 0.00447 -0.000258134 -0.00065
         vertex 0.00447 -0.000258134 0.00138
         vertex 0.00447 -0.000408134 -0.0008
      endloop
   endfacet
   facet normal 1 0 0
      outer loop
         vertex 0.00447 -0.000246716 0.0014374
         vertex 0.00447 -0.00295813 0.00186
         vertex 0.00447 -0.00190813 0.00153
      endloop
   endfacet
   facet normal 1 0 0
      outer loop
         vertex 0.00447 0.00475927 -0.000788582
         vertex 0.00447 0.00480793 -0.000756066
         vertex 0.00447 0.00485187 -0.00065
      endloop
   endfacet
   facet normal 1 0 0
      outer loop
         vertex 0.00447 0.00485187 -0.00065
         vertex 0.00447 0.00385187 -0.00065
         vertex 0.00447 0.00400187 -0.0008
      endloop
   endfacet
   facet normal 1 0 0
      outer loop
         vertex 0.00447 0.00400187 -0.0008
         vertex 0.00447 0.00386328 -0.000707403
         vertex 0.00447 0.0038958 -0.000756066
      endloop
   endfacet
   facet normal 1 0 0
      outer loop
         vertex 0.00447 -0.000246716 0.0014374
         vertex 0.00447 -0.00176955 0.0014374
         vertex 0.00447 -0.00175813 0.00138
      endloop
   endfacet
   facet normal 1 0 0
      outer loop
         vertex 0.00447 -0.00190813 0.00153
         vertex 0.00447 -0.00185073 0.00151858
         vertex 0.00447 -0.000246716 0.0014374
      endloop
   endfacet
   facet normal 1 0 0
      outer loop
         vertex 0.00447 -0.00295813 0.00186
         vertex 0.00447 -0.00295813 0.0013
         vertex 0.00447 -0.00205813 0.00138
      endloop
   endfacet
   facet normal 1 0 0
      outer loop
         vertex 0.00447 0.00400187 -0.0008
         vertex 0.00447 0.00470187 -0.0008
         vertex 0.00447 0.00485187 -0.00065
      endloop
   endfacet
   facet normal 1 0 0
      outer loop
         vertex 0.00447 0.00400187 -0.0008
         vertex 0.00447 0.00385187 -0.00065
         vertex 0.00447 0.00386328 -0.000707403
      endloop
   endfacet
   facet normal 1 0 0
      outer loop
         vertex 0.00447 -0.000246716 0.0014374
         vertex 0.00447 -0.00180207 0.00148607
         vertex 0.00447 -0.00176955 0.0014374
      endloop
   endfacet
   facet normal 1 0 0
      outer loop
         vertex 0.00447 -0.00295813 0.00186
         vertex 0.00447 -0.00196554 0.00151858
         vertex 0.00447 -0.00190813 0.00153
      endloop
   endfacet
   facet normal 1 0 0
      outer loop
         vertex 0.00447 -0.00295813 0.00186
         vertex 0.00447 -0.00204672 0.0014374
         vertex 0.00447 -0.0020142 0.00148607
      endloop
   endfacet
   facet normal 1 0 0
      outer loop
         vertex 0.00447 -0.00295813 0.0013
         vertex 0.00447 -0.00205813 0.0013
         vertex 0.00447 -0.00205813 0.00138
      endloop
   endfacet
   facet normal 1 0 0
      outer loop
         vertex 0.00447 0.00485187 -0.00065
         vertex 0.00447 0.00485187 0.00086
         vertex 0.00447 0.00385187 0.0003
      endloop
   endfacet
   facet normal 1 0 0
      outer loop
         vertex 0.00447 0.0038958 -0.000756066
         vertex 0.00447 0.00394446 -0.000788582
         vertex 0.00447 0.00400187 -0.0008
      endloop
   endfacet
   facet normal 1 0 0
      outer loop
         vertex 0.00447 -0.00185073 0.00151858
         vertex 0.00447 -0.00180207 0.00148607
         vertex 0.00447 -0.000246716 0.0014374
      endloop
   endfacet
   facet normal 1 0 0
      outer loop
         vertex 0.00447 -0.00205813 0.00138
         vertex 0.00447 -0.00204672 0.0014374
         vertex 0.00447 -0.00295813 0.00186
      endloop
   endfacet
   facet normal 1 0 0
      outer loop
         vertex 0.00447 0.00465187 0.00106
         vertex 0.00447 0.00317044 0.000558579
         vertex 0.00447 0.00323533 0.000515224
      endloop
   endfacet
   facet normal 1 0 0
      outer loop
         vertex 0.00447 0.00480793 -0.000756066
         vertex 0.00447 0.00484045 -0.000707403
         vertex 0.00447 0.00485187 -0.00065
      endloop
   endfacet
   facet normal 1 0 0
      outer loop
         vertex 0.00447 0.00383664 0.000376537
         vertex 0.00447 0.00485187 0.00086
         vertex 0.00447 0.00465187 0.00106
      endloop
   endfacet
   facet normal 1 0 0
      outer loop
         vertex 0.00447 4.18659e-05 0.00138
         vertex 0.00447 4.18659e-05 0.0013
         vertex 0.00447 0.00311187 0.0013
      endloop
   endfacet
   facet normal 1 0 0
      outer loop
         vertex 0.00447 -0.0020142 0.00148607
         vertex 0.00447 -0.00196554 0.00151858
         vertex 0.00447 -0.00295813 0.00186
      endloop
   endfacet
   facet normal 1 0 0
      outer loop
         vertex 0.00447 0.00465187 0.00106
         vertex 0.00447 0.00312709 0.000623463
         vertex 0.00447 0.00317044 0.000558579
      endloop
   endfacet
   facet normal 1 0 0
      outer loop
         vertex 0.00447 0.00485187 0.00086
         vertex 0.00447 0.00383664 0.000376537
         vertex 0.00447 0.00385187 0.0003
      endloop
   endfacet
   facet normal 1 0 0
      outer loop
         vertex 0.00447 0.00465187 0.00106
         vertex 0.00447 0.0037284 0.000484776
         vertex 0.00447 0.00379329 0.000441421
      endloop
   endfacet
   facet normal 1 0 0
      outer loop
         vertex 0.00447 0.00465187 0.00186
         vertex 0.00447 3.04478e-05 0.0014374
         vertex 0.00447 4.18659e-05 0.00138
      endloop
   endfacet
   facet normal 1 0 0
      outer loop
         vertex 0.00447 0.00465187 0.00186
         vertex 0.00447 -0.00295813 0.00186
         vertex 0.00447 -0.000108134 0.00153
      endloop
   endfacet
   facet normal 1 0 0
      outer loop
         vertex 0.00447 -0.000258134 0.00138
         vertex 0.00447 -0.000246716 0.0014374
         vertex 0.00447 -0.00175813 0.00138
      endloop
   endfacet
   facet normal 1 0 0
      outer loop
         vertex 0.00447 0.00465187 0.00106
         vertex 0.00447 0.00311187 0.0007
         vertex 0.00447 0.00312709 0.000623463
      endloop
   endfacet
   facet normal 1 0 0
      outer loop
         vertex 0.00447 0.00465187 0.00106
         vertex 0.00447 0.00465187 0.00186
         vertex 0.00447 0.00311187 0.0013
      endloop
   endfacet
   facet normal 1 0 0
      outer loop
         vertex 0.00447 0.00465187 0.00106
         vertex 0.00447 0.00379329 0.000441421
         vertex 0.00447 0.00383664 0.000376537
      endloop
   endfacet
   facet normal 1 0 0
      outer loop
         vertex 0.00447 0.00465187 0.00106
         vertex 0.00447 0.00331187 0.0005
         vertex 0.00447 0.00365187 0.0005
      endloop
   endfacet
   facet normal 1 0 0
      outer loop
         vertex 0.00447 0.00465187 0.00186
         vertex 0.00447 -2.06809e-06 0.00148607
         vertex 0.00447 3.04478e-05 0.0014374
      endloop
   endfacet
   facet normal 1 0 0
      outer loop
         vertex 0.00447 -0.00295813 0.00186
         vertex 0.00447 -0.000165537 0.00151858
         vertex 0.00447 -0.000108134 0.00153
      endloop
   endfacet
   facet normal 1 0 0
      outer loop
         vertex 0.00447 -0.000246716 0.0014374
         vertex 0.00447 -0.0002142 0.00148607
         vertex 0.00447 -0.00295813 0.00186
      endloop
   endfacet
   facet normal 1 0 0
      outer loop
         vertex 0.00447 0.00311187 0.0013
         vertex 0.00447 0.00311187 0.0007
         vertex 0.00447 0.00465187 0.00106
      endloop
   endfacet
   facet normal 1 0 0
      outer loop
         vertex 0.00447 0.00365187 0.0005
         vertex 0.00447 0.0037284 0.000484776
         vertex 0.00447 0.00465187 0.00106
      endloop
   endfacet
   facet normal 1 0 0
      outer loop
         vertex 0.00447 0.00465187 0.00186
         vertex 0.00447 -5.07316e-05 0.00151858
         vertex 0.00447 -2.06809e-06 0.00148607
      endloop
   endfacet
   facet normal 1 0 0
      outer loop
         vertex 0.00447 -0.0002142 0.00148607
         vertex 0.00447 -0.000165537 0.00151858
         vertex 0.00447 -0.00295813 0.00186
      endloop
   endfacet
   facet normal 1 0 0
      outer loop
         vertex 0.00447 0.00385187 0.0003
         vertex 0.00447 0.00385187 -0.00065
         vertex 0.00447 0.00485187 -0.00065
      endloop
   endfacet
   facet normal 1 0 0
      outer loop
         vertex 0.00447 -0.000108134 0.00153
         vertex 0.00447 -5.07316e-05 0.00151858
         vertex 0.00447 0.00465187 0.00186
      endloop
   endfacet
   facet normal 1 0 0
      outer loop
         vertex 0.00447 0.00311187 0.0013
         vertex 0.00447 0.00465187 0.00186
         vertex 0.00447 4.18659e-05 0.00138
      endloop
   endfacet
   facet normal 1 0 0
      outer loop
         vertex 0.00447 0.00323533 0.000515224
         vertex 0.00447 0.00331187 0.0005
         vertex 0.00447 0.00465187 0.00106
      endloop
   endfacet
   facet normal -1 0 0
      outer loop
         vertex 0.00417 0.00465187 0.00015
         vertex 0.00417 0.00485187 -0.00065
         vertex 0.00417 0.00484045 -0.000707403
      endloop
   endfacet
   facet normal -1 0 0
      outer loop
         vertex 0.00417 0.00484045 -0.000707403
         vertex 0.00417 0.00480793 -0.000756066
         vertex 0.00417 0.00465187 0.00015
      endloop
   endfacet
   facet normal -1 0 0
      outer loop
         vertex 0.00417 0.00386328 -0.000707403
         vertex 0.00417 0.00400187 -0.0008
         vertex 0.00417 0.00394446 -0.000788582
      endloop
   endfacet
   facet normal -1 0 0
      outer loop
         vertex 0.00417 0.00470187 -0.0008
         vertex 0.00417 0.00400187 -0.0008
         vertex 0.00417 0.00414687 0.00015
      endloop
   endfacet
   facet normal -1 0 0
      outer loop
         vertex 0.00417 0.00480793 -0.000756066
         vertex 0.00417 0.00475927 -0.000788582
         vertex 0.00417 0.00465187 0.00015
      endloop
   endfacet
   facet normal -1 0 0
      outer loop
         vertex 0.00417 0.00414687 0.00015
         vertex 0.00417 0.00400187 -0.0008
         vertex 0.00417 0.00385187 -0.00065
      endloop
   endfacet
   facet normal -1 0 0
      outer loop
         vertex 0.00417 0.00394446 -0.000788582
         vertex 0.00417 0.0038958 -0.000756066
         vertex 0.00417 0.00386328 -0.000707403
      endloop
   endfacet
   facet normal -1 0 0
      outer loop
         vertex 0.00417 0.00475927 -0.000788582
         vertex 0.00417 0.00470187 -0.0008
         vertex 0.00417 0.00465187 0.00015
      endloop
   endfacet
   facet normal -1 0 0
      outer loop
         vertex 0.00417 0.00386328 -0.000707403
         vertex 0.00417 0.00385187 -0.00065
         vertex 0.00417 0.00400187 -0.0008
      endloop
   endfacet
   facet normal -1 0 0
      outer loop
         vertex 0.00417 0.00485187 0.00086
         vertex 0.00417 0.00485187 -0.00065
         vertex 0.00417 0.00465187 0.00015
      endloop
   endfacet
   facet normal -1 0 0
      outer loop
         vertex 0.00417 0.00385187 -0.00065
         vertex 0.00417 0.00385187 0.00015
         vertex 0.00417 0.00414687 0.00015
      endloop
   endfacet
   facet normal -1 0 0
      outer loop
         vertex 0.00417 0.00414687 0.00015
         vertex 0.00417 0.00465187 0.00015
         vertex 0.00417 0.00470187 -0.0008
      endloop
   endfacet
   facet normal -1 0 0
      outer loop
         vertex 0.00417 0.00465187 0.00015
         vertex 0.00417 0.00465187 0.00106
         vertex 0.00417 0.00485187 0.00086
      endloop
   endfacet
   facet normal 0 1 0
      outer loop
         vertex 0.00447 0.00485187 -0.00065
         vertex 0.00417 0.00485187 -0.00065
         vertex 0.00417 0.00485187 0.00086
      endloop
   endfacet
   facet normal 0 1 0
      outer loop
         vertex 0.00417 0.00485187 0.00086
         vertex 0.00447 0.00485187 0.00086
         vertex 0.00447 0.00485187 -0.00065
      endloop
   endfacet
   facet normal 0 0.707107 0.707107
      outer loop
         vertex 0.00417 0.00465187 0.00106
         vertex 0.00447 0.00465187 0.00106
         vertex 0.00447 0.00485187 0.00086
      endloop
   endfacet
   facet normal 0 0.707107 0.707107
      outer loop
         vertex 0.00447 0.00485187 0.00086
         vertex 0.00417 0.00485187 0.00086
         vertex 0.00417 0.00465187 0.00106
      endloop
   endfacet
   facet normal 0 1 0
      outer loop
         vertex -0.00367 0.00465187 0.00086
         vertex -0.0024 0.00465187 0.00015
         vertex -0.0026 0.00465187 0.00015
      endloop
   endfacet
   facet normal 0 1 0
      outer loop
         vertex -0.00367 0.00465187 0.00086
         vertex -0.0021 0.00465187 0.00015
         vertex -0.0024 0.00465187 0.00015
      endloop
   endfacet
   facet normal 0 1 0
      outer loop
         vertex -0.00367 0.00465187 0.00086
         vertex -0.0019 0.00465187 0.00015
         vertex -0.0021 0.00465187 0.00015
      endloop
   endfacet
   facet normal 0 1 0
      outer loop
         vertex -0.00367 0.00465187 0.00086
         vertex -0.0016 0.00465187 0.00015
         vertex -0.0019 0.00465187 0.00015
      endloop
   endfacet
   facet normal 0 1 0
      outer loop
         vertex -0.00367 0.00465187 0.00086
         vertex -0.0014 0.00465187 0.00015
         vertex -0.0016 0.00465187 0.00015
      endloop
   endfacet
   facet normal 0 1 0
      outer loop
         vertex -0.00367 0.00465187 0.00086
         vertex -0.0011 0.00465187 0.00015
         vertex -0.0014 0.00465187 0.00015
      endloop
   endfacet
   facet normal 0 1 0
      outer loop
         vertex 0.00367 0.00465187 0.00086
         vertex 0.0024 0.00465187 0.00015
         vertex 0.0021 0.00465187 0.00015
      endloop
   endfacet
   facet normal 0 1 0
      outer loop
         vertex -0.00367 0.00465187 0.00086
         vertex -0.0009 0.00465187 0.00015
         vertex -0.0011 0.00465187 0.00015
      endloop
   endfacet
   facet normal 0 1 0
      outer loop
         vertex 0.00367 0.00465187 0.00086
         vertex 0.0026 0.00465187 0.00015
         vertex 0.0024 0.00465187 0.00015
      endloop
   endfacet
   facet normal 0 1 0
      outer loop
         vertex -0.00367 0.00465187 0.00086
         vertex -0.0006 0.00465187 0.00015
         vertex -0.0009 0.00465187 0.00015
      endloop
   endfacet
   facet normal 0 1 0
      outer loop
         vertex 0.00367 0.00465187 0.00086
         vertex 0.0029 0.00465187 0.00015
         vertex 0.0026 0.00465187 0.00015
      endloop
   endfacet
   facet normal 0 1 0
      outer loop
         vertex -0.00367 0.00465187 0.00086
         vertex -0.0004 0.00465187 0.00015
         vertex -0.0006 0.00465187 0.00015
      endloop
   endfacet
   facet normal 0 1 0
      outer loop
         vertex 0.00367 0.00465187 0.00086
         vertex 0.0016 0.00465187 0.00015
         vertex 0.0014 0.00465187 0.00015
      endloop
   endfacet
   facet normal 0 1 0
      outer loop
         vertex 0.00367 0.00465187 0.00086
         vertex 0.0031 0.00465187 0.00015
         vertex 0.0029 0.00465187 0.00015
      endloop
   endfacet
   facet normal 0 1 0
      outer loop
         vertex -0.0026 0.00465187 0.00015
         vertex -0.0029 0.00465187 0.00015
         vertex -0.00367 0.00465187 0.00086
      endloop
   endfacet
   facet normal 0 1 0
      outer loop
         vertex 0.00367 0.00465187 0.00086
         vertex 0.0004 0.00465187 0.00015
         vertex 0 0.00465187 0.00015
      endloop
   endfacet
   facet normal 0 1 0
      outer loop
         vertex 0.00367 0.00465187 0.00086
         vertex 0.0009 0.00465187 0.00015
         vertex 0.0006 0.00465187 0.00015
      endloop
   endfacet
   facet normal 0 1 0
      outer loop
         vertex 0.00367 0.00465187 0.00086
         vertex 0.0019 0.00465187 0.00015
         vertex 0.0016 0.00465187 0.00015
      endloop
   endfacet
   facet normal 0 1 0
      outer loop
         vertex 0.00367 0.00465187 0.00086
         vertex 0.00417 0.00465187 0.00015
         vertex 0.0031 0.00465187 0.00015
      endloop
   endfacet
   facet normal 0 1 0
      outer loop
         vertex -0.0029 0.00465187 0.00015
         vertex -0.0031 0.00465187 0.00015
         vertex -0.00367 0.00465187 0.00086
      endloop
   endfacet
   facet normal 0 1 0
      outer loop
         vertex 0 0.00465187 0.00015
         vertex -0.00367 0.00465187 0.00086
         vertex 0.00367 0.00465187 0.00086
      endloop
   endfacet
   facet normal 0 1 0
      outer loop
         vertex 0.00367 0.00465187 0.00086
         vertex 0.0011 0.00465187 0.00015
         vertex 0.0009 0.00465187 0.00015
      endloop
   endfacet
   facet normal 0 1 0
      outer loop
         vertex 0.0021 0.00465187 0.00015
         vertex 0.0019 0.00465187 0.00015
         vertex 0.00367 0.00465187 0.00086
      endloop
   endfacet
   facet normal 0 1 0
      outer loop
         vertex 0 0.00465187 0.00015
         vertex -0.0004 0.00465187 0.00015
         vertex -0.00367 0.00465187 0.00086
      endloop
   endfacet
   facet normal 0 1 0
      outer loop
         vertex 0.0014 0.00465187 0.00015
         vertex 0.0011 0.00465187 0.00015
         vertex 0.00367 0.00465187 0.00086
      endloop
   endfacet
   facet normal 0 1 0
      outer loop
         vertex 0.0006 0.00465187 0.00015
         vertex 0.0004 0.00465187 0.00015
         vertex 0.00367 0.00465187 0.00086
      endloop
   endfacet
   facet normal 0 1 0
      outer loop
         vertex -0.00381 0.00465187 0.00015
         vertex -0.00417 0.00465187 0.00015
         vertex -0.00378481 0.00465187 0.000882836
      endloop
   endfacet
   facet normal 0 1 0
      outer loop
         vertex 0.00417 0.00465187 0.00015
         vertex 0.00388213 0.00465187 0.000947868
         vertex 0.00394716 0.00465187 0.00104519
      endloop
   endfacet
   facet normal 0 1 0
      outer loop
         vertex -0.00378481 0.00465187 0.000882836
         vertex -0.00367 0.00465187 0.00086
         vertex -0.00381 0.00465187 0.00015
      endloop
   endfacet
   facet normal 0 1 0
      outer loop
         vertex -0.00205 0.00465187 0.00256
         vertex -0.00347 0.00465187 0.00256
         vertex -0.00317 0.00465187 0.00316
      endloop
   endfacet
   facet normal 0 1 0
      outer loop
         vertex 0.00417 0.00465187 0.00015
         vertex 0.00378481 0.00465187 0.000882836
         vertex 0.00388213 0.00465187 0.000947868
      endloop
   endfacet
   facet normal 0 1 0
      outer loop
         vertex -0.0031 0.00465187 0.00015
         vertex -0.00381 0.00465187 0.00015
         vertex -0.00367 0.00465187 0.00086
      endloop
   endfacet
   facet normal 0 1 0
      outer loop
         vertex 0.00205 0.00465187 0.00256
         vertex 0.00205 0.00465187 0.00316
         vertex 0.00317 0.00465187 0.00316
      endloop
   endfacet
   facet normal 0 1 0
      outer loop
         vertex -0.00347 0.00465187 0.00256
         vertex -0.00366749 0.00465187 0.00306104
         vertex -0.00317 0.00465187 0.00316
      endloop
   endfacet
   facet normal 0 1 0
      outer loop
         vertex 0.00367 0.00465187 0.00086
         vertex 0.00378481 0.00465187 0.000882836
         vertex 0.00417 0.00465187 0.00015
      endloop
   endfacet
   facet normal 0 1 0
      outer loop
         vertex -0.00417 0.00465187 0.00015
         vertex -0.00417 0.00465187 0.00106
         vertex -0.00394716 0.00465187 0.00104519
      endloop
   endfacet
   facet normal 0 1 0
      outer loop
         vertex -0.00417 0.00465187 0.00106
         vertex -0.00397 0.00465187 0.00206
         vertex -0.00397 0.00465187 0.00116
      endloop
   endfacet
   facet normal 0 1 0
      outer loop
         vertex 0.00317 0.00465187 0.00316
         vertex 0.00347 0.00465187 0.00256
         vertex 0.00205 0.00465187 0.00256
      endloop
   endfacet
   facet normal 0 1 0
      outer loop
         vertex 0.00408924 0.00465187 0.00277924
         vertex 0.00382355 0.00465187 0.00241355
         vertex 0.00366134 0.00465187 0.00252194
      endloop
   endfacet
   facet normal 0 1 0
      outer loop
         vertex 0.00437104 0.00465187 0.00235749
         vertex 0.00393194 0.00465187 0.00225134
         vertex 0.00382355 0.00465187 0.00241355
      endloop
   endfacet
   facet normal 0 1 0
      outer loop
         vertex 0.00417 0.00465187 0.00106
         vertex 0.00397 0.00465187 0.00206
         vertex 0.00447 0.00465187 0.00186
      endloop
   endfacet
   facet normal 0 1 0
      outer loop
         vertex -0.00417 0.00465187 0.00106
         vertex -0.00447 0.00465187 0.00106
         vertex -0.00447 0.00465187 0.00186
      endloop
   endfacet
   facet normal 0 1 0
      outer loop
         vertex -0.00408924 0.00465187 0.00277924
         vertex -0.00366749 0.00465187 0.00306104
         vertex -0.00366134 0.00465187 0.00252194
      endloop
   endfacet
   facet normal 0 1 0
      outer loop
         vertex -0.00317 0.00465187 0.00316
         vertex -0.00205 0.00465187 0.00316
         vertex -0.00205 0.00465187 0.00256
      endloop
   endfacet
   facet normal 0 1 0
      outer loop
         vertex -0.00417 0.00465187 0.00015
         vertex -0.00388213 0.00465187 0.000947868
         vertex -0.00378481 0.00465187 0.000882836
      endloop
   endfacet
   facet normal 0 1 0
      outer loop
         vertex -0.00397 0.00465187 0.00116
         vertex -0.00394716 0.00465187 0.00104519
         vertex -0.00417 0.00465187 0.00106
      endloop
   endfacet
   facet normal 0 1 0
      outer loop
         vertex 0.00366749 0.00465187 0.00306104
         vertex 0.00366134 0.00465187 0.00252194
         vertex 0.00347 0.00465187 0.00256
      endloop
   endfacet
   facet normal 0 1 0
      outer loop
         vertex 0.00382355 0.00465187 0.00241355
         vertex 0.00408924 0.00465187 0.00277924
         vertex 0.00437104 0.00465187 0.00235749
      endloop
   endfacet
   facet normal 0 1 0
      outer loop
         vertex 0.00397 0.00465187 0.00206
         vertex 0.00437104 0.00465187 0.00235749
         vertex 0.00447 0.00465187 0.00186
      endloop
   endfacet
   facet normal 0 1 0
      outer loop
         vertex -0.00447 0.00465187 0.00186
         vertex -0.00397 0.00465187 0.00206
         vertex -0.00417 0.00465187 0.00106
      endloop
   endfacet
   facet normal 0 1 0
      outer loop
         vertex -0.00437104 0.00465187 0.00235749
         vertex -0.00408924 0.00465187 0.00277924
         vertex -0.00382355 0.00465187 0.00241355
      endloop
   endfacet
   facet normal 0 1 0
      outer loop
         vertex -0.00347 0.00465187 0.00256
         vertex -0.00366134 0.00465187 0.00252194
         vertex -0.00366749 0.00465187 0.00306104
      endloop
   endfacet
   facet normal 0 1 0
      outer loop
         vertex 0.00417 0.00465187 0.00106
         vertex 0.00394716 0.00465187 0.00104519
         vertex 0.00397 0.00465187 0.00116
      endloop
   endfacet
   facet normal 0 1 0
      outer loop
         vertex -0.00394716 0.00465187 0.00104519
         vertex -0.00388213 0.00465187 0.000947868
         vertex -0.00417 0.00465187 0.00015
      endloop
   endfacet
   facet normal 0 1 0
      outer loop
         vertex 0.00366134 0.00465187 0.00252194
         vertex 0.00366749 0.00465187 0.00306104
         vertex 0.00408924 0.00465187 0.00277924
      endloop
   endfacet
   facet normal 0 1 0
      outer loop
         vertex 0.00447 0.00465187 0.00186
         vertex 0.00447 0.00465187 0.00106
         vertex 0.00417 0.00465187 0.00106
      endloop
   endfacet
   facet normal 0 1 0
      outer loop
         vertex -0.00437104 0.00465187 0.00235749
         vertex -0.00393194 0.00465187 0.00225134
         vertex -0.00397 0.00465187 0.00206
      endloop
   endfacet
   facet normal 0 1 0
      outer loop
         vertex -0.00366134 0.00465187 0.00252194
         vertex -0.00382355 0.00465187 0.00241355
         vertex -0.00408924 0.00465187 0.00277924
      endloop
   endfacet
   facet normal 0 1 0
      outer loop
         vertex 0.00394716 0.00465187 0.00104519
         vertex 0.00417 0.00465187 0.00106
         vertex 0.00417 0.00465187 0.00015
      endloop
   endfacet
   facet normal 0 1 0
      outer loop
         vertex 0.00397 0.00465187 0.00206
         vertex 0.00393194 0.00465187 0.00225134
         vertex 0.00437104 0.00465187 0.00235749
      endloop
   endfacet
   facet normal 0 1 0
      outer loop
         vertex -0.00382355 0.00465187 0.00241355
         vertex -0.00393194 0.00465187 0.00225134
         vertex -0.00437104 0.00465187 0.00235749
      endloop
   endfacet
   facet normal 0 1 0
      outer loop
         vertex 0.00317 0.00465187 0.00316
         vertex 0.00366749 0.00465187 0.00306104
         vertex 0.00347 0.00465187 0.00256
      endloop
   endfacet
   facet normal 0 1 0
      outer loop
         vertex 0.00397 0.00465187 0.00116
         vertex 0.00397 0.00465187 0.00206
         vertex 0.00417 0.00465187 0.00106
      endloop
   endfacet
   facet normal 0 1 0
      outer loop
         vertex -0.00447 0.00465187 0.00186
         vertex -0.00437104 0.00465187 0.00235749
         vertex -0.00397 0.00465187 0.00206
      endloop
   endfacet
   facet normal 0 0 1
      outer loop
         vertex -0.00205 0.00485187 0.00256
         vertex -0.00347 0.00485187 0.00256
         vertex -0.00347 0.00465187 0.00256
      endloop
   endfacet
   facet normal 0 0 1
      outer loop
         vertex -0.00347 0.00465187 0.00256
         vertex -0.00205 0.00465187 0.00256
         vertex -0.00205 0.00485187 0.00256
      endloop
   endfacet
   facet normal -1 0 0
      outer loop
         vertex -0.00397 0.00485187 0.00206
         vertex -0.00397 0.00465187 0.00206
         vertex -0.00393194 0.00465187 0.00225134
      endloop
   endfacet
   facet normal -0.92388 0 0.382683
      outer loop
         vertex -0.00393194 0.00485187 0.00225134
         vertex -0.00393194 0.00465187 0.00225134
         vertex -0.00382355 0.00465187 0.00241355
      endloop
   endfacet
   facet normal -0.707107 0 0.707107
      outer loop
         vertex -0.00382355 0.00485187 0.00241355
         vertex -0.00382355 0.00465187 0.00241355
         vertex -0.00366134 0.00465187 0.00252194
      endloop
   endfacet
   facet normal -0.382683 0 0.92388
      outer loop
         vertex -0.00366134 0.00485187 0.00252194
         vertex -0.00366134 0.00465187 0.00252194
         vertex -0.00347 0.00465187 0.00256
      endloop
   endfacet
   facet normal 0 0 1
      outer loop
         vertex -0.00347 0.00465187 0.00256
         vertex -0.00347 0.00485187 0.00256
         vertex -0.00366134 0.00485187 0.00252194
      endloop
   endfacet
   facet normal -0.382683 0 0.92388
      outer loop
         vertex -0.00366134 0.00465187 0.00252194
         vertex -0.00366134 0.00485187 0.00252194
         vertex -0.00382355 0.00485187 0.00241355
      endloop
   endfacet
   facet normal -0.707107 0 0.707107
      outer loop
         vertex -0.00382355 0.00465187 0.00241355
         vertex -0.00382355 0.00485187 0.00241355
         vertex -0.00393194 0.00485187 0.00225134
      endloop
   endfacet
   facet normal -0.92388 0 0.382683
      outer loop
         vertex -0.00393194 0.00465187 0.00225134
         vertex -0.00393194 0.00485187 0.00225134
         vertex -0.00397 0.00485187 0.00206
      endloop
   endfacet
   facet normal -1 0 0
      outer loop
         vertex -0.00397 0.00485187 0.00206
         vertex -0.00397 0.00485187 0.00116
         vertex -0.00397 0.00465187 0.00116
      endloop
   endfacet
   facet normal -1 0 0
      outer loop
         vertex -0.00397 0.00465187 0.00116
         vertex -0.00397 0.00465187 0.00206
         vertex -0.00397 0.00485187 0.00206
      endloop
   endfacet
   facet normal 0 0 -1
      outer loop
         vertex -0.00367 0.00485187 0.00086
         vertex -0.00367 0.00465187 0.00086
         vertex -0.00378481 0.00465187 0.000882836
      endloop
   endfacet
   facet normal -0.382683 0 -0.92388
      outer loop
         vertex -0.00378481 0.00485187 0.000882836
         vertex -0.00378481 0.00465187 0.000882836
         vertex -0.00388213 0.00465187 0.000947868
      endloop
   endfacet
   facet normal -0.707107 0 -0.707107
      outer loop
         vertex -0.00388213 0.00485187 0.000947868
         vertex -0.00388213 0.00465187 0.000947868
         vertex -0.00394716 0.00465187 0.00104519
      endloop
   endfacet
   facet normal -0.92388 0 -0.382683
      outer loop
         vertex -0.00394716 0.00485187 0.00104519
         vertex -0.00394716 0.00465187 0.00104519
         vertex -0.00397 0.00465187 0.00116
      endloop
   endfacet
   facet normal -1 0 0
      outer loop
         vertex -0.00397 0.00465187 0.00116
         vertex -0.00397 0.00485187 0.00116
         vertex -0.00394716 0.00485187 0.00104519
      endloop
   endfacet
   facet normal -0.92388 0 -0.382683
      outer loop
         vertex -0.00394716 0.00465187 0.00104519
         vertex -0.00394716 0.00485187 0.00104519
         vertex -0.00388213 0.00485187 0.000947868
      endloop
   endfacet
   facet normal -0.707107 0 -0.707107
      outer loop
         vertex -0.00388213 0.00465187 0.000947868
         vertex -0.00388213 0.00485187 0.000947868
         vertex -0.00378481 0.00485187 0.000882836
      endloop
   endfacet
   facet normal -0.382683 0 -0.92388
      outer loop
         vertex -0.00378481 0.00465187 0.000882836
         vertex -0.00378481 0.00485187 0.000882836
         vertex -0.00367 0.00485187 0.00086
      endloop
   endfacet
   facet normal 0 0 -1
      outer loop
         vertex -0.00367 0.00485187 0.00086
         vertex 0.00367 0.00485187 0.00086
         vertex 0.00367 0.00465187 0.00086
      endloop
   endfacet
   facet normal 0 0 -1
      outer loop
         vertex 0.00367 0.00465187 0.00086
         vertex -0.00367 0.00465187 0.00086
         vertex -0.00367 0.00485187 0.00086
      endloop
   endfacet
   facet normal 1 0 7.22801e-16
      outer loop
         vertex 0.00397 0.00485187 0.00116
         vertex 0.00397 0.00465187 0.00116
         vertex 0.00394716 0.00465187 0.00104519
      endloop
   endfacet
   facet normal 0.92388 0 -0.382683
      outer loop
         vertex 0.00394716 0.00485187 0.00104519
         vertex 0.00394716 0.00465187 0.00104519
         vertex 0.00388213 0.00465187 0.000947868
      endloop
   endfacet
   facet normal 0.707107 0 -0.707107
      outer loop
         vertex 0.00388213 0.00485187 0.000947868
         vertex 0.00388213 0.00465187 0.000947868
         vertex 0.00378481 0.00465187 0.000882836
      endloop
   endfacet
   facet normal 0.382683 0 -0.92388
      outer loop
         vertex 0.00378481 0.00485187 0.000882836
         vertex 0.00378481 0.00465187 0.000882836
         vertex 0.00367 0.00465187 0.00086
      endloop
   endfacet
   facet normal 0 0 -1
      outer loop
         vertex 0.00367 0.00465187 0.00086
         vertex 0.00367 0.00485187 0.00086
         vertex 0.00378481 0.00485187 0.000882836
      endloop
   endfacet
   facet normal 0.382683 0 -0.92388
      outer loop
         vertex 0.00378481 0.00465187 0.000882836
         vertex 0.00378481 0.00485187 0.000882836
         vertex 0.00388213 0.00485187 0.000947868
      endloop
   endfacet
   facet normal 0.707107 0 -0.707107
      outer loop
         vertex 0.00388213 0.00465187 0.000947868
         vertex 0.00388213 0.00485187 0.000947868
         vertex 0.00394716 0.00485187 0.00104519
      endloop
   endfacet
   facet normal 0.92388 0 -0.382683
      outer loop
         vertex 0.00394716 0.00465187 0.00104519
         vertex 0.00394716 0.00485187 0.00104519
         vertex 0.00397 0.00485187 0.00116
      endloop
   endfacet
   facet normal 1 0 0
      outer loop
         vertex 0.00397 0.00485187 0.00116
         vertex 0.00397 0.00485187 0.00206
         vertex 0.00397 0.00465187 0.00206
      endloop
   endfacet
   facet normal 1 0 0
      outer loop
         vertex 0.00397 0.00465187 0.00206
         vertex 0.00397 0.00465187 0.00116
         vertex 0.00397 0.00485187 0.00116
      endloop
   endfacet
   facet normal 0 0 1
      outer loop
         vertex 0.00347 0.00485187 0.00256
         vertex 0.00347 0.00465187 0.00256
         vertex 0.00366134 0.00465187 0.00252194
      endloop
   endfacet
   facet normal 0.382683 0 0.92388
      outer loop
         vertex 0.00366134 0.00485187 0.00252194
         vertex 0.00366134 0.00465187 0.00252194
         vertex 0.00382355 0.00465187 0.00241355
      endloop
   endfacet
   facet normal 0.707107 0 0.707107
      outer loop
         vertex 0.00382355 0.00485187 0.00241355
         vertex 0.00382355 0.00465187 0.00241355
         vertex 0.00393194 0.00465187 0.00225134
      endloop
   endfacet
   facet normal 0.92388 0 0.382683
      outer loop
         vertex 0.00393194 0.00485187 0.00225134
         vertex 0.00393194 0.00465187 0.00225134
         vertex 0.00397 0.00465187 0.00206
      endloop
   endfacet
   facet normal 1 0 0
      outer loop
         vertex 0.00397 0.00465187 0.00206
         vertex 0.00397 0.00485187 0.00206
         vertex 0.00393194 0.00485187 0.00225134
      endloop
   endfacet
   facet normal 0.92388 0 0.382683
      outer loop
         vertex 0.00393194 0.00465187 0.00225134
         vertex 0.00393194 0.00485187 0.00225134
         vertex 0.00382355 0.00485187 0.00241355
      endloop
   endfacet
   facet normal 0.707107 0 0.707107
      outer loop
         vertex 0.00382355 0.00465187 0.00241355
         vertex 0.00382355 0.00485187 0.00241355
         vertex 0.00366134 0.00485187 0.00252194
      endloop
   endfacet
   facet normal 0.382683 0 0.92388
      outer loop
         vertex 0.00366134 0.00465187 0.00252194
         vertex 0.00366134 0.00485187 0.00252194
         vertex 0.00347 0.00485187 0.00256
      endloop
   endfacet
   facet normal 0 0 1
      outer loop
         vertex 0.00347 0.00485187 0.00256
         vertex 0.00205 0.00485187 0.00256
         vertex 0.00205 0.00465187 0.00256
      endloop
   endfacet
   facet normal 0 0 1
      outer loop
         vertex 0.00205 0.00465187 0.00256
         vertex 0.00347 0.00465187 0.00256
         vertex 0.00347 0.00485187 0.00256
      endloop
   endfacet
   facet normal -1 0 0
      outer loop
         vertex -0.00205 0.00485187 0.00316
         vertex -0.00205 0.00485187 0.00256
         vertex -0.00205 0.00465187 0.00256
      endloop
   endfacet
   facet normal -1 0 0
      outer loop
         vertex -0.00205 0.00465187 0.00256
         vertex -0.00205 0.00465187 0.00316
         vertex -0.00205 0.00485187 0.00316
      endloop
   endfacet
   facet normal 1 0 0
      outer loop
         vertex 0.00205 0.00485187 0.00256
         vertex 0.00205 0.00485187 0.00316
         vertex 0.00205 0.00465187 0.00316
      endloop
   endfacet
   facet normal 1 0 0
      outer loop
         vertex 0.00205 0.00465187 0.00316
         vertex 0.00205 0.00465187 0.00256
         vertex 0.00205 0.00485187 0.00256
      endloop
   endfacet
   facet normal 0 1 0
      outer loop
         vertex 0.00397 0.00485187 0.00206
         vertex 0.00347 0.00485187 0.00256
         vertex 0.00366134 0.00485187 0.00252194
      endloop
   endfacet
   facet normal 0 1 0
      outer loop
         vertex 0.00366134 0.00485187 0.00252194
         vertex 0.00382355 0.00485187 0.00241355
         vertex 0.00397 0.00485187 0.00206
      endloop
   endfacet
   facet normal 0 1 0
      outer loop
         vertex 0.00205 0.00485187 0.00256
         vertex 0.00388213 0.00485187 0.000947868
         vertex 0.00378481 0.00485187 0.000882836
      endloop
   endfacet
   facet normal 0 1 0
      outer loop
         vertex 0.00205 0.00485187 0.00256
         vertex 0.00397 0.00485187 0.00116
         vertex 0.00394716 0.00485187 0.00104519
      endloop
   endfacet
   facet normal 0 1 0
      outer loop
         vertex 0.00397 0.00485187 0.00206
         vertex 0.00205 0.00485187 0.00256
         vertex 0.00347 0.00485187 0.00256
      endloop
   endfacet
   facet normal 0 1 0
      outer loop
         vertex 0.00394716 0.00485187 0.00104519
         vertex 0.00388213 0.00485187 0.000947868
         vertex 0.00205 0.00485187 0.00256
      endloop
   endfacet
   facet normal 0 1 0
      outer loop
         vertex 0.00382355 0.00485187 0.00241355
         vertex 0.00393194 0.00485187 0.00225134
         vertex 0.00397 0.00485187 0.00206
      endloop
   endfacet
   facet normal 0 1 0
      outer loop
         vertex 0.00397 0.00485187 0.00206
         vertex 0.00397 0.00485187 0.00116
         vertex 0.00205 0.00485187 0.00256
      endloop
   endfacet
   facet normal 0 1 0
      outer loop
         vertex -0.00394716 0.00485187 0.00104519
         vertex -0.00367 0.00485187 0.00086
         vertex -0.00378481 0.00485187 0.000882836
      endloop
   endfacet
   facet normal 0 1 0
      outer loop
         vertex 0.00367 0.00485187 0.00086
         vertex 0.00125 0.00485187 0.00256
         vertex 0.00205 0.00485187 0.00256
      endloop
   endfacet
   facet normal 0 1 0
      outer loop
         vertex 0.00205 0.00485187 0.00316
         vertex 0.00205 0.00485187 0.00256
         vertex 0.00125 0.00485187 0.00256
      endloop
   endfacet
   facet normal 0 1 0
      outer loop
         vertex -0.00397 0.00485187 0.00206
         vertex -0.00393194 0.00485187 0.00225134
         vertex -0.00382355 0.00485187 0.00241355
      endloop
   endfacet
   facet normal 0 1 0
      outer loop
         vertex -0.00378481 0.00485187 0.000882836
         vertex -0.00388213 0.00485187 0.000947868
         vertex -0.00394716 0.00485187 0.00104519
      endloop
   endfacet
   facet normal 0 1 0
      outer loop
         vertex 0.00125 0.00485187 0.00256
         vertex 0.00125 0.00485187 0.00316
         vertex 0.00205 0.00485187 0.00316
      endloop
   endfacet
   facet normal 0 1 0
      outer loop
         vertex 0.00367 0.00485187 0.00086
         vertex -0.00205 0.00485187 0.00256
         vertex -0.00125 0.00485187 0.00256
      endloop
   endfacet
   facet normal 0 1 0
      outer loop
         vertex -0.00397 0.00485187 0.00206
         vertex -0.00347 0.00485187 0.00256
         vertex -0.00205 0.00485187 0.00256
      endloop
   endfacet
   facet normal 0 1 0
      outer loop
         vertex -0.00382355 0.00485187 0.00241355
         vertex -0.00366134 0.00485187 0.00252194
         vertex -0.00397 0.00485187 0.00206
      endloop
   endfacet
   facet normal 0 1 0
      outer loop
         vertex -0.00394716 0.00485187 0.00104519
         vertex -0.00397 0.00485187 0.00116
         vertex -0.00367 0.00485187 0.00086
      endloop
   endfacet
   facet normal 0 1 0
      outer loop
         vertex -0.00125 0.00485187 0.00256
         vertex 0.00125 0.00485187 0.00256
         vertex 0.00367 0.00485187 0.00086
      endloop
   endfacet
   facet normal 0 1 0
      outer loop
         vertex -0.00125 0.00485187 0.00316
         vertex -0.00125 0.00485187 0.00256
         vertex -0.00205 0.00485187 0.00256
      endloop
   endfacet
   facet normal 0 1 0
      outer loop
         vertex -0.00366134 0.00485187 0.00252194
         vertex -0.00347 0.00485187 0.00256
         vertex -0.00397 0.00485187 0.00206
      endloop
   endfacet
   facet normal 0 1 0
      outer loop
         vertex -0.00397 0.00485187 0.00206
         vertex 0.00367 0.00485187 0.00086
         vertex -0.00367 0.00485187 0.00086
      endloop
   endfacet
   facet normal 0 1 0
      outer loop
         vertex -0.00205 0.00485187 0.00256
         vertex -0.00205 0.00485187 0.00316
         vertex -0.00125 0.00485187 0.00316
      endloop
   endfacet
   facet normal 0 1 0
      outer loop
         vertex -0.00397 0.00485187 0.00116
         vertex -0.00397 0.00485187 0.00206
         vertex -0.00367 0.00485187 0.00086
      endloop
   endfacet
   facet normal 0 1 0
      outer loop
         vertex -0.00205 0.00485187 0.00256
         vertex 0.00367 0.00485187 0.00086
         vertex -0.00397 0.00485187 0.00206
      endloop
   endfacet
   facet normal 0 1 0
      outer loop
         vertex 0.00378481 0.00485187 0.000882836
         vertex 0.00367 0.00485187 0.00086
         vertex 0.00205 0.00485187 0.00256
      endloop
   endfacet
   facet normal 0 0 1
      outer loop
         vertex 0.00125 0.00485187 0.00256
         vertex -0.00125 0.00485187 0.00256
         vertex -0.00125 0.00465187 0.00256
      endloop
   endfacet
   facet normal 0 0 1
      outer loop
         vertex -0.00125 0.00465187 0.00256
         vertex 0.00125 0.00465187 0.00256
         vertex 0.00125 0.00485187 0.00256
      endloop
   endfacet
   facet normal 1 0 0
      outer loop
         vertex -0.00125 0.00485187 0.00256
         vertex -0.00125 0.00485187 0.00316
         vertex -0.00125 0.00465187 0.00316
      endloop
   endfacet
   facet normal 1 0 0
      outer loop
         vertex -0.00125 0.00465187 0.00316
         vertex -0.00125 0.00465187 0.00256
         vertex -0.00125 0.00485187 0.00256
      endloop
   endfacet
   facet normal -1 0 0
      outer loop
         vertex 0.00125 0.00485187 0.00316
         vertex 0.00125 0.00485187 0.00256
         vertex 0.00125 0.00465187 0.00256
      endloop
   endfacet
   facet normal -1 0 0
      outer loop
         vertex 0.00125 0.00465187 0.00256
         vertex 0.00125 0.00465187 0.00316
         vertex 0.00125 0.00485187 0.00316
      endloop
   endfacet
   facet normal 0 1 0
      outer loop
         vertex 0.00125 0.00465187 0.00316
         vertex 0.00125 0.00465187 0.00256
         vertex -0.00125 0.00465187 0.00256
      endloop
   endfacet
   facet normal 0 1 0
      outer loop
         vertex -0.00125 0.00465187 0.00256
         vertex -0.00125 0.00465187 0.00316
         vertex 0.00125 0.00465187 0.00316
      endloop
   endfacet
   facet normal 0 0 1
      outer loop
         vertex 0.0031 0.00465187 0.00015
         vertex 0.0031 0.00494187 0.00015
         vertex 0.0029 0.00494187 0.00015
      endloop
   endfacet
   facet normal 0 0 1
      outer loop
         vertex 0.0029 0.00494187 0.00015
         vertex 0.0029 0.00465187 0.00015
         vertex 0.0031 0.00465187 0.00015
      endloop
   endfacet
   facet normal 0 1 0
      outer loop
         vertex 0.0031 0.00494187 0.00015
         vertex 0.0031 0.00494187 -5e-05
         vertex 0.0029 0.00494187 -5e-05
      endloop
   endfacet
   facet normal 0 1 0
      outer loop
         vertex 0.0029 0.00494187 -5e-05
         vertex 0.0029 0.00494187 0.00015
         vertex 0.0031 0.00494187 0.00015
      endloop
   endfacet
   facet normal 0 0 -1
      outer loop
         vertex 0.0029 0.00494187 -5e-05
         vertex 0.0031 0.00494187 -5e-05
         vertex 0.0031 0.00460187 -5e-05
      endloop
   endfacet
   facet normal 0 0 -1
      outer loop
         vertex 0.0031 0.00460187 -5e-05
         vertex 0.0029 0.00460187 -5e-05
         vertex 0.0029 0.00494187 -5e-05
      endloop
   endfacet
   facet normal -1 0 0
      outer loop
         vertex 0.0029 0.00465187 0.00015
         vertex 0.0029 0.0044958 -6.06602e-06
         vertex 0.0029 0.00446328 4.25975e-05
      endloop
   endfacet
   facet normal -1 0 0
      outer loop
         vertex 0.0029 0.00465187 0.00015
         vertex 0.0029 0.00460187 -5e-05
         vertex 0.0029 0.00454446 -3.85819e-05
      endloop
   endfacet
   facet normal -1 0 0
      outer loop
         vertex 0.0029 0.00454446 -3.85819e-05
         vertex 0.0029 0.0044958 -6.06602e-06
         vertex 0.0029 0.00465187 0.00015
      endloop
   endfacet
   facet normal -1 0 0
      outer loop
         vertex 0.0029 0.00494187 -5e-05
         vertex 0.0029 0.00460187 -5e-05
         vertex 0.0029 0.00465187 0.00015
      endloop
   endfacet
   facet normal -1 0 0
      outer loop
         vertex 0.0029 0.00446328 4.25975e-05
         vertex 0.0029 0.00445187 0.0001
         vertex 0.0029 0.00465187 0.00015
      endloop
   endfacet
   facet normal -1 0 0
      outer loop
         vertex 0.0029 0.00445187 0.0001
         vertex 0.0029 0.00445187 0.00015
         vertex 0.0029 0.00465187 0.00015
      endloop
   endfacet
   facet normal -1 0 0
      outer loop
         vertex 0.0029 0.00465187 0.00015
         vertex 0.0029 0.00494187 0.00015
         vertex 0.0029 0.00494187 -5e-05
      endloop
   endfacet
   facet normal 1 0 0
      outer loop
         vertex 0.0031 0.00465187 0.00015
         vertex 0.0031 0.0044958 -6.06602e-06
         vertex 0.0031 0.00454446 -3.85819e-05
      endloop
   endfacet
   facet normal 1 0 0
      outer loop
         vertex 0.0031 0.00465187 0.00015
         vertex 0.0031 0.00445187 0.0001
         vertex 0.0031 0.00446328 4.25975e-05
      endloop
   endfacet
   facet normal 1 0 0
      outer loop
         vertex 0.0031 0.00446328 4.25975e-05
         vertex 0.0031 0.0044958 -6.06602e-06
         vertex 0.0031 0.00465187 0.00015
      endloop
   endfacet
   facet normal 1 0 0
      outer loop
         vertex 0.0031 0.00465187 0.00015
         vertex 0.0031 0.00445187 0.00015
         vertex 0.0031 0.00445187 0.0001
      endloop
   endfacet
   facet normal 1 0 0
      outer loop
         vertex 0.0031 0.00494187 -5e-05
         vertex 0.0031 0.00494187 0.00015
         vertex 0.0031 0.00465187 0.00015
      endloop
   endfacet
   facet normal 1 0 0
      outer loop
         vertex 0.0031 0.00465187 0.00015
         vertex 0.0031 0.00460187 -5e-05
         vertex 0.0031 0.00494187 -5e-05
      endloop
   endfacet
   facet normal 1 0 0
      outer loop
         vertex 0.0031 0.00454446 -3.85819e-05
         vertex 0.0031 0.00460187 -5e-05
         vertex 0.0031 0.00465187 0.00015
      endloop
   endfacet
   facet normal 0 -1 0
      outer loop
         vertex 0.0029 0.00445187 0.0001
         vertex 0.0031 0.00445187 0.0001
         vertex 0.003 0.00445187 0.00015
      endloop
   endfacet
   facet normal 0 -1 0
      outer loop
         vertex 0.0031 0.00445187 0.0001
         vertex 0.0031 0.00445187 0.00015
         vertex 0.003 0.00445187 0.00015
      endloop
   endfacet
   facet normal 0 -1 0
      outer loop
         vertex 0.003 0.00445187 0.00015
         vertex 0.0029 0.00445187 0.00015
         vertex 0.0029 0.00445187 0.0001
      endloop
   endfacet
   facet normal 0 0 -1
      outer loop
         vertex 0.0029 0.00460187 -5e-05
         vertex 0.0031 0.00460187 -5e-05
         vertex 0.0031 0.00454446 -3.85819e-05
      endloop
   endfacet
   facet normal 0 -0.382683 -0.92388
      outer loop
         vertex 0.0029 0.00454446 -3.85819e-05
         vertex 0.0031 0.00454446 -3.85819e-05
         vertex 0.0031 0.0044958 -6.06602e-06
      endloop
   endfacet
   facet normal 0 -0.707107 -0.707107
      outer loop
         vertex 0.0029 0.0044958 -6.06602e-06
         vertex 0.0031 0.0044958 -6.06602e-06
         vertex 0.0031 0.00446328 4.25975e-05
      endloop
   endfacet
   facet normal 0 -0.92388 -0.382683
      outer loop
         vertex 0.0029 0.00446328 4.25975e-05
         vertex 0.0031 0.00446328 4.25975e-05
         vertex 0.0031 0.00445187 0.0001
      endloop
   endfacet
   facet normal 0 -1 8.21283e-14
      outer loop
         vertex 0.0031 0.00445187 0.0001
         vertex 0.0029 0.00445187 0.0001
         vertex 0.0029 0.00446328 4.25975e-05
      endloop
   endfacet
   facet normal 0 -0.92388 -0.382683
      outer loop
         vertex 0.0031 0.00446328 4.25975e-05
         vertex 0.0029 0.00446328 4.25975e-05
         vertex 0.0029 0.0044958 -6.06602e-06
      endloop
   endfacet
   facet normal 0 -0.707107 -0.707107
      outer loop
         vertex 0.0031 0.0044958 -6.06602e-06
         vertex 0.0029 0.0044958 -6.06602e-06
         vertex 0.0029 0.00454446 -3.85819e-05
      endloop
   endfacet
   facet normal 0 -0.382683 -0.92388
      outer loop
         vertex 0.0031 0.00454446 -3.85819e-05
         vertex 0.0029 0.00454446 -3.85819e-05
         vertex 0.0029 0.00460187 -5e-05
      endloop
   endfacet
   facet normal 0 0 1
      outer loop
         vertex 0.0026 0.00465187 0.00015
         vertex 0.0026 0.00494187 0.00015
         vertex 0.0024 0.00494187 0.00015
      endloop
   endfacet
   facet normal 0 0 1
      outer loop
         vertex 0.0024 0.00494187 0.00015
         vertex 0.0024 0.00465187 0.00015
         vertex 0.0026 0.00465187 0.00015
      endloop
   endfacet
   facet normal 0 1 0
      outer loop
         vertex 0.0026 0.00494187 0.00015
         vertex 0.0026 0.00494187 -5e-05
         vertex 0.0024 0.00494187 -5e-05
      endloop
   endfacet
   facet normal 0 1 0
      outer loop
         vertex 0.0024 0.00494187 -5e-05
         vertex 0.0024 0.00494187 0.00015
         vertex 0.0026 0.00494187 0.00015
      endloop
   endfacet
   facet normal 0 0 -1
      outer loop
         vertex 0.0024 0.00494187 -5e-05
         vertex 0.0026 0.00494187 -5e-05
         vertex 0.0026 0.00460187 -5e-05
      endloop
   endfacet
   facet normal 0 0 -1
      outer loop
         vertex 0.0026 0.00460187 -5e-05
         vertex 0.0024 0.00460187 -5e-05
         vertex 0.0024 0.00494187 -5e-05
      endloop
   endfacet
   facet normal -1 0 0
      outer loop
         vertex 0.0024 0.00465187 0.00015
         vertex 0.0024 0.0044958 -6.06602e-06
         vertex 0.0024 0.00446328 4.25975e-05
      endloop
   endfacet
   facet normal -1 0 0
      outer loop
         vertex 0.0024 0.00465187 0.00015
         vertex 0.0024 0.00460187 -5e-05
         vertex 0.0024 0.00454446 -3.85819e-05
      endloop
   endfacet
   facet normal -1 0 0
      outer loop
         vertex 0.0024 0.00454446 -3.85819e-05
         vertex 0.0024 0.0044958 -6.06602e-06
         vertex 0.0024 0.00465187 0.00015
      endloop
   endfacet
   facet normal -1 0 0
      outer loop
         vertex 0.0024 0.00494187 -5e-05
         vertex 0.0024 0.00460187 -5e-05
         vertex 0.0024 0.00465187 0.00015
      endloop
   endfacet
   facet normal -1 0 0
      outer loop
         vertex 0.0024 0.00446328 4.25975e-05
         vertex 0.0024 0.00445187 0.0001
         vertex 0.0024 0.00465187 0.00015
      endloop
   endfacet
   facet normal -1 0 0
      outer loop
         vertex 0.0024 0.00445187 0.0001
         vertex 0.0024 0.00445187 0.00015
         vertex 0.0024 0.00465187 0.00015
      endloop
   endfacet
   facet normal -1 0 0
      outer loop
         vertex 0.0024 0.00465187 0.00015
         vertex 0.0024 0.00494187 0.00015
         vertex 0.0024 0.00494187 -5e-05
      endloop
   endfacet
   facet normal 1 0 0
      outer loop
         vertex 0.0026 0.00465187 0.00015
         vertex 0.0026 0.0044958 -6.06602e-06
         vertex 0.0026 0.00454446 -3.85819e-05
      endloop
   endfacet
   facet normal 1 0 0
      outer loop
         vertex 0.0026 0.00465187 0.00015
         vertex 0.0026 0.00445187 0.0001
         vertex 0.0026 0.00446328 4.25975e-05
      endloop
   endfacet
   facet normal 1 0 0
      outer loop
         vertex 0.0026 0.00446328 4.25975e-05
         vertex 0.0026 0.0044958 -6.06602e-06
         vertex 0.0026 0.00465187 0.00015
      endloop
   endfacet
   facet normal 1 0 0
      outer loop
         vertex 0.0026 0.00465187 0.00015
         vertex 0.0026 0.00445187 0.00015
         vertex 0.0026 0.00445187 0.0001
      endloop
   endfacet
   facet normal 1 0 0
      outer loop
         vertex 0.0026 0.00494187 -5e-05
         vertex 0.0026 0.00494187 0.00015
         vertex 0.0026 0.00465187 0.00015
      endloop
   endfacet
   facet normal 1 0 0
      outer loop
         vertex 0.0026 0.00465187 0.00015
         vertex 0.0026 0.00460187 -5e-05
         vertex 0.0026 0.00494187 -5e-05
      endloop
   endfacet
   facet normal 1 0 0
      outer loop
         vertex 0.0026 0.00454446 -3.85819e-05
         vertex 0.0026 0.00460187 -5e-05
         vertex 0.0026 0.00465187 0.00015
      endloop
   endfacet
   facet normal 0 -1 0
      outer loop
         vertex 0.0024 0.00445187 0.0001
         vertex 0.0026 0.00445187 0.0001
         vertex 0.0025 0.00445187 0.00015
      endloop
   endfacet
   facet normal 0 -1 0
      outer loop
         vertex 0.0026 0.00445187 0.0001
         vertex 0.0026 0.00445187 0.00015
         vertex 0.0025 0.00445187 0.00015
      endloop
   endfacet
   facet normal 0 -1 0
      outer loop
         vertex 0.0025 0.00445187 0.00015
         vertex 0.0024 0.00445187 0.00015
         vertex 0.0024 0.00445187 0.0001
      endloop
   endfacet
   facet normal 0 0 -1
      outer loop
         vertex 0.0024 0.00460187 -5e-05
         vertex 0.0026 0.00460187 -5e-05
         vertex 0.0026 0.00454446 -3.85819e-05
      endloop
   endfacet
   facet normal 0 -0.382683 -0.92388
      outer loop
         vertex 0.0024 0.00454446 -3.85819e-05
         vertex 0.0026 0.00454446 -3.85819e-05
         vertex 0.0026 0.0044958 -6.06602e-06
      endloop
   endfacet
   facet normal 0 -0.707107 -0.707107
      outer loop
         vertex 0.0024 0.0044958 -6.06602e-06
         vertex 0.0026 0.0044958 -6.06602e-06
         vertex 0.0026 0.00446328 4.25975e-05
      endloop
   endfacet
   facet normal 0 -0.92388 -0.382683
      outer loop
         vertex 0.0024 0.00446328 4.25975e-05
         vertex 0.0026 0.00446328 4.25975e-05
         vertex 0.0026 0.00445187 0.0001
      endloop
   endfacet
   facet normal 0 -1 8.53809e-14
      outer loop
         vertex 0.0026 0.00445187 0.0001
         vertex 0.0024 0.00445187 0.0001
         vertex 0.0024 0.00446328 4.25975e-05
      endloop
   endfacet
   facet normal 0 -0.92388 -0.382683
      outer loop
         vertex 0.0026 0.00446328 4.25975e-05
         vertex 0.0024 0.00446328 4.25975e-05
         vertex 0.0024 0.0044958 -6.06602e-06
      endloop
   endfacet
   facet normal 0 -0.707107 -0.707107
      outer loop
         vertex 0.0026 0.0044958 -6.06602e-06
         vertex 0.0024 0.0044958 -6.06602e-06
         vertex 0.0024 0.00454446 -3.85819e-05
      endloop
   endfacet
   facet normal 0 -0.382683 -0.92388
      outer loop
         vertex 0.0026 0.00454446 -3.85819e-05
         vertex 0.0024 0.00454446 -3.85819e-05
         vertex 0.0024 0.00460187 -5e-05
      endloop
   endfacet
   facet normal 0 0 1
      outer loop
         vertex 0.0021 0.00465187 0.00015
         vertex 0.0021 0.00494187 0.00015
         vertex 0.0019 0.00494187 0.00015
      endloop
   endfacet
   facet normal 0 0 1
      outer loop
         vertex 0.0019 0.00494187 0.00015
         vertex 0.0019 0.00465187 0.00015
         vertex 0.0021 0.00465187 0.00015
      endloop
   endfacet
   facet normal 0 1 0
      outer loop
         vertex 0.0021 0.00494187 0.00015
         vertex 0.0021 0.00494187 -5e-05
         vertex 0.0019 0.00494187 -5e-05
      endloop
   endfacet
   facet normal 0 1 0
      outer loop
         vertex 0.0019 0.00494187 -5e-05
         vertex 0.0019 0.00494187 0.00015
         vertex 0.0021 0.00494187 0.00015
      endloop
   endfacet
   facet normal 0 0 -1
      outer loop
         vertex 0.0019 0.00494187 -5e-05
         vertex 0.0021 0.00494187 -5e-05
         vertex 0.0021 0.00460187 -5e-05
      endloop
   endfacet
   facet normal 0 0 -1
      outer loop
         vertex 0.0021 0.00460187 -5e-05
         vertex 0.0019 0.00460187 -5e-05
         vertex 0.0019 0.00494187 -5e-05
      endloop
   endfacet
   facet normal -1 0 0
      outer loop
         vertex 0.0019 0.00465187 0.00015
         vertex 0.0019 0.0044958 -6.06602e-06
         vertex 0.0019 0.00446328 4.25975e-05
      endloop
   endfacet
   facet normal -1 0 0
      outer loop
         vertex 0.0019 0.00465187 0.00015
         vertex 0.0019 0.00460187 -5e-05
         vertex 0.0019 0.00454446 -3.85819e-05
      endloop
   endfacet
   facet normal -1 0 0
      outer loop
         vertex 0.0019 0.00454446 -3.85819e-05
         vertex 0.0019 0.0044958 -6.06602e-06
         vertex 0.0019 0.00465187 0.00015
      endloop
   endfacet
   facet normal -1 0 0
      outer loop
         vertex 0.0019 0.00494187 -5e-05
         vertex 0.0019 0.00460187 -5e-05
         vertex 0.0019 0.00465187 0.00015
      endloop
   endfacet
   facet normal -1 0 0
      outer loop
         vertex 0.0019 0.00446328 4.25975e-05
         vertex 0.0019 0.00445187 0.0001
         vertex 0.0019 0.00465187 0.00015
      endloop
   endfacet
   facet normal -1 0 0
      outer loop
         vertex 0.0019 0.00445187 0.0001
         vertex 0.0019 0.00445187 0.00015
         vertex 0.0019 0.00465187 0.00015
      endloop
   endfacet
   facet normal -1 0 0
      outer loop
         vertex 0.0019 0.00465187 0.00015
         vertex 0.0019 0.00494187 0.00015
         vertex 0.0019 0.00494187 -5e-05
      endloop
   endfacet
   facet normal 1 0 0
      outer loop
         vertex 0.0021 0.00465187 0.00015
         vertex 0.0021 0.0044958 -6.06602e-06
         vertex 0.0021 0.00454446 -3.85819e-05
      endloop
   endfacet
   facet normal 1 0 0
      outer loop
         vertex 0.0021 0.00465187 0.00015
         vertex 0.0021 0.00445187 0.0001
         vertex 0.0021 0.00446328 4.25975e-05
      endloop
   endfacet
   facet normal 1 0 0
      outer loop
         vertex 0.0021 0.00446328 4.25975e-05
         vertex 0.0021 0.0044958 -6.06602e-06
         vertex 0.0021 0.00465187 0.00015
      endloop
   endfacet
   facet normal 1 0 0
      outer loop
         vertex 0.0021 0.00465187 0.00015
         vertex 0.0021 0.00445187 0.00015
         vertex 0.0021 0.00445187 0.0001
      endloop
   endfacet
   facet normal 1 0 0
      outer loop
         vertex 0.0021 0.00494187 -5e-05
         vertex 0.0021 0.00494187 0.00015
         vertex 0.0021 0.00465187 0.00015
      endloop
   endfacet
   facet normal 1 0 0
      outer loop
         vertex 0.0021 0.00465187 0.00015
         vertex 0.0021 0.00460187 -5e-05
         vertex 0.0021 0.00494187 -5e-05
      endloop
   endfacet
   facet normal 1 0 0
      outer loop
         vertex 0.0021 0.00454446 -3.85819e-05
         vertex 0.0021 0.00460187 -5e-05
         vertex 0.0021 0.00465187 0.00015
      endloop
   endfacet
   facet normal 0 -1 0
      outer loop
         vertex 0.0019 0.00445187 0.0001
         vertex 0.0021 0.00445187 0.0001
         vertex 0.002 0.00445187 0.00015
      endloop
   endfacet
   facet normal 0 -1 0
      outer loop
         vertex 0.0021 0.00445187 0.0001
         vertex 0.0021 0.00445187 0.00015
         vertex 0.002 0.00445187 0.00015
      endloop
   endfacet
   facet normal 0 -1 0
      outer loop
         vertex 0.002 0.00445187 0.00015
         vertex 0.0019 0.00445187 0.00015
         vertex 0.0019 0.00445187 0.0001
      endloop
   endfacet
   facet normal 0 0 -1
      outer loop
         vertex 0.0019 0.00460187 -5e-05
         vertex 0.0021 0.00460187 -5e-05
         vertex 0.0021 0.00454446 -3.85819e-05
      endloop
   endfacet
   facet normal 0 -0.382683 -0.92388
      outer loop
         vertex 0.0019 0.00454446 -3.85819e-05
         vertex 0.0021 0.00454446 -3.85819e-05
         vertex 0.0021 0.0044958 -6.06602e-06
      endloop
   endfacet
   facet normal 0 -0.707107 -0.707107
      outer loop
         vertex 0.0019 0.0044958 -6.06602e-06
         vertex 0.0021 0.0044958 -6.06602e-06
         vertex 0.0021 0.00446328 4.25975e-05
      endloop
   endfacet
   facet normal 0 -0.92388 -0.382683
      outer loop
         vertex 0.0019 0.00446328 4.25975e-05
         vertex 0.0021 0.00446328 4.25975e-05
         vertex 0.0021 0.00445187 0.0001
      endloop
   endfacet
   facet normal 0 -1 8.80914e-14
      outer loop
         vertex 0.0021 0.00445187 0.0001
         vertex 0.0019 0.00445187 0.0001
         vertex 0.0019 0.00446328 4.25975e-05
      endloop
   endfacet
   facet normal 0 -0.92388 -0.382683
      outer loop
         vertex 0.0021 0.00446328 4.25975e-05
         vertex 0.0019 0.00446328 4.25975e-05
         vertex 0.0019 0.0044958 -6.06602e-06
      endloop
   endfacet
   facet normal 0 -0.707107 -0.707107
      outer loop
         vertex 0.0021 0.0044958 -6.06602e-06
         vertex 0.0019 0.0044958 -6.06602e-06
         vertex 0.0019 0.00454446 -3.85819e-05
      endloop
   endfacet
   facet normal 0 -0.382683 -0.92388
      outer loop
         vertex 0.0021 0.00454446 -3.85819e-05
         vertex 0.0019 0.00454446 -3.85819e-05
         vertex 0.0019 0.00460187 -5e-05
      endloop
   endfacet
   facet normal 0 0 1
      outer loop
         vertex 0.0016 0.00465187 0.00015
         vertex 0.0016 0.00494187 0.00015
         vertex 0.0014 0.00494187 0.00015
      endloop
   endfacet
   facet normal 0 0 1
      outer loop
         vertex 0.0014 0.00494187 0.00015
         vertex 0.0014 0.00465187 0.00015
         vertex 0.0016 0.00465187 0.00015
      endloop
   endfacet
   facet normal 0 1 0
      outer loop
         vertex 0.0014 0.00494187 -5e-05
         vertex 0.0014 0.00494187 0.00015
         vertex 0.0016 0.00494187 0.00015
      endloop
   endfacet
   facet normal 0 1 0
      outer loop
         vertex 0.0016 0.00494187 0.00015
         vertex 0.0016 0.00494187 -5e-05
         vertex 0.0014 0.00494187 -5e-05
      endloop
   endfacet
   facet normal 0 0 -1
      outer loop
         vertex 0.0014 0.00494187 -5e-05
         vertex 0.0016 0.00494187 -5e-05
         vertex 0.0016 0.00460187 -5e-05
      endloop
   endfacet
   facet normal 0 0 -1
      outer loop
         vertex 0.0016 0.00460187 -5e-05
         vertex 0.0014 0.00460187 -5e-05
         vertex 0.0014 0.00494187 -5e-05
      endloop
   endfacet
   facet normal -1 0 0
      outer loop
         vertex 0.0014 0.00465187 0.00015
         vertex 0.0014 0.0044958 -6.06602e-06
         vertex 0.0014 0.00446328 4.25975e-05
      endloop
   endfacet
   facet normal -1 0 0
      outer loop
         vertex 0.0014 0.00465187 0.00015
         vertex 0.0014 0.00460187 -5e-05
         vertex 0.0014 0.00454446 -3.85819e-05
      endloop
   endfacet
   facet normal -1 0 0
      outer loop
         vertex 0.0014 0.00454446 -3.85819e-05
         vertex 0.0014 0.0044958 -6.06602e-06
         vertex 0.0014 0.00465187 0.00015
      endloop
   endfacet
   facet normal -1 0 0
      outer loop
         vertex 0.0014 0.00494187 -5e-05
         vertex 0.0014 0.00460187 -5e-05
         vertex 0.0014 0.00465187 0.00015
      endloop
   endfacet
   facet normal -1 0 0
      outer loop
         vertex 0.0014 0.00446328 4.25975e-05
         vertex 0.0014 0.00445187 0.0001
         vertex 0.0014 0.00465187 0.00015
      endloop
   endfacet
   facet normal -1 0 0
      outer loop
         vertex 0.0014 0.00445187 0.0001
         vertex 0.0014 0.00445187 0.00015
         vertex 0.0014 0.00465187 0.00015
      endloop
   endfacet
   facet normal -1 0 0
      outer loop
         vertex 0.0014 0.00465187 0.00015
         vertex 0.0014 0.00494187 0.00015
         vertex 0.0014 0.00494187 -5e-05
      endloop
   endfacet
   facet normal 1 0 0
      outer loop
         vertex 0.0016 0.00465187 0.00015
         vertex 0.0016 0.0044958 -6.06602e-06
         vertex 0.0016 0.00454446 -3.85819e-05
      endloop
   endfacet
   facet normal 1 0 0
      outer loop
         vertex 0.0016 0.00465187 0.00015
         vertex 0.0016 0.00445187 0.0001
         vertex 0.0016 0.00446328 4.25975e-05
      endloop
   endfacet
   facet normal 1 0 0
      outer loop
         vertex 0.0016 0.00446328 4.25975e-05
         vertex 0.0016 0.0044958 -6.06602e-06
         vertex 0.0016 0.00465187 0.00015
      endloop
   endfacet
   facet normal 1 0 0
      outer loop
         vertex 0.0016 0.00465187 0.00015
         vertex 0.0016 0.00445187 0.00015
         vertex 0.0016 0.00445187 0.0001
      endloop
   endfacet
   facet normal 1 0 0
      outer loop
         vertex 0.0016 0.00494187 -5e-05
         vertex 0.0016 0.00494187 0.00015
         vertex 0.0016 0.00465187 0.00015
      endloop
   endfacet
   facet normal 1 0 0
      outer loop
         vertex 0.0016 0.00465187 0.00015
         vertex 0.0016 0.00460187 -5e-05
         vertex 0.0016 0.00494187 -5e-05
      endloop
   endfacet
   facet normal 1 0 0
      outer loop
         vertex 0.0016 0.00454446 -3.85819e-05
         vertex 0.0016 0.00460187 -5e-05
         vertex 0.0016 0.00465187 0.00015
      endloop
   endfacet
   facet normal 0 -1 0
      outer loop
         vertex 0.0016 0.00445187 0.0001
         vertex 0.0016 0.00445187 0.00015
         vertex 0.0015 0.00445187 0.00015
      endloop
   endfacet
   facet normal 0 -1 0
      outer loop
         vertex 0.0015 0.00445187 0.00015
         vertex 0.0014 0.00445187 0.0001
         vertex 0.0016 0.00445187 0.0001
      endloop
   endfacet
   facet normal 0 -1 0
      outer loop
         vertex 0.0015 0.00445187 0.00015
         vertex 0.0014 0.00445187 0.00015
         vertex 0.0014 0.00445187 0.0001
      endloop
   endfacet
   facet normal 0 0 -1
      outer loop
         vertex 0.0014 0.00460187 -5e-05
         vertex 0.0016 0.00460187 -5e-05
         vertex 0.0016 0.00454446 -3.85819e-05
      endloop
   endfacet
   facet normal 0 -0.382683 -0.92388
      outer loop
         vertex 0.0014 0.00454446 -3.85819e-05
         vertex 0.0016 0.00454446 -3.85819e-05
         vertex 0.0016 0.0044958 -6.06602e-06
      endloop
   endfacet
   facet normal 0 -0.707107 -0.707107
      outer loop
         vertex 0.0014 0.0044958 -6.06602e-06
         vertex 0.0016 0.0044958 -6.06602e-06
         vertex 0.0016 0.00446328 4.25975e-05
      endloop
   endfacet
   facet normal 0 -0.92388 -0.382683
      outer loop
         vertex 0.0014 0.00446328 4.25975e-05
         vertex 0.0016 0.00446328 4.25975e-05
         vertex 0.0016 0.00445187 0.0001
      endloop
   endfacet
   facet normal 0 -1 9.07116e-14
      outer loop
         vertex 0.0016 0.00445187 0.0001
         vertex 0.0014 0.00445187 0.0001
         vertex 0.0014 0.00446328 4.25975e-05
      endloop
   endfacet
   facet normal 0 -0.92388 -0.382683
      outer loop
         vertex 0.0016 0.00446328 4.25975e-05
         vertex 0.0014 0.00446328 4.25975e-05
         vertex 0.0014 0.0044958 -6.06602e-06
      endloop
   endfacet
   facet normal 0 -0.707107 -0.707107
      outer loop
         vertex 0.0016 0.0044958 -6.06602e-06
         vertex 0.0014 0.0044958 -6.06602e-06
         vertex 0.0014 0.00454446 -3.85819e-05
      endloop
   endfacet
   facet normal 0 -0.382683 -0.92388
      outer loop
         vertex 0.0016 0.00454446 -3.85819e-05
         vertex 0.0014 0.00454446 -3.85819e-05
         vertex 0.0014 0.00460187 -5e-05
      endloop
   endfacet
   facet normal 0 0 1
      outer loop
         vertex 0.0011 0.00465187 0.00015
         vertex 0.0011 0.00494187 0.00015
         vertex 0.0009 0.00494187 0.00015
      endloop
   endfacet
   facet normal 0 0 1
      outer loop
         vertex 0.0009 0.00494187 0.00015
         vertex 0.0009 0.00465187 0.00015
         vertex 0.0011 0.00465187 0.00015
      endloop
   endfacet
   facet normal 0 1 0
      outer loop
         vertex 0.0009 0.00494187 0.00015
         vertex 0.0011 0.00494187 0.00015
         vertex 0.0011 0.00494187 -5e-05
      endloop
   endfacet
   facet normal 0 1 0
      outer loop
         vertex 0.0011 0.00494187 -5e-05
         vertex 0.0009 0.00494187 -5e-05
         vertex 0.0009 0.00494187 0.00015
      endloop
   endfacet
   facet normal 0 0 -1
      outer loop
         vertex 0.0009 0.00494187 -5e-05
         vertex 0.0011 0.00494187 -5e-05
         vertex 0.0011 0.00460187 -5e-05
      endloop
   endfacet
   facet normal 0 0 -1
      outer loop
         vertex 0.0011 0.00460187 -5e-05
         vertex 0.0009 0.00460187 -5e-05
         vertex 0.0009 0.00494187 -5e-05
      endloop
   endfacet
   facet normal -1 0 0
      outer loop
         vertex 0.0009 0.00465187 0.00015
         vertex 0.0009 0.0044958 -6.06602e-06
         vertex 0.0009 0.00446328 4.25975e-05
      endloop
   endfacet
   facet normal -1 0 0
      outer loop
         vertex 0.0009 0.00465187 0.00015
         vertex 0.0009 0.00460187 -5e-05
         vertex 0.0009 0.00454446 -3.85819e-05
      endloop
   endfacet
   facet normal -1 0 0
      outer loop
         vertex 0.0009 0.00454446 -3.85819e-05
         vertex 0.0009 0.0044958 -6.06602e-06
         vertex 0.0009 0.00465187 0.00015
      endloop
   endfacet
   facet normal -1 0 0
      outer loop
         vertex 0.0009 0.00494187 -5e-05
         vertex 0.0009 0.00460187 -5e-05
         vertex 0.0009 0.00465187 0.00015
      endloop
   endfacet
   facet normal -1 0 0
      outer loop
         vertex 0.0009 0.00446328 4.25975e-05
         vertex 0.0009 0.00445187 0.0001
         vertex 0.0009 0.00465187 0.00015
      endloop
   endfacet
   facet normal -1 0 0
      outer loop
         vertex 0.0009 0.00445187 0.0001
         vertex 0.0009 0.00445187 0.00015
         vertex 0.0009 0.00465187 0.00015
      endloop
   endfacet
   facet normal -1 0 0
      outer loop
         vertex 0.0009 0.00465187 0.00015
         vertex 0.0009 0.00494187 0.00015
         vertex 0.0009 0.00494187 -5e-05
      endloop
   endfacet
   facet normal 1 0 0
      outer loop
         vertex 0.0011 0.00465187 0.00015
         vertex 0.0011 0.0044958 -6.06602e-06
         vertex 0.0011 0.00454446 -3.85819e-05
      endloop
   endfacet
   facet normal 1 0 0
      outer loop
         vertex 0.0011 0.00465187 0.00015
         vertex 0.0011 0.00445187 0.0001
         vertex 0.0011 0.00446328 4.25975e-05
      endloop
   endfacet
   facet normal 1 0 0
      outer loop
         vertex 0.0011 0.00446328 4.25975e-05
         vertex 0.0011 0.0044958 -6.06602e-06
         vertex 0.0011 0.00465187 0.00015
      endloop
   endfacet
   facet normal 1 0 0
      outer loop
         vertex 0.0011 0.00465187 0.00015
         vertex 0.0011 0.00445187 0.00015
         vertex 0.0011 0.00445187 0.0001
      endloop
   endfacet
   facet normal 1 0 0
      outer loop
         vertex 0.0011 0.00494187 -5e-05
         vertex 0.0011 0.00494187 0.00015
         vertex 0.0011 0.00465187 0.00015
      endloop
   endfacet
   facet normal 1 0 0
      outer loop
         vertex 0.0011 0.00465187 0.00015
         vertex 0.0011 0.00460187 -5e-05
         vertex 0.0011 0.00494187 -5e-05
      endloop
   endfacet
   facet normal 1 0 0
      outer loop
         vertex 0.0011 0.00454446 -3.85819e-05
         vertex 0.0011 0.00460187 -5e-05
         vertex 0.0011 0.00465187 0.00015
      endloop
   endfacet
   facet normal 0 -1 0
      outer loop
         vertex 0.0009 0.00445187 0.0001
         vertex 0.0011 0.00445187 0.0001
         vertex 0.001 0.00445187 0.00015
      endloop
   endfacet
   facet normal 0 -1 0
      outer loop
         vertex 0.0011 0.00445187 0.0001
         vertex 0.0011 0.00445187 0.00015
         vertex 0.001 0.00445187 0.00015
      endloop
   endfacet
   facet normal 0 -1 0
      outer loop
         vertex 0.001 0.00445187 0.00015
         vertex 0.0009 0.00445187 0.00015
         vertex 0.0009 0.00445187 0.0001
      endloop
   endfacet
   facet normal 0 0 -1
      outer loop
         vertex 0.0009 0.00460187 -5e-05
         vertex 0.0011 0.00460187 -5e-05
         vertex 0.0011 0.00454446 -3.85819e-05
      endloop
   endfacet
   facet normal 0 -0.382683 -0.92388
      outer loop
         vertex 0.0009 0.00454446 -3.85819e-05
         vertex 0.0011 0.00454446 -3.85819e-05
         vertex 0.0011 0.0044958 -6.06602e-06
      endloop
   endfacet
   facet normal 0 -0.707107 -0.707107
      outer loop
         vertex 0.0009 0.0044958 -6.06602e-06
         vertex 0.0011 0.0044958 -6.06602e-06
         vertex 0.0011 0.00446328 4.25975e-05
      endloop
   endfacet
   facet normal 0 -0.92388 -0.382683
      outer loop
         vertex 0.0009 0.00446328 4.25975e-05
         vertex 0.0011 0.00446328 4.25975e-05
         vertex 0.0011 0.00445187 0.0001
      endloop
   endfacet
   facet normal 0 -1 9.93852e-14
      outer loop
         vertex 0.0011 0.00445187 0.0001
         vertex 0.0009 0.00445187 0.0001
         vertex 0.0009 0.00446328 4.25975e-05
      endloop
   endfacet
   facet normal 0 -0.92388 -0.382683
      outer loop
         vertex 0.0011 0.00446328 4.25975e-05
         vertex 0.0009 0.00446328 4.25975e-05
         vertex 0.0009 0.0044958 -6.06602e-06
      endloop
   endfacet
   facet normal 0 -0.707107 -0.707107
      outer loop
         vertex 0.0011 0.0044958 -6.06602e-06
         vertex 0.0009 0.0044958 -6.06602e-06
         vertex 0.0009 0.00454446 -3.85819e-05
      endloop
   endfacet
   facet normal 0 -0.382683 -0.92388
      outer loop
         vertex 0.0011 0.00454446 -3.85819e-05
         vertex 0.0009 0.00454446 -3.85819e-05
         vertex 0.0009 0.00460187 -5e-05
      endloop
   endfacet
   facet normal 0 0 1
      outer loop
         vertex 0.0006 0.00465187 0.00015
         vertex 0.0006 0.00494187 0.00015
         vertex 0.0004 0.00494187 0.00015
      endloop
   endfacet
   facet normal 0 0 1
      outer loop
         vertex 0.0004 0.00494187 0.00015
         vertex 0.0004 0.00465187 0.00015
         vertex 0.0006 0.00465187 0.00015
      endloop
   endfacet
   facet normal 0 1 0
      outer loop
         vertex 0.0004 0.00494187 0.00015
         vertex 0.0006 0.00494187 0.00015
         vertex 0.0006 0.00494187 -5e-05
      endloop
   endfacet
   facet normal 0 1 0
      outer loop
         vertex 0.0006 0.00494187 -5e-05
         vertex 0.0004 0.00494187 -5e-05
         vertex 0.0004 0.00494187 0.00015
      endloop
   endfacet
   facet normal 0 0 -1
      outer loop
         vertex 0.0004 0.00494187 -5e-05
         vertex 0.0006 0.00494187 -5e-05
         vertex 0.0006 0.00460187 -5e-05
      endloop
   endfacet
   facet normal 0 0 -1
      outer loop
         vertex 0.0006 0.00460187 -5e-05
         vertex 0.0004 0.00460187 -5e-05
         vertex 0.0004 0.00494187 -5e-05
      endloop
   endfacet
   facet normal -1 0 0
      outer loop
         vertex 0.0004 0.00465187 0.00015
         vertex 0.0004 0.0044958 -6.06602e-06
         vertex 0.0004 0.00446328 4.25975e-05
      endloop
   endfacet
   facet normal -1 0 0
      outer loop
         vertex 0.0004 0.00465187 0.00015
         vertex 0.0004 0.00460187 -5e-05
         vertex 0.0004 0.00454446 -3.85819e-05
      endloop
   endfacet
   facet normal -1 0 0
      outer loop
         vertex 0.0004 0.00454446 -3.85819e-05
         vertex 0.0004 0.0044958 -6.06602e-06
         vertex 0.0004 0.00465187 0.00015
      endloop
   endfacet
   facet normal -1 0 0
      outer loop
         vertex 0.0004 0.00494187 -5e-05
         vertex 0.0004 0.00460187 -5e-05
         vertex 0.0004 0.00465187 0.00015
      endloop
   endfacet
   facet normal -1 0 0
      outer loop
         vertex 0.0004 0.00446328 4.25975e-05
         vertex 0.0004 0.00445187 0.0001
         vertex 0.0004 0.00465187 0.00015
      endloop
   endfacet
   facet normal -1 0 0
      outer loop
         vertex 0.0004 0.00445187 0.0001
         vertex 0.0004 0.00445187 0.00015
         vertex 0.0004 0.00465187 0.00015
      endloop
   endfacet
   facet normal -1 0 0
      outer loop
         vertex 0.0004 0.00465187 0.00015
         vertex 0.0004 0.00494187 0.00015
         vertex 0.0004 0.00494187 -5e-05
      endloop
   endfacet
   facet normal 1 0 0
      outer loop
         vertex 0.0006 0.00465187 0.00015
         vertex 0.0006 0.0044958 -6.06602e-06
         vertex 0.0006 0.00454446 -3.85819e-05
      endloop
   endfacet
   facet normal 1 0 0
      outer loop
         vertex 0.0006 0.00465187 0.00015
         vertex 0.0006 0.00445187 0.0001
         vertex 0.0006 0.00446328 4.25975e-05
      endloop
   endfacet
   facet normal 1 0 0
      outer loop
         vertex 0.0006 0.00446328 4.25975e-05
         vertex 0.0006 0.0044958 -6.06602e-06
         vertex 0.0006 0.00465187 0.00015
      endloop
   endfacet
   facet normal 1 0 0
      outer loop
         vertex 0.0006 0.00465187 0.00015
         vertex 0.0006 0.00445187 0.00015
         vertex 0.0006 0.00445187 0.0001
      endloop
   endfacet
   facet normal 1 0 0
      outer loop
         vertex 0.0006 0.00494187 -5e-05
         vertex 0.0006 0.00494187 0.00015
         vertex 0.0006 0.00465187 0.00015
      endloop
   endfacet
   facet normal 1 0 0
      outer loop
         vertex 0.0006 0.00465187 0.00015
         vertex 0.0006 0.00460187 -5e-05
         vertex 0.0006 0.00494187 -5e-05
      endloop
   endfacet
   facet normal 1 0 0
      outer loop
         vertex 0.0006 0.00454446 -3.85819e-05
         vertex 0.0006 0.00460187 -5e-05
         vertex 0.0006 0.00465187 0.00015
      endloop
   endfacet
   facet normal 0 -1 0
      outer loop
         vertex 0.0004 0.00445187 0.0001
         vertex 0.0006 0.00445187 0.0001
         vertex 0.0005 0.00445187 0.00015
      endloop
   endfacet
   facet normal 0 -1 0
      outer loop
         vertex 0.0006 0.00445187 0.0001
         vertex 0.0006 0.00445187 0.00015
         vertex 0.0005 0.00445187 0.00015
      endloop
   endfacet
   facet normal 0 -1 0
      outer loop
         vertex 0.0005 0.00445187 0.00015
         vertex 0.0004 0.00445187 0.00015
         vertex 0.0004 0.00445187 0.0001
      endloop
   endfacet
   facet normal 0 0 -1
      outer loop
         vertex 0.0004 0.00460187 -5e-05
         vertex 0.0006 0.00460187 -5e-05
         vertex 0.0006 0.00454446 -3.85819e-05
      endloop
   endfacet
   facet normal 0 -0.382683 -0.92388
      outer loop
         vertex 0.0004 0.00454446 -3.85819e-05
         vertex 0.0006 0.00454446 -3.85819e-05
         vertex 0.0006 0.0044958 -6.06602e-06
      endloop
   endfacet
   facet normal 0 -0.707107 -0.707107
      outer loop
         vertex 0.0004 0.0044958 -6.06602e-06
         vertex 0.0006 0.0044958 -6.06602e-06
         vertex 0.0006 0.00446328 4.25975e-05
      endloop
   endfacet
   facet normal 0 -0.92388 -0.382683
      outer loop
         vertex 0.0004 0.00446328 4.25975e-05
         vertex 0.0006 0.00446328 4.25975e-05
         vertex 0.0006 0.00445187 0.0001
      endloop
   endfacet
   facet normal 0 -1 9.93852e-14
      outer loop
         vertex 0.0006 0.00445187 0.0001
         vertex 0.0004 0.00445187 0.0001
         vertex 0.0004 0.00446328 4.25975e-05
      endloop
   endfacet
   facet normal 0 -0.92388 -0.382683
      outer loop
         vertex 0.0006 0.00446328 4.25975e-05
         vertex 0.0004 0.00446328 4.25975e-05
         vertex 0.0004 0.0044958 -6.06602e-06
      endloop
   endfacet
   facet normal 0 -0.707107 -0.707107
      outer loop
         vertex 0.0006 0.0044958 -6.06602e-06
         vertex 0.0004 0.0044958 -6.06602e-06
         vertex 0.0004 0.00454446 -3.85819e-05
      endloop
   endfacet
   facet normal 0 -0.382683 -0.92388
      outer loop
         vertex 0.0006 0.00454446 -3.85819e-05
         vertex 0.0004 0.00454446 -3.85819e-05
         vertex 0.0004 0.00460187 -5e-05
      endloop
   endfacet
   facet normal 0 0 1
      outer loop
         vertex -0.0004 0.00465187 0.00015
         vertex -0.0004 0.00494187 0.00015
         vertex -0.0006 0.00494187 0.00015
      endloop
   endfacet
   facet normal 0 0 1
      outer loop
         vertex -0.0006 0.00494187 0.00015
         vertex -0.0006 0.00465187 0.00015
         vertex -0.0004 0.00465187 0.00015
      endloop
   endfacet
   facet normal 0 1 0
      outer loop
         vertex -0.0006 0.00494187 0.00015
         vertex -0.0004 0.00494187 0.00015
         vertex -0.0004 0.00494187 -5e-05
      endloop
   endfacet
   facet normal 0 1 0
      outer loop
         vertex -0.0004 0.00494187 -5e-05
         vertex -0.0006 0.00494187 -5e-05
         vertex -0.0006 0.00494187 0.00015
      endloop
   endfacet
   facet normal 0 0 -1
      outer loop
         vertex -0.0006 0.00494187 -5e-05
         vertex -0.0004 0.00494187 -5e-05
         vertex -0.0004 0.00460187 -5e-05
      endloop
   endfacet
   facet normal 0 0 -1
      outer loop
         vertex -0.0004 0.00460187 -5e-05
         vertex -0.0006 0.00460187 -5e-05
         vertex -0.0006 0.00494187 -5e-05
      endloop
   endfacet
   facet normal -1 0 0
      outer loop
         vertex -0.0006 0.00465187 0.00015
         vertex -0.0006 0.0044958 -6.06602e-06
         vertex -0.0006 0.00446328 4.25975e-05
      endloop
   endfacet
   facet normal -1 0 0
      outer loop
         vertex -0.0006 0.00465187 0.00015
         vertex -0.0006 0.00460187 -5e-05
         vertex -0.0006 0.00454446 -3.85819e-05
      endloop
   endfacet
   facet normal -1 0 0
      outer loop
         vertex -0.0006 0.00454446 -3.85819e-05
         vertex -0.0006 0.0044958 -6.06602e-06
         vertex -0.0006 0.00465187 0.00015
      endloop
   endfacet
   facet normal -1 0 0
      outer loop
         vertex -0.0006 0.00494187 -5e-05
         vertex -0.0006 0.00460187 -5e-05
         vertex -0.0006 0.00465187 0.00015
      endloop
   endfacet
   facet normal -1 0 0
      outer loop
         vertex -0.0006 0.00446328 4.25975e-05
         vertex -0.0006 0.00445187 0.0001
         vertex -0.0006 0.00465187 0.00015
      endloop
   endfacet
   facet normal -1 0 0
      outer loop
         vertex -0.0006 0.00445187 0.0001
         vertex -0.0006 0.00445187 0.00015
         vertex -0.0006 0.00465187 0.00015
      endloop
   endfacet
   facet normal -1 0 0
      outer loop
         vertex -0.0006 0.00465187 0.00015
         vertex -0.0006 0.00494187 0.00015
         vertex -0.0006 0.00494187 -5e-05
      endloop
   endfacet
   facet normal 1 0 0
      outer loop
         vertex -0.0004 0.00465187 0.00015
         vertex -0.0004 0.0044958 -6.06602e-06
         vertex -0.0004 0.00454446 -3.85819e-05
      endloop
   endfacet
   facet normal 1 0 0
      outer loop
         vertex -0.0004 0.00465187 0.00015
         vertex -0.0004 0.00445187 0.0001
         vertex -0.0004 0.00446328 4.25975e-05
      endloop
   endfacet
   facet normal 1 0 0
      outer loop
         vertex -0.0004 0.00446328 4.25975e-05
         vertex -0.0004 0.0044958 -6.06602e-06
         vertex -0.0004 0.00465187 0.00015
      endloop
   endfacet
   facet normal 1 0 0
      outer loop
         vertex -0.0004 0.00465187 0.00015
         vertex -0.0004 0.00445187 0.00015
         vertex -0.0004 0.00445187 0.0001
      endloop
   endfacet
   facet normal 1 0 0
      outer loop
         vertex -0.0004 0.00494187 -5e-05
         vertex -0.0004 0.00494187 0.00015
         vertex -0.0004 0.00465187 0.00015
      endloop
   endfacet
   facet normal 1 0 0
      outer loop
         vertex -0.0004 0.00465187 0.00015
         vertex -0.0004 0.00460187 -5e-05
         vertex -0.0004 0.00494187 -5e-05
      endloop
   endfacet
   facet normal 1 0 0
      outer loop
         vertex -0.0004 0.00454446 -3.85819e-05
         vertex -0.0004 0.00460187 -5e-05
         vertex -0.0004 0.00465187 0.00015
      endloop
   endfacet
   facet normal 0 -1 0
      outer loop
         vertex -0.0004 0.00445187 0.00015
         vertex -0.0006 0.00445187 0.00015
         vertex -0.0006 0.00445187 0.0001
      endloop
   endfacet
   facet normal 0 -1 0
      outer loop
         vertex -0.0006 0.00445187 0.0001
         vertex -0.0004 0.00445187 0.0001
         vertex -0.0004 0.00445187 0.00015
      endloop
   endfacet
   facet normal 0 0 -1
      outer loop
         vertex -0.0006 0.00460187 -5e-05
         vertex -0.0004 0.00460187 -5e-05
         vertex -0.0004 0.00454446 -3.85819e-05
      endloop
   endfacet
   facet normal 0 -0.382683 -0.92388
      outer loop
         vertex -0.0006 0.00454446 -3.85819e-05
         vertex -0.0004 0.00454446 -3.85819e-05
         vertex -0.0004 0.0044958 -6.06602e-06
      endloop
   endfacet
   facet normal 0 -0.707107 -0.707107
      outer loop
         vertex -0.0006 0.0044958 -6.06602e-06
         vertex -0.0004 0.0044958 -6.06602e-06
         vertex -0.0004 0.00446328 4.25975e-05
      endloop
   endfacet
   facet normal 0 -0.92388 -0.382683
      outer loop
         vertex -0.0006 0.00446328 4.25975e-05
         vertex -0.0004 0.00446328 4.25975e-05
         vertex -0.0004 0.00445187 0.0001
      endloop
   endfacet
   facet normal 0 -1 9.93852e-14
      outer loop
         vertex -0.0004 0.00445187 0.0001
         vertex -0.0006 0.00445187 0.0001
         vertex -0.0006 0.00446328 4.25975e-05
      endloop
   endfacet
   facet normal 0 -0.92388 -0.382683
      outer loop
         vertex -0.0004 0.00446328 4.25975e-05
         vertex -0.0006 0.00446328 4.25975e-05
         vertex -0.0006 0.0044958 -6.06602e-06
      endloop
   endfacet
   facet normal 0 -0.707107 -0.707107
      outer loop
         vertex -0.0004 0.0044958 -6.06602e-06
         vertex -0.0006 0.0044958 -6.06602e-06
         vertex -0.0006 0.00454446 -3.85819e-05
      endloop
   endfacet
   facet normal 0 -0.382683 -0.92388
      outer loop
         vertex -0.0004 0.00454446 -3.85819e-05
         vertex -0.0006 0.00454446 -3.85819e-05
         vertex -0.0006 0.00460187 -5e-05
      endloop
   endfacet
   facet normal 0 0 1
      outer loop
         vertex -0.0009 0.00465187 0.00015
         vertex -0.0009 0.00494187 0.00015
         vertex -0.0011 0.00494187 0.00015
      endloop
   endfacet
   facet normal 0 0 1
      outer loop
         vertex -0.0011 0.00494187 0.00015
         vertex -0.0011 0.00465187 0.00015
         vertex -0.0009 0.00465187 0.00015
      endloop
   endfacet
   facet normal 0 1 0
      outer loop
         vertex -0.0009 0.00494187 0.00015
         vertex -0.0009 0.00494187 -5e-05
         vertex -0.0011 0.00494187 -5e-05
      endloop
   endfacet
   facet normal 0 1 0
      outer loop
         vertex -0.0011 0.00494187 -5e-05
         vertex -0.0011 0.00494187 0.00015
         vertex -0.0009 0.00494187 0.00015
      endloop
   endfacet
   facet normal 0 0 -1
      outer loop
         vertex -0.0011 0.00494187 -5e-05
         vertex -0.0009 0.00494187 -5e-05
         vertex -0.0009 0.00460187 -5e-05
      endloop
   endfacet
   facet normal 0 0 -1
      outer loop
         vertex -0.0009 0.00460187 -5e-05
         vertex -0.0011 0.00460187 -5e-05
         vertex -0.0011 0.00494187 -5e-05
      endloop
   endfacet
   facet normal -1 0 0
      outer loop
         vertex -0.0011 0.00465187 0.00015
         vertex -0.0011 0.0044958 -6.06602e-06
         vertex -0.0011 0.00446328 4.25975e-05
      endloop
   endfacet
   facet normal -1 0 0
      outer loop
         vertex -0.0011 0.00465187 0.00015
         vertex -0.0011 0.00460187 -5e-05
         vertex -0.0011 0.00454446 -3.85819e-05
      endloop
   endfacet
   facet normal -1 0 0
      outer loop
         vertex -0.0011 0.00454446 -3.85819e-05
         vertex -0.0011 0.0044958 -6.06602e-06
         vertex -0.0011 0.00465187 0.00015
      endloop
   endfacet
   facet normal -1 0 0
      outer loop
         vertex -0.0011 0.00494187 -5e-05
         vertex -0.0011 0.00460187 -5e-05
         vertex -0.0011 0.00465187 0.00015
      endloop
   endfacet
   facet normal -1 0 0
      outer loop
         vertex -0.0011 0.00446328 4.25975e-05
         vertex -0.0011 0.00445187 0.0001
         vertex -0.0011 0.00465187 0.00015
      endloop
   endfacet
   facet normal -1 0 0
      outer loop
         vertex -0.0011 0.00445187 0.0001
         vertex -0.0011 0.00445187 0.00015
         vertex -0.0011 0.00465187 0.00015
      endloop
   endfacet
   facet normal -1 0 0
      outer loop
         vertex -0.0011 0.00465187 0.00015
         vertex -0.0011 0.00494187 0.00015
         vertex -0.0011 0.00494187 -5e-05
      endloop
   endfacet
   facet normal 1 0 0
      outer loop
         vertex -0.0009 0.00465187 0.00015
         vertex -0.0009 0.0044958 -6.06602e-06
         vertex -0.0009 0.00454446 -3.85819e-05
      endloop
   endfacet
   facet normal 1 0 0
      outer loop
         vertex -0.0009 0.00465187 0.00015
         vertex -0.0009 0.00445187 0.0001
         vertex -0.0009 0.00446328 4.25975e-05
      endloop
   endfacet
   facet normal 1 0 0
      outer loop
         vertex -0.0009 0.00446328 4.25975e-05
         vertex -0.0009 0.0044958 -6.06602e-06
         vertex -0.0009 0.00465187 0.00015
      endloop
   endfacet
   facet normal 1 0 0
      outer loop
         vertex -0.0009 0.00465187 0.00015
         vertex -0.0009 0.00445187 0.00015
         vertex -0.0009 0.00445187 0.0001
      endloop
   endfacet
   facet normal 1 0 0
      outer loop
         vertex -0.0009 0.00494187 -5e-05
         vertex -0.0009 0.00494187 0.00015
         vertex -0.0009 0.00465187 0.00015
      endloop
   endfacet
   facet normal 1 0 0
      outer loop
         vertex -0.0009 0.00465187 0.00015
         vertex -0.0009 0.00460187 -5e-05
         vertex -0.0009 0.00494187 -5e-05
      endloop
   endfacet
   facet normal 1 0 0
      outer loop
         vertex -0.0009 0.00454446 -3.85819e-05
         vertex -0.0009 0.00460187 -5e-05
         vertex -0.0009 0.00465187 0.00015
      endloop
   endfacet
   facet normal 0 -1 0
      outer loop
         vertex -0.0009 0.00445187 0.0001
         vertex -0.0009 0.00445187 0.00015
         vertex -0.001 0.00445187 0.00015
      endloop
   endfacet
   facet normal 0 -1 0
      outer loop
         vertex -0.001 0.00445187 0.00015
         vertex -0.0011 0.00445187 0.0001
         vertex -0.0009 0.00445187 0.0001
      endloop
   endfacet
   facet normal 0 -1 0
      outer loop
         vertex -0.001 0.00445187 0.00015
         vertex -0.0011 0.00445187 0.00015
         vertex -0.0011 0.00445187 0.0001
      endloop
   endfacet
   facet normal 0 0 -1
      outer loop
         vertex -0.0011 0.00460187 -5e-05
         vertex -0.0009 0.00460187 -5e-05
         vertex -0.0009 0.00454446 -3.85819e-05
      endloop
   endfacet
   facet normal 0 -0.382683 -0.92388
      outer loop
         vertex -0.0011 0.00454446 -3.85819e-05
         vertex -0.0009 0.00454446 -3.85819e-05
         vertex -0.0009 0.0044958 -6.06602e-06
      endloop
   endfacet
   facet normal 0 -0.707107 -0.707107
      outer loop
         vertex -0.0011 0.0044958 -6.06602e-06
         vertex -0.0009 0.0044958 -6.06602e-06
         vertex -0.0009 0.00446328 4.25975e-05
      endloop
   endfacet
   facet normal 0 -0.92388 -0.382683
      outer loop
         vertex -0.0011 0.00446328 4.25975e-05
         vertex -0.0009 0.00446328 4.25975e-05
         vertex -0.0009 0.00445187 0.0001
      endloop
   endfacet
   facet normal 0 -1 9.93852e-14
      outer loop
         vertex -0.0009 0.00445187 0.0001
         vertex -0.0011 0.00445187 0.0001
         vertex -0.0011 0.00446328 4.25975e-05
      endloop
   endfacet
   facet normal 0 -0.92388 -0.382683
      outer loop
         vertex -0.0009 0.00446328 4.25975e-05
         vertex -0.0011 0.00446328 4.25975e-05
         vertex -0.0011 0.0044958 -6.06602e-06
      endloop
   endfacet
   facet normal 0 -0.707107 -0.707107
      outer loop
         vertex -0.0009 0.0044958 -6.06602e-06
         vertex -0.0011 0.0044958 -6.06602e-06
         vertex -0.0011 0.00454446 -3.85819e-05
      endloop
   endfacet
   facet normal 0 -0.382683 -0.92388
      outer loop
         vertex -0.0009 0.00454446 -3.85819e-05
         vertex -0.0011 0.00454446 -3.85819e-05
         vertex -0.0011 0.00460187 -5e-05
      endloop
   endfacet
   facet normal 0 0 1
      outer loop
         vertex -0.0014 0.00465187 0.00015
         vertex -0.0014 0.00494187 0.00015
         vertex -0.0016 0.00494187 0.00015
      endloop
   endfacet
   facet normal 0 0 1
      outer loop
         vertex -0.0016 0.00494187 0.00015
         vertex -0.0016 0.00465187 0.00015
         vertex -0.0014 0.00465187 0.00015
      endloop
   endfacet
   facet normal 0 1 0
      outer loop
         vertex -0.0016 0.00494187 0.00015
         vertex -0.0014 0.00494187 0.00015
         vertex -0.0014 0.00494187 -5e-05
      endloop
   endfacet
   facet normal 0 1 0
      outer loop
         vertex -0.0014 0.00494187 -5e-05
         vertex -0.0016 0.00494187 -5e-05
         vertex -0.0016 0.00494187 0.00015
      endloop
   endfacet
   facet normal 0 0 -1
      outer loop
         vertex -0.0016 0.00494187 -5e-05
         vertex -0.0014 0.00494187 -5e-05
         vertex -0.0014 0.00460187 -5e-05
      endloop
   endfacet
   facet normal 0 0 -1
      outer loop
         vertex -0.0014 0.00460187 -5e-05
         vertex -0.0016 0.00460187 -5e-05
         vertex -0.0016 0.00494187 -5e-05
      endloop
   endfacet
   facet normal -1 0 0
      outer loop
         vertex -0.0016 0.00465187 0.00015
         vertex -0.0016 0.0044958 -6.06602e-06
         vertex -0.0016 0.00446328 4.25975e-05
      endloop
   endfacet
   facet normal -1 0 0
      outer loop
         vertex -0.0016 0.00465187 0.00015
         vertex -0.0016 0.00460187 -5e-05
         vertex -0.0016 0.00454446 -3.85819e-05
      endloop
   endfacet
   facet normal -1 0 0
      outer loop
         vertex -0.0016 0.00454446 -3.85819e-05
         vertex -0.0016 0.0044958 -6.06602e-06
         vertex -0.0016 0.00465187 0.00015
      endloop
   endfacet
   facet normal -1 0 0
      outer loop
         vertex -0.0016 0.00494187 -5e-05
         vertex -0.0016 0.00460187 -5e-05
         vertex -0.0016 0.00465187 0.00015
      endloop
   endfacet
   facet normal -1 0 0
      outer loop
         vertex -0.0016 0.00446328 4.25975e-05
         vertex -0.0016 0.00445187 0.0001
         vertex -0.0016 0.00465187 0.00015
      endloop
   endfacet
   facet normal -1 0 0
      outer loop
         vertex -0.0016 0.00445187 0.0001
         vertex -0.0016 0.00445187 0.00015
         vertex -0.0016 0.00465187 0.00015
      endloop
   endfacet
   facet normal -1 0 0
      outer loop
         vertex -0.0016 0.00465187 0.00015
         vertex -0.0016 0.00494187 0.00015
         vertex -0.0016 0.00494187 -5e-05
      endloop
   endfacet
   facet normal 1 0 0
      outer loop
         vertex -0.0014 0.00465187 0.00015
         vertex -0.0014 0.0044958 -6.06602e-06
         vertex -0.0014 0.00454446 -3.85819e-05
      endloop
   endfacet
   facet normal 1 0 0
      outer loop
         vertex -0.0014 0.00465187 0.00015
         vertex -0.0014 0.00445187 0.0001
         vertex -0.0014 0.00446328 4.25975e-05
      endloop
   endfacet
   facet normal 1 0 0
      outer loop
         vertex -0.0014 0.00446328 4.25975e-05
         vertex -0.0014 0.0044958 -6.06602e-06
         vertex -0.0014 0.00465187 0.00015
      endloop
   endfacet
   facet normal 1 0 0
      outer loop
         vertex -0.0014 0.00465187 0.00015
         vertex -0.0014 0.00445187 0.00015
         vertex -0.0014 0.00445187 0.0001
      endloop
   endfacet
   facet normal 1 0 0
      outer loop
         vertex -0.0014 0.00494187 -5e-05
         vertex -0.0014 0.00494187 0.00015
         vertex -0.0014 0.00465187 0.00015
      endloop
   endfacet
   facet normal 1 0 0
      outer loop
         vertex -0.0014 0.00465187 0.00015
         vertex -0.0014 0.00460187 -5e-05
         vertex -0.0014 0.00494187 -5e-05
      endloop
   endfacet
   facet normal 1 0 0
      outer loop
         vertex -0.0014 0.00454446 -3.85819e-05
         vertex -0.0014 0.00460187 -5e-05
         vertex -0.0014 0.00465187 0.00015
      endloop
   endfacet
   facet normal 0 -1 0
      outer loop
         vertex -0.0014 0.00445187 0.0001
         vertex -0.0014 0.00445187 0.00015
         vertex -0.0015 0.00445187 0.00015
      endloop
   endfacet
   facet normal 0 -1 0
      outer loop
         vertex -0.0015 0.00445187 0.00015
         vertex -0.0016 0.00445187 0.0001
         vertex -0.0014 0.00445187 0.0001
      endloop
   endfacet
   facet normal 0 -1 0
      outer loop
         vertex -0.0015 0.00445187 0.00015
         vertex -0.0016 0.00445187 0.00015
         vertex -0.0016 0.00445187 0.0001
      endloop
   endfacet
   facet normal 0 0 -1
      outer loop
         vertex -0.0016 0.00460187 -5e-05
         vertex -0.0014 0.00460187 -5e-05
         vertex -0.0014 0.00454446 -3.85819e-05
      endloop
   endfacet
   facet normal 0 -0.382683 -0.92388
      outer loop
         vertex -0.0016 0.00454446 -3.85819e-05
         vertex -0.0014 0.00454446 -3.85819e-05
         vertex -0.0014 0.0044958 -6.06602e-06
      endloop
   endfacet
   facet normal 0 -0.707107 -0.707107
      outer loop
         vertex -0.0016 0.0044958 -6.06602e-06
         vertex -0.0014 0.0044958 -6.06602e-06
         vertex -0.0014 0.00446328 4.25975e-05
      endloop
   endfacet
   facet normal 0 -0.92388 -0.382683
      outer loop
         vertex -0.0016 0.00446328 4.25975e-05
         vertex -0.0014 0.00446328 4.25975e-05
         vertex -0.0014 0.00445187 0.0001
      endloop
   endfacet
   facet normal 0 -1 1.07426e-13
      outer loop
         vertex -0.0014 0.00445187 0.0001
         vertex -0.0016 0.00445187 0.0001
         vertex -0.0016 0.00446328 4.25975e-05
      endloop
   endfacet
   facet normal 0 -0.92388 -0.382683
      outer loop
         vertex -0.0014 0.00446328 4.25975e-05
         vertex -0.0016 0.00446328 4.25975e-05
         vertex -0.0016 0.0044958 -6.06602e-06
      endloop
   endfacet
   facet normal 0 -0.707107 -0.707107
      outer loop
         vertex -0.0014 0.0044958 -6.06602e-06
         vertex -0.0016 0.0044958 -6.06602e-06
         vertex -0.0016 0.00454446 -3.85819e-05
      endloop
   endfacet
   facet normal 0 -0.382683 -0.92388
      outer loop
         vertex -0.0014 0.00454446 -3.85819e-05
         vertex -0.0016 0.00454446 -3.85819e-05
         vertex -0.0016 0.00460187 -5e-05
      endloop
   endfacet
   facet normal 0 0 1
      outer loop
         vertex -0.0019 0.00465187 0.00015
         vertex -0.0019 0.00494187 0.00015
         vertex -0.0021 0.00494187 0.00015
      endloop
   endfacet
   facet normal 0 0 1
      outer loop
         vertex -0.0021 0.00494187 0.00015
         vertex -0.0021 0.00465187 0.00015
         vertex -0.0019 0.00465187 0.00015
      endloop
   endfacet
   facet normal 0 1 0
      outer loop
         vertex -0.0019 0.00494187 0.00015
         vertex -0.0019 0.00494187 -5e-05
         vertex -0.0021 0.00494187 -5e-05
      endloop
   endfacet
   facet normal 0 1 0
      outer loop
         vertex -0.0021 0.00494187 -5e-05
         vertex -0.0021 0.00494187 0.00015
         vertex -0.0019 0.00494187 0.00015
      endloop
   endfacet
   facet normal 0 0 -1
      outer loop
         vertex -0.0021 0.00494187 -5e-05
         vertex -0.0019 0.00494187 -5e-05
         vertex -0.0019 0.00460187 -5e-05
      endloop
   endfacet
   facet normal 0 0 -1
      outer loop
         vertex -0.0019 0.00460187 -5e-05
         vertex -0.0021 0.00460187 -5e-05
         vertex -0.0021 0.00494187 -5e-05
      endloop
   endfacet
   facet normal -1 0 0
      outer loop
         vertex -0.0021 0.00465187 0.00015
         vertex -0.0021 0.0044958 -6.06602e-06
         vertex -0.0021 0.00446328 4.25975e-05
      endloop
   endfacet
   facet normal -1 0 0
      outer loop
         vertex -0.0021 0.00465187 0.00015
         vertex -0.0021 0.00460187 -5e-05
         vertex -0.0021 0.00454446 -3.85819e-05
      endloop
   endfacet
   facet normal -1 0 0
      outer loop
         vertex -0.0021 0.00454446 -3.85819e-05
         vertex -0.0021 0.0044958 -6.06602e-06
         vertex -0.0021 0.00465187 0.00015
      endloop
   endfacet
   facet normal -1 0 0
      outer loop
         vertex -0.0021 0.00494187 -5e-05
         vertex -0.0021 0.00460187 -5e-05
         vertex -0.0021 0.00465187 0.00015
      endloop
   endfacet
   facet normal -1 0 0
      outer loop
         vertex -0.0021 0.00446328 4.25975e-05
         vertex -0.0021 0.00445187 0.0001
         vertex -0.0021 0.00465187 0.00015
      endloop
   endfacet
   facet normal -1 0 0
      outer loop
         vertex -0.0021 0.00445187 0.0001
         vertex -0.0021 0.00445187 0.00015
         vertex -0.0021 0.00465187 0.00015
      endloop
   endfacet
   facet normal -1 0 0
      outer loop
         vertex -0.0021 0.00465187 0.00015
         vertex -0.0021 0.00494187 0.00015
         vertex -0.0021 0.00494187 -5e-05
      endloop
   endfacet
   facet normal 1 0 0
      outer loop
         vertex -0.0019 0.00465187 0.00015
         vertex -0.0019 0.0044958 -6.06602e-06
         vertex -0.0019 0.00454446 -3.85819e-05
      endloop
   endfacet
   facet normal 1 0 0
      outer loop
         vertex -0.0019 0.00465187 0.00015
         vertex -0.0019 0.00445187 0.0001
         vertex -0.0019 0.00446328 4.25975e-05
      endloop
   endfacet
   facet normal 1 0 0
      outer loop
         vertex -0.0019 0.00446328 4.25975e-05
         vertex -0.0019 0.0044958 -6.06602e-06
         vertex -0.0019 0.00465187 0.00015
      endloop
   endfacet
   facet normal 1 0 0
      outer loop
         vertex -0.0019 0.00465187 0.00015
         vertex -0.0019 0.00445187 0.00015
         vertex -0.0019 0.00445187 0.0001
      endloop
   endfacet
   facet normal 1 0 0
      outer loop
         vertex -0.0019 0.00494187 -5e-05
         vertex -0.0019 0.00494187 0.00015
         vertex -0.0019 0.00465187 0.00015
      endloop
   endfacet
   facet normal 1 0 0
      outer loop
         vertex -0.0019 0.00465187 0.00015
         vertex -0.0019 0.00460187 -5e-05
         vertex -0.0019 0.00494187 -5e-05
      endloop
   endfacet
   facet normal 1 0 0
      outer loop
         vertex -0.0019 0.00454446 -3.85819e-05
         vertex -0.0019 0.00460187 -5e-05
         vertex -0.0019 0.00465187 0.00015
      endloop
   endfacet
   facet normal 0 -1 0
      outer loop
         vertex -0.0019 0.00445187 0.0001
         vertex -0.0019 0.00445187 0.00015
         vertex -0.002 0.00445187 0.00015
      endloop
   endfacet
   facet normal 0 -1 0
      outer loop
         vertex -0.002 0.00445187 0.00015
         vertex -0.0021 0.00445187 0.0001
         vertex -0.0019 0.00445187 0.0001
      endloop
   endfacet
   facet normal 0 -1 0
      outer loop
         vertex -0.002 0.00445187 0.00015
         vertex -0.0021 0.00445187 0.00015
         vertex -0.0021 0.00445187 0.0001
      endloop
   endfacet
   facet normal 0 0 -1
      outer loop
         vertex -0.0021 0.00460187 -5e-05
         vertex -0.0019 0.00460187 -5e-05
         vertex -0.0019 0.00454446 -3.85819e-05
      endloop
   endfacet
   facet normal 0 -0.382683 -0.92388
      outer loop
         vertex -0.0021 0.00454446 -3.85819e-05
         vertex -0.0019 0.00454446 -3.85819e-05
         vertex -0.0019 0.0044958 -6.06602e-06
      endloop
   endfacet
   facet normal 0 -0.707107 -0.707107
      outer loop
         vertex -0.0021 0.0044958 -6.06602e-06
         vertex -0.0019 0.0044958 -6.06602e-06
         vertex -0.0019 0.00446328 4.25975e-05
      endloop
   endfacet
   facet normal 0 -0.92388 -0.382683
      outer loop
         vertex -0.0021 0.00446328 4.25975e-05
         vertex -0.0019 0.00446328 4.25975e-05
         vertex -0.0019 0.00445187 0.0001
      endloop
   endfacet
   facet normal 0 -1 1.10047e-13
      outer loop
         vertex -0.0019 0.00445187 0.0001
         vertex -0.0021 0.00445187 0.0001
         vertex -0.0021 0.00446328 4.25975e-05
      endloop
   endfacet
   facet normal 0 -0.92388 -0.382683
      outer loop
         vertex -0.0019 0.00446328 4.25975e-05
         vertex -0.0021 0.00446328 4.25975e-05
         vertex -0.0021 0.0044958 -6.06602e-06
      endloop
   endfacet
   facet normal 0 -0.707107 -0.707107
      outer loop
         vertex -0.0019 0.0044958 -6.06602e-06
         vertex -0.0021 0.0044958 -6.06602e-06
         vertex -0.0021 0.00454446 -3.85819e-05
      endloop
   endfacet
   facet normal 0 -0.382683 -0.92388
      outer loop
         vertex -0.0019 0.00454446 -3.85819e-05
         vertex -0.0021 0.00454446 -3.85819e-05
         vertex -0.0021 0.00460187 -5e-05
      endloop
   endfacet
   facet normal 0 0 1
      outer loop
         vertex -0.0024 0.00465187 0.00015
         vertex -0.0024 0.00494187 0.00015
         vertex -0.0026 0.00494187 0.00015
      endloop
   endfacet
   facet normal 0 0 1
      outer loop
         vertex -0.0026 0.00494187 0.00015
         vertex -0.0026 0.00465187 0.00015
         vertex -0.0024 0.00465187 0.00015
      endloop
   endfacet
   facet normal 0 1 0
      outer loop
         vertex -0.0024 0.00494187 0.00015
         vertex -0.0024 0.00494187 -5e-05
         vertex -0.0026 0.00494187 -5e-05
      endloop
   endfacet
   facet normal 0 1 0
      outer loop
         vertex -0.0026 0.00494187 -5e-05
         vertex -0.0026 0.00494187 0.00015
         vertex -0.0024 0.00494187 0.00015
      endloop
   endfacet
   facet normal 0 0 -1
      outer loop
         vertex -0.0026 0.00494187 -5e-05
         vertex -0.0024 0.00494187 -5e-05
         vertex -0.0024 0.00460187 -5e-05
      endloop
   endfacet
   facet normal 0 0 -1
      outer loop
         vertex -0.0024 0.00460187 -5e-05
         vertex -0.0026 0.00460187 -5e-05
         vertex -0.0026 0.00494187 -5e-05
      endloop
   endfacet
   facet normal -1 0 0
      outer loop
         vertex -0.0026 0.00465187 0.00015
         vertex -0.0026 0.0044958 -6.06602e-06
         vertex -0.0026 0.00446328 4.25975e-05
      endloop
   endfacet
   facet normal -1 0 0
      outer loop
         vertex -0.0026 0.00465187 0.00015
         vertex -0.0026 0.00460187 -5e-05
         vertex -0.0026 0.00454446 -3.85819e-05
      endloop
   endfacet
   facet normal -1 0 0
      outer loop
         vertex -0.0026 0.00454446 -3.85819e-05
         vertex -0.0026 0.0044958 -6.06602e-06
         vertex -0.0026 0.00465187 0.00015
      endloop
   endfacet
   facet normal -1 0 0
      outer loop
         vertex -0.0026 0.00494187 -5e-05
         vertex -0.0026 0.00460187 -5e-05
         vertex -0.0026 0.00465187 0.00015
      endloop
   endfacet
   facet normal -1 0 0
      outer loop
         vertex -0.0026 0.00446328 4.25975e-05
         vertex -0.0026 0.00445187 0.0001
         vertex -0.0026 0.00465187 0.00015
      endloop
   endfacet
   facet normal -1 0 0
      outer loop
         vertex -0.0026 0.00445187 0.0001
         vertex -0.0026 0.00445187 0.00015
         vertex -0.0026 0.00465187 0.00015
      endloop
   endfacet
   facet normal -1 0 0
      outer loop
         vertex -0.0026 0.00465187 0.00015
         vertex -0.0026 0.00494187 0.00015
         vertex -0.0026 0.00494187 -5e-05
      endloop
   endfacet
   facet normal 1 0 0
      outer loop
         vertex -0.0024 0.00465187 0.00015
         vertex -0.0024 0.0044958 -6.06602e-06
         vertex -0.0024 0.00454446 -3.85819e-05
      endloop
   endfacet
   facet normal 1 0 0
      outer loop
         vertex -0.0024 0.00465187 0.00015
         vertex -0.0024 0.00445187 0.0001
         vertex -0.0024 0.00446328 4.25975e-05
      endloop
   endfacet
   facet normal 1 0 0
      outer loop
         vertex -0.0024 0.00446328 4.25975e-05
         vertex -0.0024 0.0044958 -6.06602e-06
         vertex -0.0024 0.00465187 0.00015
      endloop
   endfacet
   facet normal 1 0 0
      outer loop
         vertex -0.0024 0.00465187 0.00015
         vertex -0.0024 0.00445187 0.00015
         vertex -0.0024 0.00445187 0.0001
      endloop
   endfacet
   facet normal 1 0 0
      outer loop
         vertex -0.0024 0.00494187 -5e-05
         vertex -0.0024 0.00494187 0.00015
         vertex -0.0024 0.00465187 0.00015
      endloop
   endfacet
   facet normal 1 0 0
      outer loop
         vertex -0.0024 0.00465187 0.00015
         vertex -0.0024 0.00460187 -5e-05
         vertex -0.0024 0.00494187 -5e-05
      endloop
   endfacet
   facet normal 1 0 0
      outer loop
         vertex -0.0024 0.00454446 -3.85819e-05
         vertex -0.0024 0.00460187 -5e-05
         vertex -0.0024 0.00465187 0.00015
      endloop
   endfacet
   facet normal 0 -1 0
      outer loop
         vertex -0.0026 0.00445187 0.0001
         vertex -0.0024 0.00445187 0.0001
         vertex -0.0025 0.00445187 0.00015
      endloop
   endfacet
   facet normal 0 -1 0
      outer loop
         vertex -0.0024 0.00445187 0.0001
         vertex -0.0024 0.00445187 0.00015
         vertex -0.0025 0.00445187 0.00015
      endloop
   endfacet
   facet normal 0 -1 0
      outer loop
         vertex -0.0025 0.00445187 0.00015
         vertex -0.0026 0.00445187 0.00015
         vertex -0.0026 0.00445187 0.0001
      endloop
   endfacet
   facet normal 0 0 -1
      outer loop
         vertex -0.0026 0.00460187 -5e-05
         vertex -0.0024 0.00460187 -5e-05
         vertex -0.0024 0.00454446 -3.85819e-05
      endloop
   endfacet
   facet normal 0 -0.382683 -0.92388
      outer loop
         vertex -0.0026 0.00454446 -3.85819e-05
         vertex -0.0024 0.00454446 -3.85819e-05
         vertex -0.0024 0.0044958 -6.06602e-06
      endloop
   endfacet
   facet normal 0 -0.707107 -0.707107
      outer loop
         vertex -0.0026 0.0044958 -6.06602e-06
         vertex -0.0024 0.0044958 -6.06602e-06
         vertex -0.0024 0.00446328 4.25975e-05
      endloop
   endfacet
   facet normal 0 -0.92388 -0.382683
      outer loop
         vertex -0.0026 0.00446328 4.25975e-05
         vertex -0.0024 0.00446328 4.25975e-05
         vertex -0.0024 0.00445187 0.0001
      endloop
   endfacet
   facet normal 0 -1 1.12757e-13
      outer loop
         vertex -0.0024 0.00445187 0.0001
         vertex -0.0026 0.00445187 0.0001
         vertex -0.0026 0.00446328 4.25975e-05
      endloop
   endfacet
   facet normal 0 -0.92388 -0.382683
      outer loop
         vertex -0.0024 0.00446328 4.25975e-05
         vertex -0.0026 0.00446328 4.25975e-05
         vertex -0.0026 0.0044958 -6.06602e-06
      endloop
   endfacet
   facet normal 0 -0.707107 -0.707107
      outer loop
         vertex -0.0024 0.0044958 -6.06602e-06
         vertex -0.0026 0.0044958 -6.06602e-06
         vertex -0.0026 0.00454446 -3.85819e-05
      endloop
   endfacet
   facet normal 0 -0.382683 -0.92388
      outer loop
         vertex -0.0024 0.00454446 -3.85819e-05
         vertex -0.0026 0.00454446 -3.85819e-05
         vertex -0.0026 0.00460187 -5e-05
      endloop
   endfacet
   facet normal 0 0 1
      outer loop
         vertex -0.0029 0.00465187 0.00015
         vertex -0.0029 0.00494187 0.00015
         vertex -0.0031 0.00494187 0.00015
      endloop
   endfacet
   facet normal 0 0 1
      outer loop
         vertex -0.0031 0.00494187 0.00015
         vertex -0.0031 0.00465187 0.00015
         vertex -0.0029 0.00465187 0.00015
      endloop
   endfacet
   facet normal 0 1 0
      outer loop
         vertex -0.0029 0.00494187 0.00015
         vertex -0.0029 0.00494187 -5e-05
         vertex -0.0031 0.00494187 -5e-05
      endloop
   endfacet
   facet normal 0 1 0
      outer loop
         vertex -0.0031 0.00494187 -5e-05
         vertex -0.0031 0.00494187 0.00015
         vertex -0.0029 0.00494187 0.00015
      endloop
   endfacet
   facet normal 0 0 -1
      outer loop
         vertex -0.0031 0.00494187 -5e-05
         vertex -0.0029 0.00494187 -5e-05
         vertex -0.0029 0.00460187 -5e-05
      endloop
   endfacet
   facet normal 0 0 -1
      outer loop
         vertex -0.0029 0.00460187 -5e-05
         vertex -0.0031 0.00460187 -5e-05
         vertex -0.0031 0.00494187 -5e-05
      endloop
   endfacet
   facet normal -1 0 0
      outer loop
         vertex -0.0031 0.00465187 0.00015
         vertex -0.0031 0.0044958 -6.06602e-06
         vertex -0.0031 0.00446328 4.25975e-05
      endloop
   endfacet
   facet normal -1 0 0
      outer loop
         vertex -0.0031 0.00465187 0.00015
         vertex -0.0031 0.00460187 -5e-05
         vertex -0.0031 0.00454446 -3.85819e-05
      endloop
   endfacet
   facet normal -1 0 0
      outer loop
         vertex -0.0031 0.00454446 -3.85819e-05
         vertex -0.0031 0.0044958 -6.06602e-06
         vertex -0.0031 0.00465187 0.00015
      endloop
   endfacet
   facet normal -1 0 0
      outer loop
         vertex -0.0031 0.00494187 -5e-05
         vertex -0.0031 0.00460187 -5e-05
         vertex -0.0031 0.00465187 0.00015
      endloop
   endfacet
   facet normal -1 0 0
      outer loop
         vertex -0.0031 0.00446328 4.25975e-05
         vertex -0.0031 0.00445187 0.0001
         vertex -0.0031 0.00465187 0.00015
      endloop
   endfacet
   facet normal -1 0 0
      outer loop
         vertex -0.0031 0.00445187 0.0001
         vertex -0.0031 0.00445187 0.00015
         vertex -0.0031 0.00465187 0.00015
      endloop
   endfacet
   facet normal -1 0 0
      outer loop
         vertex -0.0031 0.00465187 0.00015
         vertex -0.0031 0.00494187 0.00015
         vertex -0.0031 0.00494187 -5e-05
      endloop
   endfacet
   facet normal 1 0 0
      outer loop
         vertex -0.0029 0.00465187 0.00015
         vertex -0.0029 0.0044958 -6.06602e-06
         vertex -0.0029 0.00454446 -3.85819e-05
      endloop
   endfacet
   facet normal 1 0 0
      outer loop
         vertex -0.0029 0.00465187 0.00015
         vertex -0.0029 0.00445187 0.0001
         vertex -0.0029 0.00446328 4.25975e-05
      endloop
   endfacet
   facet normal 1 0 0
      outer loop
         vertex -0.0029 0.00446328 4.25975e-05
         vertex -0.0029 0.0044958 -6.06602e-06
         vertex -0.0029 0.00465187 0.00015
      endloop
   endfacet
   facet normal 1 0 0
      outer loop
         vertex -0.0029 0.00465187 0.00015
         vertex -0.0029 0.00445187 0.00015
         vertex -0.0029 0.00445187 0.0001
      endloop
   endfacet
   facet normal 1 0 0
      outer loop
         vertex -0.0029 0.00494187 -5e-05
         vertex -0.0029 0.00494187 0.00015
         vertex -0.0029 0.00465187 0.00015
      endloop
   endfacet
   facet normal 1 0 0
      outer loop
         vertex -0.0029 0.00465187 0.00015
         vertex -0.0029 0.00460187 -5e-05
         vertex -0.0029 0.00494187 -5e-05
      endloop
   endfacet
   facet normal 1 0 0
      outer loop
         vertex -0.0029 0.00454446 -3.85819e-05
         vertex -0.0029 0.00460187 -5e-05
         vertex -0.0029 0.00465187 0.00015
      endloop
   endfacet
   facet normal 0 -1 0
      outer loop
         vertex -0.0031 0.00445187 0.0001
         vertex -0.0029 0.00445187 0.0001
         vertex -0.003 0.00445187 0.00015
      endloop
   endfacet
   facet normal 0 -1 0
      outer loop
         vertex -0.0029 0.00445187 0.0001
         vertex -0.0029 0.00445187 0.00015
         vertex -0.003 0.00445187 0.00015
      endloop
   endfacet
   facet normal 0 -1 0
      outer loop
         vertex -0.003 0.00445187 0.00015
         vertex -0.0031 0.00445187 0.00015
         vertex -0.0031 0.00445187 0.0001
      endloop
   endfacet
   facet normal 0 0 -1
      outer loop
         vertex -0.0031 0.00460187 -5e-05
         vertex -0.0029 0.00460187 -5e-05
         vertex -0.0029 0.00454446 -3.85819e-05
      endloop
   endfacet
   facet normal 0 -0.382683 -0.92388
      outer loop
         vertex -0.0031 0.00454446 -3.85819e-05
         vertex -0.0029 0.00454446 -3.85819e-05
         vertex -0.0029 0.0044958 -6.06602e-06
      endloop
   endfacet
   facet normal 0 -0.707107 -0.707107
      outer loop
         vertex -0.0031 0.0044958 -6.06602e-06
         vertex -0.0029 0.0044958 -6.06602e-06
         vertex -0.0029 0.00446328 4.25975e-05
      endloop
   endfacet
   facet normal 0 -0.92388 -0.382683
      outer loop
         vertex -0.0031 0.00446328 4.25975e-05
         vertex -0.0029 0.00446328 4.25975e-05
         vertex -0.0029 0.00445187 0.0001
      endloop
   endfacet
   facet normal 0 -1 1.15377e-13
      outer loop
         vertex -0.0029 0.00445187 0.0001
         vertex -0.0031 0.00445187 0.0001
         vertex -0.0031 0.00446328 4.25975e-05
      endloop
   endfacet
   facet normal 0 -0.92388 -0.382683
      outer loop
         vertex -0.0029 0.00446328 4.25975e-05
         vertex -0.0031 0.00446328 4.25975e-05
         vertex -0.0031 0.0044958 -6.06602e-06
      endloop
   endfacet
   facet normal 0 -0.707107 -0.707107
      outer loop
         vertex -0.0029 0.0044958 -6.06602e-06
         vertex -0.0031 0.0044958 -6.06602e-06
         vertex -0.0031 0.00454446 -3.85819e-05
      endloop
   endfacet
   facet normal 0 -0.382683 -0.92388
      outer loop
         vertex -0.0029 0.00454446 -3.85819e-05
         vertex -0.0031 0.00454446 -3.85819e-05
         vertex -0.0031 0.00460187 -5e-05
      endloop
   endfacet
   facet normal 0 0 1
      outer loop
         vertex 0.0009 0.00352187 0.00316
         vertex 0.0009 0.00362187 0.00316
         vertex -0.0009 0.00362187 0.00316
      endloop
   endfacet
   facet normal 0 0 1
      outer loop
         vertex -0.0024 0.00302187 0.00316
         vertex -0.00234142 0.00288044 0.00316
         vertex -0.00227654 0.00283709 0.00316
      endloop
   endfacet
   facet normal 0 0 1
      outer loop
         vertex -0.0009 0.00362187 0.00316
         vertex -0.0009 0.00352187 0.00316
         vertex 0.0009 0.00352187 0.00316
      endloop
   endfacet
   facet normal 0 0 1
      outer loop
         vertex 0.00227654 0.00340664 0.00316
         vertex 0.0024 0.00322187 0.00316
         vertex 0.00238478 0.0032984 0.00316
      endloop
   endfacet
   facet normal 0 0 1
      outer loop
         vertex -0.0024 0.00302187 0.00316
         vertex -0.00238478 0.00294533 0.00316
         vertex -0.00234142 0.00288044 0.00316
      endloop
   endfacet
   facet normal 0 0 1
      outer loop
         vertex -0.0024 0.00322187 0.00316
         vertex -0.00227654 0.00340664 0.00316
         vertex -0.00234142 0.00336329 0.00316
      endloop
   endfacet
   facet normal 0 0 1
      outer loop
         vertex -0.0009 0.00352187 0.00316
         vertex 0.000907612 0.0034836 0.00316
         vertex 0.0009 0.00352187 0.00316
      endloop
   endfacet
   facet normal 0 0 1
      outer loop
         vertex 0.00238478 0.0032984 0.00316
         vertex 0.00234142 0.00336329 0.00316
         vertex 0.00227654 0.00340664 0.00316
      endloop
   endfacet
   facet normal 0 0 1
      outer loop
         vertex 0.0022 0.00282187 0.00316
         vertex 0.0024 0.00302187 0.00316
         vertex 0.0024 0.00322187 0.00316
      endloop
   endfacet
   facet normal 0 0 1
      outer loop
         vertex 0.00227654 0.00283709 0.00316
         vertex 0.00234142 0.00288044 0.00316
         vertex 0.00238478 0.00294533 0.00316
      endloop
   endfacet
   facet normal 0 0 1
      outer loop
         vertex -0.00227654 0.00283709 0.00316
         vertex -0.0022 0.00282187 0.00316
         vertex -0.0024 0.00302187 0.00316
      endloop
   endfacet
   facet normal 0 0 1
      outer loop
         vertex -0.0024 0.00322187 0.00316
         vertex -0.0022 0.00342187 0.00316
         vertex -0.00227654 0.00340664 0.00316
      endloop
   endfacet
   facet normal 0 0 1
      outer loop
         vertex -0.001 0.00282187 0.00316
         vertex -0.001 0.00342187 0.00316
         vertex -0.0022 0.00342187 0.00316
      endloop
   endfacet
   facet normal 0 0 1
      outer loop
         vertex 0.0009 0.00362187 0.00316
         vertex 0.000907612 0.00366013 0.00316
         vertex -0.0009 0.00362187 0.00316
      endloop
   endfacet
   facet normal 0 0 1
      outer loop
         vertex -0.000929289 0.00345116 0.00316
         vertex 0.0009 0.00272187 0.00316
         vertex 0.000929289 0.00345116 0.00316
      endloop
   endfacet
   facet normal 0 0 1
      outer loop
         vertex 0.00317 -0.00295813 0.00316
         vertex 0.00261481 0.0025447 0.00316
         vertex 0.0025 0.00252187 0.00316
      endloop
   endfacet
   facet normal 0 0 1
      outer loop
         vertex 0.0024 0.00322187 0.00316
         vertex 0.0022 0.00342187 0.00316
         vertex 0.0022 0.00282187 0.00316
      endloop
   endfacet
   facet normal 0 0 1
      outer loop
         vertex 0.0024 0.00302187 0.00316
         vertex 0.0022 0.00282187 0.00316
         vertex 0.00227654 0.00283709 0.00316
      endloop
   endfacet
   facet normal 0 0 1
      outer loop
         vertex -0.001 0.00282187 0.00316
         vertex -0.0024 0.00322187 0.00316
         vertex -0.0024 0.00302187 0.00316
      endloop
   endfacet
   facet normal 0 0 1
      outer loop
         vertex -0.0022 0.00342187 0.00316
         vertex -0.0024 0.00322187 0.00316
         vertex -0.001 0.00282187 0.00316
      endloop
   endfacet
   facet normal 0 0 1
      outer loop
         vertex -0.0009 0.00352187 0.00316
         vertex -0.000907612 0.0034836 0.00316
         vertex 0.000907612 0.0034836 0.00316
      endloop
   endfacet
   facet normal 0 0 1
      outer loop
         vertex -0.000929289 0.00345116 0.00316
         vertex 0.0009 0.00262187 0.00316
         vertex 0.0009 0.00272187 0.00316
      endloop
   endfacet
   facet normal 0 0 1
      outer loop
         vertex 0.0025 0.00252187 0.00316
         vertex 0.001 0.00252187 0.00316
         vertex 0.00317 -0.00295813 0.00316
      endloop
   endfacet
   facet normal 0 0 1
      outer loop
         vertex 0.00238478 0.00294533 0.00316
         vertex 0.0024 0.00302187 0.00316
         vertex 0.00227654 0.00283709 0.00316
      endloop
   endfacet
   facet normal 0 0 1
      outer loop
         vertex 0.001 0.00282187 0.00316
         vertex 0.0022 0.00282187 0.00316
         vertex 0.0022 0.00342187 0.00316
      endloop
   endfacet
   facet normal 0 0 1
      outer loop
         vertex -0.00317 -0.00295813 0.00316
         vertex -0.001 0.00252187 0.00316
         vertex -0.0025 0.00252187 0.00316
      endloop
   endfacet
   facet normal 0 0 1
      outer loop
         vertex 0.00317 -0.00295813 0.00316
         vertex -0.000961732 0.00252948 0.00316
         vertex -0.001 0.00252187 0.00316
      endloop
   endfacet
   facet normal 0 0 1
      outer loop
         vertex 0.00317 -0.00295813 0.00316
         vertex -0.0009 0.00272187 0.00316
         vertex -0.0009 0.00262187 0.00316
      endloop
   endfacet
   facet normal 0 0 1
      outer loop
         vertex 0.00317 -0.00295813 0.00316
         vertex -0.000929289 0.00345116 0.00316
         vertex -0.000907612 0.00276013 0.00316
      endloop
   endfacet
   facet normal 0 0 1
      outer loop
         vertex -0.00234142 0.00336329 0.00316
         vertex -0.00238478 0.0032984 0.00316
         vertex -0.0024 0.00322187 0.00316
      endloop
   endfacet
   facet normal 0 0 1
      outer loop
         vertex -0.000907612 0.0034836 0.00316
         vertex -0.000929289 0.00345116 0.00316
         vertex 0.000907612 0.0034836 0.00316
      endloop
   endfacet
   facet normal 0 0 1
      outer loop
         vertex -0.000929289 0.00345116 0.00316
         vertex 0.000907612 0.0025836 0.00316
         vertex 0.0009 0.00262187 0.00316
      endloop
   endfacet
   facet normal 0 0 1
      outer loop
         vertex 0.001 0.00252187 0.00316
         vertex 0.000961732 0.00252948 0.00316
         vertex 0.00317 -0.00295813 0.00316
      endloop
   endfacet
   facet normal 0 0 1
      outer loop
         vertex 0.00317 -0.00295813 0.00316
         vertex 0.00277716 0.00270706 0.00316
         vertex 0.00271213 0.00260973 0.00316
      endloop
   endfacet
   facet normal 0 0 1
      outer loop
         vertex 0.0022 0.00342187 0.00316
         vertex 0.001 0.00342187 0.00316
         vertex 0.001 0.00282187 0.00316
      endloop
   endfacet
   facet normal 0 0 1
      outer loop
         vertex -0.001 0.00252187 0.00316
         vertex -0.00317 -0.00295813 0.00316
         vertex 0.00317 -0.00295813 0.00316
      endloop
   endfacet
   facet normal 0 0 1
      outer loop
         vertex -0.000907612 0.00276013 0.00316
         vertex -0.0009 0.00272187 0.00316
         vertex 0.00317 -0.00295813 0.00316
      endloop
   endfacet
   facet normal 0 0 1
      outer loop
         vertex -0.001 0.00282187 0.00316
         vertex -0.000961732 0.00342948 0.00316
         vertex -0.001 0.00342187 0.00316
      endloop
   endfacet
   facet normal 0 0 1
      outer loop
         vertex 0.000929289 0.00345116 0.00316
         vertex 0.000907612 0.0034836 0.00316
         vertex -0.000929289 0.00345116 0.00316
      endloop
   endfacet
   facet normal 0 0 1
      outer loop
         vertex -0.000929289 0.00345116 0.00316
         vertex 0.00317 -0.00295813 0.00316
         vertex 0.000929289 0.00255116 0.00316
      endloop
   endfacet
   facet normal 0 0 1
      outer loop
         vertex 0.00271213 0.00260973 0.00316
         vertex 0.00261481 0.0025447 0.00316
         vertex 0.00317 -0.00295813 0.00316
      endloop
   endfacet
   facet normal 0 0 1
      outer loop
         vertex 0.00227654 0.00340664 0.00316
         vertex 0.0022 0.00342187 0.00316
         vertex 0.0024 0.00322187 0.00316
      endloop
   endfacet
   facet normal 0 0 1
      outer loop
         vertex -0.00317 -0.00295813 0.00316
         vertex -0.00261481 0.0025447 0.00316
         vertex -0.00271213 0.00260973 0.00316
      endloop
   endfacet
   facet normal 0 0 1
      outer loop
         vertex 0.00317 -0.00295813 0.00316
         vertex -0.000929289 0.00255116 0.00316
         vertex -0.000961732 0.00252948 0.00316
      endloop
   endfacet
   facet normal 0 0 1
      outer loop
         vertex -0.0009 0.00262187 0.00316
         vertex -0.000907612 0.0025836 0.00316
         vertex 0.00317 -0.00295813 0.00316
      endloop
   endfacet
   facet normal 0 0 1
      outer loop
         vertex -0.0022 0.00282187 0.00316
         vertex -0.001 0.00282187 0.00316
         vertex -0.0024 0.00302187 0.00316
      endloop
   endfacet
   facet normal 0 0 1
      outer loop
         vertex 0.000929289 0.00255116 0.00316
         vertex 0.000907612 0.0025836 0.00316
         vertex -0.000929289 0.00345116 0.00316
      endloop
   endfacet
   facet normal 0 0 1
      outer loop
         vertex 0.00317 -0.00295813 0.00316
         vertex 0.0028 0.00282187 0.00316
         vertex 0.00277716 0.00270706 0.00316
      endloop
   endfacet
   facet normal 0 0 1
      outer loop
         vertex 0.000961732 0.00342948 0.00316
         vertex 0.000961732 0.00281425 0.00316
         vertex 0.001 0.00282187 0.00316
      endloop
   endfacet
   facet normal 0 0 1
      outer loop
         vertex -0.0025 0.00252187 0.00316
         vertex -0.00261481 0.0025447 0.00316
         vertex -0.00317 -0.00295813 0.00316
      endloop
   endfacet
   facet normal 0 0 1
      outer loop
         vertex -0.000929289 0.00345116 0.00316
         vertex -0.000929289 0.00279258 0.00316
         vertex -0.000907612 0.00276013 0.00316
      endloop
   endfacet
   facet normal 0 0 1
      outer loop
         vertex -0.001 0.00282187 0.00316
         vertex -0.000961732 0.00281425 0.00316
         vertex -0.000961732 0.00342948 0.00316
      endloop
   endfacet
   facet normal 0 0 1
      outer loop
         vertex 0.000961732 0.00252948 0.00316
         vertex 0.000929289 0.00255116 0.00316
         vertex 0.00317 -0.00295813 0.00316
      endloop
   endfacet
   facet normal 0 0 1
      outer loop
         vertex 0.000961732 0.00342948 0.00316
         vertex 0.000929289 0.00279258 0.00316
         vertex 0.000961732 0.00281425 0.00316
      endloop
   endfacet
   facet normal 0 0 1
      outer loop
         vertex 0.000961732 0.00342948 0.00316
         vertex 0.0009 0.00272187 0.00316
         vertex 0.000907612 0.00276013 0.00316
      endloop
   endfacet
   facet normal 0 0 1
      outer loop
         vertex -0.00317 0.00465187 0.00316
         vertex -0.00317 -0.00295813 0.00316
         vertex -0.0028 0.00282187 0.00316
      endloop
   endfacet
   facet normal 0 0 1
      outer loop
         vertex -0.000907612 0.0025836 0.00316
         vertex -0.000929289 0.00255116 0.00316
         vertex 0.00317 -0.00295813 0.00316
      endloop
   endfacet
   facet normal 0 0 1
      outer loop
         vertex -0.000929289 0.00279258 0.00316
         vertex -0.000929289 0.00345116 0.00316
         vertex -0.000961732 0.00342948 0.00316
      endloop
   endfacet
   facet normal 0 0 1
      outer loop
         vertex 0.0009 0.00272187 0.00316
         vertex 0.000961732 0.00342948 0.00316
         vertex 0.000929289 0.00345116 0.00316
      endloop
   endfacet
   facet normal 0 0 1
      outer loop
         vertex 0.000907612 0.00276013 0.00316
         vertex 0.000929289 0.00279258 0.00316
         vertex 0.000961732 0.00342948 0.00316
      endloop
   endfacet
   facet normal 0 0 1
      outer loop
         vertex -0.000907612 0.00366013 0.00316
         vertex -0.0009 0.00362187 0.00316
         vertex 0.001 0.00372187 0.00316
      endloop
   endfacet
   facet normal 0 0 1
      outer loop
         vertex -0.0028 0.00282187 0.00316
         vertex -0.0028 0.00342187 0.00316
         vertex -0.00317 0.00465187 0.00316
      endloop
   endfacet
   facet normal 0 0 1
      outer loop
         vertex -0.000961732 0.00281425 0.00316
         vertex -0.000929289 0.00279258 0.00316
         vertex -0.000961732 0.00342948 0.00316
      endloop
   endfacet
   facet normal 0 0 1
      outer loop
         vertex 0.001 0.00342187 0.00316
         vertex 0.000961732 0.00342948 0.00316
         vertex 0.001 0.00282187 0.00316
      endloop
   endfacet
   facet normal 0 0 1
      outer loop
         vertex 0.001 0.00372187 0.00316
         vertex 0.00205 0.00465187 0.00316
         vertex 0.00125 0.00465187 0.00316
      endloop
   endfacet
   facet normal 0 0 1
      outer loop
         vertex -0.00317 -0.00295813 0.00316
         vertex -0.00277716 0.00270706 0.00316
         vertex -0.0028 0.00282187 0.00316
      endloop
   endfacet
   facet normal 0 0 1
      outer loop
         vertex -0.0009 0.00362187 0.00316
         vertex 0.000929289 0.00369258 0.00316
         vertex 0.000961732 0.00371425 0.00316
      endloop
   endfacet
   facet normal 0 0 1
      outer loop
         vertex 0.000907612 0.00366013 0.00316
         vertex 0.000929289 0.00369258 0.00316
         vertex -0.0009 0.00362187 0.00316
      endloop
   endfacet
   facet normal 0 0 1
      outer loop
         vertex -0.00125 0.00465187 0.00316
         vertex -0.00271213 0.003634 0.00316
         vertex -0.00261481 0.00369903 0.00316
      endloop
   endfacet
   facet normal 0 0 1
      outer loop
         vertex -0.00205 0.00465187 0.00316
         vertex -0.00277716 0.00353667 0.00316
         vertex -0.00271213 0.003634 0.00316
      endloop
   endfacet
   facet normal 0 0 1
      outer loop
         vertex 0.00125 0.00465187 0.00316
         vertex -0.000929289 0.00369258 0.00316
         vertex -0.000907612 0.00366013 0.00316
      endloop
   endfacet
   facet normal 0 0 1
      outer loop
         vertex 0.00125 0.00465187 0.00316
         vertex -0.00261481 0.00369903 0.00316
         vertex -0.0025 0.00372187 0.00316
      endloop
   endfacet
   facet normal 0 0 1
      outer loop
         vertex 0.00317 0.00465187 0.00316
         vertex 0.0028 0.00342187 0.00316
         vertex 0.0028 0.00282187 0.00316
      endloop
   endfacet
   facet normal 0 0 1
      outer loop
         vertex -0.0028 0.00342187 0.00316
         vertex -0.00277716 0.00353667 0.00316
         vertex -0.00317 0.00465187 0.00316
      endloop
   endfacet
   facet normal 0 0 1
      outer loop
         vertex -0.00271213 0.00260973 0.00316
         vertex -0.00277716 0.00270706 0.00316
         vertex -0.00317 -0.00295813 0.00316
      endloop
   endfacet
   facet normal 0 0 1
      outer loop
         vertex -0.00271213 0.003634 0.00316
         vertex -0.00125 0.00465187 0.00316
         vertex -0.00205 0.00465187 0.00316
      endloop
   endfacet
   facet normal 0 0 1
      outer loop
         vertex 0.00125 0.00465187 0.00316
         vertex -0.000961732 0.00371425 0.00316
         vertex -0.000929289 0.00369258 0.00316
      endloop
   endfacet
   facet normal 0 0 1
      outer loop
         vertex -0.0025 0.00372187 0.00316
         vertex -0.001 0.00372187 0.00316
         vertex 0.00125 0.00465187 0.00316
      endloop
   endfacet
   facet normal 0 0 1
      outer loop
         vertex 0.00317 0.00465187 0.00316
         vertex 0.00277716 0.00353667 0.00316
         vertex 0.0028 0.00342187 0.00316
      endloop
   endfacet
   facet normal 0 0 1
      outer loop
         vertex 0.00317 0.00465187 0.00316
         vertex 0.00261481 0.00369903 0.00316
         vertex 0.00271213 0.003634 0.00316
      endloop
   endfacet
   facet normal 0 0 1
      outer loop
         vertex 0.0025 0.00372187 0.00316
         vertex 0.00317 0.00465187 0.00316
         vertex 0.00205 0.00465187 0.00316
      endloop
   endfacet
   facet normal 0 0 1
      outer loop
         vertex 0.000961732 0.00371425 0.00316
         vertex 0.001 0.00372187 0.00316
         vertex -0.0009 0.00362187 0.00316
      endloop
   endfacet
   facet normal 0 0 1
      outer loop
         vertex -0.00125 0.00465187 0.00316
         vertex -0.00205 0.00485187 0.00316
         vertex -0.00205 0.00465187 0.00316
      endloop
   endfacet
   facet normal 0 0 1
      outer loop
         vertex -0.001 0.00372187 0.00316
         vertex -0.000961732 0.00371425 0.00316
         vertex 0.00125 0.00465187 0.00316
      endloop
   endfacet
   facet normal 0 0 1
      outer loop
         vertex 0.00125 0.00485187 0.00316
         vertex 0.00125 0.00465187 0.00316
         vertex 0.00205 0.00465187 0.00316
      endloop
   endfacet
   facet normal 0 0 1
      outer loop
         vertex 0.00271213 0.003634 0.00316
         vertex 0.00277716 0.00353667 0.00316
         vertex 0.00317 0.00465187 0.00316
      endloop
   endfacet
   facet normal 0 0 1
      outer loop
         vertex 0.00205 0.00465187 0.00316
         vertex 0.001 0.00372187 0.00316
         vertex 0.0025 0.00372187 0.00316
      endloop
   endfacet
   facet normal 0 0 1
      outer loop
         vertex -0.00261481 0.00369903 0.00316
         vertex 0.00125 0.00465187 0.00316
         vertex -0.00125 0.00465187 0.00316
      endloop
   endfacet
   facet normal 0 0 1
      outer loop
         vertex 0.00205 0.00465187 0.00316
         vertex 0.00205 0.00485187 0.00316
         vertex 0.00125 0.00485187 0.00316
      endloop
   endfacet
   facet normal 0 0 1
      outer loop
         vertex 0.0025 0.00372187 0.00316
         vertex 0.00261481 0.00369903 0.00316
         vertex 0.00317 0.00465187 0.00316
      endloop
   endfacet
   facet normal 0 0 1
      outer loop
         vertex -0.00277716 0.00353667 0.00316
         vertex -0.00205 0.00465187 0.00316
         vertex -0.00317 0.00465187 0.00316
      endloop
   endfacet
   facet normal 0 0 1
      outer loop
         vertex 0.0028 0.00282187 0.00316
         vertex 0.00317 -0.00295813 0.00316
         vertex 0.00317 0.00465187 0.00316
      endloop
   endfacet
   facet normal 0 0 1
      outer loop
         vertex 0.001 0.00372187 0.00316
         vertex 0.00125 0.00465187 0.00316
         vertex -0.000907612 0.00366013 0.00316
      endloop
   endfacet
   facet normal 0 0 1
      outer loop
         vertex -0.00125 0.00465187 0.00316
         vertex -0.00125 0.00485187 0.00316
         vertex -0.00205 0.00485187 0.00316
      endloop
   endfacet
   facet normal 0.382683 0.92388 0
      outer loop
         vertex -0.00261481 0.0025447 0.00316
         vertex -0.0025 0.00252187 0.00316
         vertex -0.0025 0.00252187 0.00286
      endloop
   endfacet
   facet normal 0.707107 0.707107 0
      outer loop
         vertex -0.00271213 0.00260973 0.00316
         vertex -0.00261481 0.0025447 0.00316
         vertex -0.00261481 0.0025447 0.00286
      endloop
   endfacet
   facet normal 0.92388 0.382683 0
      outer loop
         vertex -0.00277716 0.00270706 0.00316
         vertex -0.00271213 0.00260973 0.00316
         vertex -0.00271213 0.00260973 0.00286
      endloop
   endfacet
   facet normal 1 0 0
      outer loop
         vertex -0.0028 0.00282187 0.00316
         vertex -0.00277716 0.00270706 0.00316
         vertex -0.00277716 0.00270706 0.00286
      endloop
   endfacet
   facet normal 0.92388 0.382683 0
      outer loop
         vertex -0.00277716 0.00270706 0.00286
         vertex -0.0028 0.00282187 0.00286
         vertex -0.0028 0.00282187 0.00316
      endloop
   endfacet
   facet normal 0.707107 0.707107 0
      outer loop
         vertex -0.00271213 0.00260973 0.00286
         vertex -0.00277716 0.00270706 0.00286
         vertex -0.00277716 0.00270706 0.00316
      endloop
   endfacet
   facet normal 0.382683 0.92388 0
      outer loop
         vertex -0.00261481 0.0025447 0.00286
         vertex -0.00271213 0.00260973 0.00286
         vertex -0.00271213 0.00260973 0.00316
      endloop
   endfacet
   facet normal 0 1 0
      outer loop
         vertex -0.0025 0.00252187 0.00286
         vertex -0.00261481 0.0025447 0.00286
         vertex -0.00261481 0.0025447 0.00316
      endloop
   endfacet
   facet normal 0 0 1
      outer loop
         vertex -0.000907612 0.0034836 0.00286
         vertex -0.001 0.00342187 0.00286
         vertex -0.000961732 0.00342948 0.00286
      endloop
   endfacet
   facet normal 0 0 1
      outer loop
         vertex -0.001 0.00372187 0.00286
         vertex -0.0009 0.00362187 0.00286
         vertex -0.000907612 0.00366013 0.00286
      endloop
   endfacet
   facet normal 0 0 1
      outer loop
         vertex -0.001 0.00372187 0.00286
         vertex -0.001 0.00342187 0.00286
         vertex -0.0009 0.00352187 0.00286
      endloop
   endfacet
   facet normal 0 0 1
      outer loop
         vertex -0.000961732 0.00342948 0.00286
         vertex -0.000929289 0.00345116 0.00286
         vertex -0.000907612 0.0034836 0.00286
      endloop
   endfacet
   facet normal 0 0 1
      outer loop
         vertex -0.000907612 0.00366013 0.00286
         vertex -0.000929289 0.00369258 0.00286
         vertex -0.001 0.00372187 0.00286
      endloop
   endfacet
   facet normal 0 0 1
      outer loop
         vertex -0.000907612 0.0034836 0.00286
         vertex -0.0009 0.00352187 0.00286
         vertex -0.001 0.00342187 0.00286
      endloop
   endfacet
   facet normal 0 0 1
      outer loop
         vertex -0.000907612 0.00276013 0.00286
         vertex -0.000929289 0.00279258 0.00286
         vertex -0.000961732 0.00281425 0.00286
      endloop
   endfacet
   facet normal 0 0 1
      outer loop
         vertex -0.001 0.00372187 0.00286
         vertex -0.0025 0.00372187 0.00286
         vertex -0.0022 0.00342187 0.00286
      endloop
   endfacet
   facet normal 0 0 1
      outer loop
         vertex -0.0009 0.00352187 0.00286
         vertex -0.0009 0.00362187 0.00286
         vertex -0.001 0.00372187 0.00286
      endloop
   endfacet
   facet normal 0 0 1
      outer loop
         vertex -0.001 0.00282187 0.00286
         vertex -0.0009 0.00272187 0.00286
         vertex -0.000907612 0.00276013 0.00286
      endloop
   endfacet
   facet normal 0 0 1
      outer loop
         vertex -0.001 0.00282187 0.00286
         vertex -0.001 0.00252187 0.00286
         vertex -0.0009 0.00262187 0.00286
      endloop
   endfacet
   facet normal 0 0 1
      outer loop
         vertex -0.000907612 0.0025836 0.00286
         vertex -0.001 0.00252187 0.00286
         vertex -0.000961732 0.00252948 0.00286
      endloop
   endfacet
   facet normal 0 0 1
      outer loop
         vertex -0.000929289 0.00369258 0.00286
         vertex -0.000961732 0.00371425 0.00286
         vertex -0.001 0.00372187 0.00286
      endloop
   endfacet
   facet normal 0 0 1
      outer loop
         vertex -0.0028 0.00282187 0.00286
         vertex -0.0024 0.00302187 0.00286
         vertex -0.0024 0.00322187 0.00286
      endloop
   endfacet
   facet normal 0 0 1
      outer loop
         vertex -0.0009 0.00262187 0.00286
         vertex -0.0009 0.00272187 0.00286
         vertex -0.001 0.00282187 0.00286
      endloop
   endfacet
   facet normal 0 0 1
      outer loop
         vertex -0.000961732 0.00252948 0.00286
         vertex -0.000929289 0.00255116 0.00286
         vertex -0.000907612 0.0025836 0.00286
      endloop
   endfacet
   facet normal 0 0 1
      outer loop
         vertex -0.0025 0.00372187 0.00286
         vertex -0.00227654 0.00340664 0.00286
         vertex -0.0022 0.00342187 0.00286
      endloop
   endfacet
   facet normal 0 0 1
      outer loop
         vertex -0.00234142 0.00336329 0.00286
         vertex -0.00227654 0.00340664 0.00286
         vertex -0.0025 0.00372187 0.00286
      endloop
   endfacet
   facet normal 0 0 1
      outer loop
         vertex -0.00238478 0.0032984 0.00286
         vertex -0.00271213 0.003634 0.00286
         vertex -0.00277716 0.00353667 0.00286
      endloop
   endfacet
   facet normal 0 0 1
      outer loop
         vertex -0.00271213 0.003634 0.00286
         vertex -0.00238478 0.0032984 0.00286
         vertex -0.00234142 0.00336329 0.00286
      endloop
   endfacet
   facet normal 0 0 1
      outer loop
         vertex -0.0024 0.00322187 0.00286
         vertex -0.0028 0.00342187 0.00286
         vertex -0.0028 0.00282187 0.00286
      endloop
   endfacet
   facet normal 0 0 1
      outer loop
         vertex -0.00271213 0.00260973 0.00286
         vertex -0.00261481 0.0025447 0.00286
         vertex -0.00234142 0.00288044 0.00286
      endloop
   endfacet
   facet normal 0 0 1
      outer loop
         vertex -0.00238478 0.00294533 0.00286
         vertex -0.0028 0.00282187 0.00286
         vertex -0.00277716 0.00270706 0.00286
      endloop
   endfacet
   facet normal 0 0 1
      outer loop
         vertex -0.000907612 0.0025836 0.00286
         vertex -0.0009 0.00262187 0.00286
         vertex -0.001 0.00252187 0.00286
      endloop
   endfacet
   facet normal 0 0 1
      outer loop
         vertex -0.001 0.00252187 0.00286
         vertex -0.001 0.00282187 0.00286
         vertex -0.0022 0.00282187 0.00286
      endloop
   endfacet
   facet normal 0 0 1
      outer loop
         vertex -0.0025 0.00372187 0.00286
         vertex -0.00261481 0.00369903 0.00286
         vertex -0.00234142 0.00336329 0.00286
      endloop
   endfacet
   facet normal 0 0 1
      outer loop
         vertex -0.00234142 0.00336329 0.00286
         vertex -0.00261481 0.00369903 0.00286
         vertex -0.00271213 0.003634 0.00286
      endloop
   endfacet
   facet normal 0 0 1
      outer loop
         vertex -0.0028 0.00282187 0.00286
         vertex -0.00238478 0.00294533 0.00286
         vertex -0.0024 0.00302187 0.00286
      endloop
   endfacet
   facet normal 0 0 1
      outer loop
         vertex -0.00277716 0.00270706 0.00286
         vertex -0.00271213 0.00260973 0.00286
         vertex -0.00238478 0.00294533 0.00286
      endloop
   endfacet
   facet normal 0 0 1
      outer loop
         vertex -0.0022 0.00282187 0.00286
         vertex -0.0025 0.00252187 0.00286
         vertex -0.001 0.00252187 0.00286
      endloop
   endfacet
   facet normal 0 0 1
      outer loop
         vertex -0.00277716 0.00353667 0.00286
         vertex -0.0028 0.00342187 0.00286
         vertex -0.00238478 0.0032984 0.00286
      endloop
   endfacet
   facet normal 0 0 1
      outer loop
         vertex -0.00234142 0.00288044 0.00286
         vertex -0.00238478 0.00294533 0.00286
         vertex -0.00271213 0.00260973 0.00286
      endloop
   endfacet
   facet normal 0 0 1
      outer loop
         vertex -0.00234142 0.00288044 0.00286
         vertex -0.00261481 0.0025447 0.00286
         vertex -0.0025 0.00252187 0.00286
      endloop
   endfacet
   facet normal 0 0 1
      outer loop
         vertex -0.000961732 0.00281425 0.00286
         vertex -0.001 0.00282187 0.00286
         vertex -0.000907612 0.00276013 0.00286
      endloop
   endfacet
   facet normal 0 0 1
      outer loop
         vertex -0.0024 0.00322187 0.00286
         vertex -0.00238478 0.0032984 0.00286
         vertex -0.0028 0.00342187 0.00286
      endloop
   endfacet
   facet normal 0 0 1
      outer loop
         vertex -0.0022 0.00282187 0.00286
         vertex -0.00227654 0.00283709 0.00286
         vertex -0.0025 0.00252187 0.00286
      endloop
   endfacet
   facet normal 0 0 1
      outer loop
         vertex -0.0025 0.00252187 0.00286
         vertex -0.00227654 0.00283709 0.00286
         vertex -0.00234142 0.00288044 0.00286
      endloop
   endfacet
   facet normal 0 0 1
      outer loop
         vertex -0.0022 0.00342187 0.00286
         vertex -0.001 0.00342187 0.00286
         vertex -0.001 0.00372187 0.00286
      endloop
   endfacet
   facet normal 1 0 0
      outer loop
         vertex -0.0028 0.00282187 0.00316
         vertex -0.0028 0.00282187 0.00286
         vertex -0.0028 0.00342187 0.00286
      endloop
   endfacet
   facet normal 1 0 0
      outer loop
         vertex -0.0028 0.00342187 0.00286
         vertex -0.0028 0.00342187 0.00316
         vertex -0.0028 0.00282187 0.00316
      endloop
   endfacet
   facet normal 0.92388 -0.382683 0
      outer loop
         vertex -0.00277716 0.00353667 0.00316
         vertex -0.0028 0.00342187 0.00316
         vertex -0.0028 0.00342187 0.00286
      endloop
   endfacet
   facet normal 0.707107 -0.707107 0
      outer loop
         vertex -0.00271213 0.003634 0.00316
         vertex -0.00277716 0.00353667 0.00316
         vertex -0.00277716 0.00353667 0.00286
      endloop
   endfacet
   facet normal 0.382683 -0.92388 0
      outer loop
         vertex -0.00261481 0.00369903 0.00316
         vertex -0.00271213 0.003634 0.00316
         vertex -0.00271213 0.003634 0.00286
      endloop
   endfacet
   facet normal 0 -1 0
      outer loop
         vertex -0.0025 0.00372187 0.00316
         vertex -0.00261481 0.00369903 0.00316
         vertex -0.00261481 0.00369903 0.00286
      endloop
   endfacet
   facet normal 0.382683 -0.92388 0
      outer loop
         vertex -0.00261481 0.00369903 0.00286
         vertex -0.0025 0.00372187 0.00286
         vertex -0.0025 0.00372187 0.00316
      endloop
   endfacet
   facet normal 0.707107 -0.707107 0
      outer loop
         vertex -0.00271213 0.003634 0.00286
         vertex -0.00261481 0.00369903 0.00286
         vertex -0.00261481 0.00369903 0.00316
      endloop
   endfacet
   facet normal 0.92388 -0.382683 0
      outer loop
         vertex -0.00277716 0.00353667 0.00286
         vertex -0.00271213 0.003634 0.00286
         vertex -0.00271213 0.003634 0.00316
      endloop
   endfacet
   facet normal 1 0 0
      outer loop
         vertex -0.0028 0.00342187 0.00286
         vertex -0.00277716 0.00353667 0.00286
         vertex -0.00277716 0.00353667 0.00316
      endloop
   endfacet
   facet normal 0 -1 0
      outer loop
         vertex -0.0025 0.00372187 0.00316
         vertex -0.0025 0.00372187 0.00286
         vertex -0.001 0.00372187 0.00286
      endloop
   endfacet
   facet normal 0 -1 0
      outer loop
         vertex -0.001 0.00372187 0.00286
         vertex -0.001 0.00372187 0.00316
         vertex -0.0025 0.00372187 0.00316
      endloop
   endfacet
   facet normal -0.382683 -0.92388 0
      outer loop
         vertex -0.000961732 0.00371425 0.00316
         vertex -0.001 0.00372187 0.00316
         vertex -0.001 0.00372187 0.00286
      endloop
   endfacet
   facet normal -0.707107 -0.707107 0
      outer loop
         vertex -0.000929289 0.00369258 0.00316
         vertex -0.000961732 0.00371425 0.00316
         vertex -0.000961732 0.00371425 0.00286
      endloop
   endfacet
   facet normal -0.92388 -0.382683 0
      outer loop
         vertex -0.000907612 0.00366013 0.00316
         vertex -0.000929289 0.00369258 0.00316
         vertex -0.000929289 0.00369258 0.00286
      endloop
   endfacet
   facet normal -1 0 0
      outer loop
         vertex -0.0009 0.00362187 0.00316
         vertex -0.000907612 0.00366013 0.00316
         vertex -0.000907612 0.00366013 0.00286
      endloop
   endfacet
   facet normal -0.92388 -0.382683 0
      outer loop
         vertex -0.000907612 0.00366013 0.00286
         vertex -0.0009 0.00362187 0.00286
         vertex -0.0009 0.00362187 0.00316
      endloop
   endfacet
   facet normal -0.707107 -0.707107 0
      outer loop
         vertex -0.000929289 0.00369258 0.00286
         vertex -0.000907612 0.00366013 0.00286
         vertex -0.000907612 0.00366013 0.00316
      endloop
   endfacet
   facet normal -0.382683 -0.92388 0
      outer loop
         vertex -0.000961732 0.00371425 0.00286
         vertex -0.000929289 0.00369258 0.00286
         vertex -0.000929289 0.00369258 0.00316
      endloop
   endfacet
   facet normal 0 -1 0
      outer loop
         vertex -0.001 0.00372187 0.00286
         vertex -0.000961732 0.00371425 0.00286
         vertex -0.000961732 0.00371425 0.00316
      endloop
   endfacet
   facet normal -1 0 0
      outer loop
         vertex -0.0009 0.00362187 0.00316
         vertex -0.0009 0.00362187 0.00286
         vertex -0.0009 0.00352187 0.00286
      endloop
   endfacet
   facet normal -1 0 0
      outer loop
         vertex -0.0009 0.00352187 0.00286
         vertex -0.0009 0.00352187 0.00316
         vertex -0.0009 0.00362187 0.00316
      endloop
   endfacet
   facet normal -0.92388 0.382683 0
      outer loop
         vertex -0.000907612 0.0034836 0.00316
         vertex -0.0009 0.00352187 0.00316
         vertex -0.0009 0.00352187 0.00286
      endloop
   endfacet
   facet normal -0.707107 0.707107 0
      outer loop
         vertex -0.000929289 0.00345116 0.00316
         vertex -0.000907612 0.0034836 0.00316
         vertex -0.000907612 0.0034836 0.00286
      endloop
   endfacet
   facet normal -0.382683 0.92388 0
      outer loop
         vertex -0.000961732 0.00342948 0.00316
         vertex -0.000929289 0.00345116 0.00316
         vertex -0.000929289 0.00345116 0.00286
      endloop
   endfacet
   facet normal 0 1 0
      outer loop
         vertex -0.001 0.00342187 0.00316
         vertex -0.000961732 0.00342948 0.00316
         vertex -0.000961732 0.00342948 0.00286
      endloop
   endfacet
   facet normal -0.382683 0.92388 0
      outer loop
         vertex -0.000961732 0.00342948 0.00286
         vertex -0.001 0.00342187 0.00286
         vertex -0.001 0.00342187 0.00316
      endloop
   endfacet
   facet normal -0.707107 0.707107 0
      outer loop
         vertex -0.000929289 0.00345116 0.00286
         vertex -0.000961732 0.00342948 0.00286
         vertex -0.000961732 0.00342948 0.00316
      endloop
   endfacet
   facet normal -0.92388 0.382683 0
      outer loop
         vertex -0.000907612 0.0034836 0.00286
         vertex -0.000929289 0.00345116 0.00286
         vertex -0.000929289 0.00345116 0.00316
      endloop
   endfacet
   facet normal -1 0 0
      outer loop
         vertex -0.0009 0.00352187 0.00286
         vertex -0.000907612 0.0034836 0.00286
         vertex -0.000907612 0.0034836 0.00316
      endloop
   endfacet
   facet normal 0 1 0
      outer loop
         vertex -0.001 0.00342187 0.00316
         vertex -0.001 0.00342187 0.00286
         vertex -0.0022 0.00342187 0.00286
      endloop
   endfacet
   facet normal 0 1 0
      outer loop
         vertex -0.0022 0.00342187 0.00286
         vertex -0.0022 0.00342187 0.00316
         vertex -0.001 0.00342187 0.00316
      endloop
   endfacet
   facet normal 0 1 0
      outer loop
         vertex -0.0022 0.00342187 0.00316
         vertex -0.0022 0.00342187 0.00286
         vertex -0.00227654 0.00340664 0.00286
      endloop
   endfacet
   facet normal -0.382683 0.92388 0
      outer loop
         vertex -0.00227654 0.00340664 0.00316
         vertex -0.00227654 0.00340664 0.00286
         vertex -0.00234142 0.00336329 0.00286
      endloop
   endfacet
   facet normal -0.707107 0.707107 0
      outer loop
         vertex -0.00234142 0.00336329 0.00316
         vertex -0.00234142 0.00336329 0.00286
         vertex -0.00238478 0.0032984 0.00286
      endloop
   endfacet
   facet normal -0.92388 0.382683 0
      outer loop
         vertex -0.00238478 0.0032984 0.00316
         vertex -0.00238478 0.0032984 0.00286
         vertex -0.0024 0.00322187 0.00286
      endloop
   endfacet
   facet normal -1 0 0
      outer loop
         vertex -0.0024 0.00322187 0.00286
         vertex -0.0024 0.00322187 0.00316
         vertex -0.00238478 0.0032984 0.00316
      endloop
   endfacet
   facet normal -0.92388 0.382683 0
      outer loop
         vertex -0.00238478 0.0032984 0.00286
         vertex -0.00238478 0.0032984 0.00316
         vertex -0.00234142 0.00336329 0.00316
      endloop
   endfacet
   facet normal -0.707107 0.707107 0
      outer loop
         vertex -0.00234142 0.00336329 0.00286
         vertex -0.00234142 0.00336329 0.00316
         vertex -0.00227654 0.00340664 0.00316
      endloop
   endfacet
   facet normal -0.382683 0.92388 0
      outer loop
         vertex -0.00227654 0.00340664 0.00286
         vertex -0.00227654 0.00340664 0.00316
         vertex -0.0022 0.00342187 0.00316
      endloop
   endfacet
   facet normal -1 0 0
      outer loop
         vertex -0.0024 0.00322187 0.00316
         vertex -0.0024 0.00322187 0.00286
         vertex -0.0024 0.00302187 0.00286
      endloop
   endfacet
   facet normal -1 0 0
      outer loop
         vertex -0.0024 0.00302187 0.00286
         vertex -0.0024 0.00302187 0.00316
         vertex -0.0024 0.00322187 0.00316
      endloop
   endfacet
   facet normal -1 0 0
      outer loop
         vertex -0.0024 0.00302187 0.00316
         vertex -0.0024 0.00302187 0.00286
         vertex -0.00238478 0.00294533 0.00286
      endloop
   endfacet
   facet normal -0.92388 -0.382683 0
      outer loop
         vertex -0.00238478 0.00294533 0.00316
         vertex -0.00238478 0.00294533 0.00286
         vertex -0.00234142 0.00288044 0.00286
      endloop
   endfacet
   facet normal -0.707107 -0.707107 0
      outer loop
         vertex -0.00234142 0.00288044 0.00316
         vertex -0.00234142 0.00288044 0.00286
         vertex -0.00227654 0.00283709 0.00286
      endloop
   endfacet
   facet normal -0.382683 -0.92388 0
      outer loop
         vertex -0.00227654 0.00283709 0.00316
         vertex -0.00227654 0.00283709 0.00286
         vertex -0.0022 0.00282187 0.00286
      endloop
   endfacet
   facet normal 0 -1 0
      outer loop
         vertex -0.0022 0.00282187 0.00286
         vertex -0.0022 0.00282187 0.00316
         vertex -0.00227654 0.00283709 0.00316
      endloop
   endfacet
   facet normal -0.382683 -0.92388 0
      outer loop
         vertex -0.00227654 0.00283709 0.00286
         vertex -0.00227654 0.00283709 0.00316
         vertex -0.00234142 0.00288044 0.00316
      endloop
   endfacet
   facet normal -0.707107 -0.707107 0
      outer loop
         vertex -0.00234142 0.00288044 0.00286
         vertex -0.00234142 0.00288044 0.00316
         vertex -0.00238478 0.00294533 0.00316
      endloop
   endfacet
   facet normal -0.92388 -0.382683 0
      outer loop
         vertex -0.00238478 0.00294533 0.00286
         vertex -0.00238478 0.00294533 0.00316
         vertex -0.0024 0.00302187 0.00316
      endloop
   endfacet
   facet normal 0 -1 0
      outer loop
         vertex -0.0022 0.00282187 0.00316
         vertex -0.0022 0.00282187 0.00286
         vertex -0.001 0.00282187 0.00286
      endloop
   endfacet
   facet normal 0 -1 0
      outer loop
         vertex -0.001 0.00282187 0.00286
         vertex -0.001 0.00282187 0.00316
         vertex -0.0022 0.00282187 0.00316
      endloop
   endfacet
   facet normal -0.382683 -0.92388 0
      outer loop
         vertex -0.000961732 0.00281425 0.00316
         vertex -0.001 0.00282187 0.00316
         vertex -0.001 0.00282187 0.00286
      endloop
   endfacet
   facet normal -0.707107 -0.707107 0
      outer loop
         vertex -0.000929289 0.00279258 0.00316
         vertex -0.000961732 0.00281425 0.00316
         vertex -0.000961732 0.00281425 0.00286
      endloop
   endfacet
   facet normal -0.92388 -0.382683 0
      outer loop
         vertex -0.000907612 0.00276013 0.00316
         vertex -0.000929289 0.00279258 0.00316
         vertex -0.000929289 0.00279258 0.00286
      endloop
   endfacet
   facet normal -1 0 0
      outer loop
         vertex -0.0009 0.00272187 0.00316
         vertex -0.000907612 0.00276013 0.00316
         vertex -0.000907612 0.00276013 0.00286
      endloop
   endfacet
   facet normal -0.92388 -0.382683 0
      outer loop
         vertex -0.000907612 0.00276013 0.00286
         vertex -0.0009 0.00272187 0.00286
         vertex -0.0009 0.00272187 0.00316
      endloop
   endfacet
   facet normal -0.707107 -0.707107 0
      outer loop
         vertex -0.000929289 0.00279258 0.00286
         vertex -0.000907612 0.00276013 0.00286
         vertex -0.000907612 0.00276013 0.00316
      endloop
   endfacet
   facet normal -0.382683 -0.92388 0
      outer loop
         vertex -0.000961732 0.00281425 0.00286
         vertex -0.000929289 0.00279258 0.00286
         vertex -0.000929289 0.00279258 0.00316
      endloop
   endfacet
   facet normal 0 -1 0
      outer loop
         vertex -0.001 0.00282187 0.00286
         vertex -0.000961732 0.00281425 0.00286
         vertex -0.000961732 0.00281425 0.00316
      endloop
   endfacet
   facet normal -1 0 0
      outer loop
         vertex -0.0009 0.00272187 0.00316
         vertex -0.0009 0.00272187 0.00286
         vertex -0.0009 0.00262187 0.00286
      endloop
   endfacet
   facet normal -1 0 0
      outer loop
         vertex -0.0009 0.00262187 0.00286
         vertex -0.0009 0.00262187 0.00316
         vertex -0.0009 0.00272187 0.00316
      endloop
   endfacet
   facet normal -0.92388 0.382683 0
      outer loop
         vertex -0.000907612 0.0025836 0.00316
         vertex -0.0009 0.00262187 0.00316
         vertex -0.0009 0.00262187 0.00286
      endloop
   endfacet
   facet normal -0.707107 0.707107 0
      outer loop
         vertex -0.000929289 0.00255116 0.00316
         vertex -0.000907612 0.0025836 0.00316
         vertex -0.000907612 0.0025836 0.00286
      endloop
   endfacet
   facet normal -0.382683 0.92388 0
      outer loop
         vertex -0.000961732 0.00252948 0.00316
         vertex -0.000929289 0.00255116 0.00316
         vertex -0.000929289 0.00255116 0.00286
      endloop
   endfacet
   facet normal 0 1 0
      outer loop
         vertex -0.001 0.00252187 0.00316
         vertex -0.000961732 0.00252948 0.00316
         vertex -0.000961732 0.00252948 0.00286
      endloop
   endfacet
   facet normal -0.382683 0.92388 0
      outer loop
         vertex -0.000961732 0.00252948 0.00286
         vertex -0.001 0.00252187 0.00286
         vertex -0.001 0.00252187 0.00316
      endloop
   endfacet
   facet normal -0.707107 0.707107 0
      outer loop
         vertex -0.000929289 0.00255116 0.00286
         vertex -0.000961732 0.00252948 0.00286
         vertex -0.000961732 0.00252948 0.00316
      endloop
   endfacet
   facet normal -0.92388 0.382683 0
      outer loop
         vertex -0.000907612 0.0025836 0.00286
         vertex -0.000929289 0.00255116 0.00286
         vertex -0.000929289 0.00255116 0.00316
      endloop
   endfacet
   facet normal -1 0 0
      outer loop
         vertex -0.0009 0.00262187 0.00286
         vertex -0.000907612 0.0025836 0.00286
         vertex -0.000907612 0.0025836 0.00316
      endloop
   endfacet
   facet normal 0 1 0
      outer loop
         vertex -0.001 0.00252187 0.00316
         vertex -0.001 0.00252187 0.00286
         vertex -0.0025 0.00252187 0.00286
      endloop
   endfacet
   facet normal 0 1 0
      outer loop
         vertex -0.0025 0.00252187 0.00286
         vertex -0.0025 0.00252187 0.00316
         vertex -0.001 0.00252187 0.00316
      endloop
   endfacet
   facet normal 0 1 0
      outer loop
         vertex 0.0025 0.00252187 0.00316
         vertex 0.0025 0.00252187 0.00286
         vertex 0.001 0.00252187 0.00286
      endloop
   endfacet
   facet normal 0 1 0
      outer loop
         vertex 0.001 0.00252187 0.00286
         vertex 0.001 0.00252187 0.00316
         vertex 0.0025 0.00252187 0.00316
      endloop
   endfacet
   facet normal 0 0 1
      outer loop
         vertex 0.000907612 0.0025836 0.00286
         vertex 0.000929289 0.00255116 0.00286
         vertex 0.000961732 0.00252948 0.00286
      endloop
   endfacet
   facet normal 0 0 1
      outer loop
         vertex 0.000907612 0.0034836 0.00286
         vertex 0.000929289 0.00345116 0.00286
         vertex 0.000961732 0.00342948 0.00286
      endloop
   endfacet
   facet normal 0 0 1
      outer loop
         vertex 0.001 0.00252187 0.00286
         vertex 0.0009 0.00262187 0.00286
         vertex 0.000907612 0.0025836 0.00286
      endloop
   endfacet
   facet normal 0 0 1
      outer loop
         vertex 0.001 0.00252187 0.00286
         vertex 0.001 0.00282187 0.00286
         vertex 0.0009 0.00272187 0.00286
      endloop
   endfacet
   facet normal 0 0 1
      outer loop
         vertex 0.000907612 0.00276013 0.00286
         vertex 0.001 0.00282187 0.00286
         vertex 0.000961732 0.00281425 0.00286
      endloop
   endfacet
   facet normal 0 0 1
      outer loop
         vertex 0.001 0.00342187 0.00286
         vertex 0.0009 0.00352187 0.00286
         vertex 0.000907612 0.0034836 0.00286
      endloop
   endfacet
   facet normal 0 0 1
      outer loop
         vertex 0.001 0.00342187 0.00286
         vertex 0.001 0.00372187 0.00286
         vertex 0.0009 0.00362187 0.00286
      endloop
   endfacet
   facet normal 0 0 1
      outer loop
         vertex 0.000907612 0.00366013 0.00286
         vertex 0.001 0.00372187 0.00286
         vertex 0.000961732 0.00371425 0.00286
      endloop
   endfacet
   facet normal 0 0 1
      outer loop
         vertex 0.0009 0.00272187 0.00286
         vertex 0.0009 0.00262187 0.00286
         vertex 0.001 0.00252187 0.00286
      endloop
   endfacet
   facet normal 0 0 1
      outer loop
         vertex 0.000961732 0.00281425 0.00286
         vertex 0.000929289 0.00279258 0.00286
         vertex 0.000907612 0.00276013 0.00286
      endloop
   endfacet
   facet normal 0 0 1
      outer loop
         vertex 0.0009 0.00362187 0.00286
         vertex 0.0009 0.00352187 0.00286
         vertex 0.001 0.00342187 0.00286
      endloop
   endfacet
   facet normal 0 0 1
      outer loop
         vertex 0.000961732 0.00371425 0.00286
         vertex 0.000929289 0.00369258 0.00286
         vertex 0.000907612 0.00366013 0.00286
      endloop
   endfacet
   facet normal 0 0 1
      outer loop
         vertex 0.000907612 0.00276013 0.00286
         vertex 0.0009 0.00272187 0.00286
         vertex 0.001 0.00282187 0.00286
      endloop
   endfacet
   facet normal 0 0 1
      outer loop
         vertex 0.001 0.00252187 0.00286
         vertex 0.0025 0.00252187 0.00286
         vertex 0.0022 0.00282187 0.00286
      endloop
   endfacet
   facet normal 0 0 1
      outer loop
         vertex 0.00238478 0.00294533 0.00286
         vertex 0.00271213 0.00260973 0.00286
         vertex 0.00277716 0.00270706 0.00286
      endloop
   endfacet
   facet normal 0 0 1
      outer loop
         vertex 0.00271213 0.00260973 0.00286
         vertex 0.00238478 0.00294533 0.00286
         vertex 0.00234142 0.00288044 0.00286
      endloop
   endfacet
   facet normal 0 0 1
      outer loop
         vertex 0.001 0.00372187 0.00286
         vertex 0.001 0.00342187 0.00286
         vertex 0.0022 0.00342187 0.00286
      endloop
   endfacet
   facet normal 0 0 1
      outer loop
         vertex 0.000907612 0.00366013 0.00286
         vertex 0.0009 0.00362187 0.00286
         vertex 0.001 0.00372187 0.00286
      endloop
   endfacet
   facet normal 0 0 1
      outer loop
         vertex 0.0022 0.00282187 0.00286
         vertex 0.001 0.00282187 0.00286
         vertex 0.001 0.00252187 0.00286
      endloop
   endfacet
   facet normal 0 0 1
      outer loop
         vertex 0.00234142 0.00288044 0.00286
         vertex 0.00227654 0.00283709 0.00286
         vertex 0.0025 0.00252187 0.00286
      endloop
   endfacet
   facet normal 0 0 1
      outer loop
         vertex 0.00234142 0.00288044 0.00286
         vertex 0.00261481 0.0025447 0.00286
         vertex 0.00271213 0.00260973 0.00286
      endloop
   endfacet
   facet normal 0 0 1
      outer loop
         vertex 0.0028 0.00282187 0.00286
         vertex 0.0028 0.00342187 0.00286
         vertex 0.0024 0.00322187 0.00286
      endloop
   endfacet
   facet normal 0 0 1
      outer loop
         vertex 0.000961732 0.00342948 0.00286
         vertex 0.001 0.00342187 0.00286
         vertex 0.000907612 0.0034836 0.00286
      endloop
   endfacet
   facet normal 0 0 1
      outer loop
         vertex 0.0025 0.00252187 0.00286
         vertex 0.00227654 0.00283709 0.00286
         vertex 0.0022 0.00282187 0.00286
      endloop
   endfacet
   facet normal 0 0 1
      outer loop
         vertex 0.00277716 0.00270706 0.00286
         vertex 0.0028 0.00282187 0.00286
         vertex 0.00238478 0.00294533 0.00286
      endloop
   endfacet
   facet normal 0 0 1
      outer loop
         vertex 0.0024 0.00322187 0.00286
         vertex 0.0024 0.00302187 0.00286
         vertex 0.0028 0.00282187 0.00286
      endloop
   endfacet
   facet normal 0 0 1
      outer loop
         vertex 0.00271213 0.003634 0.00286
         vertex 0.00261481 0.00369903 0.00286
         vertex 0.00234142 0.00336329 0.00286
      endloop
   endfacet
   facet normal 0 0 1
      outer loop
         vertex 0.00238478 0.0032984 0.00286
         vertex 0.0028 0.00342187 0.00286
         vertex 0.00277716 0.00353667 0.00286
      endloop
   endfacet
   facet normal 0 0 1
      outer loop
         vertex 0.00234142 0.00336329 0.00286
         vertex 0.00261481 0.00369903 0.00286
         vertex 0.0025 0.00372187 0.00286
      endloop
   endfacet
   facet normal 0 0 1
      outer loop
         vertex 0.0022 0.00342187 0.00286
         vertex 0.0025 0.00372187 0.00286
         vertex 0.001 0.00372187 0.00286
      endloop
   endfacet
   facet normal 0 0 1
      outer loop
         vertex 0.0025 0.00252187 0.00286
         vertex 0.00261481 0.0025447 0.00286
         vertex 0.00234142 0.00288044 0.00286
      endloop
   endfacet
   facet normal 0 0 1
      outer loop
         vertex 0.0028 0.00342187 0.00286
         vertex 0.00238478 0.0032984 0.00286
         vertex 0.0024 0.00322187 0.00286
      endloop
   endfacet
   facet normal 0 0 1
      outer loop
         vertex 0.00277716 0.00353667 0.00286
         vertex 0.00271213 0.003634 0.00286
         vertex 0.00238478 0.0032984 0.00286
      endloop
   endfacet
   facet normal 0 0 1
      outer loop
         vertex 0.0022 0.00342187 0.00286
         vertex 0.00227654 0.00340664 0.00286
         vertex 0.0025 0.00372187 0.00286
      endloop
   endfacet
   facet normal 0 0 1
      outer loop
         vertex 0.0024 0.00302187 0.00286
         vertex 0.00238478 0.00294533 0.00286
         vertex 0.0028 0.00282187 0.00286
      endloop
   endfacet
   facet normal 0 0 1
      outer loop
         vertex 0.0025 0.00372187 0.00286
         vertex 0.00227654 0.00340664 0.00286
         vertex 0.00234142 0.00336329 0.00286
      endloop
   endfacet
   facet normal 0 0 1
      outer loop
         vertex 0.00234142 0.00336329 0.00286
         vertex 0.00238478 0.0032984 0.00286
         vertex 0.00271213 0.003634 0.00286
      endloop
   endfacet
   facet normal 0 0 1
      outer loop
         vertex 0.000961732 0.00252948 0.00286
         vertex 0.001 0.00252187 0.00286
         vertex 0.000907612 0.0025836 0.00286
      endloop
   endfacet
   facet normal 0.382683 0.92388 0
      outer loop
         vertex 0.000961732 0.00252948 0.00316
         vertex 0.001 0.00252187 0.00316
         vertex 0.001 0.00252187 0.00286
      endloop
   endfacet
   facet normal 0.707107 0.707107 0
      outer loop
         vertex 0.000929289 0.00255116 0.00316
         vertex 0.000961732 0.00252948 0.00316
         vertex 0.000961732 0.00252948 0.00286
      endloop
   endfacet
   facet normal 0.92388 0.382683 0
      outer loop
         vertex 0.000907612 0.0025836 0.00316
         vertex 0.000929289 0.00255116 0.00316
         vertex 0.000929289 0.00255116 0.00286
      endloop
   endfacet
   facet normal 1 0 0
      outer loop
         vertex 0.0009 0.00262187 0.00316
         vertex 0.000907612 0.0025836 0.00316
         vertex 0.000907612 0.0025836 0.00286
      endloop
   endfacet
   facet normal 0.92388 0.382683 0
      outer loop
         vertex 0.000907612 0.0025836 0.00286
         vertex 0.0009 0.00262187 0.00286
         vertex 0.0009 0.00262187 0.00316
      endloop
   endfacet
   facet normal 0.707107 0.707107 0
      outer loop
         vertex 0.000929289 0.00255116 0.00286
         vertex 0.000907612 0.0025836 0.00286
         vertex 0.000907612 0.0025836 0.00316
      endloop
   endfacet
   facet normal 0.382683 0.92388 0
      outer loop
         vertex 0.000961732 0.00252948 0.00286
         vertex 0.000929289 0.00255116 0.00286
         vertex 0.000929289 0.00255116 0.00316
      endloop
   endfacet
   facet normal 0 1 0
      outer loop
         vertex 0.001 0.00252187 0.00286
         vertex 0.000961732 0.00252948 0.00286
         vertex 0.000961732 0.00252948 0.00316
      endloop
   endfacet
   facet normal 1 0 0
      outer loop
         vertex 0.0009 0.00262187 0.00316
         vertex 0.0009 0.00262187 0.00286
         vertex 0.0009 0.00272187 0.00286
      endloop
   endfacet
   facet normal 1 0 0
      outer loop
         vertex 0.0009 0.00272187 0.00286
         vertex 0.0009 0.00272187 0.00316
         vertex 0.0009 0.00262187 0.00316
      endloop
   endfacet
   facet normal 0.92388 -0.382683 0
      outer loop
         vertex 0.000907612 0.00276013 0.00316
         vertex 0.0009 0.00272187 0.00316
         vertex 0.0009 0.00272187 0.00286
      endloop
   endfacet
   facet normal 0.707107 -0.707107 0
      outer loop
         vertex 0.000929289 0.00279258 0.00316
         vertex 0.000907612 0.00276013 0.00316
         vertex 0.000907612 0.00276013 0.00286
      endloop
   endfacet
   facet normal 0.382683 -0.92388 0
      outer loop
         vertex 0.000961732 0.00281425 0.00316
         vertex 0.000929289 0.00279258 0.00316
         vertex 0.000929289 0.00279258 0.00286
      endloop
   endfacet
   facet normal 0 -1 0
      outer loop
         vertex 0.001 0.00282187 0.00316
         vertex 0.000961732 0.00281425 0.00316
         vertex 0.000961732 0.00281425 0.00286
      endloop
   endfacet
   facet normal 0.382683 -0.92388 0
      outer loop
         vertex 0.000961732 0.00281425 0.00286
         vertex 0.001 0.00282187 0.00286
         vertex 0.001 0.00282187 0.00316
      endloop
   endfacet
   facet normal 0.707107 -0.707107 0
      outer loop
         vertex 0.000929289 0.00279258 0.00286
         vertex 0.000961732 0.00281425 0.00286
         vertex 0.000961732 0.00281425 0.00316
      endloop
   endfacet
   facet normal 0.92388 -0.382683 0
      outer loop
         vertex 0.000907612 0.00276013 0.00286
         vertex 0.000929289 0.00279258 0.00286
         vertex 0.000929289 0.00279258 0.00316
      endloop
   endfacet
   facet normal 1 0 0
      outer loop
         vertex 0.0009 0.00272187 0.00286
         vertex 0.000907612 0.00276013 0.00286
         vertex 0.000907612 0.00276013 0.00316
      endloop
   endfacet
   facet normal 0 -1 0
      outer loop
         vertex 0.001 0.00282187 0.00316
         vertex 0.001 0.00282187 0.00286
         vertex 0.0022 0.00282187 0.00286
      endloop
   endfacet
   facet normal 0 -1 0
      outer loop
         vertex 0.0022 0.00282187 0.00286
         vertex 0.0022 0.00282187 0.00316
         vertex 0.001 0.00282187 0.00316
      endloop
   endfacet
   facet normal 0 -1 0
      outer loop
         vertex 0.0022 0.00282187 0.00316
         vertex 0.0022 0.00282187 0.00286
         vertex 0.00227654 0.00283709 0.00286
      endloop
   endfacet
   facet normal 0.382683 -0.92388 0
      outer loop
         vertex 0.00227654 0.00283709 0.00316
         vertex 0.00227654 0.00283709 0.00286
         vertex 0.00234142 0.00288044 0.00286
      endloop
   endfacet
   facet normal 0.707107 -0.707107 0
      outer loop
         vertex 0.00234142 0.00288044 0.00316
         vertex 0.00234142 0.00288044 0.00286
         vertex 0.00238478 0.00294533 0.00286
      endloop
   endfacet
   facet normal 0.92388 -0.382683 0
      outer loop
         vertex 0.00238478 0.00294533 0.00316
         vertex 0.00238478 0.00294533 0.00286
         vertex 0.0024 0.00302187 0.00286
      endloop
   endfacet
   facet normal 1 0 0
      outer loop
         vertex 0.0024 0.00302187 0.00286
         vertex 0.0024 0.00302187 0.00316
         vertex 0.00238478 0.00294533 0.00316
      endloop
   endfacet
   facet normal 0.92388 -0.382683 0
      outer loop
         vertex 0.00238478 0.00294533 0.00286
         vertex 0.00238478 0.00294533 0.00316
         vertex 0.00234142 0.00288044 0.00316
      endloop
   endfacet
   facet normal 0.707107 -0.707107 0
      outer loop
         vertex 0.00234142 0.00288044 0.00286
         vertex 0.00234142 0.00288044 0.00316
         vertex 0.00227654 0.00283709 0.00316
      endloop
   endfacet
   facet normal 0.382683 -0.92388 0
      outer loop
         vertex 0.00227654 0.00283709 0.00286
         vertex 0.00227654 0.00283709 0.00316
         vertex 0.0022 0.00282187 0.00316
      endloop
   endfacet
   facet normal 1 0 0
      outer loop
         vertex 0.0024 0.00302187 0.00316
         vertex 0.0024 0.00302187 0.00286
         vertex 0.0024 0.00322187 0.00286
      endloop
   endfacet
   facet normal 1 0 0
      outer loop
         vertex 0.0024 0.00322187 0.00286
         vertex 0.0024 0.00322187 0.00316
         vertex 0.0024 0.00302187 0.00316
      endloop
   endfacet
   facet normal 1 0 0
      outer loop
         vertex 0.0024 0.00322187 0.00316
         vertex 0.0024 0.00322187 0.00286
         vertex 0.00238478 0.0032984 0.00286
      endloop
   endfacet
   facet normal 0.92388 0.382683 0
      outer loop
         vertex 0.00238478 0.0032984 0.00316
         vertex 0.00238478 0.0032984 0.00286
         vertex 0.00234142 0.00336329 0.00286
      endloop
   endfacet
   facet normal 0.707107 0.707107 0
      outer loop
         vertex 0.00234142 0.00336329 0.00316
         vertex 0.00234142 0.00336329 0.00286
         vertex 0.00227654 0.00340664 0.00286
      endloop
   endfacet
   facet normal 0.382683 0.92388 0
      outer loop
         vertex 0.00227654 0.00340664 0.00316
         vertex 0.00227654 0.00340664 0.00286
         vertex 0.0022 0.00342187 0.00286
      endloop
   endfacet
   facet normal 0 1 0
      outer loop
         vertex 0.0022 0.00342187 0.00286
         vertex 0.0022 0.00342187 0.00316
         vertex 0.00227654 0.00340664 0.00316
      endloop
   endfacet
   facet normal 0.382683 0.92388 0
      outer loop
         vertex 0.00227654 0.00340664 0.00286
         vertex 0.00227654 0.00340664 0.00316
         vertex 0.00234142 0.00336329 0.00316
      endloop
   endfacet
   facet normal 0.707107 0.707107 0
      outer loop
         vertex 0.00234142 0.00336329 0.00286
         vertex 0.00234142 0.00336329 0.00316
         vertex 0.00238478 0.0032984 0.00316
      endloop
   endfacet
   facet normal 0.92388 0.382683 0
      outer loop
         vertex 0.00238478 0.0032984 0.00286
         vertex 0.00238478 0.0032984 0.00316
         vertex 0.0024 0.00322187 0.00316
      endloop
   endfacet
   facet normal 0 1 0
      outer loop
         vertex 0.0022 0.00342187 0.00316
         vertex 0.0022 0.00342187 0.00286
         vertex 0.001 0.00342187 0.00286
      endloop
   endfacet
   facet normal 0 1 0
      outer loop
         vertex 0.001 0.00342187 0.00286
         vertex 0.001 0.00342187 0.00316
         vertex 0.0022 0.00342187 0.00316
      endloop
   endfacet
   facet normal 0.382683 0.92388 0
      outer loop
         vertex 0.000961732 0.00342948 0.00316
         vertex 0.001 0.00342187 0.00316
         vertex 0.001 0.00342187 0.00286
      endloop
   endfacet
   facet normal 0.707107 0.707107 0
      outer loop
         vertex 0.000929289 0.00345116 0.00316
         vertex 0.000961732 0.00342948 0.00316
         vertex 0.000961732 0.00342948 0.00286
      endloop
   endfacet
   facet normal 0.92388 0.382683 0
      outer loop
         vertex 0.000907612 0.0034836 0.00316
         vertex 0.000929289 0.00345116 0.00316
         vertex 0.000929289 0.00345116 0.00286
      endloop
   endfacet
   facet normal 1 0 0
      outer loop
         vertex 0.0009 0.00352187 0.00316
         vertex 0.000907612 0.0034836 0.00316
         vertex 0.000907612 0.0034836 0.00286
      endloop
   endfacet
   facet normal 0.92388 0.382683 0
      outer loop
         vertex 0.000907612 0.0034836 0.00286
         vertex 0.0009 0.00352187 0.00286
         vertex 0.0009 0.00352187 0.00316
      endloop
   endfacet
   facet normal 0.707107 0.707107 0
      outer loop
         vertex 0.000929289 0.00345116 0.00286
         vertex 0.000907612 0.0034836 0.00286
         vertex 0.000907612 0.0034836 0.00316
      endloop
   endfacet
   facet normal 0.382683 0.92388 0
      outer loop
         vertex 0.000961732 0.00342948 0.00286
         vertex 0.000929289 0.00345116 0.00286
         vertex 0.000929289 0.00345116 0.00316
      endloop
   endfacet
   facet normal 0 1 0
      outer loop
         vertex 0.001 0.00342187 0.00286
         vertex 0.000961732 0.00342948 0.00286
         vertex 0.000961732 0.00342948 0.00316
      endloop
   endfacet
   facet normal 1 0 0
      outer loop
         vertex 0.0009 0.00352187 0.00316
         vertex 0.0009 0.00352187 0.00286
         vertex 0.0009 0.00362187 0.00286
      endloop
   endfacet
   facet normal 1 0 0
      outer loop
         vertex 0.0009 0.00362187 0.00286
         vertex 0.0009 0.00362187 0.00316
         vertex 0.0009 0.00352187 0.00316
      endloop
   endfacet
   facet normal 0.92388 -0.382683 0
      outer loop
         vertex 0.000907612 0.00366013 0.00316
         vertex 0.0009 0.00362187 0.00316
         vertex 0.0009 0.00362187 0.00286
      endloop
   endfacet
   facet normal 0.707107 -0.707107 0
      outer loop
         vertex 0.000929289 0.00369258 0.00316
         vertex 0.000907612 0.00366013 0.00316
         vertex 0.000907612 0.00366013 0.00286
      endloop
   endfacet
   facet normal 0.382683 -0.92388 0
      outer loop
         vertex 0.000961732 0.00371425 0.00316
         vertex 0.000929289 0.00369258 0.00316
         vertex 0.000929289 0.00369258 0.00286
      endloop
   endfacet
   facet normal 0 -1 0
      outer loop
         vertex 0.001 0.00372187 0.00316
         vertex 0.000961732 0.00371425 0.00316
         vertex 0.000961732 0.00371425 0.00286
      endloop
   endfacet
   facet normal 0.382683 -0.92388 0
      outer loop
         vertex 0.000961732 0.00371425 0.00286
         vertex 0.001 0.00372187 0.00286
         vertex 0.001 0.00372187 0.00316
      endloop
   endfacet
   facet normal 0.707107 -0.707107 0
      outer loop
         vertex 0.000929289 0.00369258 0.00286
         vertex 0.000961732 0.00371425 0.00286
         vertex 0.000961732 0.00371425 0.00316
      endloop
   endfacet
   facet normal 0.92388 -0.382683 0
      outer loop
         vertex 0.000907612 0.00366013 0.00286
         vertex 0.000929289 0.00369258 0.00286
         vertex 0.000929289 0.00369258 0.00316
      endloop
   endfacet
   facet normal 1 0 0
      outer loop
         vertex 0.0009 0.00362187 0.00286
         vertex 0.000907612 0.00366013 0.00286
         vertex 0.000907612 0.00366013 0.00316
      endloop
   endfacet
   facet normal 0 -1 0
      outer loop
         vertex 0.001 0.00372187 0.00316
         vertex 0.001 0.00372187 0.00286
         vertex 0.0025 0.00372187 0.00286
      endloop
   endfacet
   facet normal 0 -1 0
      outer loop
         vertex 0.0025 0.00372187 0.00286
         vertex 0.0025 0.00372187 0.00316
         vertex 0.001 0.00372187 0.00316
      endloop
   endfacet
   facet normal -0.382683 -0.92388 0
      outer loop
         vertex 0.00261481 0.00369903 0.00316
         vertex 0.0025 0.00372187 0.00316
         vertex 0.0025 0.00372187 0.00286
      endloop
   endfacet
   facet normal -0.707107 -0.707107 0
      outer loop
         vertex 0.00271213 0.003634 0.00316
         vertex 0.00261481 0.00369903 0.00316
         vertex 0.00261481 0.00369903 0.00286
      endloop
   endfacet
   facet normal -0.92388 -0.382683 0
      outer loop
         vertex 0.00277716 0.00353667 0.00316
         vertex 0.00271213 0.003634 0.00316
         vertex 0.00271213 0.003634 0.00286
      endloop
   endfacet
   facet normal -1 0 0
      outer loop
         vertex 0.0028 0.00342187 0.00316
         vertex 0.00277716 0.00353667 0.00316
         vertex 0.00277716 0.00353667 0.00286
      endloop
   endfacet
   facet normal -0.92388 -0.382683 0
      outer loop
         vertex 0.00277716 0.00353667 0.00286
         vertex 0.0028 0.00342187 0.00286
         vertex 0.0028 0.00342187 0.00316
      endloop
   endfacet
   facet normal -0.707107 -0.707107 0
      outer loop
         vertex 0.00271213 0.003634 0.00286
         vertex 0.00277716 0.00353667 0.00286
         vertex 0.00277716 0.00353667 0.00316
      endloop
   endfacet
   facet normal -0.382683 -0.92388 0
      outer loop
         vertex 0.00261481 0.00369903 0.00286
         vertex 0.00271213 0.003634 0.00286
         vertex 0.00271213 0.003634 0.00316
      endloop
   endfacet
   facet normal 0 -1 0
      outer loop
         vertex 0.0025 0.00372187 0.00286
         vertex 0.00261481 0.00369903 0.00286
         vertex 0.00261481 0.00369903 0.00316
      endloop
   endfacet
   facet normal -1 0 0
      outer loop
         vertex 0.0028 0.00342187 0.00316
         vertex 0.0028 0.00342187 0.00286
         vertex 0.0028 0.00282187 0.00286
      endloop
   endfacet
   facet normal -1 0 0
      outer loop
         vertex 0.0028 0.00282187 0.00286
         vertex 0.0028 0.00282187 0.00316
         vertex 0.0028 0.00342187 0.00316
      endloop
   endfacet
   facet normal -0.92388 0.382683 0
      outer loop
         vertex 0.00277716 0.00270706 0.00316
         vertex 0.0028 0.00282187 0.00316
         vertex 0.0028 0.00282187 0.00286
      endloop
   endfacet
   facet normal -0.707107 0.707107 0
      outer loop
         vertex 0.00271213 0.00260973 0.00316
         vertex 0.00277716 0.00270706 0.00316
         vertex 0.00277716 0.00270706 0.00286
      endloop
   endfacet
   facet normal -0.382683 0.92388 0
      outer loop
         vertex 0.00261481 0.0025447 0.00316
         vertex 0.00271213 0.00260973 0.00316
         vertex 0.00271213 0.00260973 0.00286
      endloop
   endfacet
   facet normal 0 1 0
      outer loop
         vertex 0.0025 0.00252187 0.00316
         vertex 0.00261481 0.0025447 0.00316
         vertex 0.00261481 0.0025447 0.00286
      endloop
   endfacet
   facet normal -0.382683 0.92388 0
      outer loop
         vertex 0.00261481 0.0025447 0.00286
         vertex 0.0025 0.00252187 0.00286
         vertex 0.0025 0.00252187 0.00316
      endloop
   endfacet
   facet normal -0.707107 0.707107 0
      outer loop
         vertex 0.00271213 0.00260973 0.00286
         vertex 0.00261481 0.0025447 0.00286
         vertex 0.00261481 0.0025447 0.00316
      endloop
   endfacet
   facet normal -0.92388 0.382683 0
      outer loop
         vertex 0.00277716 0.00270706 0.00286
         vertex 0.00271213 0.00260973 0.00286
         vertex 0.00271213 0.00260973 0.00316
      endloop
   endfacet
   facet normal -1 0 0
      outer loop
         vertex 0.0028 0.00282187 0.00286
         vertex 0.00277716 0.00270706 0.00286
         vertex 0.00277716 0.00270706 0.00316
      endloop
   endfacet
   facet normal 0 0 -1
      outer loop
         vertex -0.00417 0.00414687 0.00015
         vertex -0.00417 0.00465187 0.00015
         vertex -0.00381 0.00465187 0.00015
      endloop
   endfacet
   facet normal 0 0 -1
      outer loop
         vertex -0.0025 0.00271187 0.00015
         vertex -0.00265 0.00319187 0.00015
         vertex -0.00265 0.00364187 0.00015
      endloop
   endfacet
   facet normal 0 0 -1
      outer loop
         vertex -0.003 0.00271187 0.00015
         vertex -0.00285 0.00319187 0.00015
         vertex -0.00265 0.00319187 0.00015
      endloop
   endfacet
   facet normal 0 0 -1
      outer loop
         vertex -0.00265 0.00319187 0.00015
         vertex -0.0025 0.00271187 0.00015
         vertex -0.003 0.00271187 0.00015
      endloop
   endfacet
   facet normal 0 0 -1
      outer loop
         vertex -0.003 0.00271187 0.00015
         vertex -0.003 0.00414687 0.00015
         vertex -0.00285 0.00364187 0.00015
      endloop
   endfacet
   facet normal 0 0 -1
      outer loop
         vertex -0.003 0.00414687 0.00015
         vertex -0.0025 0.00414687 0.00015
         vertex -0.00265 0.00364187 0.00015
      endloop
   endfacet
   facet normal 0 0 -1
      outer loop
         vertex -0.00285 0.00364187 0.00015
         vertex -0.00285 0.00319187 0.00015
         vertex -0.003 0.00271187 0.00015
      endloop
   endfacet
   facet normal 0 0 -1
      outer loop
         vertex -0.00265 0.00364187 0.00015
         vertex -0.0025 0.00414687 0.00015
         vertex -0.0025 0.00271187 0.00015
      endloop
   endfacet
   facet normal 0 0 -1
      outer loop
         vertex -0.002 0.00271187 0.00015
         vertex -0.00215 0.00319187 0.00015
         vertex -0.00215 0.00364187 0.00015
      endloop
   endfacet
   facet normal 0 0 -1
      outer loop
         vertex -0.0025 0.00271187 0.00015
         vertex -0.00235 0.00319187 0.00015
         vertex -0.00215 0.00319187 0.00015
      endloop
   endfacet
   facet normal 0 0 -1
      outer loop
         vertex -0.00215 0.00319187 0.00015
         vertex -0.002 0.00271187 0.00015
         vertex -0.0025 0.00271187 0.00015
      endloop
   endfacet
   facet normal 0 0 -1
      outer loop
         vertex -0.0025 0.00271187 0.00015
         vertex -0.0025 0.00414687 0.00015
         vertex -0.00235 0.00364187 0.00015
      endloop
   endfacet
   facet normal 0 0 -1
      outer loop
         vertex -0.0025 0.00414687 0.00015
         vertex -0.002 0.00414687 0.00015
         vertex -0.00215 0.00364187 0.00015
      endloop
   endfacet
   facet normal 0 0 -1
      outer loop
         vertex -0.00235 0.00364187 0.00015
         vertex -0.00235 0.00319187 0.00015
         vertex -0.0025 0.00271187 0.00015
      endloop
   endfacet
   facet normal 0 0 -1
      outer loop
         vertex -0.00215 0.00364187 0.00015
         vertex -0.002 0.00414687 0.00015
         vertex -0.002 0.00271187 0.00015
      endloop
   endfacet
   facet normal 0 0 -1
      outer loop
         vertex -0.0015 0.00271187 0.00015
         vertex -0.00165 0.00319187 0.00015
         vertex -0.00165 0.00364187 0.00015
      endloop
   endfacet
   facet normal 0 0 -1
      outer loop
         vertex -0.0015 0.00271187 0.00015
         vertex -0.002 0.00271187 0.00015
         vertex -0.00185 0.00319187 0.00015
      endloop
   endfacet
   facet normal 0 0 -1
      outer loop
         vertex -0.00185 0.00319187 0.00015
         vertex -0.00165 0.00319187 0.00015
         vertex -0.0015 0.00271187 0.00015
      endloop
   endfacet
   facet normal 0 0 -1
      outer loop
         vertex -0.002 0.00271187 0.00015
         vertex -0.002 0.00414687 0.00015
         vertex -0.00185 0.00364187 0.00015
      endloop
   endfacet
   facet normal 0 0 -1
      outer loop
         vertex -0.0015 0.00414687 0.00015
         vertex -0.00165 0.00364187 0.00015
         vertex -0.00185 0.00364187 0.00015
      endloop
   endfacet
   facet normal 0 0 -1
      outer loop
         vertex -0.00185 0.00364187 0.00015
         vertex -0.00185 0.00319187 0.00015
         vertex -0.002 0.00271187 0.00015
      endloop
   endfacet
   facet normal 0 0 -1
      outer loop
         vertex -0.00165 0.00364187 0.00015
         vertex -0.0015 0.00414687 0.00015
         vertex -0.0015 0.00271187 0.00015
      endloop
   endfacet
   facet normal 0 0 -1
      outer loop
         vertex -0.001 0.00271187 0.00015
         vertex -0.00115 0.00319187 0.00015
         vertex -0.00115 0.00364187 0.00015
      endloop
   endfacet
   facet normal 0 0 -1
      outer loop
         vertex -0.001 0.00271187 0.00015
         vertex -0.0015 0.00271187 0.00015
         vertex -0.00135 0.00319187 0.00015
      endloop
   endfacet
   facet normal 0 0 -1
      outer loop
         vertex -0.00135 0.00319187 0.00015
         vertex -0.00115 0.00319187 0.00015
         vertex -0.001 0.00271187 0.00015
      endloop
   endfacet
   facet normal 0 0 -1
      outer loop
         vertex -0.0015 0.00271187 0.00015
         vertex -0.0015 0.00414687 0.00015
         vertex -0.00135 0.00364187 0.00015
      endloop
   endfacet
   facet normal 0 0 -1
      outer loop
         vertex -0.001 0.00414687 0.00015
         vertex -0.00115 0.00364187 0.00015
         vertex -0.00135 0.00364187 0.00015
      endloop
   endfacet
   facet normal 0 0 -1
      outer loop
         vertex -0.00135 0.00364187 0.00015
         vertex -0.00135 0.00319187 0.00015
         vertex -0.0015 0.00271187 0.00015
      endloop
   endfacet
   facet normal 0 0 -1
      outer loop
         vertex -0.00115 0.00364187 0.00015
         vertex -0.001 0.00414687 0.00015
         vertex -0.001 0.00271187 0.00015
      endloop
   endfacet
   facet normal 0 0 -1
      outer loop
         vertex 0 0.00271187 0.00015
         vertex -0.00065 0.00319187 0.00015
         vertex -0.00035 0.00319187 0.00015
      endloop
   endfacet
   facet normal 0 0 -1
      outer loop
         vertex -0.001 0.00414687 0.00015
         vertex -0.00035 0.00364187 0.00015
         vertex -0.00065 0.00364187 0.00015
      endloop
   endfacet
   facet normal 0 0 -1
      outer loop
         vertex 0 0.00271187 0.00015
         vertex -0.00015 0.00319187 0.00015
         vertex -0.00015 0.00364187 0.00015
      endloop
   endfacet
   facet normal 0 0 -1
      outer loop
         vertex -0.00065 0.00319187 0.00015
         vertex -0.00065 0.00364187 0.00015
         vertex -0.00035 0.00319187 0.00015
      endloop
   endfacet
   facet normal 0 0 -1
      outer loop
         vertex -0.00035 0.00364187 0.00015
         vertex -0.00035 0.00319187 0.00015
         vertex -0.00065 0.00364187 0.00015
      endloop
   endfacet
   facet normal 0 0 -1
      outer loop
         vertex -0.00035 0.00319187 0.00015
         vertex -0.00015 0.00319187 0.00015
         vertex 0 0.00271187 0.00015
      endloop
   endfacet
   facet normal 0 0 -1
      outer loop
         vertex -0.00015 0.00364187 0.00015
         vertex 0 0.00414687 0.00015
         vertex 0 0.00271187 0.00015
      endloop
   endfacet
   facet normal 0 0 -1
      outer loop
         vertex -0.001 0.00271187 0.00015
         vertex -0.00085 0.00319187 0.00015
         vertex -0.00065 0.00319187 0.00015
      endloop
   endfacet
   facet normal 0 0 -1
      outer loop
         vertex -0.00065 0.00319187 0.00015
         vertex 0 0.00271187 0.00015
         vertex -0.001 0.00271187 0.00015
      endloop
   endfacet
   facet normal 0 0 -1
      outer loop
         vertex -0.001 0.00271187 0.00015
         vertex -0.001 0.00414687 0.00015
         vertex -0.00085 0.00364187 0.00015
      endloop
   endfacet
   facet normal 0 0 -1
      outer loop
         vertex 0 0.00414687 0.00015
         vertex -0.00015 0.00364187 0.00015
         vertex -0.00035 0.00364187 0.00015
      endloop
   endfacet
   facet normal 0 0 -1
      outer loop
         vertex -0.00085 0.00364187 0.00015
         vertex -0.00085 0.00319187 0.00015
         vertex -0.001 0.00271187 0.00015
      endloop
   endfacet
   facet normal 0 0 -1
      outer loop
         vertex -0.00065 0.00364187 0.00015
         vertex -0.00085 0.00364187 0.00015
         vertex -0.001 0.00414687 0.00015
      endloop
   endfacet
   facet normal 0 0 -1
      outer loop
         vertex 0.0005 0.00271187 0.00015
         vertex 0.00035 0.00319187 0.00015
         vertex 0.00035 0.00364187 0.00015
      endloop
   endfacet
   facet normal 0 0 -1
      outer loop
         vertex 0.0005 0.00271187 0.00015
         vertex 0 0.00271187 0.00015
         vertex 0.00015 0.00319187 0.00015
      endloop
   endfacet
   facet normal 0 0 -1
      outer loop
         vertex 0.00015 0.00319187 0.00015
         vertex 0.00035 0.00319187 0.00015
         vertex 0.0005 0.00271187 0.00015
      endloop
   endfacet
   facet normal 0 0 -1
      outer loop
         vertex 0 0.00271187 0.00015
         vertex 0 0.00414687 0.00015
         vertex 0.00015 0.00364187 0.00015
      endloop
   endfacet
   facet normal 0 0 -1
      outer loop
         vertex 0 0.00414687 0.00015
         vertex 0.0005 0.00414687 0.00015
         vertex 0.00035 0.00364187 0.00015
      endloop
   endfacet
   facet normal 0 0 -1
      outer loop
         vertex 0.00015 0.00364187 0.00015
         vertex 0.00015 0.00319187 0.00015
         vertex 0 0.00271187 0.00015
      endloop
   endfacet
   facet normal 0 0 -1
      outer loop
         vertex 0.00035 0.00364187 0.00015
         vertex 0.0005 0.00414687 0.00015
         vertex 0.0005 0.00271187 0.00015
      endloop
   endfacet
   facet normal 0 0 -1
      outer loop
         vertex 0.001 0.00271187 0.00015
         vertex 0.00085 0.00319187 0.00015
         vertex 0.00085 0.00364187 0.00015
      endloop
   endfacet
   facet normal 0 0 -1
      outer loop
         vertex 0.0005 0.00271187 0.00015
         vertex 0.00065 0.00319187 0.00015
         vertex 0.00085 0.00319187 0.00015
      endloop
   endfacet
   facet normal 0 0 -1
      outer loop
         vertex 0.00085 0.00319187 0.00015
         vertex 0.001 0.00271187 0.00015
         vertex 0.0005 0.00271187 0.00015
      endloop
   endfacet
   facet normal 0 0 -1
      outer loop
         vertex 0.0005 0.00271187 0.00015
         vertex 0.0005 0.00414687 0.00015
         vertex 0.00065 0.00364187 0.00015
      endloop
   endfacet
   facet normal 0 0 -1
      outer loop
         vertex 0.0005 0.00414687 0.00015
         vertex 0.001 0.00414687 0.00015
         vertex 0.00085 0.00364187 0.00015
      endloop
   endfacet
   facet normal 0 0 -1
      outer loop
         vertex 0.00065 0.00364187 0.00015
         vertex 0.00065 0.00319187 0.00015
         vertex 0.0005 0.00271187 0.00015
      endloop
   endfacet
   facet normal 0 0 -1
      outer loop
         vertex 0.00085 0.00364187 0.00015
         vertex 0.001 0.00414687 0.00015
         vertex 0.001 0.00271187 0.00015
      endloop
   endfacet
   facet normal 0 0 -1
      outer loop
         vertex 0.0015 0.00271187 0.00015
         vertex 0.00135 0.00319187 0.00015
         vertex 0.00135 0.00364187 0.00015
      endloop
   endfacet
   facet normal 0 0 -1
      outer loop
         vertex 0.0015 0.00271187 0.00015
         vertex 0.001 0.00271187 0.00015
         vertex 0.00115 0.00319187 0.00015
      endloop
   endfacet
   facet normal 0 0 -1
      outer loop
         vertex 0.00115 0.00319187 0.00015
         vertex 0.00135 0.00319187 0.00015
         vertex 0.0015 0.00271187 0.00015
      endloop
   endfacet
   facet normal 0 0 -1
      outer loop
         vertex 0.001 0.00271187 0.00015
         vertex 0.001 0.00414687 0.00015
         vertex 0.00115 0.00364187 0.00015
      endloop
   endfacet
   facet normal 0 0 -1
      outer loop
         vertex 0.001 0.00414687 0.00015
         vertex 0.0015 0.00414687 0.00015
         vertex 0.00135 0.00364187 0.00015
      endloop
   endfacet
   facet normal 0 0 -1
      outer loop
         vertex 0.00115 0.00364187 0.00015
         vertex 0.00115 0.00319187 0.00015
         vertex 0.001 0.00271187 0.00015
      endloop
   endfacet
   facet normal 0 0 -1
      outer loop
         vertex 0.00135 0.00364187 0.00015
         vertex 0.0015 0.00414687 0.00015
         vertex 0.0015 0.00271187 0.00015
      endloop
   endfacet
   facet normal 0 0 -1
      outer loop
         vertex 0.002 0.00271187 0.00015
         vertex 0.00185 0.00319187 0.00015
         vertex 0.00185 0.00364187 0.00015
      endloop
   endfacet
   facet normal 0 0 -1
      outer loop
         vertex 0.002 0.00271187 0.00015
         vertex 0.0015 0.00271187 0.00015
         vertex 0.00165 0.00319187 0.00015
      endloop
   endfacet
   facet normal 0 0 -1
      outer loop
         vertex 0.00165 0.00319187 0.00015
         vertex 0.00185 0.00319187 0.00015
         vertex 0.002 0.00271187 0.00015
      endloop
   endfacet
   facet normal 0 0 -1
      outer loop
         vertex 0.0015 0.00271187 0.00015
         vertex 0.0015 0.00414687 0.00015
         vertex 0.00165 0.00364187 0.00015
      endloop
   endfacet
   facet normal 0 0 -1
      outer loop
         vertex 0.0015 0.00414687 0.00015
         vertex 0.002 0.00414687 0.00015
         vertex 0.00185 0.00364187 0.00015
      endloop
   endfacet
   facet normal 0 0 -1
      outer loop
         vertex 0.00165 0.00364187 0.00015
         vertex 0.00165 0.00319187 0.00015
         vertex 0.0015 0.00271187 0.00015
      endloop
   endfacet
   facet normal 0 0 -1
      outer loop
         vertex 0.00185 0.00364187 0.00015
         vertex 0.002 0.00414687 0.00015
         vertex 0.002 0.00271187 0.00015
      endloop
   endfacet
   facet normal 0 0 -1
      outer loop
         vertex 0.0025 0.00271187 0.00015
         vertex 0.00235 0.00319187 0.00015
         vertex 0.00235 0.00364187 0.00015
      endloop
   endfacet
   facet normal 0 0 -1
      outer loop
         vertex 0.0025 0.00271187 0.00015
         vertex 0.002 0.00271187 0.00015
         vertex 0.00215 0.00319187 0.00015
      endloop
   endfacet
   facet normal 0 0 -1
      outer loop
         vertex 0.00215 0.00319187 0.00015
         vertex 0.00235 0.00319187 0.00015
         vertex 0.0025 0.00271187 0.00015
      endloop
   endfacet
   facet normal 0 0 -1
      outer loop
         vertex 0.002 0.00271187 0.00015
         vertex 0.002 0.00414687 0.00015
         vertex 0.00215 0.00364187 0.00015
      endloop
   endfacet
   facet normal 0 0 -1
      outer loop
         vertex 0.002 0.00414687 0.00015
         vertex 0.0025 0.00414687 0.00015
         vertex 0.00235 0.00364187 0.00015
      endloop
   endfacet
   facet normal 0 0 -1
      outer loop
         vertex 0.00215 0.00364187 0.00015
         vertex 0.00215 0.00319187 0.00015
         vertex 0.002 0.00271187 0.00015
      endloop
   endfacet
   facet normal 0 0 -1
      outer loop
         vertex 0.00235 0.00364187 0.00015
         vertex 0.0025 0.00414687 0.00015
         vertex 0.0025 0.00271187 0.00015
      endloop
   endfacet
   facet normal 0 0 -1
      outer loop
         vertex 0.003 0.00271187 0.00015
         vertex 0.00285 0.00319187 0.00015
         vertex 0.00285 0.00364187 0.00015
      endloop
   endfacet
   facet normal 0 0 -1
      outer loop
         vertex 0.003 0.00271187 0.00015
         vertex 0.0025 0.00271187 0.00015
         vertex 0.00265 0.00319187 0.00015
      endloop
   endfacet
   facet normal 0 0 -1
      outer loop
         vertex 0.00265 0.00319187 0.00015
         vertex 0.00285 0.00319187 0.00015
         vertex 0.003 0.00271187 0.00015
      endloop
   endfacet
   facet normal 0 0 -1
      outer loop
         vertex 0.0025 0.00271187 0.00015
         vertex 0.0025 0.00414687 0.00015
         vertex 0.00265 0.00364187 0.00015
      endloop
   endfacet
   facet normal 0 0 -1
      outer loop
         vertex 0.0025 0.00414687 0.00015
         vertex 0.003 0.00414687 0.00015
         vertex 0.00285 0.00364187 0.00015
      endloop
   endfacet
   facet normal 0 0 -1
      outer loop
         vertex 0.00265 0.00364187 0.00015
         vertex 0.00265 0.00319187 0.00015
         vertex 0.0025 0.00271187 0.00015
      endloop
   endfacet
   facet normal 0 0 -1
      outer loop
         vertex 0.00285 0.00364187 0.00015
         vertex 0.003 0.00414687 0.00015
         vertex 0.003 0.00271187 0.00015
      endloop
   endfacet
   facet normal 0 0 -1
      outer loop
         vertex -0.003 0.00414687 0.00015
         vertex -0.00381 0.00414687 0.00015
         vertex -0.0031 0.00445187 0.00015
      endloop
   endfacet
   facet normal 0 0 -1
      outer loop
         vertex -0.00381 0.00465187 0.00015
         vertex -0.0031 0.00465187 0.00015
         vertex -0.0031 0.00445187 0.00015
      endloop
   endfacet
   facet normal 0 0 -1
      outer loop
         vertex -0.0031 0.00445187 0.00015
         vertex -0.00381 0.00414687 0.00015
         vertex -0.00381 0.00465187 0.00015
      endloop
   endfacet
   facet normal 0 0 -1
      outer loop
         vertex -0.0025 0.00414687 0.00015
         vertex -0.0029 0.00445187 0.00015
         vertex -0.0026 0.00445187 0.00015
      endloop
   endfacet
   facet normal 0 0 -1
      outer loop
         vertex -0.0026 0.00465187 0.00015
         vertex -0.0026 0.00445187 0.00015
         vertex -0.0029 0.00445187 0.00015
      endloop
   endfacet
   facet normal 0 0 -1
      outer loop
         vertex -0.0029 0.00445187 0.00015
         vertex -0.0029 0.00465187 0.00015
         vertex -0.0026 0.00465187 0.00015
      endloop
   endfacet
   facet normal 0 0 -1
      outer loop
         vertex -0.003 0.00414687 0.00015
         vertex -0.003 0.00445187 0.00015
         vertex -0.0029 0.00445187 0.00015
      endloop
   endfacet
   facet normal 0 0 -1
      outer loop
         vertex -0.0029 0.00445187 0.00015
         vertex -0.0025 0.00414687 0.00015
         vertex -0.003 0.00414687 0.00015
      endloop
   endfacet
   facet normal 0 0 -1
      outer loop
         vertex -0.002 0.00414687 0.00015
         vertex -0.0024 0.00445187 0.00015
         vertex -0.0021 0.00445187 0.00015
      endloop
   endfacet
   facet normal 0 0 -1
      outer loop
         vertex -0.0021 0.00465187 0.00015
         vertex -0.0021 0.00445187 0.00015
         vertex -0.0024 0.00445187 0.00015
      endloop
   endfacet
   facet normal 0 0 -1
      outer loop
         vertex -0.0024 0.00445187 0.00015
         vertex -0.0024 0.00465187 0.00015
         vertex -0.0021 0.00465187 0.00015
      endloop
   endfacet
   facet normal 0 0 -1
      outer loop
         vertex -0.0025 0.00414687 0.00015
         vertex -0.0025 0.00445187 0.00015
         vertex -0.0024 0.00445187 0.00015
      endloop
   endfacet
   facet normal 0 0 -1
      outer loop
         vertex -0.0024 0.00445187 0.00015
         vertex -0.002 0.00414687 0.00015
         vertex -0.0025 0.00414687 0.00015
      endloop
   endfacet
   facet normal 0 0 -1
      outer loop
         vertex -0.0015 0.00414687 0.00015
         vertex -0.0019 0.00445187 0.00015
         vertex -0.0016 0.00445187 0.00015
      endloop
   endfacet
   facet normal 0 0 -1
      outer loop
         vertex -0.0016 0.00465187 0.00015
         vertex -0.0016 0.00445187 0.00015
         vertex -0.0019 0.00445187 0.00015
      endloop
   endfacet
   facet normal 0 0 -1
      outer loop
         vertex -0.0019 0.00445187 0.00015
         vertex -0.0019 0.00465187 0.00015
         vertex -0.0016 0.00465187 0.00015
      endloop
   endfacet
   facet normal 0 0 -1
      outer loop
         vertex -0.002 0.00414687 0.00015
         vertex -0.002 0.00445187 0.00015
         vertex -0.0019 0.00445187 0.00015
      endloop
   endfacet
   facet normal 0 0 -1
      outer loop
         vertex -0.0019 0.00445187 0.00015
         vertex -0.0015 0.00414687 0.00015
         vertex -0.002 0.00414687 0.00015
      endloop
   endfacet
   facet normal 0 0 -1
      outer loop
         vertex -0.001 0.00414687 0.00015
         vertex -0.0014 0.00445187 0.00015
         vertex -0.0011 0.00445187 0.00015
      endloop
   endfacet
   facet normal 0 0 -1
      outer loop
         vertex -0.0011 0.00465187 0.00015
         vertex -0.0011 0.00445187 0.00015
         vertex -0.0014 0.00445187 0.00015
      endloop
   endfacet
   facet normal 0 0 -1
      outer loop
         vertex -0.0014 0.00445187 0.00015
         vertex -0.0014 0.00465187 0.00015
         vertex -0.0011 0.00465187 0.00015
      endloop
   endfacet
   facet normal 0 0 -1
      outer loop
         vertex -0.0015 0.00414687 0.00015
         vertex -0.0015 0.00445187 0.00015
         vertex -0.0014 0.00445187 0.00015
      endloop
   endfacet
   facet normal 0 0 -1
      outer loop
         vertex -0.0014 0.00445187 0.00015
         vertex -0.001 0.00414687 0.00015
         vertex -0.0015 0.00414687 0.00015
      endloop
   endfacet
   facet normal 0 0 -1
      outer loop
         vertex 0 0.00465187 0.00015
         vertex 0 0.00414687 0.00015
         vertex -0.0004 0.00445187 0.00015
      endloop
   endfacet
   facet normal 0 0 -1
      outer loop
         vertex 0 0.00414687 0.00015
         vertex -0.0009 0.00445187 0.00015
         vertex -0.0006 0.00445187 0.00015
      endloop
   endfacet
   facet normal 0 0 -1
      outer loop
         vertex -0.0006 0.00445187 0.00015
         vertex -0.0004 0.00445187 0.00015
         vertex 0 0.00414687 0.00015
      endloop
   endfacet
   facet normal 0 0 -1
      outer loop
         vertex -0.0006 0.00465187 0.00015
         vertex -0.0006 0.00445187 0.00015
         vertex -0.0009 0.00445187 0.00015
      endloop
   endfacet
   facet normal 0 0 -1
      outer loop
         vertex -0.0009 0.00445187 0.00015
         vertex -0.0009 0.00465187 0.00015
         vertex -0.0006 0.00465187 0.00015
      endloop
   endfacet
   facet normal 0 0 -1
      outer loop
         vertex -0.001 0.00414687 0.00015
         vertex -0.001 0.00445187 0.00015
         vertex -0.0009 0.00445187 0.00015
      endloop
   endfacet
   facet normal 0 0 -1
      outer loop
         vertex -0.0009 0.00445187 0.00015
         vertex 0 0.00414687 0.00015
         vertex -0.001 0.00414687 0.00015
      endloop
   endfacet
   facet normal 0 0 -1
      outer loop
         vertex 0.0005 0.00414687 0.00015
         vertex 0 0.00414687 0.00015
         vertex 0.0004 0.00445187 0.00015
      endloop
   endfacet
   facet normal 0 0 -1
      outer loop
         vertex 0 0.00465187 0.00015
         vertex 0.0004 0.00465187 0.00015
         vertex 0.0004 0.00445187 0.00015
      endloop
   endfacet
   facet normal 0 0 -1
      outer loop
         vertex 0.0004 0.00445187 0.00015
         vertex 0 0.00414687 0.00015
         vertex 0 0.00465187 0.00015
      endloop
   endfacet
   facet normal 0 0 -1
      outer loop
         vertex 0.001 0.00414687 0.00015
         vertex 0.0006 0.00445187 0.00015
         vertex 0.0009 0.00445187 0.00015
      endloop
   endfacet
   facet normal 0 0 -1
      outer loop
         vertex 0.0009 0.00465187 0.00015
         vertex 0.0009 0.00445187 0.00015
         vertex 0.0006 0.00445187 0.00015
      endloop
   endfacet
   facet normal 0 0 -1
      outer loop
         vertex 0.0006 0.00445187 0.00015
         vertex 0.0006 0.00465187 0.00015
         vertex 0.0009 0.00465187 0.00015
      endloop
   endfacet
   facet normal 0 0 -1
      outer loop
         vertex 0.0005 0.00414687 0.00015
         vertex 0.0005 0.00445187 0.00015
         vertex 0.0006 0.00445187 0.00015
      endloop
   endfacet
   facet normal 0 0 -1
      outer loop
         vertex 0.0006 0.00445187 0.00015
         vertex 0.001 0.00414687 0.00015
         vertex 0.0005 0.00414687 0.00015
      endloop
   endfacet
   facet normal 0 0 -1
      outer loop
         vertex 0.0015 0.00414687 0.00015
         vertex 0.0011 0.00445187 0.00015
         vertex 0.0014 0.00445187 0.00015
      endloop
   endfacet
   facet normal 0 0 -1
      outer loop
         vertex 0.0014 0.00465187 0.00015
         vertex 0.0014 0.00445187 0.00015
         vertex 0.0011 0.00445187 0.00015
      endloop
   endfacet
   facet normal 0 0 -1
      outer loop
         vertex 0.0011 0.00445187 0.00015
         vertex 0.0011 0.00465187 0.00015
         vertex 0.0014 0.00465187 0.00015
      endloop
   endfacet
   facet normal 0 0 -1
      outer loop
         vertex 0.001 0.00414687 0.00015
         vertex 0.001 0.00445187 0.00015
         vertex 0.0011 0.00445187 0.00015
      endloop
   endfacet
   facet normal 0 0 -1
      outer loop
         vertex 0.0011 0.00445187 0.00015
         vertex 0.0015 0.00414687 0.00015
         vertex 0.001 0.00414687 0.00015
      endloop
   endfacet
   facet normal 0 0 -1
      outer loop
         vertex 0.002 0.00414687 0.00015
         vertex 0.0016 0.00445187 0.00015
         vertex 0.0019 0.00445187 0.00015
      endloop
   endfacet
   facet normal 0 0 -1
      outer loop
         vertex 0.0019 0.00465187 0.00015
         vertex 0.0019 0.00445187 0.00015
         vertex 0.0016 0.00445187 0.00015
      endloop
   endfacet
   facet normal 0 0 -1
      outer loop
         vertex 0.0016 0.00445187 0.00015
         vertex 0.0016 0.00465187 0.00015
         vertex 0.0019 0.00465187 0.00015
      endloop
   endfacet
   facet normal 0 0 -1
      outer loop
         vertex 0.0015 0.00414687 0.00015
         vertex 0.0015 0.00445187 0.00015
         vertex 0.0016 0.00445187 0.00015
      endloop
   endfacet
   facet normal 0 0 -1
      outer loop
         vertex 0.0016 0.00445187 0.00015
         vertex 0.002 0.00414687 0.00015
         vertex 0.0015 0.00414687 0.00015
      endloop
   endfacet
   facet normal 0 0 -1
      outer loop
         vertex 0.0025 0.00414687 0.00015
         vertex 0.0021 0.00445187 0.00015
         vertex 0.0024 0.00445187 0.00015
      endloop
   endfacet
   facet normal 0 0 -1
      outer loop
         vertex 0.0024 0.00465187 0.00015
         vertex 0.0024 0.00445187 0.00015
         vertex 0.0021 0.00445187 0.00015
      endloop
   endfacet
   facet normal 0 0 -1
      outer loop
         vertex 0.0021 0.00445187 0.00015
         vertex 0.0021 0.00465187 0.00015
         vertex 0.0024 0.00465187 0.00015
      endloop
   endfacet
   facet normal 0 0 -1
      outer loop
         vertex 0.002 0.00414687 0.00015
         vertex 0.002 0.00445187 0.00015
         vertex 0.0021 0.00445187 0.00015
      endloop
   endfacet
   facet normal 0 0 -1
      outer loop
         vertex 0.0021 0.00445187 0.00015
         vertex 0.0025 0.00414687 0.00015
         vertex 0.002 0.00414687 0.00015
      endloop
   endfacet
   facet normal 0 0 -1
      outer loop
         vertex 0.003 0.00414687 0.00015
         vertex 0.0026 0.00445187 0.00015
         vertex 0.0029 0.00445187 0.00015
      endloop
   endfacet
   facet normal 0 0 -1
      outer loop
         vertex 0.0029 0.00465187 0.00015
         vertex 0.0029 0.00445187 0.00015
         vertex 0.0026 0.00445187 0.00015
      endloop
   endfacet
   facet normal 0 0 -1
      outer loop
         vertex 0.0026 0.00445187 0.00015
         vertex 0.0026 0.00465187 0.00015
         vertex 0.0029 0.00465187 0.00015
      endloop
   endfacet
   facet normal 0 0 -1
      outer loop
         vertex 0.0025 0.00414687 0.00015
         vertex 0.0025 0.00445187 0.00015
         vertex 0.0026 0.00445187 0.00015
      endloop
   endfacet
   facet normal 0 0 -1
      outer loop
         vertex 0.0026 0.00445187 0.00015
         vertex 0.003 0.00414687 0.00015
         vertex 0.0025 0.00414687 0.00015
      endloop
   endfacet
   facet normal 0 0 -1
      outer loop
         vertex 0.00417 0.00465187 0.00015
         vertex 0.00417 0.00414687 0.00015
         vertex 0.0031 0.00445187 0.00015
      endloop
   endfacet
   facet normal 0 0 -1
      outer loop
         vertex 0.003 0.00414687 0.00015
         vertex 0.003 0.00445187 0.00015
         vertex 0.0031 0.00445187 0.00015
      endloop
   endfacet
   facet normal 0 0 -1
      outer loop
         vertex 0.0031 0.00445187 0.00015
         vertex 0.00417 0.00414687 0.00015
         vertex 0.003 0.00414687 0.00015
      endloop
   endfacet
   facet normal 0 0 -1
      outer loop
         vertex 0.00417 0.00385187 0.00015
         vertex 0.00417 0.00311187 0.00015
         vertex 0.00377622 0.00311187 0.00015
      endloop
   endfacet
   facet normal 0 0 -1
      outer loop
         vertex 0.00345 0.00319187 0.00015
         vertex 0.00345 0.00364187 0.00015
         vertex 0.00377622 0.00311187 0.00015
      endloop
   endfacet
   facet normal 0 0 -1
      outer loop
         vertex 0.00345 0.00364187 0.00015
         vertex 0.00417 0.00414687 0.00015
         vertex 0.00417 0.00385187 0.00015
      endloop
   endfacet
   facet normal 0 0 -1
      outer loop
         vertex 0.003 0.00414687 0.00015
         vertex 0.00417 0.00414687 0.00015
         vertex 0.00345 0.00364187 0.00015
      endloop
   endfacet
   facet normal 0 0 -1
      outer loop
         vertex 0.00377622 0.00311187 0.00015
         vertex 0.00345 0.00364187 0.00015
         vertex 0.00417 0.00385187 0.00015
      endloop
   endfacet
   facet normal 0 0 -1
      outer loop
         vertex 0.00377622 0.00311187 0.00015
         vertex 0.00377622 0.00271187 0.00015
         vertex 0.00345 0.00319187 0.00015
      endloop
   endfacet
   facet normal 0 0 -1
      outer loop
         vertex 0.003 0.00271187 0.00015
         vertex 0.00315 0.00319187 0.00015
         vertex 0.00345 0.00319187 0.00015
      endloop
   endfacet
   facet normal 0 0 -1
      outer loop
         vertex 0.00345 0.00319187 0.00015
         vertex 0.00377622 0.00271187 0.00015
         vertex 0.003 0.00271187 0.00015
      endloop
   endfacet
   facet normal 0 0 -1
      outer loop
         vertex 0.003 0.00271187 0.00015
         vertex 0.003 0.00414687 0.00015
         vertex 0.00315 0.00364187 0.00015
      endloop
   endfacet
   facet normal 0 0 -1
      outer loop
         vertex 0.00315 0.00364187 0.00015
         vertex 0.00315 0.00319187 0.00015
         vertex 0.003 0.00271187 0.00015
      endloop
   endfacet
   facet normal 0 0 -1
      outer loop
         vertex -0.003 0.00414687 0.00015
         vertex -0.00315 0.00364187 0.00015
         vertex -0.00345 0.00364187 0.00015
      endloop
   endfacet
   facet normal 0 0 -1
      outer loop
         vertex -0.003 0.00271187 0.00015
         vertex -0.00315 0.00319187 0.00015
         vertex -0.00315 0.00364187 0.00015
      endloop
   endfacet
   facet normal 0 0 -1
      outer loop
         vertex -0.00377622 0.00271187 0.00015
         vertex -0.00377622 0.00311187 0.00015
         vertex -0.00345 0.00319187 0.00015
      endloop
   endfacet
   facet normal 0 0 -1
      outer loop
         vertex -0.00377622 0.00311187 0.00015
         vertex -0.00381 0.00414687 0.00015
         vertex -0.00345 0.00364187 0.00015
      endloop
   endfacet
   facet normal 0 0 -1
      outer loop
         vertex -0.00315 0.00364187 0.00015
         vertex -0.003 0.00414687 0.00015
         vertex -0.003 0.00271187 0.00015
      endloop
   endfacet
   facet normal 0 0 -1
      outer loop
         vertex -0.00345 0.00319187 0.00015
         vertex -0.003 0.00271187 0.00015
         vertex -0.00377622 0.00271187 0.00015
      endloop
   endfacet
   facet normal 0 0 -1
      outer loop
         vertex -0.00345 0.00364187 0.00015
         vertex -0.00345 0.00319187 0.00015
         vertex -0.00377622 0.00311187 0.00015
      endloop
   endfacet
   facet normal 0 0 -1
      outer loop
         vertex -0.00345 0.00319187 0.00015
         vertex -0.00315 0.00319187 0.00015
         vertex -0.003 0.00271187 0.00015
      endloop
   endfacet
   facet normal 0 0 -1
      outer loop
         vertex -0.00345 0.00364187 0.00015
         vertex -0.00381 0.00414687 0.00015
         vertex -0.003 0.00414687 0.00015
      endloop
   endfacet
   facet normal 0 0 -1
      outer loop
         vertex -0.00381 0.00311187 0.00015
         vertex -0.00417 0.00311187 0.00015
         vertex -0.00417 0.00385187 0.00015
      endloop
   endfacet
   facet normal 0 0 -1
      outer loop
         vertex -0.00417 0.00385187 0.00015
         vertex -0.00381 0.00414687 0.00015
         vertex -0.00381 0.00311187 0.00015
      endloop
   endfacet
   facet normal 0 0 -1
      outer loop
         vertex -0.00417 0.00385187 0.00015
         vertex -0.00417 0.00414687 0.00015
         vertex -0.00381 0.00414687 0.00015
      endloop
   endfacet
   facet normal 0 0 -1
      outer loop
         vertex -0.00377622 0.00311187 0.00015
         vertex -0.00381 0.00311187 0.00015
         vertex -0.00381 0.00414687 0.00015
      endloop
   endfacet
   facet normal 0 0 -1
      outer loop
         vertex 0.00345 0.00364187 0.00015
         vertex 0.00315 0.00364187 0.00015
         vertex 0.003 0.00414687 0.00015
      endloop
   endfacet
   facet normal 0 0 -1
      outer loop
         vertex 0.0031 0.00445187 0.00015
         vertex 0.0031 0.00465187 0.00015
         vertex 0.00417 0.00465187 0.00015
      endloop
   endfacet
   facet normal 0 0 -1
      outer loop
         vertex 0.0029 0.00445187 0.00015
         vertex 0.003 0.00445187 0.00015
         vertex 0.003 0.00414687 0.00015
      endloop
   endfacet
   facet normal 0 0 -1
      outer loop
         vertex 0.0024 0.00445187 0.00015
         vertex 0.0025 0.00445187 0.00015
         vertex 0.0025 0.00414687 0.00015
      endloop
   endfacet
   facet normal 0 0 -1
      outer loop
         vertex 0.0019 0.00445187 0.00015
         vertex 0.002 0.00445187 0.00015
         vertex 0.002 0.00414687 0.00015
      endloop
   endfacet
   facet normal 0 0 -1
      outer loop
         vertex 0.0014 0.00445187 0.00015
         vertex 0.0015 0.00445187 0.00015
         vertex 0.0015 0.00414687 0.00015
      endloop
   endfacet
   facet normal 0 0 -1
      outer loop
         vertex 0.0009 0.00445187 0.00015
         vertex 0.001 0.00445187 0.00015
         vertex 0.001 0.00414687 0.00015
      endloop
   endfacet
   facet normal 0 0 -1
      outer loop
         vertex 0.0004 0.00445187 0.00015
         vertex 0.0005 0.00445187 0.00015
         vertex 0.0005 0.00414687 0.00015
      endloop
   endfacet
   facet normal 0 0 -1
      outer loop
         vertex -0.0004 0.00445187 0.00015
         vertex -0.0004 0.00465187 0.00015
         vertex 0 0.00465187 0.00015
      endloop
   endfacet
   facet normal 0 0 -1
      outer loop
         vertex -0.0011 0.00445187 0.00015
         vertex -0.001 0.00445187 0.00015
         vertex -0.001 0.00414687 0.00015
      endloop
   endfacet
   facet normal 0 0 -1
      outer loop
         vertex -0.0016 0.00445187 0.00015
         vertex -0.0015 0.00445187 0.00015
         vertex -0.0015 0.00414687 0.00015
      endloop
   endfacet
   facet normal 0 0 -1
      outer loop
         vertex -0.0021 0.00445187 0.00015
         vertex -0.002 0.00445187 0.00015
         vertex -0.002 0.00414687 0.00015
      endloop
   endfacet
   facet normal 0 0 -1
      outer loop
         vertex -0.0026 0.00445187 0.00015
         vertex -0.0025 0.00445187 0.00015
         vertex -0.0025 0.00414687 0.00015
      endloop
   endfacet
   facet normal 0 0 -1
      outer loop
         vertex -0.0031 0.00445187 0.00015
         vertex -0.003 0.00445187 0.00015
         vertex -0.003 0.00414687 0.00015
      endloop
   endfacet
   facet normal 0 0 -1
      outer loop
         vertex 0.00285 0.00364187 0.00015
         vertex 0.00265 0.00364187 0.00015
         vertex 0.0025 0.00414687 0.00015
      endloop
   endfacet
   facet normal 0 0 -1
      outer loop
         vertex 0.00235 0.00364187 0.00015
         vertex 0.00215 0.00364187 0.00015
         vertex 0.002 0.00414687 0.00015
      endloop
   endfacet
   facet normal 0 0 -1
      outer loop
         vertex 0.00185 0.00364187 0.00015
         vertex 0.00165 0.00364187 0.00015
         vertex 0.0015 0.00414687 0.00015
      endloop
   endfacet
   facet normal 0 0 -1
      outer loop
         vertex 0.00135 0.00364187 0.00015
         vertex 0.00115 0.00364187 0.00015
         vertex 0.001 0.00414687 0.00015
      endloop
   endfacet
   facet normal 0 0 -1
      outer loop
         vertex 0.00085 0.00364187 0.00015
         vertex 0.00065 0.00364187 0.00015
         vertex 0.0005 0.00414687 0.00015
      endloop
   endfacet
   facet normal 0 0 -1
      outer loop
         vertex 0.00035 0.00364187 0.00015
         vertex 0.00015 0.00364187 0.00015
         vertex 0 0.00414687 0.00015
      endloop
   endfacet
   facet normal 0 0 -1
      outer loop
         vertex -0.00035 0.00364187 0.00015
         vertex -0.001 0.00414687 0.00015
         vertex 0 0.00414687 0.00015
      endloop
   endfacet
   facet normal 0 0 -1
      outer loop
         vertex -0.00135 0.00364187 0.00015
         vertex -0.0015 0.00414687 0.00015
         vertex -0.001 0.00414687 0.00015
      endloop
   endfacet
   facet normal 0 0 -1
      outer loop
         vertex -0.00185 0.00364187 0.00015
         vertex -0.002 0.00414687 0.00015
         vertex -0.0015 0.00414687 0.00015
      endloop
   endfacet
   facet normal 0 0 -1
      outer loop
         vertex -0.00215 0.00364187 0.00015
         vertex -0.00235 0.00364187 0.00015
         vertex -0.0025 0.00414687 0.00015
      endloop
   endfacet
   facet normal 0 0 -1
      outer loop
         vertex -0.00265 0.00364187 0.00015
         vertex -0.00285 0.00364187 0.00015
         vertex -0.003 0.00414687 0.00015
      endloop
   endfacet
   facet normal 0 0 -1
      outer loop
         vertex -0.00381 0.00465187 0.00015
         vertex -0.00381 0.00414687 0.00015
         vertex -0.00417 0.00414687 0.00015
      endloop
   endfacet
   facet normal 0 -1 0
      outer loop
         vertex -0.00285 0.00319187 0.0001
         vertex -0.00265 0.00319187 0.0001
         vertex -0.00265 0.00319187 0.00015
      endloop
   endfacet
   facet normal 0 -1 0
      outer loop
         vertex -0.00265 0.00319187 0.00015
         vertex -0.00285 0.00319187 0.00015
         vertex -0.00285 0.00319187 0.0001
      endloop
   endfacet
   facet normal 1 0 0
      outer loop
         vertex -0.00265 0.00334187 -5e-05
         vertex -0.00265 0.00320328 4.25975e-05
         vertex -0.00265 0.0032358 -6.06602e-06
      endloop
   endfacet
   facet normal 1 0 0
      outer loop
         vertex -0.00265 0.00334187 -5e-05
         vertex -0.00265 0.00319187 0.0001
         vertex -0.00265 0.00320328 4.25975e-05
      endloop
   endfacet
   facet normal 1 0 0
      outer loop
         vertex -0.00265 0.00364187 0.00015
         vertex -0.00265 0.00319187 0.00015
         vertex -0.00265 0.00334187 -5e-05
      endloop
   endfacet
   facet normal 1 0 0
      outer loop
         vertex -0.00265 0.00334187 -5e-05
         vertex -0.00265 0.00319187 0.00015
         vertex -0.00265 0.00319187 0.0001
      endloop
   endfacet
   facet normal 1 0 0
      outer loop
         vertex -0.00265 0.0032358 -6.06602e-06
         vertex -0.00265 0.00328446 -3.85819e-05
         vertex -0.00265 0.00334187 -5e-05
      endloop
   endfacet
   facet normal 1 0 0
      outer loop
         vertex -0.00265 0.00334187 -5e-05
         vertex -0.00265 0.00364187 -5e-05
         vertex -0.00265 0.00364187 0.00015
      endloop
   endfacet
   facet normal -1 0 0
      outer loop
         vertex -0.00285 0.00334187 -5e-05
         vertex -0.00285 0.00328446 -3.85819e-05
         vertex -0.00285 0.0032358 -6.06602e-06
      endloop
   endfacet
   facet normal -1 0 0
      outer loop
         vertex -0.00285 0.0032358 -6.06602e-06
         vertex -0.00285 0.00320328 4.25975e-05
         vertex -0.00285 0.00334187 -5e-05
      endloop
   endfacet
   facet normal -1 0 0
      outer loop
         vertex -0.00285 0.00320328 4.25975e-05
         vertex -0.00285 0.00319187 0.0001
         vertex -0.00285 0.00334187 -5e-05
      endloop
   endfacet
   facet normal -1 0 0
      outer loop
         vertex -0.00285 0.00364187 0.00015
         vertex -0.00285 0.00364187 -5e-05
         vertex -0.00285 0.00334187 -5e-05
      endloop
   endfacet
   facet normal -1 0 0
      outer loop
         vertex -0.00285 0.00334187 -5e-05
         vertex -0.00285 0.00319187 0.00015
         vertex -0.00285 0.00364187 0.00015
      endloop
   endfacet
   facet normal -1 0 0
      outer loop
         vertex -0.00285 0.00319187 0.0001
         vertex -0.00285 0.00319187 0.00015
         vertex -0.00285 0.00334187 -5e-05
      endloop
   endfacet
   facet normal 0 0 -1
      outer loop
         vertex -0.00285 0.00364187 -5e-05
         vertex -0.00265 0.00364187 -5e-05
         vertex -0.00265 0.00334187 -5e-05
      endloop
   endfacet
   facet normal 0 0 -1
      outer loop
         vertex -0.00265 0.00334187 -5e-05
         vertex -0.00285 0.00334187 -5e-05
         vertex -0.00285 0.00364187 -5e-05
      endloop
   endfacet
   facet normal 0 0 -1
      outer loop
         vertex -0.00285 0.00334187 -5e-05
         vertex -0.00265 0.00334187 -5e-05
         vertex -0.00265 0.00328446 -3.85819e-05
      endloop
   endfacet
   facet normal 0 -0.382683 -0.92388
      outer loop
         vertex -0.00285 0.00328446 -3.85819e-05
         vertex -0.00265 0.00328446 -3.85819e-05
         vertex -0.00265 0.0032358 -6.06602e-06
      endloop
   endfacet
   facet normal 0 -0.707107 -0.707107
      outer loop
         vertex -0.00285 0.0032358 -6.06602e-06
         vertex -0.00265 0.0032358 -6.06602e-06
         vertex -0.00265 0.00320328 4.25975e-05
      endloop
   endfacet
   facet normal 0 -0.92388 -0.382683
      outer loop
         vertex -0.00285 0.00320328 4.25975e-05
         vertex -0.00265 0.00320328 4.25975e-05
         vertex -0.00265 0.00319187 0.0001
      endloop
   endfacet
   facet normal 0 -1 1.14112e-13
      outer loop
         vertex -0.00265 0.00319187 0.0001
         vertex -0.00285 0.00319187 0.0001
         vertex -0.00285 0.00320328 4.25975e-05
      endloop
   endfacet
   facet normal 0 -0.92388 -0.382683
      outer loop
         vertex -0.00265 0.00320328 4.25975e-05
         vertex -0.00285 0.00320328 4.25975e-05
         vertex -0.00285 0.0032358 -6.06602e-06
      endloop
   endfacet
   facet normal 0 -0.707107 -0.707107
      outer loop
         vertex -0.00265 0.0032358 -6.06602e-06
         vertex -0.00285 0.0032358 -6.06602e-06
         vertex -0.00285 0.00328446 -3.85819e-05
      endloop
   endfacet
   facet normal 0 -0.382683 -0.92388
      outer loop
         vertex -0.00265 0.00328446 -3.85819e-05
         vertex -0.00285 0.00328446 -3.85819e-05
         vertex -0.00285 0.00334187 -5e-05
      endloop
   endfacet
   facet normal 0 1 0
      outer loop
         vertex -0.00285 0.00364187 -5e-05
         vertex -0.00285 0.00364187 0.00015
         vertex -0.00265 0.00364187 0.00015
      endloop
   endfacet
   facet normal 0 1 0
      outer loop
         vertex -0.00265 0.00364187 0.00015
         vertex -0.00265 0.00364187 -5e-05
         vertex -0.00285 0.00364187 -5e-05
      endloop
   endfacet
   facet normal 0 -1 1.14112e-13
      outer loop
         vertex -0.00215 0.00319187 0.00015
         vertex -0.00235 0.00319187 0.00015
         vertex -0.00235 0.00319187 0.0001
      endloop
   endfacet
   facet normal 0 -1 1.14112e-13
      outer loop
         vertex -0.00235 0.00319187 0.0001
         vertex -0.00215 0.00319187 0.0001
         vertex -0.00215 0.00319187 0.00015
      endloop
   endfacet
   facet normal 1 0 0
      outer loop
         vertex -0.00215 0.00334187 -5e-05
         vertex -0.00215 0.00320328 4.25975e-05
         vertex -0.00215 0.0032358 -6.06602e-06
      endloop
   endfacet
   facet normal 1 0 0
      outer loop
         vertex -0.00215 0.00334187 -5e-05
         vertex -0.00215 0.00319187 0.0001
         vertex -0.00215 0.00320328 4.25975e-05
      endloop
   endfacet
   facet normal 1 0 0
      outer loop
         vertex -0.00215 0.00364187 0.00015
         vertex -0.00215 0.00319187 0.00015
         vertex -0.00215 0.00334187 -5e-05
      endloop
   endfacet
   facet normal 1 0 0
      outer loop
         vertex -0.00215 0.00334187 -5e-05
         vertex -0.00215 0.00319187 0.00015
         vertex -0.00215 0.00319187 0.0001
      endloop
   endfacet
   facet normal 1 0 0
      outer loop
         vertex -0.00215 0.0032358 -6.06602e-06
         vertex -0.00215 0.00328446 -3.85819e-05
         vertex -0.00215 0.00334187 -5e-05
      endloop
   endfacet
   facet normal 1 0 0
      outer loop
         vertex -0.00215 0.00334187 -5e-05
         vertex -0.00215 0.00364187 -5e-05
         vertex -0.00215 0.00364187 0.00015
      endloop
   endfacet
   facet normal -1 0 0
      outer loop
         vertex -0.00235 0.00334187 -5e-05
         vertex -0.00235 0.00328446 -3.85819e-05
         vertex -0.00235 0.0032358 -6.06602e-06
      endloop
   endfacet
   facet normal -1 0 0
      outer loop
         vertex -0.00235 0.0032358 -6.06602e-06
         vertex -0.00235 0.00320328 4.25975e-05
         vertex -0.00235 0.00334187 -5e-05
      endloop
   endfacet
   facet normal -1 0 0
      outer loop
         vertex -0.00235 0.00320328 4.25975e-05
         vertex -0.00235 0.00319187 0.0001
         vertex -0.00235 0.00334187 -5e-05
      endloop
   endfacet
   facet normal -1 0 0
      outer loop
         vertex -0.00235 0.00364187 0.00015
         vertex -0.00235 0.00364187 -5e-05
         vertex -0.00235 0.00334187 -5e-05
      endloop
   endfacet
   facet normal -1 0 0
      outer loop
         vertex -0.00235 0.00334187 -5e-05
         vertex -0.00235 0.00319187 0.00015
         vertex -0.00235 0.00364187 0.00015
      endloop
   endfacet
   facet normal -1 0 0
      outer loop
         vertex -0.00235 0.00319187 0.0001
         vertex -0.00235 0.00319187 0.00015
         vertex -0.00235 0.00334187 -5e-05
      endloop
   endfacet
   facet normal 0 0 -1
      outer loop
         vertex -0.00235 0.00364187 -5e-05
         vertex -0.00215 0.00364187 -5e-05
         vertex -0.00215 0.00334187 -5e-05
      endloop
   endfacet
   facet normal 0 0 -1
      outer loop
         vertex -0.00215 0.00334187 -5e-05
         vertex -0.00235 0.00334187 -5e-05
         vertex -0.00235 0.00364187 -5e-05
      endloop
   endfacet
   facet normal 0 0 -1
      outer loop
         vertex -0.00235 0.00334187 -5e-05
         vertex -0.00215 0.00334187 -5e-05
         vertex -0.00215 0.00328446 -3.85819e-05
      endloop
   endfacet
   facet normal 0 -0.382683 -0.92388
      outer loop
         vertex -0.00235 0.00328446 -3.85819e-05
         vertex -0.00215 0.00328446 -3.85819e-05
         vertex -0.00215 0.0032358 -6.06602e-06
      endloop
   endfacet
   facet normal 0 -0.707107 -0.707107
      outer loop
         vertex -0.00235 0.0032358 -6.06602e-06
         vertex -0.00215 0.0032358 -6.06602e-06
         vertex -0.00215 0.00320328 4.25975e-05
      endloop
   endfacet
   facet normal 0 -0.92388 -0.382683
      outer loop
         vertex -0.00235 0.00320328 4.25975e-05
         vertex -0.00215 0.00320328 4.25975e-05
         vertex -0.00215 0.00319187 0.0001
      endloop
   endfacet
   facet normal 0 -1 1.11402e-13
      outer loop
         vertex -0.00215 0.00319187 0.0001
         vertex -0.00235 0.00319187 0.0001
         vertex -0.00235 0.00320328 4.25975e-05
      endloop
   endfacet
   facet normal 0 -0.92388 -0.382683
      outer loop
         vertex -0.00215 0.00320328 4.25975e-05
         vertex -0.00235 0.00320328 4.25975e-05
         vertex -0.00235 0.0032358 -6.06602e-06
      endloop
   endfacet
   facet normal 0 -0.707107 -0.707107
      outer loop
         vertex -0.00215 0.0032358 -6.06602e-06
         vertex -0.00235 0.0032358 -6.06602e-06
         vertex -0.00235 0.00328446 -3.85819e-05
      endloop
   endfacet
   facet normal 0 -0.382683 -0.92388
      outer loop
         vertex -0.00215 0.00328446 -3.85819e-05
         vertex -0.00235 0.00328446 -3.85819e-05
         vertex -0.00235 0.00334187 -5e-05
      endloop
   endfacet
   facet normal 0 1 0
      outer loop
         vertex -0.00215 0.00364187 0.00015
         vertex -0.00215 0.00364187 -5e-05
         vertex -0.00235 0.00364187 -5e-05
      endloop
   endfacet
   facet normal 0 1 0
      outer loop
         vertex -0.00235 0.00364187 -5e-05
         vertex -0.00235 0.00364187 0.00015
         vertex -0.00215 0.00364187 0.00015
      endloop
   endfacet
   facet normal 0 -1 1.11402e-13
      outer loop
         vertex -0.00165 0.00319187 0.00015
         vertex -0.00185 0.00319187 0.00015
         vertex -0.00185 0.00319187 0.0001
      endloop
   endfacet
   facet normal 0 -1 1.11402e-13
      outer loop
         vertex -0.00185 0.00319187 0.0001
         vertex -0.00165 0.00319187 0.0001
         vertex -0.00165 0.00319187 0.00015
      endloop
   endfacet
   facet normal 1 0 0
      outer loop
         vertex -0.00165 0.00334187 -5e-05
         vertex -0.00165 0.00320328 4.25975e-05
         vertex -0.00165 0.0032358 -6.06602e-06
      endloop
   endfacet
   facet normal 1 0 0
      outer loop
         vertex -0.00165 0.00334187 -5e-05
         vertex -0.00165 0.00319187 0.0001
         vertex -0.00165 0.00320328 4.25975e-05
      endloop
   endfacet
   facet normal 1 0 0
      outer loop
         vertex -0.00165 0.00364187 0.00015
         vertex -0.00165 0.00319187 0.00015
         vertex -0.00165 0.00334187 -5e-05
      endloop
   endfacet
   facet normal 1 0 0
      outer loop
         vertex -0.00165 0.00334187 -5e-05
         vertex -0.00165 0.00319187 0.00015
         vertex -0.00165 0.00319187 0.0001
      endloop
   endfacet
   facet normal 1 0 0
      outer loop
         vertex -0.00165 0.0032358 -6.06602e-06
         vertex -0.00165 0.00328446 -3.85819e-05
         vertex -0.00165 0.00334187 -5e-05
      endloop
   endfacet
   facet normal 1 0 0
      outer loop
         vertex -0.00165 0.00334187 -5e-05
         vertex -0.00165 0.00364187 -5e-05
         vertex -0.00165 0.00364187 0.00015
      endloop
   endfacet
   facet normal -1 0 0
      outer loop
         vertex -0.00185 0.00334187 -5e-05
         vertex -0.00185 0.00328446 -3.85819e-05
         vertex -0.00185 0.0032358 -6.06602e-06
      endloop
   endfacet
   facet normal -1 0 0
      outer loop
         vertex -0.00185 0.0032358 -6.06602e-06
         vertex -0.00185 0.00320328 4.25975e-05
         vertex -0.00185 0.00334187 -5e-05
      endloop
   endfacet
   facet normal -1 0 0
      outer loop
         vertex -0.00185 0.00320328 4.25975e-05
         vertex -0.00185 0.00319187 0.0001
         vertex -0.00185 0.00334187 -5e-05
      endloop
   endfacet
   facet normal -1 0 0
      outer loop
         vertex -0.00185 0.00364187 0.00015
         vertex -0.00185 0.00364187 -5e-05
         vertex -0.00185 0.00334187 -5e-05
      endloop
   endfacet
   facet normal -1 0 0
      outer loop
         vertex -0.00185 0.00334187 -5e-05
         vertex -0.00185 0.00319187 0.00015
         vertex -0.00185 0.00364187 0.00015
      endloop
   endfacet
   facet normal -1 0 0
      outer loop
         vertex -0.00185 0.00319187 0.0001
         vertex -0.00185 0.00319187 0.00015
         vertex -0.00185 0.00334187 -5e-05
      endloop
   endfacet
   facet normal 0 0 -1
      outer loop
         vertex -0.00185 0.00364187 -5e-05
         vertex -0.00165 0.00364187 -5e-05
         vertex -0.00165 0.00334187 -5e-05
      endloop
   endfacet
   facet normal 0 0 -1
      outer loop
         vertex -0.00165 0.00334187 -5e-05
         vertex -0.00185 0.00334187 -5e-05
         vertex -0.00185 0.00364187 -5e-05
      endloop
   endfacet
   facet normal 0 0 -1
      outer loop
         vertex -0.00185 0.00334187 -5e-05
         vertex -0.00165 0.00334187 -5e-05
         vertex -0.00165 0.00328446 -3.85819e-05
      endloop
   endfacet
   facet normal 0 -0.382683 -0.92388
      outer loop
         vertex -0.00185 0.00328446 -3.85819e-05
         vertex -0.00165 0.00328446 -3.85819e-05
         vertex -0.00165 0.0032358 -6.06602e-06
      endloop
   endfacet
   facet normal 0 -0.707107 -0.707107
      outer loop
         vertex -0.00185 0.0032358 -6.06602e-06
         vertex -0.00165 0.0032358 -6.06602e-06
         vertex -0.00165 0.00320328 4.25975e-05
      endloop
   endfacet
   facet normal 0 -0.92388 -0.382683
      outer loop
         vertex -0.00185 0.00320328 4.25975e-05
         vertex -0.00165 0.00320328 4.25975e-05
         vertex -0.00165 0.00319187 0.0001
      endloop
   endfacet
   facet normal 0 -1 1.10047e-13
      outer loop
         vertex -0.00165 0.00319187 0.0001
         vertex -0.00185 0.00319187 0.0001
         vertex -0.00185 0.00320328 4.25975e-05
      endloop
   endfacet
   facet normal 0 -0.92388 -0.382683
      outer loop
         vertex -0.00165 0.00320328 4.25975e-05
         vertex -0.00185 0.00320328 4.25975e-05
         vertex -0.00185 0.0032358 -6.06602e-06
      endloop
   endfacet
   facet normal 0 -0.707107 -0.707107
      outer loop
         vertex -0.00165 0.0032358 -6.06602e-06
         vertex -0.00185 0.0032358 -6.06602e-06
         vertex -0.00185 0.00328446 -3.85819e-05
      endloop
   endfacet
   facet normal 0 -0.382683 -0.92388
      outer loop
         vertex -0.00165 0.00328446 -3.85819e-05
         vertex -0.00185 0.00328446 -3.85819e-05
         vertex -0.00185 0.00334187 -5e-05
      endloop
   endfacet
   facet normal 0 1 0
      outer loop
         vertex -0.00165 0.00364187 -5e-05
         vertex -0.00185 0.00364187 -5e-05
         vertex -0.00185 0.00364187 0.00015
      endloop
   endfacet
   facet normal 0 1 0
      outer loop
         vertex -0.00185 0.00364187 0.00015
         vertex -0.00165 0.00364187 0.00015
         vertex -0.00165 0.00364187 -5e-05
      endloop
   endfacet
   facet normal 0 -1 1.10047e-13
      outer loop
         vertex -0.00115 0.00319187 0.00015
         vertex -0.00135 0.00319187 0.00015
         vertex -0.00135 0.00319187 0.0001
      endloop
   endfacet
   facet normal 0 -1 1.10047e-13
      outer loop
         vertex -0.00135 0.00319187 0.0001
         vertex -0.00115 0.00319187 0.0001
         vertex -0.00115 0.00319187 0.00015
      endloop
   endfacet
   facet normal 1 0 0
      outer loop
         vertex -0.00115 0.00334187 -5e-05
         vertex -0.00115 0.00320328 4.25975e-05
         vertex -0.00115 0.0032358 -6.06602e-06
      endloop
   endfacet
   facet normal 1 0 0
      outer loop
         vertex -0.00115 0.00334187 -5e-05
         vertex -0.00115 0.00319187 0.0001
         vertex -0.00115 0.00320328 4.25975e-05
      endloop
   endfacet
   facet normal 1 0 0
      outer loop
         vertex -0.00115 0.00364187 0.00015
         vertex -0.00115 0.00319187 0.00015
         vertex -0.00115 0.00334187 -5e-05
      endloop
   endfacet
   facet normal 1 0 0
      outer loop
         vertex -0.00115 0.00334187 -5e-05
         vertex -0.00115 0.00319187 0.00015
         vertex -0.00115 0.00319187 0.0001
      endloop
   endfacet
   facet normal 1 0 0
      outer loop
         vertex -0.00115 0.0032358 -6.06602e-06
         vertex -0.00115 0.00328446 -3.85819e-05
         vertex -0.00115 0.00334187 -5e-05
      endloop
   endfacet
   facet normal 1 0 0
      outer loop
         vertex -0.00115 0.00334187 -5e-05
         vertex -0.00115 0.00364187 -5e-05
         vertex -0.00115 0.00364187 0.00015
      endloop
   endfacet
   facet normal -1 0 0
      outer loop
         vertex -0.00135 0.00334187 -5e-05
         vertex -0.00135 0.00328446 -3.85819e-05
         vertex -0.00135 0.0032358 -6.06602e-06
      endloop
   endfacet
   facet normal -1 0 0
      outer loop
         vertex -0.00135 0.0032358 -6.06602e-06
         vertex -0.00135 0.00320328 4.25975e-05
         vertex -0.00135 0.00334187 -5e-05
      endloop
   endfacet
   facet normal -1 0 0
      outer loop
         vertex -0.00135 0.00320328 4.25975e-05
         vertex -0.00135 0.00319187 0.0001
         vertex -0.00135 0.00334187 -5e-05
      endloop
   endfacet
   facet normal -1 0 0
      outer loop
         vertex -0.00135 0.00364187 0.00015
         vertex -0.00135 0.00364187 -5e-05
         vertex -0.00135 0.00334187 -5e-05
      endloop
   endfacet
   facet normal -1 0 0
      outer loop
         vertex -0.00135 0.00334187 -5e-05
         vertex -0.00135 0.00319187 0.00015
         vertex -0.00135 0.00364187 0.00015
      endloop
   endfacet
   facet normal -1 0 0
      outer loop
         vertex -0.00135 0.00319187 0.0001
         vertex -0.00135 0.00319187 0.00015
         vertex -0.00135 0.00334187 -5e-05
      endloop
   endfacet
   facet normal 0 0 -1
      outer loop
         vertex -0.00135 0.00364187 -5e-05
         vertex -0.00115 0.00364187 -5e-05
         vertex -0.00115 0.00334187 -5e-05
      endloop
   endfacet
   facet normal 0 0 -1
      outer loop
         vertex -0.00115 0.00334187 -5e-05
         vertex -0.00135 0.00334187 -5e-05
         vertex -0.00135 0.00364187 -5e-05
      endloop
   endfacet
   facet normal 0 0 -1
      outer loop
         vertex -0.00135 0.00334187 -5e-05
         vertex -0.00115 0.00334187 -5e-05
         vertex -0.00115 0.00328446 -3.85819e-05
      endloop
   endfacet
   facet normal 0 -0.382683 -0.92388
      outer loop
         vertex -0.00135 0.00328446 -3.85819e-05
         vertex -0.00115 0.00328446 -3.85819e-05
         vertex -0.00115 0.0032358 -6.06602e-06
      endloop
   endfacet
   facet normal 0 -0.707107 -0.707107
      outer loop
         vertex -0.00135 0.0032358 -6.06602e-06
         vertex -0.00115 0.0032358 -6.06602e-06
         vertex -0.00115 0.00320328 4.25975e-05
      endloop
   endfacet
   facet normal 0 -0.92388 -0.382683
      outer loop
         vertex -0.00135 0.00320328 4.25975e-05
         vertex -0.00115 0.00320328 4.25975e-05
         vertex -0.00115 0.00319187 0.0001
      endloop
   endfacet
   facet normal 0 -1 9.93852e-14
      outer loop
         vertex -0.00115 0.00319187 0.0001
         vertex -0.00135 0.00319187 0.0001
         vertex -0.00135 0.00320328 4.25975e-05
      endloop
   endfacet
   facet normal 0 -0.92388 -0.382683
      outer loop
         vertex -0.00115 0.00320328 4.25975e-05
         vertex -0.00135 0.00320328 4.25975e-05
         vertex -0.00135 0.0032358 -6.06602e-06
      endloop
   endfacet
   facet normal 0 -0.707107 -0.707107
      outer loop
         vertex -0.00115 0.0032358 -6.06602e-06
         vertex -0.00135 0.0032358 -6.06602e-06
         vertex -0.00135 0.00328446 -3.85819e-05
      endloop
   endfacet
   facet normal 0 -0.382683 -0.92388
      outer loop
         vertex -0.00115 0.00328446 -3.85819e-05
         vertex -0.00135 0.00328446 -3.85819e-05
         vertex -0.00135 0.00334187 -5e-05
      endloop
   endfacet
   facet normal 0 1 0
      outer loop
         vertex -0.00115 0.00364187 0.00015
         vertex -0.00115 0.00364187 -5e-05
         vertex -0.00135 0.00364187 -5e-05
      endloop
   endfacet
   facet normal 0 1 0
      outer loop
         vertex -0.00135 0.00364187 -5e-05
         vertex -0.00135 0.00364187 0.00015
         vertex -0.00115 0.00364187 0.00015
      endloop
   endfacet
   facet normal 0 -1 9.93852e-14
      outer loop
         vertex -0.00065 0.00319187 0.00015
         vertex -0.00085 0.00319187 0.00015
         vertex -0.00085 0.00319187 0.0001
      endloop
   endfacet
   facet normal 0 -1 9.93852e-14
      outer loop
         vertex -0.00085 0.00319187 0.0001
         vertex -0.00065 0.00319187 0.0001
         vertex -0.00065 0.00319187 0.00015
      endloop
   endfacet
   facet normal 1 0 0
      outer loop
         vertex -0.00065 0.00334187 -5e-05
         vertex -0.00065 0.00320328 4.25975e-05
         vertex -0.00065 0.0032358 -6.06602e-06
      endloop
   endfacet
   facet normal 1 0 0
      outer loop
         vertex -0.00065 0.00334187 -5e-05
         vertex -0.00065 0.00319187 0.0001
         vertex -0.00065 0.00320328 4.25975e-05
      endloop
   endfacet
   facet normal 1 0 0
      outer loop
         vertex -0.00065 0.00364187 0.00015
         vertex -0.00065 0.00319187 0.00015
         vertex -0.00065 0.00334187 -5e-05
      endloop
   endfacet
   facet normal 1 0 0
      outer loop
         vertex -0.00065 0.00334187 -5e-05
         vertex -0.00065 0.00319187 0.00015
         vertex -0.00065 0.00319187 0.0001
      endloop
   endfacet
   facet normal 1 0 0
      outer loop
         vertex -0.00065 0.0032358 -6.06602e-06
         vertex -0.00065 0.00328446 -3.85819e-05
         vertex -0.00065 0.00334187 -5e-05
      endloop
   endfacet
   facet normal 1 0 0
      outer loop
         vertex -0.00065 0.00334187 -5e-05
         vertex -0.00065 0.00364187 -5e-05
         vertex -0.00065 0.00364187 0.00015
      endloop
   endfacet
   facet normal -1 0 0
      outer loop
         vertex -0.00085 0.00334187 -5e-05
         vertex -0.00085 0.00328446 -3.85819e-05
         vertex -0.00085 0.0032358 -6.06602e-06
      endloop
   endfacet
   facet normal -1 0 0
      outer loop
         vertex -0.00085 0.0032358 -6.06602e-06
         vertex -0.00085 0.00320328 4.25975e-05
         vertex -0.00085 0.00334187 -5e-05
      endloop
   endfacet
   facet normal -1 0 0
      outer loop
         vertex -0.00085 0.00320328 4.25975e-05
         vertex -0.00085 0.00319187 0.0001
         vertex -0.00085 0.00334187 -5e-05
      endloop
   endfacet
   facet normal -1 0 0
      outer loop
         vertex -0.00085 0.00364187 0.00015
         vertex -0.00085 0.00364187 -5e-05
         vertex -0.00085 0.00334187 -5e-05
      endloop
   endfacet
   facet normal -1 0 0
      outer loop
         vertex -0.00085 0.00334187 -5e-05
         vertex -0.00085 0.00319187 0.00015
         vertex -0.00085 0.00364187 0.00015
      endloop
   endfacet
   facet normal -1 0 0
      outer loop
         vertex -0.00085 0.00319187 0.0001
         vertex -0.00085 0.00319187 0.00015
         vertex -0.00085 0.00334187 -5e-05
      endloop
   endfacet
   facet normal 0 0 -1
      outer loop
         vertex -0.00085 0.00364187 -5e-05
         vertex -0.00065 0.00364187 -5e-05
         vertex -0.00065 0.00334187 -5e-05
      endloop
   endfacet
   facet normal 0 0 -1
      outer loop
         vertex -0.00065 0.00334187 -5e-05
         vertex -0.00085 0.00334187 -5e-05
         vertex -0.00085 0.00364187 -5e-05
      endloop
   endfacet
   facet normal 0 0 -1
      outer loop
         vertex -0.00085 0.00334187 -5e-05
         vertex -0.00065 0.00334187 -5e-05
         vertex -0.00065 0.00328446 -3.85819e-05
      endloop
   endfacet
   facet normal 0 -0.382683 -0.92388
      outer loop
         vertex -0.00085 0.00328446 -3.85819e-05
         vertex -0.00065 0.00328446 -3.85819e-05
         vertex -0.00065 0.0032358 -6.06602e-06
      endloop
   endfacet
   facet normal 0 -0.707107 -0.707107
      outer loop
         vertex -0.00085 0.0032358 -6.06602e-06
         vertex -0.00065 0.0032358 -6.06602e-06
         vertex -0.00065 0.00320328 4.25975e-05
      endloop
   endfacet
   facet normal 0 -0.92388 -0.382683
      outer loop
         vertex -0.00085 0.00320328 4.25975e-05
         vertex -0.00065 0.00320328 4.25975e-05
         vertex -0.00065 0.00319187 0.0001
      endloop
   endfacet
   facet normal 0 -1 9.93852e-14
      outer loop
         vertex -0.00065 0.00319187 0.0001
         vertex -0.00085 0.00319187 0.0001
         vertex -0.00085 0.00320328 4.25975e-05
      endloop
   endfacet
   facet normal 0 -0.92388 -0.382683
      outer loop
         vertex -0.00065 0.00320328 4.25975e-05
         vertex -0.00085 0.00320328 4.25975e-05
         vertex -0.00085 0.0032358 -6.06602e-06
      endloop
   endfacet
   facet normal 0 -0.707107 -0.707107
      outer loop
         vertex -0.00065 0.0032358 -6.06602e-06
         vertex -0.00085 0.0032358 -6.06602e-06
         vertex -0.00085 0.00328446 -3.85819e-05
      endloop
   endfacet
   facet normal 0 -0.382683 -0.92388
      outer loop
         vertex -0.00065 0.00328446 -3.85819e-05
         vertex -0.00085 0.00328446 -3.85819e-05
         vertex -0.00085 0.00334187 -5e-05
      endloop
   endfacet
   facet normal 0 1 0
      outer loop
         vertex -0.00065 0.00364187 0.00015
         vertex -0.00065 0.00364187 -5e-05
         vertex -0.00085 0.00364187 -5e-05
      endloop
   endfacet
   facet normal 0 1 0
      outer loop
         vertex -0.00085 0.00364187 -5e-05
         vertex -0.00085 0.00364187 0.00015
         vertex -0.00065 0.00364187 0.00015
      endloop
   endfacet
   facet normal 0 -1 9.93852e-14
      outer loop
         vertex -0.00015 0.00319187 0.00015
         vertex -0.00035 0.00319187 0.00015
         vertex -0.00035 0.00319187 0.0001
      endloop
   endfacet
   facet normal 0 -1 9.93852e-14
      outer loop
         vertex -0.00035 0.00319187 0.0001
         vertex -0.00015 0.00319187 0.0001
         vertex -0.00015 0.00319187 0.00015
      endloop
   endfacet
   facet normal 1 0 0
      outer loop
         vertex -0.00015 0.00334187 -5e-05
         vertex -0.00015 0.00320328 4.25975e-05
         vertex -0.00015 0.0032358 -6.06602e-06
      endloop
   endfacet
   facet normal 1 0 0
      outer loop
         vertex -0.00015 0.00334187 -5e-05
         vertex -0.00015 0.00319187 0.0001
         vertex -0.00015 0.00320328 4.25975e-05
      endloop
   endfacet
   facet normal 1 0 0
      outer loop
         vertex -0.00015 0.00364187 0.00015
         vertex -0.00015 0.00319187 0.00015
         vertex -0.00015 0.00334187 -5e-05
      endloop
   endfacet
   facet normal 1 0 0
      outer loop
         vertex -0.00015 0.00334187 -5e-05
         vertex -0.00015 0.00319187 0.00015
         vertex -0.00015 0.00319187 0.0001
      endloop
   endfacet
   facet normal 1 0 0
      outer loop
         vertex -0.00015 0.0032358 -6.06602e-06
         vertex -0.00015 0.00328446 -3.85819e-05
         vertex -0.00015 0.00334187 -5e-05
      endloop
   endfacet
   facet normal 1 0 0
      outer loop
         vertex -0.00015 0.00334187 -5e-05
         vertex -0.00015 0.00364187 -5e-05
         vertex -0.00015 0.00364187 0.00015
      endloop
   endfacet
   facet normal -1 0 0
      outer loop
         vertex -0.00035 0.00334187 -5e-05
         vertex -0.00035 0.00328446 -3.85819e-05
         vertex -0.00035 0.0032358 -6.06602e-06
      endloop
   endfacet
   facet normal -1 0 0
      outer loop
         vertex -0.00035 0.0032358 -6.06602e-06
         vertex -0.00035 0.00320328 4.25975e-05
         vertex -0.00035 0.00334187 -5e-05
      endloop
   endfacet
   facet normal -1 0 0
      outer loop
         vertex -0.00035 0.00320328 4.25975e-05
         vertex -0.00035 0.00319187 0.0001
         vertex -0.00035 0.00334187 -5e-05
      endloop
   endfacet
   facet normal -1 0 0
      outer loop
         vertex -0.00035 0.00364187 0.00015
         vertex -0.00035 0.00364187 -5e-05
         vertex -0.00035 0.00334187 -5e-05
      endloop
   endfacet
   facet normal -1 0 0
      outer loop
         vertex -0.00035 0.00334187 -5e-05
         vertex -0.00035 0.00319187 0.00015
         vertex -0.00035 0.00364187 0.00015
      endloop
   endfacet
   facet normal -1 0 0
      outer loop
         vertex -0.00035 0.00319187 0.0001
         vertex -0.00035 0.00319187 0.00015
         vertex -0.00035 0.00334187 -5e-05
      endloop
   endfacet
   facet normal 0 0 -1
      outer loop
         vertex -0.00035 0.00364187 -5e-05
         vertex -0.00015 0.00364187 -5e-05
         vertex -0.00015 0.00334187 -5e-05
      endloop
   endfacet
   facet normal 0 0 -1
      outer loop
         vertex -0.00015 0.00334187 -5e-05
         vertex -0.00035 0.00334187 -5e-05
         vertex -0.00035 0.00364187 -5e-05
      endloop
   endfacet
   facet normal 0 0 -1
      outer loop
         vertex -0.00035 0.00334187 -5e-05
         vertex -0.00015 0.00334187 -5e-05
         vertex -0.00015 0.00328446 -3.85819e-05
      endloop
   endfacet
   facet normal 0 -0.382683 -0.92388
      outer loop
         vertex -0.00035 0.00328446 -3.85819e-05
         vertex -0.00015 0.00328446 -3.85819e-05
         vertex -0.00015 0.0032358 -6.06602e-06
      endloop
   endfacet
   facet normal 0 -0.707107 -0.707107
      outer loop
         vertex -0.00035 0.0032358 -6.06602e-06
         vertex -0.00015 0.0032358 -6.06602e-06
         vertex -0.00015 0.00320328 4.25975e-05
      endloop
   endfacet
   facet normal 0 -0.92388 -0.382683
      outer loop
         vertex -0.00035 0.00320328 4.25975e-05
         vertex -0.00015 0.00320328 4.25975e-05
         vertex -0.00015 0.00319187 0.0001
      endloop
   endfacet
   facet normal 0 -1 9.93852e-14
      outer loop
         vertex -0.00015 0.00319187 0.0001
         vertex -0.00035 0.00319187 0.0001
         vertex -0.00035 0.00320328 4.25975e-05
      endloop
   endfacet
   facet normal 0 -0.92388 -0.382683
      outer loop
         vertex -0.00015 0.00320328 4.25975e-05
         vertex -0.00035 0.00320328 4.25975e-05
         vertex -0.00035 0.0032358 -6.06602e-06
      endloop
   endfacet
   facet normal 0 -0.707107 -0.707107
      outer loop
         vertex -0.00015 0.0032358 -6.06602e-06
         vertex -0.00035 0.0032358 -6.06602e-06
         vertex -0.00035 0.00328446 -3.85819e-05
      endloop
   endfacet
   facet normal 0 -0.382683 -0.92388
      outer loop
         vertex -0.00015 0.00328446 -3.85819e-05
         vertex -0.00035 0.00328446 -3.85819e-05
         vertex -0.00035 0.00334187 -5e-05
      endloop
   endfacet
   facet normal 0 1 0
      outer loop
         vertex -0.00015 0.00364187 -5e-05
         vertex -0.00035 0.00364187 -5e-05
         vertex -0.00035 0.00364187 0.00015
      endloop
   endfacet
   facet normal 0 1 0
      outer loop
         vertex -0.00035 0.00364187 0.00015
         vertex -0.00015 0.00364187 0.00015
         vertex -0.00015 0.00364187 -5e-05
      endloop
   endfacet
   facet normal 0 -1 9.93852e-14
      outer loop
         vertex 0.00285 0.00319187 0.00015
         vertex 0.00265 0.00319187 0.00015
         vertex 0.00265 0.00319187 0.0001
      endloop
   endfacet
   facet normal 0 -1 9.93852e-14
      outer loop
         vertex 0.00265 0.00319187 0.0001
         vertex 0.00285 0.00319187 0.0001
         vertex 0.00285 0.00319187 0.00015
      endloop
   endfacet
   facet normal 1 0 0
      outer loop
         vertex 0.00285 0.00334187 -5e-05
         vertex 0.00285 0.00320328 4.25975e-05
         vertex 0.00285 0.0032358 -6.06602e-06
      endloop
   endfacet
   facet normal 1 0 0
      outer loop
         vertex 0.00285 0.00334187 -5e-05
         vertex 0.00285 0.00319187 0.0001
         vertex 0.00285 0.00320328 4.25975e-05
      endloop
   endfacet
   facet normal 1 0 0
      outer loop
         vertex 0.00285 0.00364187 0.00015
         vertex 0.00285 0.00319187 0.00015
         vertex 0.00285 0.00334187 -5e-05
      endloop
   endfacet
   facet normal 1 0 0
      outer loop
         vertex 0.00285 0.00334187 -5e-05
         vertex 0.00285 0.00319187 0.00015
         vertex 0.00285 0.00319187 0.0001
      endloop
   endfacet
   facet normal 1 0 0
      outer loop
         vertex 0.00285 0.0032358 -6.06602e-06
         vertex 0.00285 0.00328446 -3.85819e-05
         vertex 0.00285 0.00334187 -5e-05
      endloop
   endfacet
   facet normal 1 0 0
      outer loop
         vertex 0.00285 0.00334187 -5e-05
         vertex 0.00285 0.00364187 -5e-05
         vertex 0.00285 0.00364187 0.00015
      endloop
   endfacet
   facet normal -1 0 0
      outer loop
         vertex 0.00265 0.00334187 -5e-05
         vertex 0.00265 0.00328446 -3.85819e-05
         vertex 0.00265 0.0032358 -6.06602e-06
      endloop
   endfacet
   facet normal -1 0 0
      outer loop
         vertex 0.00265 0.0032358 -6.06602e-06
         vertex 0.00265 0.00320328 4.25975e-05
         vertex 0.00265 0.00334187 -5e-05
      endloop
   endfacet
   facet normal -1 0 0
      outer loop
         vertex 0.00265 0.00320328 4.25975e-05
         vertex 0.00265 0.00319187 0.0001
         vertex 0.00265 0.00334187 -5e-05
      endloop
   endfacet
   facet normal -1 0 0
      outer loop
         vertex 0.00265 0.00364187 0.00015
         vertex 0.00265 0.00364187 -5e-05
         vertex 0.00265 0.00334187 -5e-05
      endloop
   endfacet
   facet normal -1 0 0
      outer loop
         vertex 0.00265 0.00334187 -5e-05
         vertex 0.00265 0.00319187 0.00015
         vertex 0.00265 0.00364187 0.00015
      endloop
   endfacet
   facet normal -1 0 0
      outer loop
         vertex 0.00265 0.00319187 0.0001
         vertex 0.00265 0.00319187 0.00015
         vertex 0.00265 0.00334187 -5e-05
      endloop
   endfacet
   facet normal 0 0 -1
      outer loop
         vertex 0.00265 0.00364187 -5e-05
         vertex 0.00285 0.00364187 -5e-05
         vertex 0.00285 0.00334187 -5e-05
      endloop
   endfacet
   facet normal 0 0 -1
      outer loop
         vertex 0.00285 0.00334187 -5e-05
         vertex 0.00265 0.00334187 -5e-05
         vertex 0.00265 0.00364187 -5e-05
      endloop
   endfacet
   facet normal 0 0 -1
      outer loop
         vertex 0.00265 0.00334187 -5e-05
         vertex 0.00285 0.00334187 -5e-05
         vertex 0.00285 0.00328446 -3.85819e-05
      endloop
   endfacet
   facet normal 0 -0.382683 -0.92388
      outer loop
         vertex 0.00265 0.00328446 -3.85819e-05
         vertex 0.00285 0.00328446 -3.85819e-05
         vertex 0.00285 0.0032358 -6.06602e-06
      endloop
   endfacet
   facet normal 0 -0.707107 -0.707107
      outer loop
         vertex 0.00265 0.0032358 -6.06602e-06
         vertex 0.00285 0.0032358 -6.06602e-06
         vertex 0.00285 0.00320328 4.25975e-05
      endloop
   endfacet
   facet normal 0 -0.92388 -0.382683
      outer loop
         vertex 0.00265 0.00320328 4.25975e-05
         vertex 0.00285 0.00320328 4.25975e-05
         vertex 0.00285 0.00319187 0.0001
      endloop
   endfacet
   facet normal 0 -1 8.4116e-14
      outer loop
         vertex 0.00285 0.00319187 0.0001
         vertex 0.00265 0.00319187 0.0001
         vertex 0.00265 0.00320328 4.25975e-05
      endloop
   endfacet
   facet normal 0 -0.92388 -0.382683
      outer loop
         vertex 0.00285 0.00320328 4.25975e-05
         vertex 0.00265 0.00320328 4.25975e-05
         vertex 0.00265 0.0032358 -6.06602e-06
      endloop
   endfacet
   facet normal 0 -0.707107 -0.707107
      outer loop
         vertex 0.00285 0.0032358 -6.06602e-06
         vertex 0.00265 0.0032358 -6.06602e-06
         vertex 0.00265 0.00328446 -3.85819e-05
      endloop
   endfacet
   facet normal 0 -0.382683 -0.92388
      outer loop
         vertex 0.00285 0.00328446 -3.85819e-05
         vertex 0.00265 0.00328446 -3.85819e-05
         vertex 0.00265 0.00334187 -5e-05
      endloop
   endfacet
   facet normal 0 1 0
      outer loop
         vertex 0.00265 0.00364187 -5e-05
         vertex 0.00265 0.00364187 0.00015
         vertex 0.00285 0.00364187 0.00015
      endloop
   endfacet
   facet normal 0 1 0
      outer loop
         vertex 0.00285 0.00364187 0.00015
         vertex 0.00285 0.00364187 -5e-05
         vertex 0.00265 0.00364187 -5e-05
      endloop
   endfacet
   facet normal 0 -1 8.4116e-14
      outer loop
         vertex 0.00235 0.00319187 0.00015
         vertex 0.00215 0.00319187 0.00015
         vertex 0.00215 0.00319187 0.0001
      endloop
   endfacet
   facet normal 0 -1 8.4116e-14
      outer loop
         vertex 0.00215 0.00319187 0.0001
         vertex 0.00235 0.00319187 0.0001
         vertex 0.00235 0.00319187 0.00015
      endloop
   endfacet
   facet normal 1 0 0
      outer loop
         vertex 0.00235 0.00334187 -5e-05
         vertex 0.00235 0.00319187 0.0001
         vertex 0.00235 0.00320328 4.25975e-05
      endloop
   endfacet
   facet normal 1 0 0
      outer loop
         vertex 0.00235 0.00320328 4.25975e-05
         vertex 0.00235 0.0032358 -6.06602e-06
         vertex 0.00235 0.00334187 -5e-05
      endloop
   endfacet
   facet normal 1 0 0
      outer loop
         vertex 0.00235 0.00364187 0.00015
         vertex 0.00235 0.00319187 0.00015
         vertex 0.00235 0.00334187 -5e-05
      endloop
   endfacet
   facet normal 1 0 0
      outer loop
         vertex 0.00235 0.00334187 -5e-05
         vertex 0.00235 0.00319187 0.00015
         vertex 0.00235 0.00319187 0.0001
      endloop
   endfacet
   facet normal 1 0 0
      outer loop
         vertex 0.00235 0.0032358 -6.06602e-06
         vertex 0.00235 0.00328446 -3.85819e-05
         vertex 0.00235 0.00334187 -5e-05
      endloop
   endfacet
   facet normal 1 0 0
      outer loop
         vertex 0.00235 0.00334187 -5e-05
         vertex 0.00235 0.00364187 -5e-05
         vertex 0.00235 0.00364187 0.00015
      endloop
   endfacet
   facet normal -1 0 0
      outer loop
         vertex 0.00215 0.00334187 -5e-05
         vertex 0.00215 0.0032358 -6.06602e-06
         vertex 0.00215 0.00320328 4.25975e-05
      endloop
   endfacet
   facet normal -1 0 0
      outer loop
         vertex 0.00215 0.00334187 -5e-05
         vertex 0.00215 0.00328446 -3.85819e-05
         vertex 0.00215 0.0032358 -6.06602e-06
      endloop
   endfacet
   facet normal -1 0 0
      outer loop
         vertex 0.00215 0.00320328 4.25975e-05
         vertex 0.00215 0.00319187 0.0001
         vertex 0.00215 0.00334187 -5e-05
      endloop
   endfacet
   facet normal -1 0 0
      outer loop
         vertex 0.00215 0.00364187 0.00015
         vertex 0.00215 0.00364187 -5e-05
         vertex 0.00215 0.00334187 -5e-05
      endloop
   endfacet
   facet normal -1 0 0
      outer loop
         vertex 0.00215 0.00334187 -5e-05
         vertex 0.00215 0.00319187 0.00015
         vertex 0.00215 0.00364187 0.00015
      endloop
   endfacet
   facet normal -1 0 0
      outer loop
         vertex 0.00215 0.00319187 0.0001
         vertex 0.00215 0.00319187 0.00015
         vertex 0.00215 0.00334187 -5e-05
      endloop
   endfacet
   facet normal 0 0 -1
      outer loop
         vertex 0.00215 0.00364187 -5e-05
         vertex 0.00235 0.00364187 -5e-05
         vertex 0.00235 0.00334187 -5e-05
      endloop
   endfacet
   facet normal 0 0 -1
      outer loop
         vertex 0.00235 0.00334187 -5e-05
         vertex 0.00215 0.00334187 -5e-05
         vertex 0.00215 0.00364187 -5e-05
      endloop
   endfacet
   facet normal 0 0 -1
      outer loop
         vertex 0.00215 0.00334187 -5e-05
         vertex 0.00235 0.00334187 -5e-05
         vertex 0.00235 0.00328446 -3.85819e-05
      endloop
   endfacet
   facet normal 0 -0.382683 -0.92388
      outer loop
         vertex 0.00215 0.00328446 -3.85819e-05
         vertex 0.00235 0.00328446 -3.85819e-05
         vertex 0.00235 0.0032358 -6.06602e-06
      endloop
   endfacet
   facet normal 0 -0.707107 -0.707107
      outer loop
         vertex 0.00215 0.0032358 -6.06602e-06
         vertex 0.00235 0.0032358 -6.06602e-06
         vertex 0.00235 0.00320328 4.25975e-05
      endloop
   endfacet
   facet normal 0 -0.92388 -0.382683
      outer loop
         vertex 0.00215 0.00320328 4.25975e-05
         vertex 0.00235 0.00320328 4.25975e-05
         vertex 0.00235 0.00319187 0.0001
      endloop
   endfacet
   facet normal 0 -1 8.65555e-14
      outer loop
         vertex 0.00235 0.00319187 0.0001
         vertex 0.00215 0.00319187 0.0001
         vertex 0.00215 0.00320328 4.25975e-05
      endloop
   endfacet
   facet normal 0 -0.92388 -0.382683
      outer loop
         vertex 0.00235 0.00320328 4.25975e-05
         vertex 0.00215 0.00320328 4.25975e-05
         vertex 0.00215 0.0032358 -6.06602e-06
      endloop
   endfacet
   facet normal 0 -0.707107 -0.707107
      outer loop
         vertex 0.00235 0.0032358 -6.06602e-06
         vertex 0.00215 0.0032358 -6.06602e-06
         vertex 0.00215 0.00328446 -3.85819e-05
      endloop
   endfacet
   facet normal 0 -0.382683 -0.92388
      outer loop
         vertex 0.00235 0.00328446 -3.85819e-05
         vertex 0.00215 0.00328446 -3.85819e-05
         vertex 0.00215 0.00334187 -5e-05
      endloop
   endfacet
   facet normal 0 1 0
      outer loop
         vertex 0.00215 0.00364187 -5e-05
         vertex 0.00215 0.00364187 0.00015
         vertex 0.00235 0.00364187 0.00015
      endloop
   endfacet
   facet normal 0 1 0
      outer loop
         vertex 0.00235 0.00364187 0.00015
         vertex 0.00235 0.00364187 -5e-05
         vertex 0.00215 0.00364187 -5e-05
      endloop
   endfacet
   facet normal 0 -1 8.65555e-14
      outer loop
         vertex 0.00185 0.00319187 0.00015
         vertex 0.00165 0.00319187 0.00015
         vertex 0.00165 0.00319187 0.0001
      endloop
   endfacet
   facet normal 0 -1 8.65555e-14
      outer loop
         vertex 0.00165 0.00319187 0.0001
         vertex 0.00185 0.00319187 0.0001
         vertex 0.00185 0.00319187 0.00015
      endloop
   endfacet
   facet normal 1 0 0
      outer loop
         vertex 0.00185 0.00334187 -5e-05
         vertex 0.00185 0.00320328 4.25975e-05
         vertex 0.00185 0.0032358 -6.06602e-06
      endloop
   endfacet
   facet normal 1 0 0
      outer loop
         vertex 0.00185 0.00334187 -5e-05
         vertex 0.00185 0.00319187 0.0001
         vertex 0.00185 0.00320328 4.25975e-05
      endloop
   endfacet
   facet normal 1 0 0
      outer loop
         vertex 0.00185 0.00364187 0.00015
         vertex 0.00185 0.00319187 0.00015
         vertex 0.00185 0.00334187 -5e-05
      endloop
   endfacet
   facet normal 1 0 0
      outer loop
         vertex 0.00185 0.00334187 -5e-05
         vertex 0.00185 0.00319187 0.00015
         vertex 0.00185 0.00319187 0.0001
      endloop
   endfacet
   facet normal 1 0 0
      outer loop
         vertex 0.00185 0.0032358 -6.06602e-06
         vertex 0.00185 0.00328446 -3.85819e-05
         vertex 0.00185 0.00334187 -5e-05
      endloop
   endfacet
   facet normal 1 0 0
      outer loop
         vertex 0.00185 0.00334187 -5e-05
         vertex 0.00185 0.00364187 -5e-05
         vertex 0.00185 0.00364187 0.00015
      endloop
   endfacet
   facet normal -1 0 0
      outer loop
         vertex 0.00165 0.00334187 -5e-05
         vertex 0.00165 0.00328446 -3.85819e-05
         vertex 0.00165 0.0032358 -6.06602e-06
      endloop
   endfacet
   facet normal -1 0 0
      outer loop
         vertex 0.00165 0.0032358 -6.06602e-06
         vertex 0.00165 0.00320328 4.25975e-05
         vertex 0.00165 0.00334187 -5e-05
      endloop
   endfacet
   facet normal -1 0 0
      outer loop
         vertex 0.00165 0.00320328 4.25975e-05
         vertex 0.00165 0.00319187 0.0001
         vertex 0.00165 0.00334187 -5e-05
      endloop
   endfacet
   facet normal -1 0 0
      outer loop
         vertex 0.00165 0.00364187 0.00015
         vertex 0.00165 0.00364187 -5e-05
         vertex 0.00165 0.00334187 -5e-05
      endloop
   endfacet
   facet normal -1 0 0
      outer loop
         vertex 0.00165 0.00334187 -5e-05
         vertex 0.00165 0.00319187 0.00015
         vertex 0.00165 0.00364187 0.00015
      endloop
   endfacet
   facet normal -1 0 0
      outer loop
         vertex 0.00165 0.00319187 0.0001
         vertex 0.00165 0.00319187 0.00015
         vertex 0.00165 0.00334187 -5e-05
      endloop
   endfacet
   facet normal 0 0 -1
      outer loop
         vertex 0.00165 0.00364187 -5e-05
         vertex 0.00185 0.00364187 -5e-05
         vertex 0.00185 0.00334187 -5e-05
      endloop
   endfacet
   facet normal 0 0 -1
      outer loop
         vertex 0.00185 0.00334187 -5e-05
         vertex 0.00165 0.00334187 -5e-05
         vertex 0.00165 0.00364187 -5e-05
      endloop
   endfacet
   facet normal 0 0 -1
      outer loop
         vertex 0.00165 0.00334187 -5e-05
         vertex 0.00185 0.00334187 -5e-05
         vertex 0.00185 0.00328446 -3.85819e-05
      endloop
   endfacet
   facet normal 0 -0.382683 -0.92388
      outer loop
         vertex 0.00165 0.00328446 -3.85819e-05
         vertex 0.00185 0.00328446 -3.85819e-05
         vertex 0.00185 0.0032358 -6.06602e-06
      endloop
   endfacet
   facet normal 0 -0.707107 -0.707107
      outer loop
         vertex 0.00165 0.0032358 -6.06602e-06
         vertex 0.00185 0.0032358 -6.06602e-06
         vertex 0.00185 0.00320328 4.25975e-05
      endloop
   endfacet
   facet normal 0 -0.92388 -0.382683
      outer loop
         vertex 0.00165 0.00320328 4.25975e-05
         vertex 0.00185 0.00320328 4.25975e-05
         vertex 0.00185 0.00319187 0.0001
      endloop
   endfacet
   facet normal 0 -1 8.94467e-14
      outer loop
         vertex 0.00185 0.00319187 0.0001
         vertex 0.00165 0.00319187 0.0001
         vertex 0.00165 0.00320328 4.25975e-05
      endloop
   endfacet
   facet normal 0 -0.92388 -0.382683
      outer loop
         vertex 0.00185 0.00320328 4.25975e-05
         vertex 0.00165 0.00320328 4.25975e-05
         vertex 0.00165 0.0032358 -6.06602e-06
      endloop
   endfacet
   facet normal 0 -0.707107 -0.707107
      outer loop
         vertex 0.00185 0.0032358 -6.06602e-06
         vertex 0.00165 0.0032358 -6.06602e-06
         vertex 0.00165 0.00328446 -3.85819e-05
      endloop
   endfacet
   facet normal 0 -0.382683 -0.92388
      outer loop
         vertex 0.00185 0.00328446 -3.85819e-05
         vertex 0.00165 0.00328446 -3.85819e-05
         vertex 0.00165 0.00334187 -5e-05
      endloop
   endfacet
   facet normal 0 1 0
      outer loop
         vertex 0.00185 0.00364187 0.00015
         vertex 0.00185 0.00364187 -5e-05
         vertex 0.00165 0.00364187 -5e-05
      endloop
   endfacet
   facet normal 0 1 0
      outer loop
         vertex 0.00165 0.00364187 -5e-05
         vertex 0.00165 0.00364187 0.00015
         vertex 0.00185 0.00364187 0.00015
      endloop
   endfacet
   facet normal 0 -1 8.94467e-14
      outer loop
         vertex 0.00135 0.00319187 0.00015
         vertex 0.00115 0.00319187 0.00015
         vertex 0.00115 0.00319187 0.0001
      endloop
   endfacet
   facet normal 0 -1 8.94467e-14
      outer loop
         vertex 0.00115 0.00319187 0.0001
         vertex 0.00135 0.00319187 0.0001
         vertex 0.00135 0.00319187 0.00015
      endloop
   endfacet
   facet normal 1 0 0
      outer loop
         vertex 0.00135 0.00334187 -5e-05
         vertex 0.00135 0.00320328 4.25975e-05
         vertex 0.00135 0.0032358 -6.06602e-06
      endloop
   endfacet
   facet normal 1 0 0
      outer loop
         vertex 0.00135 0.00334187 -5e-05
         vertex 0.00135 0.00319187 0.0001
         vertex 0.00135 0.00320328 4.25975e-05
      endloop
   endfacet
   facet normal 1 0 0
      outer loop
         vertex 0.00135 0.00364187 0.00015
         vertex 0.00135 0.00319187 0.00015
         vertex 0.00135 0.00334187 -5e-05
      endloop
   endfacet
   facet normal 1 0 0
      outer loop
         vertex 0.00135 0.00334187 -5e-05
         vertex 0.00135 0.00319187 0.00015
         vertex 0.00135 0.00319187 0.0001
      endloop
   endfacet
   facet normal 1 0 0
      outer loop
         vertex 0.00135 0.0032358 -6.06602e-06
         vertex 0.00135 0.00328446 -3.85819e-05
         vertex 0.00135 0.00334187 -5e-05
      endloop
   endfacet
   facet normal 1 0 0
      outer loop
         vertex 0.00135 0.00334187 -5e-05
         vertex 0.00135 0.00364187 -5e-05
         vertex 0.00135 0.00364187 0.00015
      endloop
   endfacet
   facet normal -1 0 0
      outer loop
         vertex 0.00115 0.00334187 -5e-05
         vertex 0.00115 0.00328446 -3.85819e-05
         vertex 0.00115 0.0032358 -6.06602e-06
      endloop
   endfacet
   facet normal -1 0 0
      outer loop
         vertex 0.00115 0.0032358 -6.06602e-06
         vertex 0.00115 0.00320328 4.25975e-05
         vertex 0.00115 0.00334187 -5e-05
      endloop
   endfacet
   facet normal -1 0 0
      outer loop
         vertex 0.00115 0.00320328 4.25975e-05
         vertex 0.00115 0.00319187 0.0001
         vertex 0.00115 0.00334187 -5e-05
      endloop
   endfacet
   facet normal -1 0 0
      outer loop
         vertex 0.00115 0.00364187 0.00015
         vertex 0.00115 0.00364187 -5e-05
         vertex 0.00115 0.00334187 -5e-05
      endloop
   endfacet
   facet normal -1 0 0
      outer loop
         vertex 0.00115 0.00334187 -5e-05
         vertex 0.00115 0.00319187 0.00015
         vertex 0.00115 0.00364187 0.00015
      endloop
   endfacet
   facet normal -1 0 0
      outer loop
         vertex 0.00115 0.00319187 0.0001
         vertex 0.00115 0.00319187 0.00015
         vertex 0.00115 0.00334187 -5e-05
      endloop
   endfacet
   facet normal 0 0 -1
      outer loop
         vertex 0.00115 0.00364187 -5e-05
         vertex 0.00135 0.00364187 -5e-05
         vertex 0.00135 0.00334187 -5e-05
      endloop
   endfacet
   facet normal 0 0 -1
      outer loop
         vertex 0.00135 0.00334187 -5e-05
         vertex 0.00115 0.00334187 -5e-05
         vertex 0.00115 0.00364187 -5e-05
      endloop
   endfacet
   facet normal 0 0 -1
      outer loop
         vertex 0.00115 0.00334187 -5e-05
         vertex 0.00135 0.00334187 -5e-05
         vertex 0.00135 0.00328446 -3.85819e-05
      endloop
   endfacet
   facet normal 0 -0.382683 -0.92388
      outer loop
         vertex 0.00115 0.00328446 -3.85819e-05
         vertex 0.00135 0.00328446 -3.85819e-05
         vertex 0.00135 0.0032358 -6.06602e-06
      endloop
   endfacet
   facet normal 0 -0.707107 -0.707107
      outer loop
         vertex 0.00115 0.0032358 -6.06602e-06
         vertex 0.00135 0.0032358 -6.06602e-06
         vertex 0.00135 0.00320328 4.25975e-05
      endloop
   endfacet
   facet normal 0 -0.92388 -0.382683
      outer loop
         vertex 0.00115 0.00320328 4.25975e-05
         vertex 0.00135 0.00320328 4.25975e-05
         vertex 0.00135 0.00319187 0.0001
      endloop
   endfacet
   facet normal 0 -1 9.93852e-14
      outer loop
         vertex 0.00135 0.00319187 0.0001
         vertex 0.00115 0.00319187 0.0001
         vertex 0.00115 0.00320328 4.25975e-05
      endloop
   endfacet
   facet normal 0 -0.92388 -0.382683
      outer loop
         vertex 0.00135 0.00320328 4.25975e-05
         vertex 0.00115 0.00320328 4.25975e-05
         vertex 0.00115 0.0032358 -6.06602e-06
      endloop
   endfacet
   facet normal 0 -0.707107 -0.707107
      outer loop
         vertex 0.00135 0.0032358 -6.06602e-06
         vertex 0.00115 0.0032358 -6.06602e-06
         vertex 0.00115 0.00328446 -3.85819e-05
      endloop
   endfacet
   facet normal 0 -0.382683 -0.92388
      outer loop
         vertex 0.00135 0.00328446 -3.85819e-05
         vertex 0.00115 0.00328446 -3.85819e-05
         vertex 0.00115 0.00334187 -5e-05
      endloop
   endfacet
   facet normal 0 1 0
      outer loop
         vertex 0.00135 0.00364187 -5e-05
         vertex 0.00115 0.00364187 -5e-05
         vertex 0.00115 0.00364187 0.00015
      endloop
   endfacet
   facet normal 0 1 0
      outer loop
         vertex 0.00115 0.00364187 0.00015
         vertex 0.00135 0.00364187 0.00015
         vertex 0.00135 0.00364187 -5e-05
      endloop
   endfacet
   facet normal 0 -1 9.93852e-14
      outer loop
         vertex 0.00085 0.00319187 0.00015
         vertex 0.00065 0.00319187 0.00015
         vertex 0.00065 0.00319187 0.0001
      endloop
   endfacet
   facet normal 0 -1 9.93852e-14
      outer loop
         vertex 0.00065 0.00319187 0.0001
         vertex 0.00085 0.00319187 0.0001
         vertex 0.00085 0.00319187 0.00015
      endloop
   endfacet
   facet normal 1 0 0
      outer loop
         vertex 0.00085 0.00334187 -5e-05
         vertex 0.00085 0.00320328 4.25975e-05
         vertex 0.00085 0.0032358 -6.06602e-06
      endloop
   endfacet
   facet normal 1 0 0
      outer loop
         vertex 0.00085 0.00334187 -5e-05
         vertex 0.00085 0.00319187 0.0001
         vertex 0.00085 0.00320328 4.25975e-05
      endloop
   endfacet
   facet normal 1 0 0
      outer loop
         vertex 0.00085 0.00364187 0.00015
         vertex 0.00085 0.00319187 0.00015
         vertex 0.00085 0.00334187 -5e-05
      endloop
   endfacet
   facet normal 1 0 0
      outer loop
         vertex 0.00085 0.00334187 -5e-05
         vertex 0.00085 0.00319187 0.00015
         vertex 0.00085 0.00319187 0.0001
      endloop
   endfacet
   facet normal 1 0 0
      outer loop
         vertex 0.00085 0.0032358 -6.06602e-06
         vertex 0.00085 0.00328446 -3.85819e-05
         vertex 0.00085 0.00334187 -5e-05
      endloop
   endfacet
   facet normal 1 0 0
      outer loop
         vertex 0.00085 0.00334187 -5e-05
         vertex 0.00085 0.00364187 -5e-05
         vertex 0.00085 0.00364187 0.00015
      endloop
   endfacet
   facet normal -1 0 0
      outer loop
         vertex 0.00065 0.00334187 -5e-05
         vertex 0.00065 0.00328446 -3.85819e-05
         vertex 0.00065 0.0032358 -6.06602e-06
      endloop
   endfacet
   facet normal -1 0 0
      outer loop
         vertex 0.00065 0.0032358 -6.06602e-06
         vertex 0.00065 0.00320328 4.25975e-05
         vertex 0.00065 0.00334187 -5e-05
      endloop
   endfacet
   facet normal -1 0 0
      outer loop
         vertex 0.00065 0.00320328 4.25975e-05
         vertex 0.00065 0.00319187 0.0001
         vertex 0.00065 0.00334187 -5e-05
      endloop
   endfacet
   facet normal -1 0 0
      outer loop
         vertex 0.00065 0.00364187 0.00015
         vertex 0.00065 0.00364187 -5e-05
         vertex 0.00065 0.00334187 -5e-05
      endloop
   endfacet
   facet normal -1 0 0
      outer loop
         vertex 0.00065 0.00334187 -5e-05
         vertex 0.00065 0.00319187 0.00015
         vertex 0.00065 0.00364187 0.00015
      endloop
   endfacet
   facet normal -1 0 0
      outer loop
         vertex 0.00065 0.00319187 0.0001
         vertex 0.00065 0.00319187 0.00015
         vertex 0.00065 0.00334187 -5e-05
      endloop
   endfacet
   facet normal 0 0 -1
      outer loop
         vertex 0.00065 0.00364187 -5e-05
         vertex 0.00085 0.00364187 -5e-05
         vertex 0.00085 0.00334187 -5e-05
      endloop
   endfacet
   facet normal 0 0 -1
      outer loop
         vertex 0.00085 0.00334187 -5e-05
         vertex 0.00065 0.00334187 -5e-05
         vertex 0.00065 0.00364187 -5e-05
      endloop
   endfacet
   facet normal 0 0 -1
      outer loop
         vertex 0.00065 0.00334187 -5e-05
         vertex 0.00085 0.00334187 -5e-05
         vertex 0.00085 0.00328446 -3.85819e-05
      endloop
   endfacet
   facet normal 0 -0.382683 -0.92388
      outer loop
         vertex 0.00065 0.00328446 -3.85819e-05
         vertex 0.00085 0.00328446 -3.85819e-05
         vertex 0.00085 0.0032358 -6.06602e-06
      endloop
   endfacet
   facet normal 0 -0.707107 -0.707107
      outer loop
         vertex 0.00065 0.0032358 -6.06602e-06
         vertex 0.00085 0.0032358 -6.06602e-06
         vertex 0.00085 0.00320328 4.25975e-05
      endloop
   endfacet
   facet normal 0 -0.92388 -0.382683
      outer loop
         vertex 0.00065 0.00320328 4.25975e-05
         vertex 0.00085 0.00320328 4.25975e-05
         vertex 0.00085 0.00319187 0.0001
      endloop
   endfacet
   facet normal 0 -1 9.93852e-14
      outer loop
         vertex 0.00085 0.00319187 0.0001
         vertex 0.00065 0.00319187 0.0001
         vertex 0.00065 0.00320328 4.25975e-05
      endloop
   endfacet
   facet normal 0 -0.92388 -0.382683
      outer loop
         vertex 0.00085 0.00320328 4.25975e-05
         vertex 0.00065 0.00320328 4.25975e-05
         vertex 0.00065 0.0032358 -6.06602e-06
      endloop
   endfacet
   facet normal 0 -0.707107 -0.707107
      outer loop
         vertex 0.00085 0.0032358 -6.06602e-06
         vertex 0.00065 0.0032358 -6.06602e-06
         vertex 0.00065 0.00328446 -3.85819e-05
      endloop
   endfacet
   facet normal 0 -0.382683 -0.92388
      outer loop
         vertex 0.00085 0.00328446 -3.85819e-05
         vertex 0.00065 0.00328446 -3.85819e-05
         vertex 0.00065 0.00334187 -5e-05
      endloop
   endfacet
   facet normal 0 1 0
      outer loop
         vertex 0.00085 0.00364187 0.00015
         vertex 0.00085 0.00364187 -5e-05
         vertex 0.00065 0.00364187 -5e-05
      endloop
   endfacet
   facet normal 0 1 0
      outer loop
         vertex 0.00065 0.00364187 -5e-05
         vertex 0.00065 0.00364187 0.00015
         vertex 0.00085 0.00364187 0.00015
      endloop
   endfacet
   facet normal 0 -1 9.93852e-14
      outer loop
         vertex 0.00035 0.00319187 0.00015
         vertex 0.00015 0.00319187 0.00015
         vertex 0.00015 0.00319187 0.0001
      endloop
   endfacet
   facet normal 0 -1 9.93852e-14
      outer loop
         vertex 0.00015 0.00319187 0.0001
         vertex 0.00035 0.00319187 0.0001
         vertex 0.00035 0.00319187 0.00015
      endloop
   endfacet
   facet normal 1 0 0
      outer loop
         vertex 0.00035 0.00334187 -5e-05
         vertex 0.00035 0.00320328 4.25975e-05
         vertex 0.00035 0.0032358 -6.06602e-06
      endloop
   endfacet
   facet normal 1 0 0
      outer loop
         vertex 0.00035 0.00334187 -5e-05
         vertex 0.00035 0.00319187 0.0001
         vertex 0.00035 0.00320328 4.25975e-05
      endloop
   endfacet
   facet normal 1 0 0
      outer loop
         vertex 0.00035 0.00364187 0.00015
         vertex 0.00035 0.00319187 0.00015
         vertex 0.00035 0.00334187 -5e-05
      endloop
   endfacet
   facet normal 1 0 0
      outer loop
         vertex 0.00035 0.00334187 -5e-05
         vertex 0.00035 0.00319187 0.00015
         vertex 0.00035 0.00319187 0.0001
      endloop
   endfacet
   facet normal 1 0 0
      outer loop
         vertex 0.00035 0.0032358 -6.06602e-06
         vertex 0.00035 0.00328446 -3.85819e-05
         vertex 0.00035 0.00334187 -5e-05
      endloop
   endfacet
   facet normal 1 0 0
      outer loop
         vertex 0.00035 0.00334187 -5e-05
         vertex 0.00035 0.00364187 -5e-05
         vertex 0.00035 0.00364187 0.00015
      endloop
   endfacet
   facet normal -1 0 0
      outer loop
         vertex 0.00015 0.00334187 -5e-05
         vertex 0.00015 0.00328446 -3.85819e-05
         vertex 0.00015 0.0032358 -6.06602e-06
      endloop
   endfacet
   facet normal -1 0 0
      outer loop
         vertex 0.00015 0.0032358 -6.06602e-06
         vertex 0.00015 0.00320328 4.25975e-05
         vertex 0.00015 0.00334187 -5e-05
      endloop
   endfacet
   facet normal -1 0 0
      outer loop
         vertex 0.00015 0.00320328 4.25975e-05
         vertex 0.00015 0.00319187 0.0001
         vertex 0.00015 0.00334187 -5e-05
      endloop
   endfacet
   facet normal -1 0 0
      outer loop
         vertex 0.00015 0.00364187 0.00015
         vertex 0.00015 0.00364187 -5e-05
         vertex 0.00015 0.00334187 -5e-05
      endloop
   endfacet
   facet normal -1 0 0
      outer loop
         vertex 0.00015 0.00334187 -5e-05
         vertex 0.00015 0.00319187 0.00015
         vertex 0.00015 0.00364187 0.00015
      endloop
   endfacet
   facet normal -1 0 0
      outer loop
         vertex 0.00015 0.00319187 0.0001
         vertex 0.00015 0.00319187 0.00015
         vertex 0.00015 0.00334187 -5e-05
      endloop
   endfacet
   facet normal 0 0 -1
      outer loop
         vertex 0.00015 0.00364187 -5e-05
         vertex 0.00035 0.00364187 -5e-05
         vertex 0.00035 0.00334187 -5e-05
      endloop
   endfacet
   facet normal 0 0 -1
      outer loop
         vertex 0.00035 0.00334187 -5e-05
         vertex 0.00015 0.00334187 -5e-05
         vertex 0.00015 0.00364187 -5e-05
      endloop
   endfacet
   facet normal 0 0 -1
      outer loop
         vertex 0.00015 0.00334187 -5e-05
         vertex 0.00035 0.00334187 -5e-05
         vertex 0.00035 0.00328446 -3.85819e-05
      endloop
   endfacet
   facet normal 0 -0.382683 -0.92388
      outer loop
         vertex 0.00015 0.00328446 -3.85819e-05
         vertex 0.00035 0.00328446 -3.85819e-05
         vertex 0.00035 0.0032358 -6.06602e-06
      endloop
   endfacet
   facet normal 0 -0.707107 -0.707107
      outer loop
         vertex 0.00015 0.0032358 -6.06602e-06
         vertex 0.00035 0.0032358 -6.06602e-06
         vertex 0.00035 0.00320328 4.25975e-05
      endloop
   endfacet
   facet normal 0 -0.92388 -0.382683
      outer loop
         vertex 0.00015 0.00320328 4.25975e-05
         vertex 0.00035 0.00320328 4.25975e-05
         vertex 0.00035 0.00319187 0.0001
      endloop
   endfacet
   facet normal 0 -1 9.93852e-14
      outer loop
         vertex 0.00035 0.00319187 0.0001
         vertex 0.00015 0.00319187 0.0001
         vertex 0.00015 0.00320328 4.25975e-05
      endloop
   endfacet
   facet normal 0 -0.92388 -0.382683
      outer loop
         vertex 0.00035 0.00320328 4.25975e-05
         vertex 0.00015 0.00320328 4.25975e-05
         vertex 0.00015 0.0032358 -6.06602e-06
      endloop
   endfacet
   facet normal 0 -0.707107 -0.707107
      outer loop
         vertex 0.00035 0.0032358 -6.06602e-06
         vertex 0.00015 0.0032358 -6.06602e-06
         vertex 0.00015 0.00328446 -3.85819e-05
      endloop
   endfacet
   facet normal 0 -0.382683 -0.92388
      outer loop
         vertex 0.00035 0.00328446 -3.85819e-05
         vertex 0.00015 0.00328446 -3.85819e-05
         vertex 0.00015 0.00334187 -5e-05
      endloop
   endfacet
   facet normal 0 1 0
      outer loop
         vertex 0.00035 0.00364187 -5e-05
         vertex 0.00015 0.00364187 -5e-05
         vertex 0.00015 0.00364187 0.00015
      endloop
   endfacet
   facet normal 0 1 0
      outer loop
         vertex 0.00015 0.00364187 0.00015
         vertex 0.00035 0.00364187 0.00015
         vertex 0.00035 0.00364187 -5e-05
      endloop
   endfacet
   facet normal 0 -1 9.93852e-14
      outer loop
         vertex -0.00345 0.00319187 0.0001
         vertex -0.00315 0.00319187 0.0001
         vertex -0.00315 0.00319187 0.00015
      endloop
   endfacet
   facet normal 0 -1 9.93852e-14
      outer loop
         vertex -0.00315 0.00319187 0.00015
         vertex -0.00345 0.00319187 0.00015
         vertex -0.00345 0.00319187 0.0001
      endloop
   endfacet
   facet normal 1 0 0
      outer loop
         vertex -0.00315 0.00334187 -5e-05
         vertex -0.00315 0.00320328 4.25975e-05
         vertex -0.00315 0.0032358 -6.06602e-06
      endloop
   endfacet
   facet normal 1 0 0
      outer loop
         vertex -0.00315 0.00334187 -5e-05
         vertex -0.00315 0.00319187 0.0001
         vertex -0.00315 0.00320328 4.25975e-05
      endloop
   endfacet
   facet normal 1 0 0
      outer loop
         vertex -0.00315 0.00364187 0.00015
         vertex -0.00315 0.00319187 0.00015
         vertex -0.00315 0.00334187 -5e-05
      endloop
   endfacet
   facet normal 1 0 0
      outer loop
         vertex -0.00315 0.00334187 -5e-05
         vertex -0.00315 0.00319187 0.00015
         vertex -0.00315 0.00319187 0.0001
      endloop
   endfacet
   facet normal 1 0 0
      outer loop
         vertex -0.00315 0.0032358 -6.06602e-06
         vertex -0.00315 0.00328446 -3.85819e-05
         vertex -0.00315 0.00334187 -5e-05
      endloop
   endfacet
   facet normal 1 0 0
      outer loop
         vertex -0.00315 0.00334187 -5e-05
         vertex -0.00315 0.00364187 -5e-05
         vertex -0.00315 0.00364187 0.00015
      endloop
   endfacet
   facet normal -1 0 0
      outer loop
         vertex -0.00345 0.00334187 -5e-05
         vertex -0.00345 0.00328446 -3.85819e-05
         vertex -0.00345 0.0032358 -6.06602e-06
      endloop
   endfacet
   facet normal -1 0 0
      outer loop
         vertex -0.00345 0.0032358 -6.06602e-06
         vertex -0.00345 0.00320328 4.25975e-05
         vertex -0.00345 0.00334187 -5e-05
      endloop
   endfacet
   facet normal -1 0 0
      outer loop
         vertex -0.00345 0.00320328 4.25975e-05
         vertex -0.00345 0.00319187 0.0001
         vertex -0.00345 0.00334187 -5e-05
      endloop
   endfacet
   facet normal -1 0 0
      outer loop
         vertex -0.00345 0.00364187 0.00015
         vertex -0.00345 0.00364187 -5e-05
         vertex -0.00345 0.00334187 -5e-05
      endloop
   endfacet
   facet normal -1 0 0
      outer loop
         vertex -0.00345 0.00334187 -5e-05
         vertex -0.00345 0.00319187 0.00015
         vertex -0.00345 0.00364187 0.00015
      endloop
   endfacet
   facet normal -1 0 0
      outer loop
         vertex -0.00345 0.00319187 0.0001
         vertex -0.00345 0.00319187 0.00015
         vertex -0.00345 0.00334187 -5e-05
      endloop
   endfacet
   facet normal 0 0 -1
      outer loop
         vertex -0.00345 0.00364187 -5e-05
         vertex -0.00315 0.00364187 -5e-05
         vertex -0.00315 0.00334187 -5e-05
      endloop
   endfacet
   facet normal 0 0 -1
      outer loop
         vertex -0.00315 0.00334187 -5e-05
         vertex -0.00345 0.00334187 -5e-05
         vertex -0.00345 0.00364187 -5e-05
      endloop
   endfacet
   facet normal 0 0 -1
      outer loop
         vertex -0.00345 0.00334187 -5e-05
         vertex -0.00315 0.00334187 -5e-05
         vertex -0.00315 0.00328446 -3.85819e-05
      endloop
   endfacet
   facet normal 0 -0.382683 -0.92388
      outer loop
         vertex -0.00345 0.00328446 -3.85819e-05
         vertex -0.00315 0.00328446 -3.85819e-05
         vertex -0.00315 0.0032358 -6.06602e-06
      endloop
   endfacet
   facet normal 0 -0.707107 -0.707107
      outer loop
         vertex -0.00345 0.0032358 -6.06602e-06
         vertex -0.00315 0.0032358 -6.06602e-06
         vertex -0.00315 0.00320328 4.25975e-05
      endloop
   endfacet
   facet normal 0 -0.92388 -0.382683
      outer loop
         vertex -0.00345 0.00320328 4.25975e-05
         vertex -0.00315 0.00320328 4.25975e-05
         vertex -0.00315 0.00319187 0.0001
      endloop
   endfacet
   facet normal 0 -1 1.16732e-13
      outer loop
         vertex -0.00315 0.00319187 0.0001
         vertex -0.00345 0.00319187 0.0001
         vertex -0.00345 0.00320328 4.25975e-05
      endloop
   endfacet
   facet normal 0 -0.92388 -0.382683
      outer loop
         vertex -0.00315 0.00320328 4.25975e-05
         vertex -0.00345 0.00320328 4.25975e-05
         vertex -0.00345 0.0032358 -6.06602e-06
      endloop
   endfacet
   facet normal 0 -0.707107 -0.707107
      outer loop
         vertex -0.00315 0.0032358 -6.06602e-06
         vertex -0.00345 0.0032358 -6.06602e-06
         vertex -0.00345 0.00328446 -3.85819e-05
      endloop
   endfacet
   facet normal 0 -0.382683 -0.92388
      outer loop
         vertex -0.00315 0.00328446 -3.85819e-05
         vertex -0.00345 0.00328446 -3.85819e-05
         vertex -0.00345 0.00334187 -5e-05
      endloop
   endfacet
   facet normal 0 1 0
      outer loop
         vertex -0.00345 0.00364187 -5e-05
         vertex -0.00345 0.00364187 0.00015
         vertex -0.00315 0.00364187 0.00015
      endloop
   endfacet
   facet normal 0 1 0
      outer loop
         vertex -0.00315 0.00364187 0.00015
         vertex -0.00315 0.00364187 -5e-05
         vertex -0.00345 0.00364187 -5e-05
      endloop
   endfacet
   facet normal 0 1 0
      outer loop
         vertex 0.00315 0.00364187 -5e-05
         vertex 0.00315 0.00364187 0.00015
         vertex 0.00345 0.00364187 0.00015
      endloop
   endfacet
   facet normal 0 1 0
      outer loop
         vertex 0.00345 0.00364187 0.00015
         vertex 0.00345 0.00364187 -5e-05
         vertex 0.00315 0.00364187 -5e-05
      endloop
   endfacet
   facet normal 1 0 0
      outer loop
         vertex 0.00345 0.00334187 -5e-05
         vertex 0.00345 0.00320328 4.25975e-05
         vertex 0.00345 0.0032358 -6.06602e-06
      endloop
   endfacet
   facet normal 1 0 0
      outer loop
         vertex 0.00345 0.00334187 -5e-05
         vertex 0.00345 0.00319187 0.0001
         vertex 0.00345 0.00320328 4.25975e-05
      endloop
   endfacet
   facet normal 1 0 0
      outer loop
         vertex 0.00345 0.00364187 0.00015
         vertex 0.00345 0.00319187 0.00015
         vertex 0.00345 0.00334187 -5e-05
      endloop
   endfacet
   facet normal 1 0 0
      outer loop
         vertex 0.00345 0.00334187 -5e-05
         vertex 0.00345 0.00319187 0.00015
         vertex 0.00345 0.00319187 0.0001
      endloop
   endfacet
   facet normal 1 0 0
      outer loop
         vertex 0.00345 0.0032358 -6.06602e-06
         vertex 0.00345 0.00328446 -3.85819e-05
         vertex 0.00345 0.00334187 -5e-05
      endloop
   endfacet
   facet normal 1 0 0
      outer loop
         vertex 0.00345 0.00334187 -5e-05
         vertex 0.00345 0.00364187 -5e-05
         vertex 0.00345 0.00364187 0.00015
      endloop
   endfacet
   facet normal -1 0 0
      outer loop
         vertex 0.00315 0.00334187 -5e-05
         vertex 0.00315 0.0032358 -6.06602e-06
         vertex 0.00315 0.00320328 4.25975e-05
      endloop
   endfacet
   facet normal -1 0 0
      outer loop
         vertex 0.00315 0.00334187 -5e-05
         vertex 0.00315 0.00328446 -3.85819e-05
         vertex 0.00315 0.0032358 -6.06602e-06
      endloop
   endfacet
   facet normal -1 0 0
      outer loop
         vertex 0.00315 0.00320328 4.25975e-05
         vertex 0.00315 0.00319187 0.0001
         vertex 0.00315 0.00334187 -5e-05
      endloop
   endfacet
   facet normal -1 0 0
      outer loop
         vertex 0.00315 0.00364187 0.00015
         vertex 0.00315 0.00364187 -5e-05
         vertex 0.00315 0.00334187 -5e-05
      endloop
   endfacet
   facet normal -1 0 0
      outer loop
         vertex 0.00315 0.00334187 -5e-05
         vertex 0.00315 0.00319187 0.00015
         vertex 0.00315 0.00364187 0.00015
      endloop
   endfacet
   facet normal -1 0 0
      outer loop
         vertex 0.00315 0.00319187 0.0001
         vertex 0.00315 0.00319187 0.00015
         vertex 0.00315 0.00334187 -5e-05
      endloop
   endfacet
   facet normal 0 0 -1
      outer loop
         vertex 0.00315 0.00364187 -5e-05
         vertex 0.00345 0.00364187 -5e-05
         vertex 0.00345 0.00334187 -5e-05
      endloop
   endfacet
   facet normal 0 0 -1
      outer loop
         vertex 0.00345 0.00334187 -5e-05
         vertex 0.00315 0.00334187 -5e-05
         vertex 0.00315 0.00364187 -5e-05
      endloop
   endfacet
   facet normal 0 0 -1
      outer loop
         vertex 0.00315 0.00334187 -5e-05
         vertex 0.00345 0.00334187 -5e-05
         vertex 0.00345 0.00328446 -3.85819e-05
      endloop
   endfacet
   facet normal 0 -0.382683 -0.92388
      outer loop
         vertex 0.00315 0.00328446 -3.85819e-05
         vertex 0.00345 0.00328446 -3.85819e-05
         vertex 0.00345 0.0032358 -6.06602e-06
      endloop
   endfacet
   facet normal 0 -0.707107 -0.707107
      outer loop
         vertex 0.00315 0.0032358 -6.06602e-06
         vertex 0.00345 0.0032358 -6.06602e-06
         vertex 0.00345 0.00320328 4.25975e-05
      endloop
   endfacet
   facet normal 0 -0.92388 -0.382683
      outer loop
         vertex 0.00315 0.00320328 4.25975e-05
         vertex 0.00345 0.00320328 4.25975e-05
         vertex 0.00345 0.00319187 0.0001
      endloop
   endfacet
   facet normal 0 -1 7.94178e-14
      outer loop
         vertex 0.00345 0.00319187 0.0001
         vertex 0.00315 0.00319187 0.0001
         vertex 0.00315 0.00320328 4.25975e-05
      endloop
   endfacet
   facet normal 0 -0.92388 -0.382683
      outer loop
         vertex 0.00345 0.00320328 4.25975e-05
         vertex 0.00315 0.00320328 4.25975e-05
         vertex 0.00315 0.0032358 -6.06602e-06
      endloop
   endfacet
   facet normal 0 -0.707107 -0.707107
      outer loop
         vertex 0.00345 0.0032358 -6.06602e-06
         vertex 0.00315 0.0032358 -6.06602e-06
         vertex 0.00315 0.00328446 -3.85819e-05
      endloop
   endfacet
   facet normal 0 -0.382683 -0.92388
      outer loop
         vertex 0.00345 0.00328446 -3.85819e-05
         vertex 0.00315 0.00328446 -3.85819e-05
         vertex 0.00315 0.00334187 -5e-05
      endloop
   endfacet
   facet normal 0 -1 7.94178e-14
      outer loop
         vertex 0.00345 0.00319187 0.00015
         vertex 0.00315 0.00319187 0.00015
         vertex 0.00315 0.00319187 0.0001
      endloop
   endfacet
   facet normal 0 -1 7.94178e-14
      outer loop
         vertex 0.00315 0.00319187 0.0001
         vertex 0.00345 0.00319187 0.0001
         vertex 0.00345 0.00319187 0.00015
      endloop
   endfacet
endsolid Female USB Type C Connector, RPi4ModelB. Units = meters