solid Part 1. STL generated by ONSHAPE BY PTC INC, 1.213. Units = meters
   facet normal 0 1 0
      outer loop
         vertex -0.0453676 0.009 -0.0010685
         vertex -0.04684 0.009 -0.000458601
         vertex -0.0464945 0.009 5.84431e-05
      endloop
   endfacet
   facet normal 0 1 0
      outer loop
         vertex -0.0464945 0.009 5.84431e-05
         vertex -0.0459775 0.009 0.000403921
         vertex -0.0453676 0.009 -0.0010685
      endloop
   endfacet
   facet normal 0 1 0
      outer loop
         vertex -0.0459775 0.009 0.000403921
         vertex -0.0453676 0.009 0.000525236
         vertex -0.0453676 0.009 -0.0010685
      endloop
   endfacet
   facet normal 0 1 0
      outer loop
         vertex -0.0453676 0.009 0.000525236
         vertex -0.0447577 0.009 0.000403921
         vertex -0.0453676 0.009 -0.0010685
      endloop
   endfacet
   facet normal 0 1 0
      outer loop
         vertex -0.0447577 0.009 0.000403921
         vertex -0.0442406 0.009 5.84431e-05
         vertex -0.0453676 0.009 -0.0010685
      endloop
   endfacet
   facet normal 0 1 0
      outer loop
         vertex -0.0442406 0.009 5.84431e-05
         vertex -0.0438952 0.009 -0.000458601
         vertex -0.0453676 0.009 -0.0010685
      endloop
   endfacet
   facet normal 0 1 0
      outer loop
         vertex -0.0438952 0.009 -0.000458601
         vertex -0.0437738 0.009 -0.0010685
         vertex -0.0453676 0.009 -0.0010685
      endloop
   endfacet
   facet normal 0 1 0
      outer loop
         vertex -0.0437738 0.009 -0.0010685
         vertex -0.0438952 0.009 -0.00167839
         vertex -0.0453676 0.009 -0.0010685
      endloop
   endfacet
   facet normal 0 1 0
      outer loop
         vertex -0.0438952 0.009 -0.00167839
         vertex -0.0442406 0.009 -0.00219543
         vertex -0.0453676 0.009 -0.0010685
      endloop
   endfacet
   facet normal 0 1 0
      outer loop
         vertex -0.0442406 0.009 -0.00219543
         vertex -0.0447577 0.009 -0.00254091
         vertex -0.0453676 0.009 -0.0010685
      endloop
   endfacet
   facet normal 0 1 0
      outer loop
         vertex -0.0447577 0.009 -0.00254091
         vertex -0.0453676 0.009 -0.00266223
         vertex -0.0453676 0.009 -0.0010685
      endloop
   endfacet
   facet normal 0 1 0
      outer loop
         vertex -0.0453676 0.009 -0.00266223
         vertex -0.0459775 0.009 -0.00254091
         vertex -0.0453676 0.009 -0.0010685
      endloop
   endfacet
   facet normal 0 1 0
      outer loop
         vertex -0.0459775 0.009 -0.00254091
         vertex -0.0464945 0.009 -0.00219543
         vertex -0.0453676 0.009 -0.0010685
      endloop
   endfacet
   facet normal 0 1 0
      outer loop
         vertex -0.0464945 0.009 -0.00219543
         vertex -0.04684 0.009 -0.00167839
         vertex -0.0453676 0.009 -0.0010685
      endloop
   endfacet
   facet normal 0 1 0
      outer loop
         vertex -0.04684 0.009 -0.00167839
         vertex -0.0469613 0.009 -0.0010685
         vertex -0.0453676 0.009 -0.0010685
      endloop
   endfacet
   facet normal 0 1 0
      outer loop
         vertex -0.0469613 0.009 -0.0010685
         vertex -0.04684 0.009 -0.000458601
         vertex -0.0453676 0.009 -0.0010685
      endloop
   endfacet
   facet normal 0.92388 0 0.382683
      outer loop
         vertex -0.04684 0.01 -0.00167839
         vertex -0.0469613 0.01 -0.0010685
         vertex -0.0469613 0.009 -0.0010685
      endloop
   endfacet
   facet normal 0.707107 0 0.707107
      outer loop
         vertex -0.0464945 0.01 -0.00219543
         vertex -0.04684 0.01 -0.00167839
         vertex -0.04684 0.009 -0.00167839
      endloop
   endfacet
   facet normal 0.382683 0 0.92388
      outer loop
         vertex -0.0459775 0.01 -0.00254091
         vertex -0.0464945 0.01 -0.00219543
         vertex -0.0464945 0.009 -0.00219543
      endloop
   endfacet
   facet normal -1.83697e-16 0 1
      outer loop
         vertex -0.0453676 0.01 -0.00266223
         vertex -0.0459775 0.01 -0.00254091
         vertex -0.0459775 0.009 -0.00254091
      endloop
   endfacet
   facet normal -0.382683 0 0.92388
      outer loop
         vertex -0.0447577 0.01 -0.00254091
         vertex -0.0453676 0.01 -0.00266223
         vertex -0.0453676 0.009 -0.00266223
      endloop
   endfacet
   facet normal -0.707107 0 0.707107
      outer loop
         vertex -0.0442406 0.01 -0.00219543
         vertex -0.0447577 0.01 -0.00254091
         vertex -0.0447577 0.009 -0.00254091
      endloop
   endfacet
   facet normal -0.92388 0 0.382683
      outer loop
         vertex -0.0438952 0.01 -0.00167839
         vertex -0.0442406 0.01 -0.00219543
         vertex -0.0442406 0.009 -0.00219543
      endloop
   endfacet
   facet normal -1 0 -1.22465e-16
      outer loop
         vertex -0.0437738 0.01 -0.0010685
         vertex -0.0438952 0.01 -0.00167839
         vertex -0.0438952 0.009 -0.00167839
      endloop
   endfacet
   facet normal -0.92388 0 -0.382683
      outer loop
         vertex -0.0438952 0.01 -0.000458601
         vertex -0.0437738 0.01 -0.0010685
         vertex -0.0437738 0.009 -0.0010685
      endloop
   endfacet
   facet normal -0.707107 0 -0.707107
      outer loop
         vertex -0.0442406 0.01 5.84431e-05
         vertex -0.0438952 0.01 -0.000458601
         vertex -0.0438952 0.009 -0.000458601
      endloop
   endfacet
   facet normal -0.382683 0 -0.92388
      outer loop
         vertex -0.0447577 0.01 0.000403921
         vertex -0.0442406 0.01 5.84431e-05
         vertex -0.0442406 0.009 5.84431e-05
      endloop
   endfacet
   facet normal 6.12323e-17 0 -1
      outer loop
         vertex -0.0453676 0.01 0.000525236
         vertex -0.0447577 0.01 0.000403921
         vertex -0.0447577 0.009 0.000403921
      endloop
   endfacet
   facet normal 0.382683 0 -0.92388
      outer loop
         vertex -0.0459775 0.01 0.000403921
         vertex -0.0453676 0.01 0.000525236
         vertex -0.0453676 0.009 0.000525236
      endloop
   endfacet
   facet normal 0.707107 0 -0.707107
      outer loop
         vertex -0.0464945 0.01 5.84431e-05
         vertex -0.0459775 0.01 0.000403921
         vertex -0.0459775 0.009 0.000403921
      endloop
   endfacet
   facet normal 0.92388 0 -0.382683
      outer loop
         vertex -0.04684 0.01 -0.000458601
         vertex -0.0464945 0.01 5.84431e-05
         vertex -0.0464945 0.009 5.84431e-05
      endloop
   endfacet
   facet normal 1 0 2.44929e-16
      outer loop
         vertex -0.0469613 0.01 -0.0010685
         vertex -0.04684 0.01 -0.000458601
         vertex -0.04684 0.009 -0.000458601
      endloop
   endfacet
   facet normal 0.92388 0 -0.382683
      outer loop
         vertex -0.04684 0.009 -0.000458601
         vertex -0.0469613 0.009 -0.0010685
         vertex -0.0469613 0.01 -0.0010685
      endloop
   endfacet
   facet normal 0.707107 0 -0.707107
      outer loop
         vertex -0.0464945 0.009 5.84431e-05
         vertex -0.04684 0.009 -0.000458601
         vertex -0.04684 0.01 -0.000458601
      endloop
   endfacet
   facet normal 0.382683 0 -0.92388
      outer loop
         vertex -0.0459775 0.009 0.000403921
         vertex -0.0464945 0.009 5.84431e-05
         vertex -0.0464945 0.01 5.84431e-05
      endloop
   endfacet
   facet normal 6.12323e-17 0 -1
      outer loop
         vertex -0.0453676 0.009 0.000525236
         vertex -0.0459775 0.009 0.000403921
         vertex -0.0459775 0.01 0.000403921
      endloop
   endfacet
   facet normal -0.382683 0 -0.92388
      outer loop
         vertex -0.0447577 0.009 0.000403921
         vertex -0.0453676 0.009 0.000525236
         vertex -0.0453676 0.01 0.000525236
      endloop
   endfacet
   facet normal -0.707107 0 -0.707107
      outer loop
         vertex -0.0442406 0.009 5.84431e-05
         vertex -0.0447577 0.009 0.000403921
         vertex -0.0447577 0.01 0.000403921
      endloop
   endfacet
   facet normal -0.92388 0 -0.382683
      outer loop
         vertex -0.0438952 0.009 -0.000458601
         vertex -0.0442406 0.009 5.84431e-05
         vertex -0.0442406 0.01 5.84431e-05
      endloop
   endfacet
   facet normal -1 0 -1.22465e-16
      outer loop
         vertex -0.0437738 0.009 -0.0010685
         vertex -0.0438952 0.009 -0.000458601
         vertex -0.0438952 0.01 -0.000458601
      endloop
   endfacet
   facet normal -0.92388 0 0.382683
      outer loop
         vertex -0.0438952 0.009 -0.00167839
         vertex -0.0437738 0.009 -0.0010685
         vertex -0.0437738 0.01 -0.0010685
      endloop
   endfacet
   facet normal -0.707107 0 0.707107
      outer loop
         vertex -0.0442406 0.009 -0.00219543
         vertex -0.0438952 0.009 -0.00167839
         vertex -0.0438952 0.01 -0.00167839
      endloop
   endfacet
   facet normal -0.382683 0 0.92388
      outer loop
         vertex -0.0447577 0.009 -0.00254091
         vertex -0.0442406 0.009 -0.00219543
         vertex -0.0442406 0.01 -0.00219543
      endloop
   endfacet
   facet normal -1.83697e-16 0 1
      outer loop
         vertex -0.0453676 0.009 -0.00266223
         vertex -0.0447577 0.009 -0.00254091
         vertex -0.0447577 0.01 -0.00254091
      endloop
   endfacet
   facet normal 0.382683 0 0.92388
      outer loop
         vertex -0.0459775 0.009 -0.00254091
         vertex -0.0453676 0.009 -0.00266223
         vertex -0.0453676 0.01 -0.00266223
      endloop
   endfacet
   facet normal 0.707107 0 0.707107
      outer loop
         vertex -0.0464945 0.009 -0.00219543
         vertex -0.0459775 0.009 -0.00254091
         vertex -0.0459775 0.01 -0.00254091
      endloop
   endfacet
   facet normal 0.92388 0 0.382683
      outer loop
         vertex -0.04684 0.009 -0.00167839
         vertex -0.0464945 0.009 -0.00219543
         vertex -0.0464945 0.01 -0.00219543
      endloop
   endfacet
   facet normal 1 0 2.44929e-16
      outer loop
         vertex -0.0469613 0.009 -0.0010685
         vertex -0.04684 0.009 -0.00167839
         vertex -0.04684 0.01 -0.00167839
      endloop
   endfacet
   facet normal 0 1 0
      outer loop
         vertex -0.0465606 0.01 -0.00454631
         vertex -0.0477949 0.01 0.00171326
         vertex -0.0469613 0.01 -0.0010685
      endloop
   endfacet
   facet normal 0 1 0
      outer loop
         vertex -0.0477949 0.01 0.00171326
         vertex -0.046906 0.01 -0.00506336
         vertex -0.0470274 0.01 -0.00567325
      endloop
   endfacet
   facet normal 0 1 0
      outer loop
         vertex -0.0469613 0.01 -0.0010685
         vertex -0.04684 0.01 -0.00167839
         vertex -0.0465606 0.01 -0.00454631
      endloop
   endfacet
   facet normal 0 1 0
      outer loop
         vertex -0.0470274 0.01 -0.00567325
         vertex -0.0477949 0.01 -0.00828674
         vertex -0.0477949 0.01 0.00171326
      endloop
   endfacet
   facet normal 0 1 0
      outer loop
         vertex -0.0477949 0.01 0.00171326
         vertex -0.04684 0.01 -0.000458601
         vertex -0.0469613 0.01 -0.0010685
      endloop
   endfacet
   facet normal 0 1 0
      outer loop
         vertex -0.0430723 0.01 -0.00828674
         vertex -0.0438952 0.01 -0.00167839
         vertex -0.0437738 0.01 -0.0010685
      endloop
   endfacet
   facet normal 0 1 0
      outer loop
         vertex -0.0447577 0.01 -0.00254091
         vertex -0.0439612 0.01 -0.00506336
         vertex -0.0443067 0.01 -0.00454631
      endloop
   endfacet
   facet normal 0 1 0
      outer loop
         vertex -0.0442406 0.01 -0.00219543
         vertex -0.0430723 0.01 -0.00828674
         vertex -0.0438399 0.01 -0.00567325
      endloop
   endfacet
   facet normal 0 1 0
      outer loop
         vertex -0.0430723 0.01 -0.00828674
         vertex -0.0477949 0.01 -0.00828674
         vertex -0.0454336 0.01 -0.00726698
      endloop
   endfacet
   facet normal 0 1 0
      outer loop
         vertex -0.0470274 0.01 -0.00567325
         vertex -0.046906 0.01 -0.00628314
         vertex -0.0477949 0.01 -0.00828674
      endloop
   endfacet
   facet normal 0 1 0
      outer loop
         vertex -0.04684 0.01 -0.00167839
         vertex -0.0454336 0.01 -0.00407952
         vertex -0.0460435 0.01 -0.00420083
      endloop
   endfacet
   facet normal 0 1 0
      outer loop
         vertex -0.0437738 0.01 -0.0010685
         vertex -0.0430723 0.01 0.00171326
         vertex -0.0430723 0.01 -0.00828674
      endloop
   endfacet
   facet normal 0 1 0
      outer loop
         vertex -0.0443067 0.01 -0.00454631
         vertex -0.0453676 0.01 -0.00266223
         vertex -0.0447577 0.01 -0.00254091
      endloop
   endfacet
   facet normal 0 1 0
      outer loop
         vertex -0.0443067 0.01 -0.00454631
         vertex -0.0464945 0.01 -0.00219543
         vertex -0.0459775 0.01 -0.00254091
      endloop
   endfacet
   facet normal 0 1 0
      outer loop
         vertex -0.0430723 0.01 -0.00828674
         vertex -0.0439612 0.01 -0.00628314
         vertex -0.0438399 0.01 -0.00567325
      endloop
   endfacet
   facet normal 0 1 0
      outer loop
         vertex -0.0454336 0.01 -0.00726698
         vertex -0.0448237 0.01 -0.00714567
         vertex -0.0430723 0.01 -0.00828674
      endloop
   endfacet
   facet normal 0 1 0
      outer loop
         vertex -0.0477949 0.01 -0.00828674
         vertex -0.0465606 0.01 -0.00680019
         vertex -0.0460435 0.01 -0.00714567
      endloop
   endfacet
   facet normal 0 1 0
      outer loop
         vertex -0.0477949 0.01 0.00171326
         vertex -0.0465606 0.01 -0.00454631
         vertex -0.046906 0.01 -0.00506336
      endloop
   endfacet
   facet normal 0 1 0
      outer loop
         vertex -0.0477949 0.01 0.00171326
         vertex -0.0464945 0.01 5.84431e-05
         vertex -0.04684 0.01 -0.000458601
      endloop
   endfacet
   facet normal 0 1 0
      outer loop
         vertex -0.0437738 0.01 -0.0010685
         vertex -0.0438952 0.01 -0.000458601
         vertex -0.0430723 0.01 0.00171326
      endloop
   endfacet
   facet normal 0 1 0
      outer loop
         vertex -0.0459775 0.01 -0.00254091
         vertex -0.0453676 0.01 -0.00266223
         vertex -0.0443067 0.01 -0.00454631
      endloop
   endfacet
   facet normal 0 1 0
      outer loop
         vertex -0.0430723 0.01 -0.00828674
         vertex -0.0443067 0.01 -0.00680019
         vertex -0.0439612 0.01 -0.00628314
      endloop
   endfacet
   facet normal 0 1 0
      outer loop
         vertex -0.0460435 0.01 -0.00714567
         vertex -0.0454336 0.01 -0.00726698
         vertex -0.0477949 0.01 -0.00828674
      endloop
   endfacet
   facet normal 0 1 0
      outer loop
         vertex -0.04684 0.01 -0.00167839
         vertex -0.0460435 0.01 -0.00420083
         vertex -0.0465606 0.01 -0.00454631
      endloop
   endfacet
   facet normal 0 1 0
      outer loop
         vertex -0.0477949 0.01 0.00171326
         vertex -0.0430723 0.01 0.00171326
         vertex -0.0453676 0.01 0.000525236
      endloop
   endfacet
   facet normal 0 1 0
      outer loop
         vertex -0.0430723 0.01 -0.00828674
         vertex -0.0442406 0.01 -0.00219543
         vertex -0.0438952 0.01 -0.00167839
      endloop
   endfacet
   facet normal 0 1 0
      outer loop
         vertex -0.0438399 0.01 -0.00567325
         vertex -0.0439612 0.01 -0.00506336
         vertex -0.0442406 0.01 -0.00219543
      endloop
   endfacet
   facet normal 0 1 0
      outer loop
         vertex -0.046906 0.01 -0.00628314
         vertex -0.0465606 0.01 -0.00680019
         vertex -0.0477949 0.01 -0.00828674
      endloop
   endfacet
   facet normal 0 1 0
      outer loop
         vertex -0.0453676 0.01 0.000525236
         vertex -0.0459775 0.01 0.000403921
         vertex -0.0477949 0.01 0.00171326
      endloop
   endfacet
   facet normal 0 1 0
      outer loop
         vertex -0.0447577 0.01 -0.00254091
         vertex -0.0442406 0.01 -0.00219543
         vertex -0.0439612 0.01 -0.00506336
      endloop
   endfacet
   facet normal 0 1 0
      outer loop
         vertex -0.0459775 0.01 0.000403921
         vertex -0.0464945 0.01 5.84431e-05
         vertex -0.0477949 0.01 0.00171326
      endloop
   endfacet
   facet normal 0 1 0
      outer loop
         vertex -0.0430723 0.01 0.00171326
         vertex -0.0442406 0.01 5.84431e-05
         vertex -0.0447577 0.01 0.000403921
      endloop
   endfacet
   facet normal 0 1 0
      outer loop
         vertex -0.0448237 0.01 -0.00714567
         vertex -0.0443067 0.01 -0.00680019
         vertex -0.0430723 0.01 -0.00828674
      endloop
   endfacet
   facet normal 0 1 0
      outer loop
         vertex -0.0454336 0.01 -0.00407952
         vertex -0.04684 0.01 -0.00167839
         vertex -0.0464945 0.01 -0.00219543
      endloop
   endfacet
   facet normal 0 1 0
      outer loop
         vertex -0.0438952 0.01 -0.000458601
         vertex -0.0442406 0.01 5.84431e-05
         vertex -0.0430723 0.01 0.00171326
      endloop
   endfacet
   facet normal 0 1 0
      outer loop
         vertex -0.0464945 0.01 -0.00219543
         vertex -0.0443067 0.01 -0.00454631
         vertex -0.0448237 0.01 -0.00420083
      endloop
   endfacet
   facet normal 0 1 0
      outer loop
         vertex -0.0464945 0.01 -0.00219543
         vertex -0.0448237 0.01 -0.00420083
         vertex -0.0454336 0.01 -0.00407952
      endloop
   endfacet
   facet normal 0 1 0
      outer loop
         vertex -0.0447577 0.01 0.000403921
         vertex -0.0453676 0.01 0.000525236
         vertex -0.0430723 0.01 0.00171326
      endloop
   endfacet
   facet normal 3.67328e-16 0 1
      outer loop
         vertex -0.0430723 0.01 0.00171326
         vertex -0.0477949 0.01 0.00171326
         vertex -0.0472949 0 0.00171326
      endloop
   endfacet
   facet normal 3.67328e-16 0 1
      outer loop
         vertex -0.0472949 0 0.00171326
         vertex -0.0432949 0 0.00171326
         vertex -0.0430723 0.01 0.00171326
      endloop
   endfacet
   facet normal 3.67328e-16 0 1
      outer loop
         vertex -0.0477949 0.01 0.00171326
         vertex -0.0477949 0 0.00171326
         vertex -0.0472949 0 0.00171326
      endloop
   endfacet
   facet normal 3.67328e-16 0 1
      outer loop
         vertex -0.0432949 0 0.00171326
         vertex -0.0430723 0 0.00171326
         vertex -0.0430723 0.01 0.00171326
      endloop
   endfacet
   facet normal 1 0 0
      outer loop
         vertex -0.0430723 0.01 -0.00828674
         vertex -0.0430723 0.01 0.00171326
         vertex -0.0430723 0 -0.00228674
      endloop
   endfacet
   facet normal 1 0 0
      outer loop
         vertex -0.0430723 0.01 0.00171326
         vertex -0.0430723 0 0.00171326
         vertex -0.0430723 0 -0.00228674
      endloop
   endfacet
   facet normal 1 0 0
      outer loop
         vertex -0.0430723 0 -0.00228674
         vertex -0.0430723 0 -0.00828674
         vertex -0.0430723 0.01 -0.00828674
      endloop
   endfacet
   facet normal 0 0 -1
      outer loop
         vertex -0.0430723 0.01 -0.00828674
         vertex -0.0432949 0 -0.00828674
         vertex -0.0472949 0 -0.00828674
      endloop
   endfacet
   facet normal 0 0 -1
      outer loop
         vertex -0.0472949 0 -0.00828674
         vertex -0.0477949 0.01 -0.00828674
         vertex -0.0430723 0.01 -0.00828674
      endloop
   endfacet
   facet normal 0 0 -1
      outer loop
         vertex -0.0430723 0.01 -0.00828674
         vertex -0.0430723 0 -0.00828674
         vertex -0.0432949 0 -0.00828674
      endloop
   endfacet
   facet normal 0 0 -1
      outer loop
         vertex -0.0472949 0 -0.00828674
         vertex -0.0477949 0 -0.00828674
         vertex -0.0477949 0.01 -0.00828674
      endloop
   endfacet
   facet normal 0.92388 0 0.382683
      outer loop
         vertex -0.046906 0.01 -0.00628314
         vertex -0.0470274 0.01 -0.00567325
         vertex -0.0470274 0.009 -0.00567325
      endloop
   endfacet
   facet normal 0.707107 0 0.707107
      outer loop
         vertex -0.0465606 0.01 -0.00680019
         vertex -0.046906 0.01 -0.00628314
         vertex -0.046906 0.009 -0.00628314
      endloop
   endfacet
   facet normal 0.382683 0 0.92388
      outer loop
         vertex -0.0460435 0.01 -0.00714567
         vertex -0.0465606 0.01 -0.00680019
         vertex -0.0465606 0.009 -0.00680019
      endloop
   endfacet
   facet normal -1.83697e-16 0 1
      outer loop
         vertex -0.0454336 0.01 -0.00726698
         vertex -0.0460435 0.01 -0.00714567
         vertex -0.0460435 0.009 -0.00714567
      endloop
   endfacet
   facet normal -0.382683 0 0.92388
      outer loop
         vertex -0.0448237 0.01 -0.00714567
         vertex -0.0454336 0.01 -0.00726698
         vertex -0.0454336 0.009 -0.00726698
      endloop
   endfacet
   facet normal -0.707107 0 0.707107
      outer loop
         vertex -0.0443067 0.01 -0.00680019
         vertex -0.0448237 0.01 -0.00714567
         vertex -0.0448237 0.009 -0.00714567
      endloop
   endfacet
   facet normal -0.92388 0 0.382683
      outer loop
         vertex -0.0439612 0.01 -0.00628314
         vertex -0.0443067 0.01 -0.00680019
         vertex -0.0443067 0.009 -0.00680019
      endloop
   endfacet
   facet normal -1 0 -1.22465e-16
      outer loop
         vertex -0.0438399 0.01 -0.00567325
         vertex -0.0439612 0.01 -0.00628314
         vertex -0.0439612 0.009 -0.00628314
      endloop
   endfacet
   facet normal -0.92388 0 -0.382683
      outer loop
         vertex -0.0439612 0.01 -0.00506336
         vertex -0.0438399 0.01 -0.00567325
         vertex -0.0438399 0.009 -0.00567325
      endloop
   endfacet
   facet normal -0.707107 0 -0.707107
      outer loop
         vertex -0.0443067 0.01 -0.00454631
         vertex -0.0439612 0.01 -0.00506336
         vertex -0.0439612 0.009 -0.00506336
      endloop
   endfacet
   facet normal -0.382683 0 -0.92388
      outer loop
         vertex -0.0448237 0.01 -0.00420083
         vertex -0.0443067 0.01 -0.00454631
         vertex -0.0443067 0.009 -0.00454631
      endloop
   endfacet
   facet normal 6.12323e-17 0 -1
      outer loop
         vertex -0.0454336 0.01 -0.00407952
         vertex -0.0448237 0.01 -0.00420083
         vertex -0.0448237 0.009 -0.00420083
      endloop
   endfacet
   facet normal 0.382683 0 -0.92388
      outer loop
         vertex -0.0460435 0.01 -0.00420083
         vertex -0.0454336 0.01 -0.00407952
         vertex -0.0454336 0.009 -0.00407952
      endloop
   endfacet
   facet normal 0.707107 0 -0.707107
      outer loop
         vertex -0.0465606 0.01 -0.00454631
         vertex -0.0460435 0.01 -0.00420083
         vertex -0.0460435 0.009 -0.00420083
      endloop
   endfacet
   facet normal 0.92388 0 -0.382683
      outer loop
         vertex -0.046906 0.01 -0.00506336
         vertex -0.0465606 0.01 -0.00454631
         vertex -0.0465606 0.009 -0.00454631
      endloop
   endfacet
   facet normal 1 0 2.44929e-16
      outer loop
         vertex -0.0470274 0.01 -0.00567325
         vertex -0.046906 0.01 -0.00506336
         vertex -0.046906 0.009 -0.00506336
      endloop
   endfacet
   facet normal 0.92388 0 -0.382683
      outer loop
         vertex -0.046906 0.009 -0.00506336
         vertex -0.0470274 0.009 -0.00567325
         vertex -0.0470274 0.01 -0.00567325
      endloop
   endfacet
   facet normal 0.707107 0 -0.707107
      outer loop
         vertex -0.0465606 0.009 -0.00454631
         vertex -0.046906 0.009 -0.00506336
         vertex -0.046906 0.01 -0.00506336
      endloop
   endfacet
   facet normal 0.382683 0 -0.92388
      outer loop
         vertex -0.0460435 0.009 -0.00420083
         vertex -0.0465606 0.009 -0.00454631
         vertex -0.0465606 0.01 -0.00454631
      endloop
   endfacet
   facet normal 6.12323e-17 0 -1
      outer loop
         vertex -0.0454336 0.009 -0.00407952
         vertex -0.0460435 0.009 -0.00420083
         vertex -0.0460435 0.01 -0.00420083
      endloop
   endfacet
   facet normal -0.382683 0 -0.92388
      outer loop
         vertex -0.0448237 0.009 -0.00420083
         vertex -0.0454336 0.009 -0.00407952
         vertex -0.0454336 0.01 -0.00407952
      endloop
   endfacet
   facet normal -0.707107 0 -0.707107
      outer loop
         vertex -0.0443067 0.009 -0.00454631
         vertex -0.0448237 0.009 -0.00420083
         vertex -0.0448237 0.01 -0.00420083
      endloop
   endfacet
   facet normal -0.92388 0 -0.382683
      outer loop
         vertex -0.0439612 0.009 -0.00506336
         vertex -0.0443067 0.009 -0.00454631
         vertex -0.0443067 0.01 -0.00454631
      endloop
   endfacet
   facet normal -1 0 -1.22465e-16
      outer loop
         vertex -0.0438399 0.009 -0.00567325
         vertex -0.0439612 0.009 -0.00506336
         vertex -0.0439612 0.01 -0.00506336
      endloop
   endfacet
   facet normal -0.92388 0 0.382683
      outer loop
         vertex -0.0439612 0.009 -0.00628314
         vertex -0.0438399 0.009 -0.00567325
         vertex -0.0438399 0.01 -0.00567325
      endloop
   endfacet
   facet normal -0.707107 0 0.707107
      outer loop
         vertex -0.0443067 0.009 -0.00680019
         vertex -0.0439612 0.009 -0.00628314
         vertex -0.0439612 0.01 -0.00628314
      endloop
   endfacet
   facet normal -0.382683 0 0.92388
      outer loop
         vertex -0.0448237 0.009 -0.00714567
         vertex -0.0443067 0.009 -0.00680019
         vertex -0.0443067 0.01 -0.00680019
      endloop
   endfacet
   facet normal -1.83697e-16 0 1
      outer loop
         vertex -0.0454336 0.009 -0.00726698
         vertex -0.0448237 0.009 -0.00714567
         vertex -0.0448237 0.01 -0.00714567
      endloop
   endfacet
   facet normal 0.382683 0 0.92388
      outer loop
         vertex -0.0460435 0.009 -0.00714567
         vertex -0.0454336 0.009 -0.00726698
         vertex -0.0454336 0.01 -0.00726698
      endloop
   endfacet
   facet normal 0.707107 0 0.707107
      outer loop
         vertex -0.0465606 0.009 -0.00680019
         vertex -0.0460435 0.009 -0.00714567
         vertex -0.0460435 0.01 -0.00714567
      endloop
   endfacet
   facet normal 0.92388 0 0.382683
      outer loop
         vertex -0.046906 0.009 -0.00628314
         vertex -0.0465606 0.009 -0.00680019
         vertex -0.0465606 0.01 -0.00680019
      endloop
   endfacet
   facet normal 1 0 2.44929e-16
      outer loop
         vertex -0.0470274 0.009 -0.00567325
         vertex -0.046906 0.009 -0.00628314
         vertex -0.046906 0.01 -0.00628314
      endloop
   endfacet
   facet normal 0 1 0
      outer loop
         vertex -0.0454336 0.009 -0.00567325
         vertex -0.046906 0.009 -0.00506336
         vertex -0.0465606 0.009 -0.00454631
      endloop
   endfacet
   facet normal 0 1 0
      outer loop
         vertex -0.0465606 0.009 -0.00454631
         vertex -0.0460435 0.009 -0.00420083
         vertex -0.0454336 0.009 -0.00567325
      endloop
   endfacet
   facet normal 0 1 0
      outer loop
         vertex -0.0460435 0.009 -0.00420083
         vertex -0.0454336 0.009 -0.00407952
         vertex -0.0454336 0.009 -0.00567325
      endloop
   endfacet
   facet normal 0 1 0
      outer loop
         vertex -0.0454336 0.009 -0.00407952
         vertex -0.0448237 0.009 -0.00420083
         vertex -0.0454336 0.009 -0.00567325
      endloop
   endfacet
   facet normal 0 1 0
      outer loop
         vertex -0.0448237 0.009 -0.00420083
         vertex -0.0443067 0.009 -0.00454631
         vertex -0.0454336 0.009 -0.00567325
      endloop
   endfacet
   facet normal 0 1 0
      outer loop
         vertex -0.0443067 0.009 -0.00454631
         vertex -0.0439612 0.009 -0.00506336
         vertex -0.0454336 0.009 -0.00567325
      endloop
   endfacet
   facet normal 0 1 0
      outer loop
         vertex -0.0439612 0.009 -0.00506336
         vertex -0.0438399 0.009 -0.00567325
         vertex -0.0454336 0.009 -0.00567325
      endloop
   endfacet
   facet normal 0 1 0
      outer loop
         vertex -0.0438399 0.009 -0.00567325
         vertex -0.0439612 0.009 -0.00628314
         vertex -0.0454336 0.009 -0.00567325
      endloop
   endfacet
   facet normal 0 1 0
      outer loop
         vertex -0.0439612 0.009 -0.00628314
         vertex -0.0443067 0.009 -0.00680019
         vertex -0.0454336 0.009 -0.00567325
      endloop
   endfacet
   facet normal 0 1 0
      outer loop
         vertex -0.0443067 0.009 -0.00680019
         vertex -0.0448237 0.009 -0.00714567
         vertex -0.0454336 0.009 -0.00567325
      endloop
   endfacet
   facet normal 0 1 0
      outer loop
         vertex -0.0448237 0.009 -0.00714567
         vertex -0.0454336 0.009 -0.00726698
         vertex -0.0454336 0.009 -0.00567325
      endloop
   endfacet
   facet normal 0 1 0
      outer loop
         vertex -0.0454336 0.009 -0.00726698
         vertex -0.0460435 0.009 -0.00714567
         vertex -0.0454336 0.009 -0.00567325
      endloop
   endfacet
   facet normal 0 1 0
      outer loop
         vertex -0.0460435 0.009 -0.00714567
         vertex -0.0465606 0.009 -0.00680019
         vertex -0.0454336 0.009 -0.00567325
      endloop
   endfacet
   facet normal 0 1 0
      outer loop
         vertex -0.0465606 0.009 -0.00680019
         vertex -0.046906 0.009 -0.00628314
         vertex -0.0454336 0.009 -0.00567325
      endloop
   endfacet
   facet normal 0 1 0
      outer loop
         vertex -0.046906 0.009 -0.00628314
         vertex -0.0470274 0.009 -0.00567325
         vertex -0.0454336 0.009 -0.00567325
      endloop
   endfacet
   facet normal 0 1 0
      outer loop
         vertex -0.0470274 0.009 -0.00567325
         vertex -0.046906 0.009 -0.00506336
         vertex -0.0454336 0.009 -0.00567325
      endloop
   endfacet
   facet normal -1 0 0
      outer loop
         vertex -0.0477949 0 0.0180396
         vertex -0.0477949 0 0.00171326
         vertex -0.0477949 -0.002 0.00921326
      endloop
   endfacet
   facet normal -1 0 0
      outer loop
         vertex -0.0477949 -0.002 -0.0182867
         vertex -0.0477949 -0.002 -0.0177867
         vertex -0.0477949 0 -0.0177867
      endloop
   endfacet
   facet normal -1 0 0
      outer loop
         vertex -0.0477949 -0.002 -0.0177867
         vertex -0.0477949 -0.002 -0.00628674
         vertex -0.0477949 0 -0.00828674
      endloop
   endfacet
   facet normal -1 0 0
      outer loop
         vertex -0.0477949 0.0012376 -0.00360341
         vertex -0.0477949 0.0012376 -0.00810669
         vertex -0.0477949 0 -0.00828674
      endloop
   endfacet
   facet normal -1 0 0
      outer loop
         vertex -0.0477949 0 0.0317133
         vertex -0.0477949 0 0.0272133
         vertex -0.0477949 -0.002 0.0272133
      endloop
   endfacet
   facet normal -1 0 0
      outer loop
         vertex -0.0477949 -0.002 0.0242133
         vertex -0.0477949 0 0.0205396
         vertex -0.0477949 0 0.0180396
      endloop
   endfacet
   facet normal -1 0 0
      outer loop
         vertex -0.0477949 0.01 -0.00828674
         vertex -0.0477949 0.00749055 -0.00810669
         vertex -0.0477949 0.00749055 -0.00360341
      endloop
   endfacet
   facet normal -1 0 0
      outer loop
         vertex -0.0477949 0 -0.00828674
         vertex -0.0477949 0.0012376 -0.00810669
         vertex -0.0477949 0.00749055 -0.00810669
      endloop
   endfacet
   facet normal -1 0 0
      outer loop
         vertex -0.0477949 0 -0.00828674
         vertex -0.0477949 0 -0.0177867
         vertex -0.0477949 -0.002 -0.0177867
      endloop
   endfacet
   facet normal -1 0 0
      outer loop
         vertex -0.0477949 -0.002 -0.00628674
         vertex -0.0477949 0.00123215 -0.00313157
         vertex -0.0477949 0.0012376 -0.00360341
      endloop
   endfacet
   facet normal -1 0 0
      outer loop
         vertex -0.0477949 0 0.0272133
         vertex -0.0477949 -0.002 0.0242133
         vertex -0.0477949 -0.002 0.0272133
      endloop
   endfacet
   facet normal -1 0 0
      outer loop
         vertex -0.0477949 -0.002 0.0242133
         vertex -0.0477949 0 0.0272133
         vertex -0.0477949 0 0.0205396
      endloop
   endfacet
   facet normal -1 0 0
      outer loop
         vertex -0.0477949 0.00749055 -0.00810669
         vertex -0.0477949 0.01 -0.00828674
         vertex -0.0477949 0 -0.00828674
      endloop
   endfacet
   facet normal -1 0 0
      outer loop
         vertex -0.0477949 0 -0.00828674
         vertex -0.0477949 -0.002 -0.00628674
         vertex -0.0477949 0.0012376 -0.00360341
      endloop
   endfacet
   facet normal -1 0 0
      outer loop
         vertex -0.0477949 0.01 0.00171326
         vertex -0.0477949 0.00749055 -0.00360341
         vertex -0.0477949 0.0074851 -0.00313157
      endloop
   endfacet
   facet normal -1 0 0
      outer loop
         vertex -0.0477949 0.0074851 -0.00313157
         vertex -0.0477949 0.00749055 -0.00360341
         vertex -0.0477949 0.0012376 -0.00360341
      endloop
   endfacet
   facet normal -1 0 0
      outer loop
         vertex -0.0477949 0 0.00171326
         vertex -0.0477949 0.00123215 0.0013717
         vertex -0.0477949 0.00123215 -0.00313157
      endloop
   endfacet
   facet normal -1 0 0
      outer loop
         vertex -0.0477949 0 0.00171326
         vertex -0.0477949 0.01 0.00171326
         vertex -0.0477949 0.0074851 0.0013717
      endloop
   endfacet
   facet normal -1 0 0
      outer loop
         vertex -0.0477949 -0.002 0.00921326
         vertex -0.0477949 -0.002 0.0242133
         vertex -0.0477949 0 0.0180396
      endloop
   endfacet
   facet normal -1 0 0
      outer loop
         vertex -0.0477949 0 -0.0177867
         vertex -0.0477949 0 -0.0182867
         vertex -0.0477949 -0.002 -0.0182867
      endloop
   endfacet
   facet normal -1 0 0
      outer loop
         vertex -0.0477949 0.0012376 -0.00360341
         vertex -0.0477949 0.00123215 -0.00313157
         vertex -0.0477949 0.0074851 -0.00313157
      endloop
   endfacet
   facet normal -1 0 0
      outer loop
         vertex -0.0477949 0.0074851 0.0013717
         vertex -0.0477949 0.00123215 0.0013717
         vertex -0.0477949 0 0.00171326
      endloop
   endfacet
   facet normal -1 0 0
      outer loop
         vertex -0.0477949 0 0.00171326
         vertex -0.0477949 -0.002 -0.00628674
         vertex -0.0477949 -0.002 0.00921326
      endloop
   endfacet
   facet normal -1 0 0
      outer loop
         vertex -0.0477949 0.0074851 -0.00313157
         vertex -0.0477949 0.0074851 0.0013717
         vertex -0.0477949 0.01 0.00171326
      endloop
   endfacet
   facet normal -1 0 0
      outer loop
         vertex -0.0477949 -0.002 0.0272133
         vertex -0.0477949 -0.002 0.0317133
         vertex -0.0477949 0 0.0317133
      endloop
   endfacet
   facet normal -1 0 0
      outer loop
         vertex -0.0477949 0.00123215 -0.00313157
         vertex -0.0477949 -0.002 -0.00628674
         vertex -0.0477949 0 0.00171326
      endloop
   endfacet
   facet normal -1 0 0
      outer loop
         vertex -0.0477949 0.00749055 -0.00360341
         vertex -0.0477949 0.01 0.00171326
         vertex -0.0477949 0.01 -0.00828674
      endloop
   endfacet
   facet normal 0 0 -1
      outer loop
         vertex 0.0322051 -0.002 -0.0182867
         vertex 0.0221498 -0.002 -0.0182867
         vertex 0.0265824 0 -0.0182867
      endloop
   endfacet
   facet normal 0 0 -1
      outer loop
         vertex 0.0221498 -0.002 -0.0182867
         vertex 0.0201378 0 -0.0182867
         vertex 0.0265824 0 -0.0182867
      endloop
   endfacet
   facet normal 0 0 -1
      outer loop
         vertex -0.0327949 0 -0.0182867
         vertex 0.0107051 0 -0.0182867
         vertex -0.00529489 -0.002 -0.0182867
      endloop
   endfacet
   facet normal 0 0 -1
      outer loop
         vertex 0.0221498 -0.002 -0.0182867
         vertex 0.0107051 0 -0.0182867
         vertex 0.0201378 0 -0.0182867
      endloop
   endfacet
   facet normal 0 0 -1
      outer loop
         vertex 0.0107051 0 -0.0182867
         vertex 0.0221498 -0.002 -0.0182867
         vertex -0.00529489 -0.002 -0.0182867
      endloop
   endfacet
   facet normal 0 0 -1
      outer loop
         vertex -0.00529489 -0.002 -0.0182867
         vertex -0.0407949 -0.002 -0.0182867
         vertex -0.0327949 0 -0.0182867
      endloop
   endfacet
   facet normal 0 0 -1
      outer loop
         vertex -0.0407949 -0.002 -0.0182867
         vertex -0.0432949 0 -0.0182867
         vertex -0.0327949 0 -0.0182867
      endloop
   endfacet
   facet normal 0 0 -1
      outer loop
         vertex -0.0472949 -0.002 -0.0182867
         vertex -0.0472949 0 -0.0182867
         vertex -0.0432949 0 -0.0182867
      endloop
   endfacet
   facet normal 0 0 -1
      outer loop
         vertex -0.0432949 0 -0.0182867
         vertex -0.0407949 -0.002 -0.0182867
         vertex -0.0472949 -0.002 -0.0182867
      endloop
   endfacet
   facet normal 0 0 -1
      outer loop
         vertex -0.0477949 0 -0.0182867
         vertex -0.0472949 0 -0.0182867
         vertex -0.0472949 -0.002 -0.0182867
      endloop
   endfacet
   facet normal 0 0 -1
      outer loop
         vertex -0.0472949 -0.002 -0.0182867
         vertex -0.0477949 -0.002 -0.0182867
         vertex -0.0477949 0 -0.0182867
      endloop
   endfacet
   facet normal 0 0 -1
      outer loop
         vertex 0.0265824 0 -0.0182867
         vertex 0.0322051 0 -0.0182867
         vertex 0.0322051 -0.002 -0.0182867
      endloop
   endfacet
   facet normal 0 0 1
      outer loop
         vertex -0.0477949 -0.002 0.0317133
         vertex -0.0472949 -0.002 0.0317133
         vertex -0.0472949 0 0.0317133
      endloop
   endfacet
   facet normal 0 0 1
      outer loop
         vertex -0.0472949 -0.002 0.0317133
         vertex -0.0407949 -0.002 0.0317133
         vertex -0.0432949 0 0.0317133
      endloop
   endfacet
   facet normal 0 0 1
      outer loop
         vertex -0.0432949 0 0.0317133
         vertex -0.0472949 0 0.0317133
         vertex -0.0472949 -0.002 0.0317133
      endloop
   endfacet
   facet normal 0 0 1
      outer loop
         vertex -0.0432949 0 0.0317133
         vertex -0.0407949 -0.002 0.0317133
         vertex -0.0377949 -0.002 0.0317133
      endloop
   endfacet
   facet normal 0 0 1
      outer loop
         vertex -0.0327949 0 0.0317133
         vertex -0.0377949 -0.002 0.0317133
         vertex -0.00529489 -0.002 0.0317133
      endloop
   endfacet
   facet normal 0 0 1
      outer loop
         vertex -0.0377949 -0.002 0.0317133
         vertex -0.0327949 0 0.0317133
         vertex -0.0432949 0 0.0317133
      endloop
   endfacet
   facet normal 0 0 1
      outer loop
         vertex -0.00529489 -0.002 0.0317133
         vertex 0.0107051 0 0.0317133
         vertex -0.0327949 0 0.0317133
      endloop
   endfacet
   facet normal 0 0 1
      outer loop
         vertex -0.00529489 -0.002 0.0317133
         vertex 0.0221498 -0.002 0.0317133
         vertex 0.0107051 0 0.0317133
      endloop
   endfacet
   facet normal 0 0 1
      outer loop
         vertex 0.0221498 -0.002 0.0317133
         vertex 0.0201378 0 0.0317133
         vertex 0.0107051 0 0.0317133
      endloop
   endfacet
   facet normal 0 0 1
      outer loop
         vertex 0.0221498 -0.002 0.0317133
         vertex 0.0265824 0 0.0317133
         vertex 0.0201378 0 0.0317133
      endloop
   endfacet
   facet normal 0 0 1
      outer loop
         vertex 0.0322051 -0.002 0.0317133
         vertex 0.0322051 0 0.0317133
         vertex 0.0265824 0 0.0317133
      endloop
   endfacet
   facet normal 0 0 1
      outer loop
         vertex 0.0265824 0 0.0317133
         vertex 0.0221498 -0.002 0.0317133
         vertex 0.0322051 -0.002 0.0317133
      endloop
   endfacet
   facet normal 0 0 1
      outer loop
         vertex -0.0472949 0 0.0317133
         vertex -0.0477949 0 0.0317133
         vertex -0.0477949 -0.002 0.0317133
      endloop
   endfacet
   facet normal 0 -1 1.92607e-16
      outer loop
         vertex -0.0467949 0.0074851 0.0013717
         vertex -0.0477949 0.0074851 0.0013717
         vertex -0.0477949 0.0074851 -0.00313157
      endloop
   endfacet
   facet normal 0 -1 1.92607e-16
      outer loop
         vertex -0.0477949 0.0074851 -0.00313157
         vertex -0.0467949 0.0074851 -0.00313157
         vertex -0.0467949 0.0074851 0.0013717
      endloop
   endfacet
   facet normal 0 0 -1
      outer loop
         vertex -0.0467949 0.00123215 0.0013717
         vertex -0.0477949 0.00123215 0.0013717
         vertex -0.0477949 0.0074851 0.0013717
      endloop
   endfacet
   facet normal 0 0 -1
      outer loop
         vertex -0.0477949 0.0074851 0.0013717
         vertex -0.0467949 0.0074851 0.0013717
         vertex -0.0467949 0.00123215 0.0013717
      endloop
   endfacet
   facet normal 0 1 -1.92607e-16
      outer loop
         vertex -0.0467949 0.00123215 -0.00313157
         vertex -0.0477949 0.00123215 -0.00313157
         vertex -0.0477949 0.00123215 0.0013717
      endloop
   endfacet
   facet normal 0 1 -1.92607e-16
      outer loop
         vertex -0.0477949 0.00123215 0.0013717
         vertex -0.0467949 0.00123215 0.0013717
         vertex -0.0467949 0.00123215 -0.00313157
      endloop
   endfacet
   facet normal 0 0 1
      outer loop
         vertex -0.0477949 0.00123215 -0.00313157
         vertex -0.0467949 0.00123215 -0.00313157
         vertex -0.0467949 0.0074851 -0.00313157
      endloop
   endfacet
   facet normal 0 0 1
      outer loop
         vertex -0.0467949 0.0074851 -0.00313157
         vertex -0.0477949 0.0074851 -0.00313157
         vertex -0.0477949 0.00123215 -0.00313157
      endloop
   endfacet
   facet normal -1 0 0
      outer loop
         vertex -0.0467949 0.00123215 0.0013717
         vertex -0.0467949 0.0074851 0.0013717
         vertex -0.0467949 0.0074851 -0.00313157
      endloop
   endfacet
   facet normal -1 0 0
      outer loop
         vertex -0.0467949 0.0074851 -0.00313157
         vertex -0.0467949 0.00123215 -0.00313157
         vertex -0.0467949 0.00123215 0.0013717
      endloop
   endfacet
   facet normal 0 -1 1.92607e-16
      outer loop
         vertex -0.0467949 0.00749055 -0.00360341
         vertex -0.0477949 0.00749055 -0.00360341
         vertex -0.0477949 0.00749055 -0.00810669
      endloop
   endfacet
   facet normal 0 -1 1.92607e-16
      outer loop
         vertex -0.0477949 0.00749055 -0.00810669
         vertex -0.0467949 0.00749055 -0.00810669
         vertex -0.0467949 0.00749055 -0.00360341
      endloop
   endfacet
   facet normal 0 0 -1
      outer loop
         vertex -0.0467949 0.0012376 -0.00360341
         vertex -0.0477949 0.0012376 -0.00360341
         vertex -0.0477949 0.00749055 -0.00360341
      endloop
   endfacet
   facet normal 0 0 -1
      outer loop
         vertex -0.0477949 0.00749055 -0.00360341
         vertex -0.0467949 0.00749055 -0.00360341
         vertex -0.0467949 0.0012376 -0.00360341
      endloop
   endfacet
   facet normal 0 1 -1.92607e-16
      outer loop
         vertex -0.0467949 0.0012376 -0.00810669
         vertex -0.0477949 0.0012376 -0.00810669
         vertex -0.0477949 0.0012376 -0.00360341
      endloop
   endfacet
   facet normal 0 1 -1.92607e-16
      outer loop
         vertex -0.0477949 0.0012376 -0.00360341
         vertex -0.0467949 0.0012376 -0.00360341
         vertex -0.0467949 0.0012376 -0.00810669
      endloop
   endfacet
   facet normal 0 0 1
      outer loop
         vertex -0.0467949 0.00749055 -0.00810669
         vertex -0.0477949 0.00749055 -0.00810669
         vertex -0.0477949 0.0012376 -0.00810669
      endloop
   endfacet
   facet normal 0 0 1
      outer loop
         vertex -0.0477949 0.0012376 -0.00810669
         vertex -0.0467949 0.0012376 -0.00810669
         vertex -0.0467949 0.00749055 -0.00810669
      endloop
   endfacet
   facet normal -1 0 0
      outer loop
         vertex -0.0467949 0.0012376 -0.00360341
         vertex -0.0467949 0.00749055 -0.00360341
         vertex -0.0467949 0.00749055 -0.00810669
      endloop
   endfacet
   facet normal -1 0 0
      outer loop
         vertex -0.0467949 0.00749055 -0.00810669
         vertex -0.0467949 0.0012376 -0.00810669
         vertex -0.0467949 0.0012376 -0.00360341
      endloop
   endfacet
   facet normal 0 -1 0
      outer loop
         vertex -0.0477949 -0.002 -0.0177867
         vertex -0.0477949 -0.002 -0.0182867
         vertex -0.0472949 -0.002 -0.0182867
      endloop
   endfacet
   facet normal 0 -1 0
      outer loop
         vertex -0.0472949 -0.002 -0.0177867
         vertex -0.0472949 -0.002 -0.0182867
         vertex -0.0407949 -0.002 -0.0182867
      endloop
   endfacet
   facet normal 0 -1 0
      outer loop
         vertex -0.0407949 -0.002 -0.0177867
         vertex -0.0407949 -0.002 -0.0182867
         vertex -0.00529489 -0.002 -0.0182867
      endloop
   endfacet
   facet normal 0 -1 0
      outer loop
         vertex -0.00529489 -0.002 -0.0177867
         vertex -0.00529489 -0.002 -0.0182867
         vertex 0.0221498 -0.002 -0.0182867
      endloop
   endfacet
   facet normal 0 -1 0
      outer loop
         vertex 0.0221498 -0.002 -0.0177867
         vertex 0.0221498 -0.002 -0.0182867
         vertex 0.0322051 -0.002 -0.0182867
      endloop
   endfacet
   facet normal 0 -1 0
      outer loop
         vertex -0.0477949 -0.002 -0.00628674
         vertex -0.0477949 -0.002 -0.0177867
         vertex -0.0472949 -0.002 -0.0177867
      endloop
   endfacet
   facet normal 0 -1 0
      outer loop
         vertex -0.0407949 -0.002 -0.00628674
         vertex -0.0472949 -0.002 -0.00628674
         vertex -0.0452949 -0.002 -0.0142867
      endloop
   endfacet
   facet normal 0 -1 0
      outer loop
         vertex -0.0407949 -0.002 -0.0177867
         vertex -0.0407949 -0.002 -0.00628674
         vertex -0.0439091 -0.002 -0.0152127
      endloop
   endfacet
   facet normal 0 -1 0
      outer loop
         vertex -0.0472949 -0.002 -0.00628674
         vertex -0.0458689 -0.002 -0.0144009
         vertex -0.0452949 -0.002 -0.0142867
      endloop
   endfacet
   facet normal 0 -1 0
      outer loop
         vertex -0.0407949 -0.002 -0.0177867
         vertex -0.0437949 -0.002 -0.0157867
         vertex -0.0439091 -0.002 -0.0163608
      endloop
   endfacet
   facet normal 0 -1 0
      outer loop
         vertex -0.0407949 -0.002 -0.00628674
         vertex -0.0442342 -0.002 -0.0147261
         vertex -0.0439091 -0.002 -0.0152127
      endloop
   endfacet
   facet normal 0 -1 0
      outer loop
         vertex -0.0452949 -0.002 -0.0142867
         vertex -0.0447209 -0.002 -0.0144009
         vertex -0.0407949 -0.002 -0.00628674
      endloop
   endfacet
   facet normal 0 -1 0
      outer loop
         vertex -0.0472949 -0.002 -0.00628674
         vertex -0.0472949 -0.002 -0.0177867
         vertex -0.0467949 -0.002 -0.0157867
      endloop
   endfacet
   facet normal 0 -1 0
      outer loop
         vertex -0.0439091 -0.002 -0.0152127
         vertex -0.0437949 -0.002 -0.0157867
         vertex -0.0407949 -0.002 -0.0177867
      endloop
   endfacet
   facet normal 0 -1 0
      outer loop
         vertex -0.0472949 -0.002 -0.00628674
         vertex -0.0463556 -0.002 -0.0147261
         vertex -0.0458689 -0.002 -0.0144009
      endloop
   endfacet
   facet normal 0 -1 0
      outer loop
         vertex -0.0467949 -0.002 -0.0157867
         vertex -0.0466807 -0.002 -0.0152127
         vertex -0.0472949 -0.002 -0.00628674
      endloop
   endfacet
   facet normal 0 -1 0
      outer loop
         vertex -0.0407949 -0.002 -0.0177867
         vertex -0.0447209 -0.002 -0.0171726
         vertex -0.0452949 -0.002 -0.0172867
      endloop
   endfacet
   facet normal 0 -1 0
      outer loop
         vertex -0.0447209 -0.002 -0.0144009
         vertex -0.0442342 -0.002 -0.0147261
         vertex -0.0407949 -0.002 -0.00628674
      endloop
   endfacet
   facet normal 0 -1 0
      outer loop
         vertex -0.0472949 -0.002 -0.0177867
         vertex -0.0466807 -0.002 -0.0163608
         vertex -0.0467949 -0.002 -0.0157867
      endloop
   endfacet
   facet normal 0 -1 0
      outer loop
         vertex -0.0407949 -0.002 -0.0177867
         vertex -0.0442342 -0.002 -0.0168474
         vertex -0.0447209 -0.002 -0.0171726
      endloop
   endfacet
   facet normal 0 -1 0
      outer loop
         vertex -0.0466807 -0.002 -0.0152127
         vertex -0.0463556 -0.002 -0.0147261
         vertex -0.0472949 -0.002 -0.00628674
      endloop
   endfacet
   facet normal 0 -1 0
      outer loop
         vertex -0.0472949 -0.002 -0.0177867
         vertex -0.0458689 -0.002 -0.0171726
         vertex -0.0463556 -0.002 -0.0168474
      endloop
   endfacet
   facet normal 0 -1 0
      outer loop
         vertex -0.0439091 -0.002 -0.0163608
         vertex -0.0442342 -0.002 -0.0168474
         vertex -0.0407949 -0.002 -0.0177867
      endloop
   endfacet
   facet normal 0 -1 0
      outer loop
         vertex -0.0472949 -0.002 -0.0177867
         vertex -0.0452949 -0.002 -0.0172867
         vertex -0.0458689 -0.002 -0.0171726
      endloop
   endfacet
   facet normal 0 -1 0
      outer loop
         vertex -0.0463556 -0.002 -0.0168474
         vertex -0.0466807 -0.002 -0.0163608
         vertex -0.0472949 -0.002 -0.0177867
      endloop
   endfacet
   facet normal 0 -1 0
      outer loop
         vertex -0.0407949 -0.002 -0.00628674
         vertex -0.0407949 -0.002 -0.0177867
         vertex -0.00529489 -0.002 -0.0177867
      endloop
   endfacet
   facet normal 0 -1 0
      outer loop
         vertex -0.00529489 -0.002 -0.00628674
         vertex -0.00529489 -0.002 -0.0177867
         vertex 0.0221498 -0.002 -0.0177867
      endloop
   endfacet
   facet normal 0 -1 0
      outer loop
         vertex 0.0322051 -0.002 -0.00628674
         vertex 0.0291685 -0.002 -0.0144009
         vertex 0.0296551 -0.002 -0.0147261
      endloop
   endfacet
   facet normal 0 -1 0
      outer loop
         vertex 0.0221498 -0.002 -0.00628674
         vertex 0.0280204 -0.002 -0.0144009
         vertex 0.0285944 -0.002 -0.0142867
      endloop
   endfacet
   facet normal 0 -1 0
      outer loop
         vertex 0.0221498 -0.002 -0.00628674
         vertex 0.0272086 -0.002 -0.0152127
         vertex 0.0275338 -0.002 -0.0147261
      endloop
   endfacet
   facet normal 0 -1 0
      outer loop
         vertex 0.0322051 -0.002 -0.0177867
         vertex 0.0322051 -0.002 -0.00628674
         vertex 0.0299803 -0.002 -0.0152127
      endloop
   endfacet
   facet normal 0 -1 0
      outer loop
         vertex 0.0322051 -0.002 -0.00628674
         vertex 0.0285944 -0.002 -0.0142867
         vertex 0.0291685 -0.002 -0.0144009
      endloop
   endfacet
   facet normal 0 -1 0
      outer loop
         vertex 0.0275338 -0.002 -0.0147261
         vertex 0.0280204 -0.002 -0.0144009
         vertex 0.0221498 -0.002 -0.00628674
      endloop
   endfacet
   facet normal 0 -1 0
      outer loop
         vertex 0.0299803 -0.002 -0.0152127
         vertex 0.0300944 -0.002 -0.0157867
         vertex 0.0322051 -0.002 -0.0177867
      endloop
   endfacet
   facet normal 0 -1 0
      outer loop
         vertex 0.0285944 -0.002 -0.0142867
         vertex 0.0322051 -0.002 -0.00628674
         vertex 0.0221498 -0.002 -0.00628674
      endloop
   endfacet
   facet normal 0 -1 0
      outer loop
         vertex 0.0221498 -0.002 -0.0177867
         vertex 0.0270944 -0.002 -0.0157867
         vertex 0.0272086 -0.002 -0.0152127
      endloop
   endfacet
   facet normal 0 -1 0
      outer loop
         vertex 0.0296551 -0.002 -0.0147261
         vertex 0.0299803 -0.002 -0.0152127
         vertex 0.0322051 -0.002 -0.00628674
      endloop
   endfacet
   facet normal 0 -1 0
      outer loop
         vertex 0.0221498 -0.002 -0.0177867
         vertex 0.0272086 -0.002 -0.0163608
         vertex 0.0270944 -0.002 -0.0157867
      endloop
   endfacet
   facet normal 0 -1 0
      outer loop
         vertex 0.0272086 -0.002 -0.0152127
         vertex 0.0221498 -0.002 -0.00628674
         vertex 0.0221498 -0.002 -0.0177867
      endloop
   endfacet
   facet normal 0 -1 0
      outer loop
         vertex 0.0221498 -0.002 -0.0177867
         vertex 0.0280204 -0.002 -0.0171726
         vertex 0.0275338 -0.002 -0.0168474
      endloop
   endfacet
   facet normal 0 -1 0
      outer loop
         vertex 0.0322051 -0.002 -0.0177867
         vertex 0.0299803 -0.002 -0.0163608
         vertex 0.0296551 -0.002 -0.0168474
      endloop
   endfacet
   facet normal 0 -1 0
      outer loop
         vertex 0.0275338 -0.002 -0.0168474
         vertex 0.0272086 -0.002 -0.0163608
         vertex 0.0221498 -0.002 -0.0177867
      endloop
   endfacet
   facet normal 0 -1 0
      outer loop
         vertex 0.0221498 -0.002 -0.0177867
         vertex 0.0322051 -0.002 -0.0177867
         vertex 0.0285944 -0.002 -0.0172867
      endloop
   endfacet
   facet normal 0 -1 0
      outer loop
         vertex 0.0296551 -0.002 -0.0168474
         vertex 0.0291685 -0.002 -0.0171726
         vertex 0.0322051 -0.002 -0.0177867
      endloop
   endfacet
   facet normal 0 -1 0
      outer loop
         vertex 0.0285944 -0.002 -0.0172867
         vertex 0.0280204 -0.002 -0.0171726
         vertex 0.0221498 -0.002 -0.0177867
      endloop
   endfacet
   facet normal 0 -1 0
      outer loop
         vertex 0.0300944 -0.002 -0.0157867
         vertex 0.0299803 -0.002 -0.0163608
         vertex 0.0322051 -0.002 -0.0177867
      endloop
   endfacet
   facet normal 0 -1 0
      outer loop
         vertex -0.0477949 -0.002 0.00921326
         vertex -0.0477949 -0.002 -0.00628674
         vertex -0.0472949 -0.002 -0.00628674
      endloop
   endfacet
   facet normal 0 -1 0
      outer loop
         vertex -0.0472949 -0.002 0.00921326
         vertex -0.0472949 -0.002 -0.00628674
         vertex -0.0407949 -0.002 -0.00628674
      endloop
   endfacet
   facet normal 0 -1 0
      outer loop
         vertex -0.00529489 -0.002 0.00921326
         vertex -0.00529489 -0.002 -0.00628674
         vertex 0.0221498 -0.002 -0.00628674
      endloop
   endfacet
   facet normal 0 -1 0
      outer loop
         vertex 0.0221498 -0.002 0.00921326
         vertex 0.0221498 -0.002 -0.00628674
         vertex 0.0322051 -0.002 -0.00628674
      endloop
   endfacet
   facet normal 0 -1 0
      outer loop
         vertex -0.0477949 -0.002 0.0242133
         vertex -0.0477949 -0.002 0.00921326
         vertex -0.0472949 -0.002 0.00921326
      endloop
   endfacet
   facet normal 0 -1 0
      outer loop
         vertex 0.0221498 -0.002 0.0242133
         vertex 0.0221498 -0.002 0.00921326
         vertex 0.0322051 -0.002 0.00921326
      endloop
   endfacet
   facet normal 0 -1 0
      outer loop
         vertex -0.0477949 -0.002 0.0272133
         vertex -0.0477949 -0.002 0.0242133
         vertex -0.0472949 -0.002 0.0242133
      endloop
   endfacet
   facet normal 0 -1 0
      outer loop
         vertex 0.0221498 -0.002 0.0272133
         vertex 0.0221498 -0.002 0.0242133
         vertex 0.0322051 -0.002 0.0242133
      endloop
   endfacet
   facet normal 0 -1 0
      outer loop
         vertex -0.0477949 -0.002 0.0317133
         vertex -0.0477949 -0.002 0.0272133
         vertex -0.0472949 -0.002 0.0272133
      endloop
   endfacet
   facet normal 0 -1 0
      outer loop
         vertex -0.00529489 -0.002 0.0317133
         vertex -0.00529489 -0.002 0.0272133
         vertex 0.0221498 -0.002 0.0272133
      endloop
   endfacet
   facet normal 0 -1 0
      outer loop
         vertex 0.0322051 -0.002 0.0317133
         vertex 0.0299803 -0.002 0.0297873
         vertex 0.0300944 -0.002 0.0292133
      endloop
   endfacet
   facet normal 0 -1 0
      outer loop
         vertex 0.0300944 -0.002 0.0292133
         vertex 0.0322051 -0.002 0.0272133
         vertex 0.0322051 -0.002 0.0317133
      endloop
   endfacet
   facet normal 0 -1 0
      outer loop
         vertex 0.0322051 -0.002 0.0317133
         vertex 0.0291685 -0.002 0.0305991
         vertex 0.0296551 -0.002 0.0302739
      endloop
   endfacet
   facet normal 0 -1 0
      outer loop
         vertex 0.0221498 -0.002 0.0317133
         vertex 0.0280204 -0.002 0.0305991
         vertex 0.0285944 -0.002 0.0307133
      endloop
   endfacet
   facet normal 0 -1 0
      outer loop
         vertex 0.0296551 -0.002 0.0302739
         vertex 0.0299803 -0.002 0.0297873
         vertex 0.0322051 -0.002 0.0317133
      endloop
   endfacet
   facet normal 0 -1 0
      outer loop
         vertex 0.0285944 -0.002 0.0307133
         vertex 0.0322051 -0.002 0.0317133
         vertex 0.0221498 -0.002 0.0317133
      endloop
   endfacet
   facet normal 0 -1 0
      outer loop
         vertex 0.0285944 -0.002 0.0307133
         vertex 0.0291685 -0.002 0.0305991
         vertex 0.0322051 -0.002 0.0317133
      endloop
   endfacet
   facet normal 0 -1 0
      outer loop
         vertex 0.0221498 -0.002 0.0317133
         vertex 0.0272086 -0.002 0.0297873
         vertex 0.0275338 -0.002 0.0302739
      endloop
   endfacet
   facet normal 0 -1 0
      outer loop
         vertex 0.0221498 -0.002 0.0317133
         vertex 0.0221498 -0.002 0.0272133
         vertex 0.0270944 -0.002 0.0292133
      endloop
   endfacet
   facet normal 0 -1 0
      outer loop
         vertex 0.0275338 -0.002 0.0302739
         vertex 0.0280204 -0.002 0.0305991
         vertex 0.0221498 -0.002 0.0317133
      endloop
   endfacet
   facet normal 0 -1 0
      outer loop
         vertex 0.0221498 -0.002 0.0272133
         vertex 0.0272086 -0.002 0.0286392
         vertex 0.0270944 -0.002 0.0292133
      endloop
   endfacet
   facet normal 0 -1 0
      outer loop
         vertex 0.0270944 -0.002 0.0292133
         vertex 0.0272086 -0.002 0.0297873
         vertex 0.0221498 -0.002 0.0317133
      endloop
   endfacet
   facet normal 0 -1 0
      outer loop
         vertex 0.0221498 -0.002 0.0272133
         vertex 0.0280204 -0.002 0.0278274
         vertex 0.0275338 -0.002 0.0281526
      endloop
   endfacet
   facet normal 0 -1 0
      outer loop
         vertex 0.0322051 -0.002 0.0272133
         vertex 0.0299803 -0.002 0.0286392
         vertex 0.0296551 -0.002 0.0281526
      endloop
   endfacet
   facet normal 0 -1 0
      outer loop
         vertex 0.0275338 -0.002 0.0281526
         vertex 0.0272086 -0.002 0.0286392
         vertex 0.0221498 -0.002 0.0272133
      endloop
   endfacet
   facet normal 0 -1 0
      outer loop
         vertex 0.0221498 -0.002 0.0272133
         vertex 0.0322051 -0.002 0.0272133
         vertex 0.0285944 -0.002 0.0277133
      endloop
   endfacet
   facet normal 0 -1 0
      outer loop
         vertex 0.0296551 -0.002 0.0281526
         vertex 0.0291685 -0.002 0.0278274
         vertex 0.0322051 -0.002 0.0272133
      endloop
   endfacet
   facet normal 0 -1 0
      outer loop
         vertex 0.0285944 -0.002 0.0277133
         vertex 0.0280204 -0.002 0.0278274
         vertex 0.0221498 -0.002 0.0272133
      endloop
   endfacet
   facet normal 0 -1 0
      outer loop
         vertex 0.0300944 -0.002 0.0292133
         vertex 0.0299803 -0.002 0.0286392
         vertex 0.0322051 -0.002 0.0272133
      endloop
   endfacet
   facet normal 0 -1 0
      outer loop
         vertex -0.00529489 -0.002 -0.00628674
         vertex -0.0239681 -0.002 0.00247446
         vertex -0.0277949 -0.002 0.00171326
      endloop
   endfacet
   facet normal 0 -1 0
      outer loop
         vertex -0.0407949 -0.002 -0.00628674
         vertex -0.0277949 -0.002 0.00171326
         vertex -0.0316217 -0.002 0.00247446
      endloop
   endfacet
   facet normal 0 -1 0
      outer loop
         vertex -0.00529489 -0.002 -0.00628674
         vertex -0.0207238 -0.002 0.00464219
         vertex -0.0239681 -0.002 0.00247446
      endloop
   endfacet
   facet normal 0 -1 0
      outer loop
         vertex -0.00529489 -0.002 0.00921326
         vertex -0.0182922 -0.002 0.00921326
         vertex -0.0185561 -0.002 0.00788642
      endloop
   endfacet
   facet normal 0 -1 0
      outer loop
         vertex -0.0407949 -0.002 -0.00628674
         vertex -0.034866 -0.002 0.00464219
         vertex -0.0370337 -0.002 0.00788642
      endloop
   endfacet
   facet normal 0 -1 0
      outer loop
         vertex -0.0277949 -0.002 0.00171326
         vertex -0.0407949 -0.002 -0.00628674
         vertex -0.00529489 -0.002 -0.00628674
      endloop
   endfacet
   facet normal 0 -1 0
      outer loop
         vertex -0.0185561 -0.002 0.00788642
         vertex -0.00529489 -0.002 -0.00628674
         vertex -0.00529489 -0.002 0.00921326
      endloop
   endfacet
   facet normal 0 -1 0
      outer loop
         vertex -0.0370337 -0.002 0.00788642
         vertex -0.0407949 -0.002 0.00921326
         vertex -0.0407949 -0.002 -0.00628674
      endloop
   endfacet
   facet normal 0 -1 0
      outer loop
         vertex -0.0185561 -0.002 0.00788642
         vertex -0.0207238 -0.002 0.00464219
         vertex -0.00529489 -0.002 -0.00628674
      endloop
   endfacet
   facet normal 0 -1 0
      outer loop
         vertex -0.0316217 -0.002 0.00247446
         vertex -0.034866 -0.002 0.00464219
         vertex -0.0407949 -0.002 -0.00628674
      endloop
   endfacet
   facet normal 0 -1 0
      outer loop
         vertex 0.0221498 -0.002 0.0272133
         vertex 0.0157406 -0.002 0.0252488
         vertex 0.0164326 -0.002 0.0242133
      endloop
   endfacet
   facet normal 0 -1 0
      outer loop
         vertex 0.0221498 -0.002 0.0272133
         vertex 0.0141185 -0.002 0.0263327
         vertex 0.0157406 -0.002 0.0252488
      endloop
   endfacet
   facet normal 0 -1 0
      outer loop
         vertex -0.00529489 -0.002 0.0272133
         vertex 0.0102917 -0.002 0.0263327
         vertex 0.0122051 -0.002 0.0267133
      endloop
   endfacet
   facet normal 0 -1 0
      outer loop
         vertex 0.0221498 -0.002 0.0272133
         vertex 0.0122051 -0.002 0.0267133
         vertex 0.0141185 -0.002 0.0263327
      endloop
   endfacet
   facet normal 0 -1 0
      outer loop
         vertex -0.00529489 -0.002 0.0272133
         vertex 0.00866957 -0.002 0.0252488
         vertex 0.0102917 -0.002 0.0263327
      endloop
   endfacet
   facet normal 0 -1 0
      outer loop
         vertex 0.0122051 -0.002 0.0267133
         vertex 0.0221498 -0.002 0.0272133
         vertex -0.00529489 -0.002 0.0272133
      endloop
   endfacet
   facet normal 0 -1 0
      outer loop
         vertex -0.00529489 -0.002 0.0272133
         vertex -0.00529489 -0.002 0.0242133
         vertex 0.00797765 -0.002 0.0242133
      endloop
   endfacet
   facet normal 0 -1 0
      outer loop
         vertex 0.00797765 -0.002 0.0242133
         vertex 0.00866957 -0.002 0.0252488
         vertex -0.00529489 -0.002 0.0272133
      endloop
   endfacet
   facet normal 0 -1 0
      outer loop
         vertex -0.00529489 -0.002 0.0242133
         vertex 0.00720511 -0.002 0.0217133
         vertex 0.00758571 -0.002 0.0236267
      endloop
   endfacet
   facet normal 0 -1 0
      outer loop
         vertex -0.00529489 -0.002 0.0242133
         vertex -0.00529489 -0.002 0.00921326
         vertex 0.00758571 -0.002 0.0197998
      endloop
   endfacet
   facet normal 0 -1 0
      outer loop
         vertex 0.00758571 -0.002 0.0197998
         vertex 0.00720511 -0.002 0.0217133
         vertex -0.00529489 -0.002 0.0242133
      endloop
   endfacet
   facet normal 0 -1 0
      outer loop
         vertex -0.00529489 -0.002 0.00921326
         vertex 0.0221498 -0.002 0.00921326
         vertex 0.0122051 -0.002 0.0167133
      endloop
   endfacet
   facet normal 0 -1 0
      outer loop
         vertex -0.00529489 -0.002 0.00921326
         vertex 0.00866957 -0.002 0.0181777
         vertex 0.00758571 -0.002 0.0197998
      endloop
   endfacet
   facet normal 0 -1 0
      outer loop
         vertex 0.0122051 -0.002 0.0167133
         vertex 0.0102917 -0.002 0.0170939
         vertex -0.00529489 -0.002 0.00921326
      endloop
   endfacet
   facet normal 0 -1 0
      outer loop
         vertex 0.0221498 -0.002 0.0242133
         vertex 0.0172051 -0.002 0.0217133
         vertex 0.0168245 -0.002 0.0197998
      endloop
   endfacet
   facet normal 0 -1 0
      outer loop
         vertex 0.0102917 -0.002 0.0170939
         vertex 0.00866957 -0.002 0.0181777
         vertex -0.00529489 -0.002 0.00921326
      endloop
   endfacet
   facet normal 0 -1 0
      outer loop
         vertex 0.0221498 -0.002 0.00921326
         vertex 0.0157406 -0.002 0.0181777
         vertex 0.0141185 -0.002 0.0170939
      endloop
   endfacet
   facet normal 0 -1 0
      outer loop
         vertex 0.0168245 -0.002 0.0197998
         vertex 0.0221498 -0.002 0.00921326
         vertex 0.0221498 -0.002 0.0242133
      endloop
   endfacet
   facet normal 0 -1 0
      outer loop
         vertex 0.0221498 -0.002 0.0242133
         vertex 0.0164326 -0.002 0.0242133
         vertex 0.0168245 -0.002 0.0236267
      endloop
   endfacet
   facet normal 0 -1 0
      outer loop
         vertex 0.0141185 -0.002 0.0170939
         vertex 0.0122051 -0.002 0.0167133
         vertex 0.0221498 -0.002 0.00921326
      endloop
   endfacet
   facet normal 0 -1 0
      outer loop
         vertex 0.0168245 -0.002 0.0236267
         vertex 0.0172051 -0.002 0.0217133
         vertex 0.0221498 -0.002 0.0242133
      endloop
   endfacet
   facet normal 0 -1 0
      outer loop
         vertex 0.0168245 -0.002 0.0197998
         vertex 0.0157406 -0.002 0.0181777
         vertex 0.0221498 -0.002 0.00921326
      endloop
   endfacet
   facet normal 0 -1 0
      outer loop
         vertex -0.00529489 -0.002 0.0317133
         vertex -0.0331755 -0.002 0.0286267
         vertex -0.0328943 -0.002 0.0272133
      endloop
   endfacet
   facet normal 0 -1 0
      outer loop
         vertex -0.00529489 -0.002 0.0317133
         vertex -0.0342594 -0.002 0.0302488
         vertex -0.0331755 -0.002 0.0286267
      endloop
   endfacet
   facet normal 0 -1 0
      outer loop
         vertex -0.00529489 -0.002 0.0317133
         vertex -0.0358815 -0.002 0.0313327
         vertex -0.0342594 -0.002 0.0302488
      endloop
   endfacet
   facet normal 0 -1 0
      outer loop
         vertex -0.00529489 -0.002 0.0317133
         vertex -0.0377949 -0.002 0.0317133
         vertex -0.0358815 -0.002 0.0313327
      endloop
   endfacet
   facet normal 0 -1 0
      outer loop
         vertex -0.00529489 -0.002 0.0242133
         vertex -0.00529489 -0.002 0.0272133
         vertex -0.0327949 -0.002 0.0267133
      endloop
   endfacet
   facet normal 0 -1 0
      outer loop
         vertex -0.00529489 -0.002 0.0272133
         vertex -0.0328943 -0.002 0.0272133
         vertex -0.0327949 -0.002 0.0267133
      endloop
   endfacet
   facet normal 0 -1 0
      outer loop
         vertex -0.0327949 -0.002 0.0267133
         vertex -0.0331755 -0.002 0.0247998
         vertex -0.00529489 -0.002 0.0242133
      endloop
   endfacet
   facet normal 0 -1 0
      outer loop
         vertex -0.0397083 -0.002 0.0220939
         vertex -0.0407949 -0.002 0.00921326
         vertex -0.0377949 -0.002 0.0117133
      endloop
   endfacet
   facet normal 0 -1 0
      outer loop
         vertex -0.00529489 -0.002 0.0242133
         vertex -0.0335674 -0.002 0.0242133
         vertex -0.0277949 -0.002 0.0217133
      endloop
   endfacet
   facet normal 0 -1 0
      outer loop
         vertex -0.0316217 -0.002 0.0209521
         vertex -0.0342594 -0.002 0.0231777
         vertex -0.0358815 -0.002 0.0220939
      endloop
   endfacet
   facet normal 0 -1 0
      outer loop
         vertex -0.0407949 -0.002 0.00921326
         vertex -0.0372976 -0.002 0.00921326
         vertex -0.0377949 -0.002 0.0117133
      endloop
   endfacet
   facet normal 0 -1 0
      outer loop
         vertex -0.0377949 -0.002 0.0217133
         vertex -0.0370337 -0.002 0.0155401
         vertex -0.034866 -0.002 0.0187843
      endloop
   endfacet
   facet normal 0 -1 0
      outer loop
         vertex -0.0277949 -0.002 0.0217133
         vertex -0.0239681 -0.002 0.0209521
         vertex -0.00529489 -0.002 0.0242133
      endloop
   endfacet
   facet normal 0 -1 0
      outer loop
         vertex -0.0316217 -0.002 0.0209521
         vertex -0.0335674 -0.002 0.0242133
         vertex -0.0342594 -0.002 0.0231777
      endloop
   endfacet
   facet normal 0 -1 0
      outer loop
         vertex -0.0377949 -0.002 0.0117133
         vertex -0.0377949 -0.002 0.0217133
         vertex -0.0397083 -0.002 0.0220939
      endloop
   endfacet
   facet normal 0 -1 0
      outer loop
         vertex -0.0377949 -0.002 0.0217133
         vertex -0.0377949 -0.002 0.0117133
         vertex -0.0370337 -0.002 0.0155401
      endloop
   endfacet
   facet normal 0 -1 0
      outer loop
         vertex -0.0239681 -0.002 0.0209521
         vertex -0.0207238 -0.002 0.0187843
         vertex -0.00529489 -0.002 0.0242133
      endloop
   endfacet
   facet normal 0 -1 0
      outer loop
         vertex -0.0358815 -0.002 0.0220939
         vertex -0.034866 -0.002 0.0187843
         vertex -0.0316217 -0.002 0.0209521
      endloop
   endfacet
   facet normal 0 -1 0
      outer loop
         vertex -0.00529489 -0.002 0.0242133
         vertex -0.0185561 -0.002 0.0155401
         vertex -0.0177949 -0.002 0.0117133
      endloop
   endfacet
   facet normal 0 -1 0
      outer loop
         vertex -0.034866 -0.002 0.0187843
         vertex -0.0358815 -0.002 0.0220939
         vertex -0.0377949 -0.002 0.0217133
      endloop
   endfacet
   facet normal 0 -1 0
      outer loop
         vertex -0.0316217 -0.002 0.0209521
         vertex -0.0277949 -0.002 0.0217133
         vertex -0.0335674 -0.002 0.0242133
      endloop
   endfacet
   facet normal 0 -1 0
      outer loop
         vertex -0.0177949 -0.002 0.0117133
         vertex -0.00529489 -0.002 0.00921326
         vertex -0.00529489 -0.002 0.0242133
      endloop
   endfacet
   facet normal 0 -1 0
      outer loop
         vertex -0.0207238 -0.002 0.0187843
         vertex -0.0185561 -0.002 0.0155401
         vertex -0.00529489 -0.002 0.0242133
      endloop
   endfacet
   facet normal 0 -1 0
      outer loop
         vertex -0.0397083 -0.002 0.0220939
         vertex -0.0407949 -0.002 0.0228199
         vertex -0.0407949 -0.002 0.00921326
      endloop
   endfacet
   facet normal 0 -1 0
      outer loop
         vertex -0.0472949 -0.002 0.00921326
         vertex -0.0413304 -0.002 0.0231777
         vertex -0.0420223 -0.002 0.0242133
      endloop
   endfacet
   facet normal 0 -1 0
      outer loop
         vertex -0.0472949 -0.002 0.00921326
         vertex -0.0407949 -0.002 0.00921326
         vertex -0.0407949 -0.002 0.0228199
      endloop
   endfacet
   facet normal 0 -1 0
      outer loop
         vertex -0.0407949 -0.002 0.0228199
         vertex -0.0413304 -0.002 0.0231777
         vertex -0.0472949 -0.002 0.00921326
      endloop
   endfacet
   facet normal 0 -1 0
      outer loop
         vertex -0.0472949 -0.002 0.0242133
         vertex -0.0424143 -0.002 0.0247998
         vertex -0.0427949 -0.002 0.0267133
      endloop
   endfacet
   facet normal 0 -1 0
      outer loop
         vertex -0.0427949 -0.002 0.0267133
         vertex -0.0472949 -0.002 0.0272133
         vertex -0.0472949 -0.002 0.0242133
      endloop
   endfacet
   facet normal 0 -1 0
      outer loop
         vertex -0.0472949 -0.002 0.0242133
         vertex -0.0420223 -0.002 0.0242133
         vertex -0.0424143 -0.002 0.0247998
      endloop
   endfacet
   facet normal 0 -1 0
      outer loop
         vertex -0.0413304 -0.002 0.0302488
         vertex -0.0439091 -0.002 0.0297873
         vertex -0.0437949 -0.002 0.0292133
      endloop
   endfacet
   facet normal 0 -1 0
      outer loop
         vertex -0.0437949 -0.002 0.0292133
         vertex -0.0424143 -0.002 0.0286267
         vertex -0.0413304 -0.002 0.0302488
      endloop
   endfacet
   facet normal 0 -1 0
      outer loop
         vertex -0.0407949 -0.002 0.0317133
         vertex -0.0442342 -0.002 0.0302739
         vertex -0.0439091 -0.002 0.0297873
      endloop
   endfacet
   facet normal 0 -1 0
      outer loop
         vertex -0.0426954 -0.002 0.0272133
         vertex -0.0424143 -0.002 0.0286267
         vertex -0.0439091 -0.002 0.0286392
      endloop
   endfacet
   facet normal 0 -1 0
      outer loop
         vertex -0.0426954 -0.002 0.0272133
         vertex -0.0447209 -0.002 0.0278274
         vertex -0.0452949 -0.002 0.0277133
      endloop
   endfacet
   facet normal 0 -1 0
      outer loop
         vertex -0.0439091 -0.002 0.0297873
         vertex -0.0407949 -0.002 0.0306066
         vertex -0.0407949 -0.002 0.0317133
      endloop
   endfacet
   facet normal 0 -1 0
      outer loop
         vertex -0.0424143 -0.002 0.0286267
         vertex -0.0437949 -0.002 0.0292133
         vertex -0.0439091 -0.002 0.0286392
      endloop
   endfacet
   facet normal 0 -1 0
      outer loop
         vertex -0.0407949 -0.002 0.0317133
         vertex -0.0472949 -0.002 0.0317133
         vertex -0.0452949 -0.002 0.0307133
      endloop
   endfacet
   facet normal 0 -1 0
      outer loop
         vertex -0.0426954 -0.002 0.0272133
         vertex -0.0442342 -0.002 0.0281526
         vertex -0.0447209 -0.002 0.0278274
      endloop
   endfacet
   facet normal 0 -1 0
      outer loop
         vertex -0.0439091 -0.002 0.0286392
         vertex -0.0442342 -0.002 0.0281526
         vertex -0.0426954 -0.002 0.0272133
      endloop
   endfacet
   facet normal 0 -1 0
      outer loop
         vertex -0.0452949 -0.002 0.0307133
         vertex -0.0447209 -0.002 0.0305991
         vertex -0.0407949 -0.002 0.0317133
      endloop
   endfacet
   facet normal 0 -1 0
      outer loop
         vertex -0.0472949 -0.002 0.0317133
         vertex -0.0463556 -0.002 0.0302739
         vertex -0.0458689 -0.002 0.0305991
      endloop
   endfacet
   facet normal 0 -1 0
      outer loop
         vertex -0.0472949 -0.002 0.0317133
         vertex -0.0472949 -0.002 0.0272133
         vertex -0.0467949 -0.002 0.0292133
      endloop
   endfacet
   facet normal 0 -1 0
      outer loop
         vertex -0.0413304 -0.002 0.0302488
         vertex -0.0407949 -0.002 0.0306066
         vertex -0.0439091 -0.002 0.0297873
      endloop
   endfacet
   facet normal 0 -1 0
      outer loop
         vertex -0.0458689 -0.002 0.0305991
         vertex -0.0452949 -0.002 0.0307133
         vertex -0.0472949 -0.002 0.0317133
      endloop
   endfacet
   facet normal 0 -1 0
      outer loop
         vertex -0.0467949 -0.002 0.0292133
         vertex -0.0466807 -0.002 0.0297873
         vertex -0.0472949 -0.002 0.0317133
      endloop
   endfacet
   facet normal 0 -1 0
      outer loop
         vertex -0.0447209 -0.002 0.0305991
         vertex -0.0442342 -0.002 0.0302739
         vertex -0.0407949 -0.002 0.0317133
      endloop
   endfacet
   facet normal 0 -1 0
      outer loop
         vertex -0.0472949 -0.002 0.0272133
         vertex -0.0466807 -0.002 0.0286392
         vertex -0.0467949 -0.002 0.0292133
      endloop
   endfacet
   facet normal 0 -1 0
      outer loop
         vertex -0.0472949 -0.002 0.0272133
         vertex -0.0458689 -0.002 0.0278274
         vertex -0.0463556 -0.002 0.0281526
      endloop
   endfacet
   facet normal 0 -1 0
      outer loop
         vertex -0.0466807 -0.002 0.0297873
         vertex -0.0463556 -0.002 0.0302739
         vertex -0.0472949 -0.002 0.0317133
      endloop
   endfacet
   facet normal 0 -1 0
      outer loop
         vertex -0.0472949 -0.002 0.0272133
         vertex -0.0452949 -0.002 0.0277133
         vertex -0.0458689 -0.002 0.0278274
      endloop
   endfacet
   facet normal 0 -1 0
      outer loop
         vertex -0.0463556 -0.002 0.0281526
         vertex -0.0466807 -0.002 0.0286392
         vertex -0.0472949 -0.002 0.0272133
      endloop
   endfacet
   facet normal 0 -1 0
      outer loop
         vertex -0.0407949 -0.002 0.0317133
         vertex -0.0407949 -0.002 0.0306066
         vertex -0.0397083 -0.002 0.0313327
      endloop
   endfacet
   facet normal 0 -1 0
      outer loop
         vertex -0.0397083 -0.002 0.0313327
         vertex -0.0377949 -0.002 0.0317133
         vertex -0.0407949 -0.002 0.0317133
      endloop
   endfacet
   facet normal 0 -1 0
      outer loop
         vertex -0.0452949 -0.002 0.0277133
         vertex -0.0472949 -0.002 0.0272133
         vertex -0.0426954 -0.002 0.0272133
      endloop
   endfacet
   facet normal 0 -1 0
      outer loop
         vertex -0.0427949 -0.002 0.0267133
         vertex -0.0426954 -0.002 0.0272133
         vertex -0.0472949 -0.002 0.0272133
      endloop
   endfacet
   facet normal 0 -1 0
      outer loop
         vertex -0.0420223 -0.002 0.0242133
         vertex -0.0472949 -0.002 0.0242133
         vertex -0.0472949 -0.002 0.00921326
      endloop
   endfacet
   facet normal 0 -1 0
      outer loop
         vertex -0.0177949 -0.002 0.0117133
         vertex -0.0182922 -0.002 0.00921326
         vertex -0.00529489 -0.002 0.00921326
      endloop
   endfacet
   facet normal 0 -1 0
      outer loop
         vertex -0.0331755 -0.002 0.0247998
         vertex -0.0335674 -0.002 0.0242133
         vertex -0.00529489 -0.002 0.0242133
      endloop
   endfacet
   facet normal 0 -1 0
      outer loop
         vertex -0.0328943 -0.002 0.0272133
         vertex -0.00529489 -0.002 0.0272133
         vertex -0.00529489 -0.002 0.0317133
      endloop
   endfacet
   facet normal 0 -1 0
      outer loop
         vertex 0.00758571 -0.002 0.0236267
         vertex 0.00797765 -0.002 0.0242133
         vertex -0.00529489 -0.002 0.0242133
      endloop
   endfacet
   facet normal 0 -1 0
      outer loop
         vertex 0.0164326 -0.002 0.0242133
         vertex 0.0221498 -0.002 0.0242133
         vertex 0.0221498 -0.002 0.0272133
      endloop
   endfacet
   facet normal 0 -1 0
      outer loop
         vertex -0.0370337 -0.002 0.00788642
         vertex -0.0372976 -0.002 0.00921326
         vertex -0.0407949 -0.002 0.00921326
      endloop
   endfacet
   facet normal 0 -1 0
      outer loop
         vertex 0.0291685 -0.002 0.0278274
         vertex 0.0285944 -0.002 0.0277133
         vertex 0.0322051 -0.002 0.0272133
      endloop
   endfacet
   facet normal 0 -1 0
      outer loop
         vertex 0.0221498 -0.002 0.0272133
         vertex 0.0221498 -0.002 0.0317133
         vertex -0.00529489 -0.002 0.0317133
      endloop
   endfacet
   facet normal 0 -1 0
      outer loop
         vertex -0.0472949 -0.002 0.0272133
         vertex -0.0472949 -0.002 0.0317133
         vertex -0.0477949 -0.002 0.0317133
      endloop
   endfacet
   facet normal 0 -1 0
      outer loop
         vertex 0.0322051 -0.002 0.0242133
         vertex 0.0322051 -0.002 0.0272133
         vertex 0.0221498 -0.002 0.0272133
      endloop
   endfacet
   facet normal 0 -1 0
      outer loop
         vertex -0.0472949 -0.002 0.0242133
         vertex -0.0472949 -0.002 0.0272133
         vertex -0.0477949 -0.002 0.0272133
      endloop
   endfacet
   facet normal 0 -1 0
      outer loop
         vertex 0.0322051 -0.002 0.00921326
         vertex 0.0322051 -0.002 0.0242133
         vertex 0.0221498 -0.002 0.0242133
      endloop
   endfacet
   facet normal 0 -1 0
      outer loop
         vertex -0.0472949 -0.002 0.00921326
         vertex -0.0472949 -0.002 0.0242133
         vertex -0.0477949 -0.002 0.0242133
      endloop
   endfacet
   facet normal 0 -1 0
      outer loop
         vertex 0.0322051 -0.002 -0.00628674
         vertex 0.0322051 -0.002 0.00921326
         vertex 0.0221498 -0.002 0.00921326
      endloop
   endfacet
   facet normal 0 -1 0
      outer loop
         vertex 0.0221498 -0.002 -0.00628674
         vertex 0.0221498 -0.002 0.00921326
         vertex -0.00529489 -0.002 0.00921326
      endloop
   endfacet
   facet normal 0 -1 0
      outer loop
         vertex -0.0407949 -0.002 -0.00628674
         vertex -0.0407949 -0.002 0.00921326
         vertex -0.0472949 -0.002 0.00921326
      endloop
   endfacet
   facet normal 0 -1 0
      outer loop
         vertex -0.0472949 -0.002 -0.00628674
         vertex -0.0472949 -0.002 0.00921326
         vertex -0.0477949 -0.002 0.00921326
      endloop
   endfacet
   facet normal 0 -1 0
      outer loop
         vertex 0.0291685 -0.002 -0.0171726
         vertex 0.0285944 -0.002 -0.0172867
         vertex 0.0322051 -0.002 -0.0177867
      endloop
   endfacet
   facet normal 0 -1 0
      outer loop
         vertex 0.0221498 -0.002 -0.0177867
         vertex 0.0221498 -0.002 -0.00628674
         vertex -0.00529489 -0.002 -0.00628674
      endloop
   endfacet
   facet normal 0 -1 0
      outer loop
         vertex -0.00529489 -0.002 -0.0177867
         vertex -0.00529489 -0.002 -0.00628674
         vertex -0.0407949 -0.002 -0.00628674
      endloop
   endfacet
   facet normal 0 -1 0
      outer loop
         vertex -0.0452949 -0.002 -0.0172867
         vertex -0.0472949 -0.002 -0.0177867
         vertex -0.0407949 -0.002 -0.0177867
      endloop
   endfacet
   facet normal 0 -1 0
      outer loop
         vertex -0.0472949 -0.002 -0.0177867
         vertex -0.0472949 -0.002 -0.00628674
         vertex -0.0477949 -0.002 -0.00628674
      endloop
   endfacet
   facet normal 0 -1 0
      outer loop
         vertex 0.0322051 -0.002 -0.0182867
         vertex 0.0322051 -0.002 -0.0177867
         vertex 0.0221498 -0.002 -0.0177867
      endloop
   endfacet
   facet normal 0 -1 0
      outer loop
         vertex 0.0221498 -0.002 -0.0182867
         vertex 0.0221498 -0.002 -0.0177867
         vertex -0.00529489 -0.002 -0.0177867
      endloop
   endfacet
   facet normal 0 -1 0
      outer loop
         vertex -0.00529489 -0.002 -0.0182867
         vertex -0.00529489 -0.002 -0.0177867
         vertex -0.0407949 -0.002 -0.0177867
      endloop
   endfacet
   facet normal 0 -1 0
      outer loop
         vertex -0.0407949 -0.002 -0.0182867
         vertex -0.0407949 -0.002 -0.0177867
         vertex -0.0472949 -0.002 -0.0177867
      endloop
   endfacet
   facet normal 0 -1 0
      outer loop
         vertex -0.0472949 -0.002 -0.0182867
         vertex -0.0472949 -0.002 -0.0177867
         vertex -0.0477949 -0.002 -0.0177867
      endloop
   endfacet
   facet normal -0.92388 0 0.382683
      outer loop
         vertex -0.0439091 -0.002 0.0286392
         vertex -0.0437949 -0.002 0.0292133
         vertex -0.0437949 0 0.0292133
      endloop
   endfacet
   facet normal -0.707107 0 0.707107
      outer loop
         vertex -0.0442342 -0.002 0.0281526
         vertex -0.0439091 -0.002 0.0286392
         vertex -0.0439091 0 0.0286392
      endloop
   endfacet
   facet normal -0.382683 0 0.92388
      outer loop
         vertex -0.0447209 -0.002 0.0278274
         vertex -0.0442342 -0.002 0.0281526
         vertex -0.0442342 0 0.0281526
      endloop
   endfacet
   facet normal 1.83697e-16 0 1
      outer loop
         vertex -0.0452949 -0.002 0.0277133
         vertex -0.0447209 -0.002 0.0278274
         vertex -0.0447209 0 0.0278274
      endloop
   endfacet
   facet normal 0.382683 0 0.92388
      outer loop
         vertex -0.0458689 -0.002 0.0278274
         vertex -0.0452949 -0.002 0.0277133
         vertex -0.0452949 0 0.0277133
      endloop
   endfacet
   facet normal 0.707107 0 0.707107
      outer loop
         vertex -0.0463556 -0.002 0.0281526
         vertex -0.0458689 -0.002 0.0278274
         vertex -0.0458689 0 0.0278274
      endloop
   endfacet
   facet normal 0.92388 0 0.382683
      outer loop
         vertex -0.0466807 -0.002 0.0286392
         vertex -0.0463556 -0.002 0.0281526
         vertex -0.0463556 0 0.0281526
      endloop
   endfacet
   facet normal 1 0 -1.22465e-16
      outer loop
         vertex -0.0467949 -0.002 0.0292133
         vertex -0.0466807 -0.002 0.0286392
         vertex -0.0466807 0 0.0286392
      endloop
   endfacet
   facet normal 0.92388 0 -0.382683
      outer loop
         vertex -0.0466807 -0.002 0.0297873
         vertex -0.0467949 -0.002 0.0292133
         vertex -0.0467949 0 0.0292133
      endloop
   endfacet
   facet normal 0.707107 0 -0.707107
      outer loop
         vertex -0.0463556 -0.002 0.0302739
         vertex -0.0466807 -0.002 0.0297873
         vertex -0.0466807 0 0.0297873
      endloop
   endfacet
   facet normal 0.382683 0 -0.92388
      outer loop
         vertex -0.0458689 -0.002 0.0305991
         vertex -0.0463556 -0.002 0.0302739
         vertex -0.0463556 0 0.0302739
      endloop
   endfacet
   facet normal -6.12323e-17 0 -1
      outer loop
         vertex -0.0452949 -0.002 0.0307133
         vertex -0.0458689 -0.002 0.0305991
         vertex -0.0458689 0 0.0305991
      endloop
   endfacet
   facet normal -0.382683 0 -0.92388
      outer loop
         vertex -0.0447209 -0.002 0.0305991
         vertex -0.0452949 -0.002 0.0307133
         vertex -0.0452949 0 0.0307133
      endloop
   endfacet
   facet normal -0.707107 0 -0.707107
      outer loop
         vertex -0.0442342 -0.002 0.0302739
         vertex -0.0447209 -0.002 0.0305991
         vertex -0.0447209 0 0.0305991
      endloop
   endfacet
   facet normal -0.92388 0 -0.382683
      outer loop
         vertex -0.0439091 -0.002 0.0297873
         vertex -0.0442342 -0.002 0.0302739
         vertex -0.0442342 0 0.0302739
      endloop
   endfacet
   facet normal -1 0 2.44929e-16
      outer loop
         vertex -0.0437949 -0.002 0.0292133
         vertex -0.0439091 -0.002 0.0297873
         vertex -0.0439091 0 0.0297873
      endloop
   endfacet
   facet normal -0.92388 0 -0.382683
      outer loop
         vertex -0.0439091 0 0.0297873
         vertex -0.0437949 0 0.0292133
         vertex -0.0437949 -0.002 0.0292133
      endloop
   endfacet
   facet normal -0.707107 0 -0.707107
      outer loop
         vertex -0.0442342 0 0.0302739
         vertex -0.0439091 0 0.0297873
         vertex -0.0439091 -0.002 0.0297873
      endloop
   endfacet
   facet normal -0.382683 0 -0.92388
      outer loop
         vertex -0.0447209 0 0.0305991
         vertex -0.0442342 0 0.0302739
         vertex -0.0442342 -0.002 0.0302739
      endloop
   endfacet
   facet normal -6.12323e-17 0 -1
      outer loop
         vertex -0.0452949 0 0.0307133
         vertex -0.0447209 0 0.0305991
         vertex -0.0447209 -0.002 0.0305991
      endloop
   endfacet
   facet normal 0.382683 0 -0.92388
      outer loop
         vertex -0.0458689 0 0.0305991
         vertex -0.0452949 0 0.0307133
         vertex -0.0452949 -0.002 0.0307133
      endloop
   endfacet
   facet normal 0.707107 0 -0.707107
      outer loop
         vertex -0.0463556 0 0.0302739
         vertex -0.0458689 0 0.0305991
         vertex -0.0458689 -0.002 0.0305991
      endloop
   endfacet
   facet normal 0.92388 0 -0.382683
      outer loop
         vertex -0.0466807 0 0.0297873
         vertex -0.0463556 0 0.0302739
         vertex -0.0463556 -0.002 0.0302739
      endloop
   endfacet
   facet normal 1 0 -1.22465e-16
      outer loop
         vertex -0.0467949 0 0.0292133
         vertex -0.0466807 0 0.0297873
         vertex -0.0466807 -0.002 0.0297873
      endloop
   endfacet
   facet normal 0.92388 0 0.382683
      outer loop
         vertex -0.0466807 0 0.0286392
         vertex -0.0467949 0 0.0292133
         vertex -0.0467949 -0.002 0.0292133
      endloop
   endfacet
   facet normal 0.707107 0 0.707107
      outer loop
         vertex -0.0463556 0 0.0281526
         vertex -0.0466807 0 0.0286392
         vertex -0.0466807 -0.002 0.0286392
      endloop
   endfacet
   facet normal 0.382683 0 0.92388
      outer loop
         vertex -0.0458689 0 0.0278274
         vertex -0.0463556 0 0.0281526
         vertex -0.0463556 -0.002 0.0281526
      endloop
   endfacet
   facet normal 1.83697e-16 0 1
      outer loop
         vertex -0.0452949 0 0.0277133
         vertex -0.0458689 0 0.0278274
         vertex -0.0458689 -0.002 0.0278274
      endloop
   endfacet
   facet normal -0.382683 0 0.92388
      outer loop
         vertex -0.0447209 0 0.0278274
         vertex -0.0452949 0 0.0277133
         vertex -0.0452949 -0.002 0.0277133
      endloop
   endfacet
   facet normal -0.707107 0 0.707107
      outer loop
         vertex -0.0442342 0 0.0281526
         vertex -0.0447209 0 0.0278274
         vertex -0.0447209 -0.002 0.0278274
      endloop
   endfacet
   facet normal -0.92388 0 0.382683
      outer loop
         vertex -0.0439091 0 0.0286392
         vertex -0.0442342 0 0.0281526
         vertex -0.0442342 -0.002 0.0281526
      endloop
   endfacet
   facet normal -1 0 2.44929e-16
      outer loop
         vertex -0.0437949 0 0.0292133
         vertex -0.0439091 0 0.0286392
         vertex -0.0439091 -0.002 0.0286392
      endloop
   endfacet
   facet normal -0.92388 0 0.382683
      outer loop
         vertex 0.0299803 -0.002 -0.0163608
         vertex 0.0300944 -0.002 -0.0157867
         vertex 0.0300944 0 -0.0157867
      endloop
   endfacet
   facet normal -0.707107 0 0.707107
      outer loop
         vertex 0.0296551 -0.002 -0.0168474
         vertex 0.0299803 -0.002 -0.0163608
         vertex 0.0299803 0 -0.0163608
      endloop
   endfacet
   facet normal -0.382683 0 0.92388
      outer loop
         vertex 0.0291685 -0.002 -0.0171726
         vertex 0.0296551 -0.002 -0.0168474
         vertex 0.0296551 0 -0.0168474
      endloop
   endfacet
   facet normal 1.83697e-16 0 1
      outer loop
         vertex 0.0285944 -0.002 -0.0172867
         vertex 0.0291685 -0.002 -0.0171726
         vertex 0.0291685 0 -0.0171726
      endloop
   endfacet
   facet normal 0.382683 0 0.92388
      outer loop
         vertex 0.0280204 -0.002 -0.0171726
         vertex 0.0285944 -0.002 -0.0172867
         vertex 0.0285944 0 -0.0172867
      endloop
   endfacet
   facet normal 0.707107 0 0.707107
      outer loop
         vertex 0.0275338 -0.002 -0.0168474
         vertex 0.0280204 -0.002 -0.0171726
         vertex 0.0280204 0 -0.0171726
      endloop
   endfacet
   facet normal 0.92388 0 0.382683
      outer loop
         vertex 0.0272086 -0.002 -0.0163608
         vertex 0.0275338 -0.002 -0.0168474
         vertex 0.0275338 0 -0.0168474
      endloop
   endfacet
   facet normal 1 0 -1.22465e-16
      outer loop
         vertex 0.0270944 -0.002 -0.0157867
         vertex 0.0272086 -0.002 -0.0163608
         vertex 0.0272086 0 -0.0163608
      endloop
   endfacet
   facet normal 0.92388 0 -0.382683
      outer loop
         vertex 0.0272086 -0.002 -0.0152127
         vertex 0.0270944 -0.002 -0.0157867
         vertex 0.0270944 0 -0.0157867
      endloop
   endfacet
   facet normal 0.707107 0 -0.707107
      outer loop
         vertex 0.0275338 -0.002 -0.0147261
         vertex 0.0272086 -0.002 -0.0152127
         vertex 0.0272086 0 -0.0152127
      endloop
   endfacet
   facet normal 0.382683 0 -0.92388
      outer loop
         vertex 0.0280204 -0.002 -0.0144009
         vertex 0.0275338 -0.002 -0.0147261
         vertex 0.0275338 0 -0.0147261
      endloop
   endfacet
   facet normal -6.12323e-17 0 -1
      outer loop
         vertex 0.0285944 -0.002 -0.0142867
         vertex 0.0280204 -0.002 -0.0144009
         vertex 0.0280204 0 -0.0144009
      endloop
   endfacet
   facet normal -0.382683 0 -0.92388
      outer loop
         vertex 0.0291685 -0.002 -0.0144009
         vertex 0.0285944 -0.002 -0.0142867
         vertex 0.0285944 0 -0.0142867
      endloop
   endfacet
   facet normal -0.707107 0 -0.707107
      outer loop
         vertex 0.0296551 -0.002 -0.0147261
         vertex 0.0291685 -0.002 -0.0144009
         vertex 0.0291685 0 -0.0144009
      endloop
   endfacet
   facet normal -0.92388 0 -0.382683
      outer loop
         vertex 0.0299803 -0.002 -0.0152127
         vertex 0.0296551 -0.002 -0.0147261
         vertex 0.0296551 0 -0.0147261
      endloop
   endfacet
   facet normal -1 0 2.44929e-16
      outer loop
         vertex 0.0300944 -0.002 -0.0157867
         vertex 0.0299803 -0.002 -0.0152127
         vertex 0.0299803 0 -0.0152127
      endloop
   endfacet
   facet normal -0.92388 0 -0.382683
      outer loop
         vertex 0.0299803 0 -0.0152127
         vertex 0.0300944 0 -0.0157867
         vertex 0.0300944 -0.002 -0.0157867
      endloop
   endfacet
   facet normal -0.707107 0 -0.707107
      outer loop
         vertex 0.0296551 0 -0.0147261
         vertex 0.0299803 0 -0.0152127
         vertex 0.0299803 -0.002 -0.0152127
      endloop
   endfacet
   facet normal -0.382683 0 -0.92388
      outer loop
         vertex 0.0291685 0 -0.0144009
         vertex 0.0296551 0 -0.0147261
         vertex 0.0296551 -0.002 -0.0147261
      endloop
   endfacet
   facet normal -6.12323e-17 0 -1
      outer loop
         vertex 0.0285944 0 -0.0142867
         vertex 0.0291685 0 -0.0144009
         vertex 0.0291685 -0.002 -0.0144009
      endloop
   endfacet
   facet normal 0.382683 0 -0.92388
      outer loop
         vertex 0.0280204 0 -0.0144009
         vertex 0.0285944 0 -0.0142867
         vertex 0.0285944 -0.002 -0.0142867
      endloop
   endfacet
   facet normal 0.707107 0 -0.707107
      outer loop
         vertex 0.0275338 0 -0.0147261
         vertex 0.0280204 0 -0.0144009
         vertex 0.0280204 -0.002 -0.0144009
      endloop
   endfacet
   facet normal 0.92388 0 -0.382683
      outer loop
         vertex 0.0272086 0 -0.0152127
         vertex 0.0275338 0 -0.0147261
         vertex 0.0275338 -0.002 -0.0147261
      endloop
   endfacet
   facet normal 1 0 -1.22465e-16
      outer loop
         vertex 0.0270944 0 -0.0157867
         vertex 0.0272086 0 -0.0152127
         vertex 0.0272086 -0.002 -0.0152127
      endloop
   endfacet
   facet normal 0.92388 0 0.382683
      outer loop
         vertex 0.0272086 0 -0.0163608
         vertex 0.0270944 0 -0.0157867
         vertex 0.0270944 -0.002 -0.0157867
      endloop
   endfacet
   facet normal 0.707107 0 0.707107
      outer loop
         vertex 0.0275338 0 -0.0168474
         vertex 0.0272086 0 -0.0163608
         vertex 0.0272086 -0.002 -0.0163608
      endloop
   endfacet
   facet normal 0.382683 0 0.92388
      outer loop
         vertex 0.0280204 0 -0.0171726
         vertex 0.0275338 0 -0.0168474
         vertex 0.0275338 -0.002 -0.0168474
      endloop
   endfacet
   facet normal 1.83697e-16 0 1
      outer loop
         vertex 0.0285944 0 -0.0172867
         vertex 0.0280204 0 -0.0171726
         vertex 0.0280204 -0.002 -0.0171726
      endloop
   endfacet
   facet normal -0.382683 0 0.92388
      outer loop
         vertex 0.0291685 0 -0.0171726
         vertex 0.0285944 0 -0.0172867
         vertex 0.0285944 -0.002 -0.0172867
      endloop
   endfacet
   facet normal -0.707107 0 0.707107
      outer loop
         vertex 0.0296551 0 -0.0168474
         vertex 0.0291685 0 -0.0171726
         vertex 0.0291685 -0.002 -0.0171726
      endloop
   endfacet
   facet normal -0.92388 0 0.382683
      outer loop
         vertex 0.0299803 0 -0.0163608
         vertex 0.0296551 0 -0.0168474
         vertex 0.0296551 -0.002 -0.0168474
      endloop
   endfacet
   facet normal -1 0 2.44929e-16
      outer loop
         vertex 0.0300944 0 -0.0157867
         vertex 0.0299803 0 -0.0163608
         vertex 0.0299803 -0.002 -0.0163608
      endloop
   endfacet
   facet normal -0.92388 0 0.382683
      outer loop
         vertex -0.0439091 -0.002 -0.0163608
         vertex -0.0437949 -0.002 -0.0157867
         vertex -0.0437949 0 -0.0157867
      endloop
   endfacet
   facet normal -0.707107 0 0.707107
      outer loop
         vertex -0.0442342 -0.002 -0.0168474
         vertex -0.0439091 -0.002 -0.0163608
         vertex -0.0439091 0 -0.0163608
      endloop
   endfacet
   facet normal -0.382683 0 0.92388
      outer loop
         vertex -0.0447209 -0.002 -0.0171726
         vertex -0.0442342 -0.002 -0.0168474
         vertex -0.0442342 0 -0.0168474
      endloop
   endfacet
   facet normal 1.83697e-16 0 1
      outer loop
         vertex -0.0452949 -0.002 -0.0172867
         vertex -0.0447209 -0.002 -0.0171726
         vertex -0.0447209 0 -0.0171726
      endloop
   endfacet
   facet normal 0.382683 0 0.92388
      outer loop
         vertex -0.0458689 -0.002 -0.0171726
         vertex -0.0452949 -0.002 -0.0172867
         vertex -0.0452949 0 -0.0172867
      endloop
   endfacet
   facet normal 0.707107 0 0.707107
      outer loop
         vertex -0.0463556 -0.002 -0.0168474
         vertex -0.0458689 -0.002 -0.0171726
         vertex -0.0458689 0 -0.0171726
      endloop
   endfacet
   facet normal 0.92388 0 0.382683
      outer loop
         vertex -0.0466807 -0.002 -0.0163608
         vertex -0.0463556 -0.002 -0.0168474
         vertex -0.0463556 0 -0.0168474
      endloop
   endfacet
   facet normal 1 0 -1.22465e-16
      outer loop
         vertex -0.0467949 -0.002 -0.0157867
         vertex -0.0466807 -0.002 -0.0163608
         vertex -0.0466807 0 -0.0163608
      endloop
   endfacet
   facet normal 0.92388 0 -0.382683
      outer loop
         vertex -0.0466807 -0.002 -0.0152127
         vertex -0.0467949 -0.002 -0.0157867
         vertex -0.0467949 0 -0.0157867
      endloop
   endfacet
   facet normal 0.707107 0 -0.707107
      outer loop
         vertex -0.0463556 -0.002 -0.0147261
         vertex -0.0466807 -0.002 -0.0152127
         vertex -0.0466807 0 -0.0152127
      endloop
   endfacet
   facet normal 0.382683 0 -0.92388
      outer loop
         vertex -0.0458689 -0.002 -0.0144009
         vertex -0.0463556 -0.002 -0.0147261
         vertex -0.0463556 0 -0.0147261
      endloop
   endfacet
   facet normal -6.12323e-17 0 -1
      outer loop
         vertex -0.0452949 -0.002 -0.0142867
         vertex -0.0458689 -0.002 -0.0144009
         vertex -0.0458689 0 -0.0144009
      endloop
   endfacet
   facet normal -0.382683 0 -0.92388
      outer loop
         vertex -0.0447209 -0.002 -0.0144009
         vertex -0.0452949 -0.002 -0.0142867
         vertex -0.0452949 0 -0.0142867
      endloop
   endfacet
   facet normal -0.707107 0 -0.707107
      outer loop
         vertex -0.0442342 -0.002 -0.0147261
         vertex -0.0447209 -0.002 -0.0144009
         vertex -0.0447209 0 -0.0144009
      endloop
   endfacet
   facet normal -0.92388 0 -0.382683
      outer loop
         vertex -0.0439091 -0.002 -0.0152127
         vertex -0.0442342 -0.002 -0.0147261
         vertex -0.0442342 0 -0.0147261
      endloop
   endfacet
   facet normal -1 0 2.44929e-16
      outer loop
         vertex -0.0437949 -0.002 -0.0157867
         vertex -0.0439091 -0.002 -0.0152127
         vertex -0.0439091 0 -0.0152127
      endloop
   endfacet
   facet normal -0.92388 0 -0.382683
      outer loop
         vertex -0.0439091 0 -0.0152127
         vertex -0.0437949 0 -0.0157867
         vertex -0.0437949 -0.002 -0.0157867
      endloop
   endfacet
   facet normal -0.707107 0 -0.707107
      outer loop
         vertex -0.0442342 0 -0.0147261
         vertex -0.0439091 0 -0.0152127
         vertex -0.0439091 -0.002 -0.0152127
      endloop
   endfacet
   facet normal -0.382683 0 -0.92388
      outer loop
         vertex -0.0447209 0 -0.0144009
         vertex -0.0442342 0 -0.0147261
         vertex -0.0442342 -0.002 -0.0147261
      endloop
   endfacet
   facet normal -6.12323e-17 0 -1
      outer loop
         vertex -0.0452949 0 -0.0142867
         vertex -0.0447209 0 -0.0144009
         vertex -0.0447209 -0.002 -0.0144009
      endloop
   endfacet
   facet normal 0.382683 0 -0.92388
      outer loop
         vertex -0.0458689 0 -0.0144009
         vertex -0.0452949 0 -0.0142867
         vertex -0.0452949 -0.002 -0.0142867
      endloop
   endfacet
   facet normal 0.707107 0 -0.707107
      outer loop
         vertex -0.0463556 0 -0.0147261
         vertex -0.0458689 0 -0.0144009
         vertex -0.0458689 -0.002 -0.0144009
      endloop
   endfacet
   facet normal 0.92388 0 -0.382683
      outer loop
         vertex -0.0466807 0 -0.0152127
         vertex -0.0463556 0 -0.0147261
         vertex -0.0463556 -0.002 -0.0147261
      endloop
   endfacet
   facet normal 1 0 -1.22465e-16
      outer loop
         vertex -0.0467949 0 -0.0157867
         vertex -0.0466807 0 -0.0152127
         vertex -0.0466807 -0.002 -0.0152127
      endloop
   endfacet
   facet normal 0.92388 0 0.382683
      outer loop
         vertex -0.0466807 0 -0.0163608
         vertex -0.0467949 0 -0.0157867
         vertex -0.0467949 -0.002 -0.0157867
      endloop
   endfacet
   facet normal 0.707107 0 0.707107
      outer loop
         vertex -0.0463556 0 -0.0168474
         vertex -0.0466807 0 -0.0163608
         vertex -0.0466807 -0.002 -0.0163608
      endloop
   endfacet
   facet normal 0.382683 0 0.92388
      outer loop
         vertex -0.0458689 0 -0.0171726
         vertex -0.0463556 0 -0.0168474
         vertex -0.0463556 -0.002 -0.0168474
      endloop
   endfacet
   facet normal 1.83697e-16 0 1
      outer loop
         vertex -0.0452949 0 -0.0172867
         vertex -0.0458689 0 -0.0171726
         vertex -0.0458689 -0.002 -0.0171726
      endloop
   endfacet
   facet normal -0.382683 0 0.92388
      outer loop
         vertex -0.0447209 0 -0.0171726
         vertex -0.0452949 0 -0.0172867
         vertex -0.0452949 -0.002 -0.0172867
      endloop
   endfacet
   facet normal -0.707107 0 0.707107
      outer loop
         vertex -0.0442342 0 -0.0168474
         vertex -0.0447209 0 -0.0171726
         vertex -0.0447209 -0.002 -0.0171726
      endloop
   endfacet
   facet normal -0.92388 0 0.382683
      outer loop
         vertex -0.0439091 0 -0.0163608
         vertex -0.0442342 0 -0.0168474
         vertex -0.0442342 -0.002 -0.0168474
      endloop
   endfacet
   facet normal -1 0 2.44929e-16
      outer loop
         vertex -0.0437949 0 -0.0157867
         vertex -0.0439091 0 -0.0163608
         vertex -0.0439091 -0.002 -0.0163608
      endloop
   endfacet
   facet normal -0.92388 0 0.382683
      outer loop
         vertex 0.0299803 -0.002 0.0286392
         vertex 0.0300944 -0.002 0.0292133
         vertex 0.0300944 0 0.0292133
      endloop
   endfacet
   facet normal -0.707107 0 0.707107
      outer loop
         vertex 0.0296551 -0.002 0.0281526
         vertex 0.0299803 -0.002 0.0286392
         vertex 0.0299803 0 0.0286392
      endloop
   endfacet
   facet normal -0.382683 0 0.92388
      outer loop
         vertex 0.0291685 -0.002 0.0278274
         vertex 0.0296551 -0.002 0.0281526
         vertex 0.0296551 0 0.0281526
      endloop
   endfacet
   facet normal 1.83697e-16 0 1
      outer loop
         vertex 0.0285944 -0.002 0.0277133
         vertex 0.0291685 -0.002 0.0278274
         vertex 0.0291685 0 0.0278274
      endloop
   endfacet
   facet normal 0.382683 0 0.92388
      outer loop
         vertex 0.0280204 -0.002 0.0278274
         vertex 0.0285944 -0.002 0.0277133
         vertex 0.0285944 0 0.0277133
      endloop
   endfacet
   facet normal 0.707107 0 0.707107
      outer loop
         vertex 0.0275338 -0.002 0.0281526
         vertex 0.0280204 -0.002 0.0278274
         vertex 0.0280204 0 0.0278274
      endloop
   endfacet
   facet normal 0.92388 0 0.382683
      outer loop
         vertex 0.0272086 -0.002 0.0286392
         vertex 0.0275338 -0.002 0.0281526
         vertex 0.0275338 0 0.0281526
      endloop
   endfacet
   facet normal 1 0 -1.22465e-16
      outer loop
         vertex 0.0270944 -0.002 0.0292133
         vertex 0.0272086 -0.002 0.0286392
         vertex 0.0272086 0 0.0286392
      endloop
   endfacet
   facet normal 0.92388 0 -0.382683
      outer loop
         vertex 0.0272086 -0.002 0.0297873
         vertex 0.0270944 -0.002 0.0292133
         vertex 0.0270944 0 0.0292133
      endloop
   endfacet
   facet normal 0.707107 0 -0.707107
      outer loop
         vertex 0.0275338 -0.002 0.0302739
         vertex 0.0272086 -0.002 0.0297873
         vertex 0.0272086 0 0.0297873
      endloop
   endfacet
   facet normal 0.382683 0 -0.92388
      outer loop
         vertex 0.0280204 -0.002 0.0305991
         vertex 0.0275338 -0.002 0.0302739
         vertex 0.0275338 0 0.0302739
      endloop
   endfacet
   facet normal -6.12323e-17 0 -1
      outer loop
         vertex 0.0285944 -0.002 0.0307133
         vertex 0.0280204 -0.002 0.0305991
         vertex 0.0280204 0 0.0305991
      endloop
   endfacet
   facet normal -0.382683 0 -0.92388
      outer loop
         vertex 0.0291685 -0.002 0.0305991
         vertex 0.0285944 -0.002 0.0307133
         vertex 0.0285944 0 0.0307133
      endloop
   endfacet
   facet normal -0.707107 0 -0.707107
      outer loop
         vertex 0.0296551 -0.002 0.0302739
         vertex 0.0291685 -0.002 0.0305991
         vertex 0.0291685 0 0.0305991
      endloop
   endfacet
   facet normal -0.92388 0 -0.382683
      outer loop
         vertex 0.0299803 -0.002 0.0297873
         vertex 0.0296551 -0.002 0.0302739
         vertex 0.0296551 0 0.0302739
      endloop
   endfacet
   facet normal -1 0 2.44929e-16
      outer loop
         vertex 0.0300944 -0.002 0.0292133
         vertex 0.0299803 -0.002 0.0297873
         vertex 0.0299803 0 0.0297873
      endloop
   endfacet
   facet normal -0.92388 0 -0.382683
      outer loop
         vertex 0.0299803 0 0.0297873
         vertex 0.0300944 0 0.0292133
         vertex 0.0300944 -0.002 0.0292133
      endloop
   endfacet
   facet normal -0.707107 0 -0.707107
      outer loop
         vertex 0.0296551 0 0.0302739
         vertex 0.0299803 0 0.0297873
         vertex 0.0299803 -0.002 0.0297873
      endloop
   endfacet
   facet normal -0.382683 0 -0.92388
      outer loop
         vertex 0.0291685 0 0.0305991
         vertex 0.0296551 0 0.0302739
         vertex 0.0296551 -0.002 0.0302739
      endloop
   endfacet
   facet normal -6.12323e-17 0 -1
      outer loop
         vertex 0.0285944 0 0.0307133
         vertex 0.0291685 0 0.0305991
         vertex 0.0291685 -0.002 0.0305991
      endloop
   endfacet
   facet normal 0.382683 0 -0.92388
      outer loop
         vertex 0.0280204 0 0.0305991
         vertex 0.0285944 0 0.0307133
         vertex 0.0285944 -0.002 0.0307133
      endloop
   endfacet
   facet normal 0.707107 0 -0.707107
      outer loop
         vertex 0.0275338 0 0.0302739
         vertex 0.0280204 0 0.0305991
         vertex 0.0280204 -0.002 0.0305991
      endloop
   endfacet
   facet normal 0.92388 0 -0.382683
      outer loop
         vertex 0.0272086 0 0.0297873
         vertex 0.0275338 0 0.0302739
         vertex 0.0275338 -0.002 0.0302739
      endloop
   endfacet
   facet normal 1 0 -1.22465e-16
      outer loop
         vertex 0.0270944 0 0.0292133
         vertex 0.0272086 0 0.0297873
         vertex 0.0272086 -0.002 0.0297873
      endloop
   endfacet
   facet normal 0.92388 0 0.382683
      outer loop
         vertex 0.0272086 0 0.0286392
         vertex 0.0270944 0 0.0292133
         vertex 0.0270944 -0.002 0.0292133
      endloop
   endfacet
   facet normal 0.707107 0 0.707107
      outer loop
         vertex 0.0275338 0 0.0281526
         vertex 0.0272086 0 0.0286392
         vertex 0.0272086 -0.002 0.0286392
      endloop
   endfacet
   facet normal 0.382683 0 0.92388
      outer loop
         vertex 0.0280204 0 0.0278274
         vertex 0.0275338 0 0.0281526
         vertex 0.0275338 -0.002 0.0281526
      endloop
   endfacet
   facet normal 1.83697e-16 0 1
      outer loop
         vertex 0.0285944 0 0.0277133
         vertex 0.0280204 0 0.0278274
         vertex 0.0280204 -0.002 0.0278274
      endloop
   endfacet
   facet normal -0.382683 0 0.92388
      outer loop
         vertex 0.0291685 0 0.0278274
         vertex 0.0285944 0 0.0277133
         vertex 0.0285944 -0.002 0.0277133
      endloop
   endfacet
   facet normal -0.707107 0 0.707107
      outer loop
         vertex 0.0296551 0 0.0281526
         vertex 0.0291685 0 0.0278274
         vertex 0.0291685 -0.002 0.0278274
      endloop
   endfacet
   facet normal -0.92388 0 0.382683
      outer loop
         vertex 0.0299803 0 0.0286392
         vertex 0.0296551 0 0.0281526
         vertex 0.0296551 -0.002 0.0281526
      endloop
   endfacet
   facet normal -1 0 2.44929e-16
      outer loop
         vertex 0.0300944 0 0.0292133
         vertex 0.0299803 0 0.0286392
         vertex 0.0299803 -0.002 0.0286392
      endloop
   endfacet
   facet normal -0.92388 0 0.382683
      outer loop
         vertex -0.0424143 -0.014 0.0286267
         vertex -0.0424143 -0.002 0.0286267
         vertex -0.0426954 -0.002 0.0272133
      endloop
   endfacet
   facet normal -0.994835 0 0.101503
      outer loop
         vertex -0.0426954 -0.002 0.0272133
         vertex -0.0427949 -0.014 0.0267133
         vertex -0.0424143 -0.014 0.0286267
      endloop
   endfacet
   facet normal -0.92388 0 0.382683
      outer loop
         vertex -0.0424143 -0.002 0.0286267
         vertex -0.0424143 -0.014 0.0286267
         vertex -0.0413304 -0.014 0.0302488
      endloop
   endfacet
   facet normal -0.382683 0 0.92388
      outer loop
         vertex -0.0397083 -0.014 0.0313327
         vertex -0.0397083 -0.002 0.0313327
         vertex -0.0407949 -0.002 0.0306066
      endloop
   endfacet
   facet normal -0.610363 0 0.792122
      outer loop
         vertex -0.0407949 -0.002 0.0306066
         vertex -0.0413304 -0.014 0.0302488
         vertex -0.0397083 -0.014 0.0313327
      endloop
   endfacet
   facet normal -0.382683 0 0.92388
      outer loop
         vertex -0.0397083 -0.002 0.0313327
         vertex -0.0397083 -0.014 0.0313327
         vertex -0.0377949 -0.014 0.0317133
      endloop
   endfacet
   facet normal -6.12323e-17 0 1
      outer loop
         vertex -0.0377949 -0.002 0.0317133
         vertex -0.0377949 -0.014 0.0317133
         vertex -0.0358815 -0.014 0.0313327
      endloop
   endfacet
   facet normal 0.382683 0 0.92388
      outer loop
         vertex -0.0358815 -0.002 0.0313327
         vertex -0.0358815 -0.014 0.0313327
         vertex -0.0342594 -0.014 0.0302488
      endloop
   endfacet
   facet normal 0.707107 0 0.707107
      outer loop
         vertex -0.0342594 -0.002 0.0302488
         vertex -0.0342594 -0.014 0.0302488
         vertex -0.0331755 -0.014 0.0286267
      endloop
   endfacet
   facet normal 0.92388 0 0.382683
      outer loop
         vertex -0.0331755 -0.014 0.0286267
         vertex -0.0327949 -0.014 0.0267133
         vertex -0.0328943 -0.002 0.0272133
      endloop
   endfacet
   facet normal 1 0 1.22465e-16
      outer loop
         vertex -0.0327949 -0.014 0.0267133
         vertex -0.0327949 -0.002 0.0267133
         vertex -0.0328943 -0.002 0.0272133
      endloop
   endfacet
   facet normal 1 0 1.22465e-16
      outer loop
         vertex -0.0327949 -0.002 0.0267133
         vertex -0.0327949 -0.014 0.0267133
         vertex -0.0331755 -0.014 0.0247998
      endloop
   endfacet
   facet normal 0.707107 0 -0.707107
      outer loop
         vertex -0.0342594 -0.014 0.0231777
         vertex -0.0342594 -0.002 0.0231777
         vertex -0.0335674 -0.002 0.0242133
      endloop
   endfacet
   facet normal 0.860752 0 -0.509025
      outer loop
         vertex -0.0335674 -0.002 0.0242133
         vertex -0.0331755 -0.014 0.0247998
         vertex -0.0342594 -0.014 0.0231777
      endloop
   endfacet
   facet normal 0.707107 0 -0.707107
      outer loop
         vertex -0.0342594 -0.002 0.0231777
         vertex -0.0342594 -0.014 0.0231777
         vertex -0.0358815 -0.014 0.0220939
      endloop
   endfacet
   facet normal 0.382683 0 -0.92388
      outer loop
         vertex -0.0358815 -0.002 0.0220939
         vertex -0.0358815 -0.014 0.0220939
         vertex -0.0377949 -0.014 0.0217133
      endloop
   endfacet
   facet normal 1.83697e-16 0 -1
      outer loop
         vertex -0.0377949 -0.002 0.0217133
         vertex -0.0377949 -0.014 0.0217133
         vertex -0.0397083 -0.014 0.0220939
      endloop
   endfacet
   facet normal -0.382683 0 -0.92388
      outer loop
         vertex -0.0397083 -0.014 0.0220939
         vertex -0.0413304 -0.014 0.0231777
         vertex -0.0407949 -0.002 0.0228199
      endloop
   endfacet
   facet normal -0.707107 0 -0.707107
      outer loop
         vertex -0.0413304 -0.014 0.0231777
         vertex -0.0413304 -0.002 0.0231777
         vertex -0.0407949 -0.002 0.0228199
      endloop
   endfacet
   facet normal -0.707107 0 -0.707107
      outer loop
         vertex -0.0413304 -0.014 0.0231777
         vertex -0.0424143 -0.014 0.0247998
         vertex -0.0420223 -0.002 0.0242133
      endloop
   endfacet
   facet normal -0.92388 0 -0.382683
      outer loop
         vertex -0.0424143 -0.014 0.0247998
         vertex -0.0424143 -0.002 0.0247998
         vertex -0.0420223 -0.002 0.0242133
      endloop
   endfacet
   facet normal -0.92388 0 -0.382683
      outer loop
         vertex -0.0424143 -0.002 0.0247998
         vertex -0.0424143 -0.014 0.0247998
         vertex -0.0427949 -0.014 0.0267133
      endloop
   endfacet
   facet normal -1 0 0
      outer loop
         vertex -0.0427949 -0.014 0.0267133
         vertex -0.0427949 -0.002 0.0267133
         vertex -0.0424143 -0.002 0.0247998
      endloop
   endfacet
   facet normal -0.860752 0 -0.509025
      outer loop
         vertex -0.0420223 -0.002 0.0242133
         vertex -0.0413304 -0.002 0.0231777
         vertex -0.0413304 -0.014 0.0231777
      endloop
   endfacet
   facet normal -0.610363 0 -0.792122
      outer loop
         vertex -0.0407949 -0.002 0.0228199
         vertex -0.0397083 -0.002 0.0220939
         vertex -0.0397083 -0.014 0.0220939
      endloop
   endfacet
   facet normal -0.382683 0 -0.92388
      outer loop
         vertex -0.0397083 -0.014 0.0220939
         vertex -0.0397083 -0.002 0.0220939
         vertex -0.0377949 -0.002 0.0217133
      endloop
   endfacet
   facet normal 1.83697e-16 0 -1
      outer loop
         vertex -0.0377949 -0.014 0.0217133
         vertex -0.0377949 -0.002 0.0217133
         vertex -0.0358815 -0.002 0.0220939
      endloop
   endfacet
   facet normal 0.382683 0 -0.92388
      outer loop
         vertex -0.0358815 -0.014 0.0220939
         vertex -0.0358815 -0.002 0.0220939
         vertex -0.0342594 -0.002 0.0231777
      endloop
   endfacet
   facet normal 0.860752 0 -0.509025
      outer loop
         vertex -0.0335674 -0.002 0.0242133
         vertex -0.0331755 -0.002 0.0247998
         vertex -0.0331755 -0.014 0.0247998
      endloop
   endfacet
   facet normal 0.92388 0 -0.382683
      outer loop
         vertex -0.0331755 -0.014 0.0247998
         vertex -0.0331755 -0.002 0.0247998
         vertex -0.0327949 -0.002 0.0267133
      endloop
   endfacet
   facet normal 0.994835 0 0.101503
      outer loop
         vertex -0.0328943 -0.002 0.0272133
         vertex -0.0331755 -0.002 0.0286267
         vertex -0.0331755 -0.014 0.0286267
      endloop
   endfacet
   facet normal 0.92388 0 0.382683
      outer loop
         vertex -0.0331755 -0.014 0.0286267
         vertex -0.0331755 -0.002 0.0286267
         vertex -0.0342594 -0.002 0.0302488
      endloop
   endfacet
   facet normal 0.707107 0 0.707107
      outer loop
         vertex -0.0342594 -0.014 0.0302488
         vertex -0.0342594 -0.002 0.0302488
         vertex -0.0358815 -0.002 0.0313327
      endloop
   endfacet
   facet normal 0.382683 0 0.92388
      outer loop
         vertex -0.0358815 -0.014 0.0313327
         vertex -0.0358815 -0.002 0.0313327
         vertex -0.0377949 -0.002 0.0317133
      endloop
   endfacet
   facet normal -6.12323e-17 0 1
      outer loop
         vertex -0.0377949 -0.014 0.0317133
         vertex -0.0377949 -0.002 0.0317133
         vertex -0.0397083 -0.002 0.0313327
      endloop
   endfacet
   facet normal -0.610363 0 0.792122
      outer loop
         vertex -0.0407949 -0.002 0.0306066
         vertex -0.0413304 -0.002 0.0302488
         vertex -0.0413304 -0.014 0.0302488
      endloop
   endfacet
   facet normal -0.707107 0 0.707107
      outer loop
         vertex -0.0413304 -0.014 0.0302488
         vertex -0.0413304 -0.002 0.0302488
         vertex -0.0424143 -0.002 0.0286267
      endloop
   endfacet
   facet normal -0.994835 0 0.101503
      outer loop
         vertex -0.0426954 -0.002 0.0272133
         vertex -0.0427949 -0.002 0.0267133
         vertex -0.0427949 -0.014 0.0267133
      endloop
   endfacet
   facet normal 0 -1 0
      outer loop
         vertex -0.0377949 -0.014 0.0267133
         vertex -0.0331755 -0.014 0.0286267
         vertex -0.0342594 -0.014 0.0302488
      endloop
   endfacet
   facet normal 0 -1 0
      outer loop
         vertex -0.0342594 -0.014 0.0302488
         vertex -0.0358815 -0.014 0.0313327
         vertex -0.0377949 -0.014 0.0267133
      endloop
   endfacet
   facet normal 0 -1 0
      outer loop
         vertex -0.0358815 -0.014 0.0313327
         vertex -0.0377949 -0.014 0.0317133
         vertex -0.0377949 -0.014 0.0267133
      endloop
   endfacet
   facet normal 0 -1 0
      outer loop
         vertex -0.0377949 -0.014 0.0317133
         vertex -0.0397083 -0.014 0.0313327
         vertex -0.0377949 -0.014 0.0267133
      endloop
   endfacet
   facet normal 0 -1 0
      outer loop
         vertex -0.0397083 -0.014 0.0313327
         vertex -0.0413304 -0.014 0.0302488
         vertex -0.0377949 -0.014 0.0267133
      endloop
   endfacet
   facet normal 0 -1 0
      outer loop
         vertex -0.0413304 -0.014 0.0302488
         vertex -0.0424143 -0.014 0.0286267
         vertex -0.0377949 -0.014 0.0267133
      endloop
   endfacet
   facet normal 0 -1 0
      outer loop
         vertex -0.0424143 -0.014 0.0286267
         vertex -0.0427949 -0.014 0.0267133
         vertex -0.0377949 -0.014 0.0267133
      endloop
   endfacet
   facet normal 0 -1 0
      outer loop
         vertex -0.0427949 -0.014 0.0267133
         vertex -0.0424143 -0.014 0.0247998
         vertex -0.0377949 -0.014 0.0267133
      endloop
   endfacet
   facet normal 0 -1 0
      outer loop
         vertex -0.0424143 -0.014 0.0247998
         vertex -0.0413304 -0.014 0.0231777
         vertex -0.0377949 -0.014 0.0267133
      endloop
   endfacet
   facet normal 0 -1 0
      outer loop
         vertex -0.0413304 -0.014 0.0231777
         vertex -0.0397083 -0.014 0.0220939
         vertex -0.0377949 -0.014 0.0267133
      endloop
   endfacet
   facet normal 0 -1 0
      outer loop
         vertex -0.0397083 -0.014 0.0220939
         vertex -0.0377949 -0.014 0.0217133
         vertex -0.0377949 -0.014 0.0267133
      endloop
   endfacet
   facet normal 0 -1 0
      outer loop
         vertex -0.0377949 -0.014 0.0217133
         vertex -0.0358815 -0.014 0.0220939
         vertex -0.0377949 -0.014 0.0267133
      endloop
   endfacet
   facet normal 0 -1 0
      outer loop
         vertex -0.0358815 -0.014 0.0220939
         vertex -0.0342594 -0.014 0.0231777
         vertex -0.0377949 -0.014 0.0267133
      endloop
   endfacet
   facet normal 0 -1 0
      outer loop
         vertex -0.0342594 -0.014 0.0231777
         vertex -0.0331755 -0.014 0.0247998
         vertex -0.0377949 -0.014 0.0267133
      endloop
   endfacet
   facet normal 0 -1 0
      outer loop
         vertex -0.0331755 -0.014 0.0247998
         vertex -0.0327949 -0.014 0.0267133
         vertex -0.0377949 -0.014 0.0267133
      endloop
   endfacet
   facet normal 0 -1 0
      outer loop
         vertex -0.0327949 -0.014 0.0267133
         vertex -0.0331755 -0.014 0.0286267
         vertex -0.0377949 -0.014 0.0267133
      endloop
   endfacet
   facet normal -1 0 0
      outer loop
         vertex 0.00720511 -0.002 0.0217133
         vertex 0.00720511 -0.014 0.0217133
         vertex 0.00758571 -0.014 0.0236267
      endloop
   endfacet
   facet normal -0.707107 0 0.707107
      outer loop
         vertex 0.00866957 -0.014 0.0252488
         vertex 0.00866957 -0.002 0.0252488
         vertex 0.00797765 -0.002 0.0242133
      endloop
   endfacet
   facet normal -0.860752 0 0.509025
      outer loop
         vertex 0.00797765 -0.002 0.0242133
         vertex 0.00758571 -0.014 0.0236267
         vertex 0.00866957 -0.014 0.0252488
      endloop
   endfacet
   facet normal -0.707107 0 0.707107
      outer loop
         vertex 0.00866957 -0.002 0.0252488
         vertex 0.00866957 -0.014 0.0252488
         vertex 0.0102917 -0.014 0.0263327
      endloop
   endfacet
   facet normal -0.382683 0 0.92388
      outer loop
         vertex 0.0102917 -0.002 0.0263327
         vertex 0.0102917 -0.014 0.0263327
         vertex 0.0122051 -0.014 0.0267133
      endloop
   endfacet
   facet normal -6.12323e-17 0 1
      outer loop
         vertex 0.0122051 -0.002 0.0267133
         vertex 0.0122051 -0.014 0.0267133
         vertex 0.0141185 -0.014 0.0263327
      endloop
   endfacet
   facet normal 0.382683 0 0.92388
      outer loop
         vertex 0.0141185 -0.002 0.0263327
         vertex 0.0141185 -0.014 0.0263327
         vertex 0.0157406 -0.014 0.0252488
      endloop
   endfacet
   facet normal 0.707107 0 0.707107
      outer loop
         vertex 0.0157406 -0.014 0.0252488
         vertex 0.0168245 -0.014 0.0236267
         vertex 0.0164326 -0.002 0.0242133
      endloop
   endfacet
   facet normal 0.92388 0 0.382683
      outer loop
         vertex 0.0168245 -0.014 0.0236267
         vertex 0.0168245 -0.002 0.0236267
         vertex 0.0164326 -0.002 0.0242133
      endloop
   endfacet
   facet normal 0.92388 0 0.382683
      outer loop
         vertex 0.0168245 -0.002 0.0236267
         vertex 0.0168245 -0.014 0.0236267
         vertex 0.0172051 -0.014 0.0217133
      endloop
   endfacet
   facet normal 1 0 1.22465e-16
      outer loop
         vertex 0.0172051 -0.002 0.0217133
         vertex 0.0172051 -0.014 0.0217133
         vertex 0.0168245 -0.014 0.0197998
      endloop
   endfacet
   facet normal 0.92388 0 -0.382683
      outer loop
         vertex 0.0168245 -0.002 0.0197998
         vertex 0.0168245 -0.014 0.0197998
         vertex 0.0157406 -0.014 0.0181777
      endloop
   endfacet
   facet normal 0.707107 0 -0.707107
      outer loop
         vertex 0.0157406 -0.002 0.0181777
         vertex 0.0157406 -0.014 0.0181777
         vertex 0.0141185 -0.014 0.0170939
      endloop
   endfacet
   facet normal 0.382683 0 -0.92388
      outer loop
         vertex 0.0141185 -0.002 0.0170939
         vertex 0.0141185 -0.014 0.0170939
         vertex 0.0122051 -0.014 0.0167133
      endloop
   endfacet
   facet normal 1.83697e-16 0 -1
      outer loop
         vertex 0.0122051 -0.002 0.0167133
         vertex 0.0122051 -0.014 0.0167133
         vertex 0.0102917 -0.014 0.0170939
      endloop
   endfacet
   facet normal -0.382683 0 -0.92388
      outer loop
         vertex 0.0102917 -0.002 0.0170939
         vertex 0.0102917 -0.014 0.0170939
         vertex 0.00866957 -0.014 0.0181777
      endloop
   endfacet
   facet normal -0.707107 0 -0.707107
      outer loop
         vertex 0.00866957 -0.002 0.0181777
         vertex 0.00866957 -0.014 0.0181777
         vertex 0.00758571 -0.014 0.0197998
      endloop
   endfacet
   facet normal -0.92388 0 -0.382683
      outer loop
         vertex 0.00758571 -0.002 0.0197998
         vertex 0.00758571 -0.014 0.0197998
         vertex 0.00720511 -0.014 0.0217133
      endloop
   endfacet
   facet normal -1 0 0
      outer loop
         vertex 0.00720511 -0.014 0.0217133
         vertex 0.00720511 -0.002 0.0217133
         vertex 0.00758571 -0.002 0.0197998
      endloop
   endfacet
   facet normal -0.92388 0 -0.382683
      outer loop
         vertex 0.00758571 -0.014 0.0197998
         vertex 0.00758571 -0.002 0.0197998
         vertex 0.00866957 -0.002 0.0181777
      endloop
   endfacet
   facet normal -0.707107 0 -0.707107
      outer loop
         vertex 0.00866957 -0.014 0.0181777
         vertex 0.00866957 -0.002 0.0181777
         vertex 0.0102917 -0.002 0.0170939
      endloop
   endfacet
   facet normal -0.382683 0 -0.92388
      outer loop
         vertex 0.0102917 -0.014 0.0170939
         vertex 0.0102917 -0.002 0.0170939
         vertex 0.0122051 -0.002 0.0167133
      endloop
   endfacet
   facet normal 1.83697e-16 0 -1
      outer loop
         vertex 0.0122051 -0.014 0.0167133
         vertex 0.0122051 -0.002 0.0167133
         vertex 0.0141185 -0.002 0.0170939
      endloop
   endfacet
   facet normal 0.382683 0 -0.92388
      outer loop
         vertex 0.0141185 -0.014 0.0170939
         vertex 0.0141185 -0.002 0.0170939
         vertex 0.0157406 -0.002 0.0181777
      endloop
   endfacet
   facet normal 0.707107 0 -0.707107
      outer loop
         vertex 0.0157406 -0.014 0.0181777
         vertex 0.0157406 -0.002 0.0181777
         vertex 0.0168245 -0.002 0.0197998
      endloop
   endfacet
   facet normal 0.92388 0 -0.382683
      outer loop
         vertex 0.0168245 -0.014 0.0197998
         vertex 0.0168245 -0.002 0.0197998
         vertex 0.0172051 -0.002 0.0217133
      endloop
   endfacet
   facet normal 1 0 1.22465e-16
      outer loop
         vertex 0.0172051 -0.014 0.0217133
         vertex 0.0172051 -0.002 0.0217133
         vertex 0.0168245 -0.002 0.0236267
      endloop
   endfacet
   facet normal 0.860752 0 0.509025
      outer loop
         vertex 0.0164326 -0.002 0.0242133
         vertex 0.0157406 -0.002 0.0252488
         vertex 0.0157406 -0.014 0.0252488
      endloop
   endfacet
   facet normal 0.707107 0 0.707107
      outer loop
         vertex 0.0157406 -0.014 0.0252488
         vertex 0.0157406 -0.002 0.0252488
         vertex 0.0141185 -0.002 0.0263327
      endloop
   endfacet
   facet normal 0.382683 0 0.92388
      outer loop
         vertex 0.0141185 -0.014 0.0263327
         vertex 0.0141185 -0.002 0.0263327
         vertex 0.0122051 -0.002 0.0267133
      endloop
   endfacet
   facet normal -6.12323e-17 0 1
      outer loop
         vertex 0.0122051 -0.014 0.0267133
         vertex 0.0122051 -0.002 0.0267133
         vertex 0.0102917 -0.002 0.0263327
      endloop
   endfacet
   facet normal -0.382683 0 0.92388
      outer loop
         vertex 0.0102917 -0.014 0.0263327
         vertex 0.0102917 -0.002 0.0263327
         vertex 0.00866957 -0.002 0.0252488
      endloop
   endfacet
   facet normal -0.860752 0 0.509025
      outer loop
         vertex 0.00797765 -0.002 0.0242133
         vertex 0.00758571 -0.002 0.0236267
         vertex 0.00758571 -0.014 0.0236267
      endloop
   endfacet
   facet normal -0.92388 0 0.382683
      outer loop
         vertex 0.00758571 -0.014 0.0236267
         vertex 0.00758571 -0.002 0.0236267
         vertex 0.00720511 -0.002 0.0217133
      endloop
   endfacet
   facet normal 0 -1 0
      outer loop
         vertex 0.0122051 -0.014 0.0217133
         vertex 0.0168245 -0.014 0.0236267
         vertex 0.0157406 -0.014 0.0252488
      endloop
   endfacet
   facet normal 0 -1 0
      outer loop
         vertex 0.0157406 -0.014 0.0252488
         vertex 0.0141185 -0.014 0.0263327
         vertex 0.0122051 -0.014 0.0217133
      endloop
   endfacet
   facet normal 0 -1 0
      outer loop
         vertex 0.0141185 -0.014 0.0263327
         vertex 0.0122051 -0.014 0.0267133
         vertex 0.0122051 -0.014 0.0217133
      endloop
   endfacet
   facet normal 0 -1 0
      outer loop
         vertex 0.0122051 -0.014 0.0267133
         vertex 0.0102917 -0.014 0.0263327
         vertex 0.0122051 -0.014 0.0217133
      endloop
   endfacet
   facet normal 0 -1 0
      outer loop
         vertex 0.0102917 -0.014 0.0263327
         vertex 0.00866957 -0.014 0.0252488
         vertex 0.0122051 -0.014 0.0217133
      endloop
   endfacet
   facet normal 0 -1 0
      outer loop
         vertex 0.00866957 -0.014 0.0252488
         vertex 0.00758571 -0.014 0.0236267
         vertex 0.0122051 -0.014 0.0217133
      endloop
   endfacet
   facet normal 0 -1 0
      outer loop
         vertex 0.00758571 -0.014 0.0236267
         vertex 0.00720511 -0.014 0.0217133
         vertex 0.0122051 -0.014 0.0217133
      endloop
   endfacet
   facet normal 0 -1 0
      outer loop
         vertex 0.00720511 -0.014 0.0217133
         vertex 0.00758571 -0.014 0.0197998
         vertex 0.0122051 -0.014 0.0217133
      endloop
   endfacet
   facet normal 0 -1 0
      outer loop
         vertex 0.00758571 -0.014 0.0197998
         vertex 0.00866957 -0.014 0.0181777
         vertex 0.0122051 -0.014 0.0217133
      endloop
   endfacet
   facet normal 0 -1 0
      outer loop
         vertex 0.00866957 -0.014 0.0181777
         vertex 0.0102917 -0.014 0.0170939
         vertex 0.0122051 -0.014 0.0217133
      endloop
   endfacet
   facet normal 0 -1 0
      outer loop
         vertex 0.0102917 -0.014 0.0170939
         vertex 0.0122051 -0.014 0.0167133
         vertex 0.0122051 -0.014 0.0217133
      endloop
   endfacet
   facet normal 0 -1 0
      outer loop
         vertex 0.0122051 -0.014 0.0167133
         vertex 0.0141185 -0.014 0.0170939
         vertex 0.0122051 -0.014 0.0217133
      endloop
   endfacet
   facet normal 0 -1 0
      outer loop
         vertex 0.0141185 -0.014 0.0170939
         vertex 0.0157406 -0.014 0.0181777
         vertex 0.0122051 -0.014 0.0217133
      endloop
   endfacet
   facet normal 0 -1 0
      outer loop
         vertex 0.0157406 -0.014 0.0181777
         vertex 0.0168245 -0.014 0.0197998
         vertex 0.0122051 -0.014 0.0217133
      endloop
   endfacet
   facet normal 0 -1 0
      outer loop
         vertex 0.0168245 -0.014 0.0197998
         vertex 0.0172051 -0.014 0.0217133
         vertex 0.0122051 -0.014 0.0217133
      endloop
   endfacet
   facet normal 0 -1 0
      outer loop
         vertex 0.0172051 -0.014 0.0217133
         vertex 0.0168245 -0.014 0.0236267
         vertex 0.0122051 -0.014 0.0217133
      endloop
   endfacet
   facet normal -1 0 0
      outer loop
         vertex -0.0377949 -0.002 0.0117133
         vertex -0.0377949 -0.0095 0.0117133
         vertex -0.0370337 -0.0095 0.0155401
      endloop
   endfacet
   facet normal -0.92388 0 0.382683
      outer loop
         vertex -0.0370337 -0.002 0.0155401
         vertex -0.0370337 -0.0095 0.0155401
         vertex -0.034866 -0.0095 0.0187843
      endloop
   endfacet
   facet normal -0.707107 0 0.707107
      outer loop
         vertex -0.034866 -0.002 0.0187843
         vertex -0.034866 -0.0095 0.0187843
         vertex -0.0316217 -0.0095 0.0209521
      endloop
   endfacet
   facet normal -0.382683 0 0.92388
      outer loop
         vertex -0.0316217 -0.002 0.0209521
         vertex -0.0316217 -0.0095 0.0209521
         vertex -0.0277949 -0.0095 0.0217133
      endloop
   endfacet
   facet normal -6.12323e-17 0 1
      outer loop
         vertex -0.0277949 -0.002 0.0217133
         vertex -0.0277949 -0.0095 0.0217133
         vertex -0.0239681 -0.0095 0.0209521
      endloop
   endfacet
   facet normal 0.382683 0 0.92388
      outer loop
         vertex -0.0239681 -0.002 0.0209521
         vertex -0.0239681 -0.0095 0.0209521
         vertex -0.0207238 -0.0095 0.0187843
      endloop
   endfacet
   facet normal 0.707107 0 0.707107
      outer loop
         vertex -0.0207238 -0.002 0.0187843
         vertex -0.0207238 -0.0095 0.0187843
         vertex -0.0185561 -0.0095 0.0155401
      endloop
   endfacet
   facet normal 0.92388 0 0.382683
      outer loop
         vertex -0.0185561 -0.002 0.0155401
         vertex -0.0185561 -0.0095 0.0155401
         vertex -0.0177949 -0.0095 0.0117133
      endloop
   endfacet
   facet normal 1 0 1.22465e-16
      outer loop
         vertex -0.0177949 -0.0095 0.0117133
         vertex -0.0185561 -0.0095 0.00788642
         vertex -0.0182922 -0.002 0.00921326
      endloop
   endfacet
   facet normal 0.92388 0 -0.382683
      outer loop
         vertex -0.0185561 -0.0095 0.00788642
         vertex -0.0185561 -0.002 0.00788642
         vertex -0.0182922 -0.002 0.00921326
      endloop
   endfacet
   facet normal 0.92388 0 -0.382683
      outer loop
         vertex -0.0185561 -0.002 0.00788642
         vertex -0.0185561 -0.0095 0.00788642
         vertex -0.0207238 -0.0095 0.00464219
      endloop
   endfacet
   facet normal 0.707107 0 -0.707107
      outer loop
         vertex -0.0207238 -0.002 0.00464219
         vertex -0.0207238 -0.0095 0.00464219
         vertex -0.0239681 -0.0095 0.00247446
      endloop
   endfacet
   facet normal 0.382683 0 -0.92388
      outer loop
         vertex -0.0239681 -0.002 0.00247446
         vertex -0.0239681 -0.0095 0.00247446
         vertex -0.0277949 -0.0095 0.00171326
      endloop
   endfacet
   facet normal 1.83697e-16 0 -1
      outer loop
         vertex -0.0277949 -0.002 0.00171326
         vertex -0.0277949 -0.0095 0.00171326
         vertex -0.0316217 -0.0095 0.00247446
      endloop
   endfacet
   facet normal -0.382683 0 -0.92388
      outer loop
         vertex -0.0316217 -0.002 0.00247446
         vertex -0.0316217 -0.0095 0.00247446
         vertex -0.034866 -0.0095 0.00464219
      endloop
   endfacet
   facet normal -0.707107 0 -0.707107
      outer loop
         vertex -0.034866 -0.002 0.00464219
         vertex -0.034866 -0.0095 0.00464219
         vertex -0.0370337 -0.0095 0.00788642
      endloop
   endfacet
   facet normal -1 0 0
      outer loop
         vertex -0.0377949 -0.0095 0.0117133
         vertex -0.0377949 -0.002 0.0117133
         vertex -0.0372976 -0.002 0.00921326
      endloop
   endfacet
   facet normal -0.967092 0 -0.254425
      outer loop
         vertex -0.0372976 -0.002 0.00921326
         vertex -0.0370337 -0.0095 0.00788642
         vertex -0.0377949 -0.0095 0.0117133
      endloop
   endfacet
   facet normal -0.967092 0 -0.254425
      outer loop
         vertex -0.0372976 -0.002 0.00921326
         vertex -0.0370337 -0.002 0.00788642
         vertex -0.0370337 -0.0095 0.00788642
      endloop
   endfacet
   facet normal -0.92388 0 -0.382683
      outer loop
         vertex -0.0370337 -0.0095 0.00788642
         vertex -0.0370337 -0.002 0.00788642
         vertex -0.034866 -0.002 0.00464219
      endloop
   endfacet
   facet normal -0.707107 0 -0.707107
      outer loop
         vertex -0.034866 -0.0095 0.00464219
         vertex -0.034866 -0.002 0.00464219
         vertex -0.0316217 -0.002 0.00247446
      endloop
   endfacet
   facet normal -0.382683 0 -0.92388
      outer loop
         vertex -0.0316217 -0.0095 0.00247446
         vertex -0.0316217 -0.002 0.00247446
         vertex -0.0277949 -0.002 0.00171326
      endloop
   endfacet
   facet normal 1.83697e-16 0 -1
      outer loop
         vertex -0.0277949 -0.0095 0.00171326
         vertex -0.0277949 -0.002 0.00171326
         vertex -0.0239681 -0.002 0.00247446
      endloop
   endfacet
   facet normal 0.382683 0 -0.92388
      outer loop
         vertex -0.0239681 -0.0095 0.00247446
         vertex -0.0239681 -0.002 0.00247446
         vertex -0.0207238 -0.002 0.00464219
      endloop
   endfacet
   facet normal 0.707107 0 -0.707107
      outer loop
         vertex -0.0207238 -0.0095 0.00464219
         vertex -0.0207238 -0.002 0.00464219
         vertex -0.0185561 -0.002 0.00788642
      endloop
   endfacet
   facet normal 0.967092 0 -0.254425
      outer loop
         vertex -0.0182922 -0.002 0.00921326
         vertex -0.0177949 -0.002 0.0117133
         vertex -0.0177949 -0.0095 0.0117133
      endloop
   endfacet
   facet normal 1 0 1.22465e-16
      outer loop
         vertex -0.0177949 -0.0095 0.0117133
         vertex -0.0177949 -0.002 0.0117133
         vertex -0.0185561 -0.002 0.0155401
      endloop
   endfacet
   facet normal 0.92388 0 0.382683
      outer loop
         vertex -0.0185561 -0.0095 0.0155401
         vertex -0.0185561 -0.002 0.0155401
         vertex -0.0207238 -0.002 0.0187843
      endloop
   endfacet
   facet normal 0.707107 0 0.707107
      outer loop
         vertex -0.0207238 -0.0095 0.0187843
         vertex -0.0207238 -0.002 0.0187843
         vertex -0.0239681 -0.002 0.0209521
      endloop
   endfacet
   facet normal 0.382683 0 0.92388
      outer loop
         vertex -0.0239681 -0.0095 0.0209521
         vertex -0.0239681 -0.002 0.0209521
         vertex -0.0277949 -0.002 0.0217133
      endloop
   endfacet
   facet normal -6.12323e-17 0 1
      outer loop
         vertex -0.0277949 -0.0095 0.0217133
         vertex -0.0277949 -0.002 0.0217133
         vertex -0.0316217 -0.002 0.0209521
      endloop
   endfacet
   facet normal -0.382683 0 0.92388
      outer loop
         vertex -0.0316217 -0.0095 0.0209521
         vertex -0.0316217 -0.002 0.0209521
         vertex -0.034866 -0.002 0.0187843
      endloop
   endfacet
   facet normal -0.707107 0 0.707107
      outer loop
         vertex -0.034866 -0.0095 0.0187843
         vertex -0.034866 -0.002 0.0187843
         vertex -0.0370337 -0.002 0.0155401
      endloop
   endfacet
   facet normal -0.92388 0 0.382683
      outer loop
         vertex -0.0370337 -0.0095 0.0155401
         vertex -0.0370337 -0.002 0.0155401
         vertex -0.0377949 -0.002 0.0117133
      endloop
   endfacet
   facet normal 0 -1 0
      outer loop
         vertex -0.0370337 -0.0095 0.00788642
         vertex -0.0324143 -0.0095 0.00979984
         vertex -0.0327949 -0.0095 0.0117133
      endloop
   endfacet
   facet normal 0 -1 0
      outer loop
         vertex -0.034866 -0.0095 0.00464219
         vertex -0.0313304 -0.0095 0.00817772
         vertex -0.0324143 -0.0095 0.00979984
      endloop
   endfacet
   facet normal 0 -1 0
      outer loop
         vertex -0.0207238 -0.0095 0.0187843
         vertex -0.0242594 -0.0095 0.0152488
         vertex -0.0231755 -0.0095 0.0136267
      endloop
   endfacet
   facet normal 0 -1 0
      outer loop
         vertex -0.0207238 -0.0095 0.0187843
         vertex -0.0239681 -0.0095 0.0209521
         vertex -0.0258815 -0.0095 0.0163327
      endloop
   endfacet
   facet normal 0 -1 0
      outer loop
         vertex -0.034866 -0.0095 0.0187843
         vertex -0.0313304 -0.0095 0.0152488
         vertex -0.0297083 -0.0095 0.0163327
      endloop
   endfacet
   facet normal 0 -1 0
      outer loop
         vertex -0.034866 -0.0095 0.0187843
         vertex -0.0370337 -0.0095 0.0155401
         vertex -0.0324143 -0.0095 0.0136267
      endloop
   endfacet
   facet normal 0 -1 0
      outer loop
         vertex -0.0324143 -0.0095 0.00979984
         vertex -0.0370337 -0.0095 0.00788642
         vertex -0.034866 -0.0095 0.00464219
      endloop
   endfacet
   facet normal 0 -1 0
      outer loop
         vertex -0.0316217 -0.0095 0.00247446
         vertex -0.0297083 -0.0095 0.00709386
         vertex -0.0313304 -0.0095 0.00817772
      endloop
   endfacet
   facet normal 0 -1 0
      outer loop
         vertex -0.0185561 -0.0095 0.00788642
         vertex -0.0231755 -0.0095 0.00979984
         vertex -0.0242594 -0.0095 0.00817772
      endloop
   endfacet
   facet normal 0 -1 0
      outer loop
         vertex -0.0185561 -0.0095 0.00788642
         vertex -0.0177949 -0.0095 0.0117133
         vertex -0.0227949 -0.0095 0.0117133
      endloop
   endfacet
   facet normal 0 -1 0
      outer loop
         vertex -0.0185561 -0.0095 0.0155401
         vertex -0.0231755 -0.0095 0.0136267
         vertex -0.0227949 -0.0095 0.0117133
      endloop
   endfacet
   facet normal 0 -1 0
      outer loop
         vertex -0.0258815 -0.0095 0.0163327
         vertex -0.0242594 -0.0095 0.0152488
         vertex -0.0207238 -0.0095 0.0187843
      endloop
   endfacet
   facet normal 0 -1 0
      outer loop
         vertex -0.0324143 -0.0095 0.0136267
         vertex -0.0313304 -0.0095 0.0152488
         vertex -0.034866 -0.0095 0.0187843
      endloop
   endfacet
   facet normal 0 -1 0
      outer loop
         vertex -0.0370337 -0.0095 0.0155401
         vertex -0.0377949 -0.0095 0.0117133
         vertex -0.0327949 -0.0095 0.0117133
      endloop
   endfacet
   facet normal 0 -1 0
      outer loop
         vertex -0.0313304 -0.0095 0.00817772
         vertex -0.034866 -0.0095 0.00464219
         vertex -0.0316217 -0.0095 0.00247446
      endloop
   endfacet
   facet normal 0 -1 0
      outer loop
         vertex -0.0316217 -0.0095 0.00247446
         vertex -0.0277949 -0.0095 0.00171326
         vertex -0.0277949 -0.0095 0.00671326
      endloop
   endfacet
   facet normal 0 -1 0
      outer loop
         vertex -0.0277949 -0.0095 0.00171326
         vertex -0.0239681 -0.0095 0.00247446
         vertex -0.0258815 -0.0095 0.00709386
      endloop
   endfacet
   facet normal 0 -1 0
      outer loop
         vertex -0.0239681 -0.0095 0.00247446
         vertex -0.0207238 -0.0095 0.00464219
         vertex -0.0242594 -0.0095 0.00817772
      endloop
   endfacet
   facet normal 0 -1 0
      outer loop
         vertex -0.0227949 -0.0095 0.0117133
         vertex -0.0231755 -0.0095 0.00979984
         vertex -0.0185561 -0.0095 0.00788642
      endloop
   endfacet
   facet normal 0 -1 0
      outer loop
         vertex -0.0231755 -0.0095 0.0136267
         vertex -0.0185561 -0.0095 0.0155401
         vertex -0.0207238 -0.0095 0.0187843
      endloop
   endfacet
   facet normal 0 -1 0
      outer loop
         vertex -0.0277949 -0.0095 0.0217133
         vertex -0.0277949 -0.0095 0.0167133
         vertex -0.0258815 -0.0095 0.0163327
      endloop
   endfacet
   facet normal 0 -1 0
      outer loop
         vertex -0.0277949 -0.0095 0.0217133
         vertex -0.0316217 -0.0095 0.0209521
         vertex -0.0297083 -0.0095 0.0163327
      endloop
   endfacet
   facet normal 0 -1 0
      outer loop
         vertex -0.0327949 -0.0095 0.0117133
         vertex -0.0324143 -0.0095 0.0136267
         vertex -0.0370337 -0.0095 0.0155401
      endloop
   endfacet
   facet normal 0 -1 0
      outer loop
         vertex -0.0277949 -0.0095 0.00671326
         vertex -0.0297083 -0.0095 0.00709386
         vertex -0.0316217 -0.0095 0.00247446
      endloop
   endfacet
   facet normal 0 -1 0
      outer loop
         vertex -0.0242594 -0.0095 0.00817772
         vertex -0.0258815 -0.0095 0.00709386
         vertex -0.0239681 -0.0095 0.00247446
      endloop
   endfacet
   facet normal 0 -1 0
      outer loop
         vertex -0.0227949 -0.0095 0.0117133
         vertex -0.0177949 -0.0095 0.0117133
         vertex -0.0185561 -0.0095 0.0155401
      endloop
   endfacet
   facet normal 0 -1 0
      outer loop
         vertex -0.0297083 -0.0095 0.0163327
         vertex -0.0277949 -0.0095 0.0167133
         vertex -0.0277949 -0.0095 0.0217133
      endloop
   endfacet
   facet normal 0 -1 0
      outer loop
         vertex -0.0327949 -0.0095 0.0117133
         vertex -0.0377949 -0.0095 0.0117133
         vertex -0.0370337 -0.0095 0.00788642
      endloop
   endfacet
   facet normal 0 -1 0
      outer loop
         vertex -0.0242594 -0.0095 0.00817772
         vertex -0.0207238 -0.0095 0.00464219
         vertex -0.0185561 -0.0095 0.00788642
      endloop
   endfacet
   facet normal 0 -1 0
      outer loop
         vertex -0.0297083 -0.0095 0.0163327
         vertex -0.0316217 -0.0095 0.0209521
         vertex -0.034866 -0.0095 0.0187843
      endloop
   endfacet
   facet normal 0 -1 0
      outer loop
         vertex -0.0258815 -0.0095 0.0163327
         vertex -0.0239681 -0.0095 0.0209521
         vertex -0.0277949 -0.0095 0.0217133
      endloop
   endfacet
   facet normal 0 -1 0
      outer loop
         vertex -0.0258815 -0.0095 0.00709386
         vertex -0.0277949 -0.0095 0.00671326
         vertex -0.0277949 -0.0095 0.00171326
      endloop
   endfacet
   facet normal 0.92388 0 0.382683
      outer loop
         vertex -0.0324143 -0.002 0.00979984
         vertex -0.0327949 -0.002 0.0117133
         vertex -0.0327949 -0.0095 0.0117133
      endloop
   endfacet
   facet normal 0.707107 0 0.707107
      outer loop
         vertex -0.0313304 -0.002 0.00817772
         vertex -0.0324143 -0.002 0.00979984
         vertex -0.0324143 -0.0095 0.00979984
      endloop
   endfacet
   facet normal 0.382683 0 0.92388
      outer loop
         vertex -0.0297083 -0.002 0.00709386
         vertex -0.0313304 -0.002 0.00817772
         vertex -0.0313304 -0.0095 0.00817772
      endloop
   endfacet
   facet normal -1.83697e-16 0 1
      outer loop
         vertex -0.0277949 -0.002 0.00671326
         vertex -0.0297083 -0.002 0.00709386
         vertex -0.0297083 -0.0095 0.00709386
      endloop
   endfacet
   facet normal -0.382683 0 0.92388
      outer loop
         vertex -0.0258815 -0.002 0.00709386
         vertex -0.0277949 -0.002 0.00671326
         vertex -0.0277949 -0.0095 0.00671326
      endloop
   endfacet
   facet normal -0.707107 0 0.707107
      outer loop
         vertex -0.0242594 -0.002 0.00817772
         vertex -0.0258815 -0.002 0.00709386
         vertex -0.0258815 -0.0095 0.00709386
      endloop
   endfacet
   facet normal -0.92388 0 0.382683
      outer loop
         vertex -0.0231755 -0.002 0.00979984
         vertex -0.0242594 -0.002 0.00817772
         vertex -0.0242594 -0.0095 0.00817772
      endloop
   endfacet
   facet normal -1 0 -1.22465e-16
      outer loop
         vertex -0.0227949 -0.002 0.0117133
         vertex -0.0231755 -0.002 0.00979984
         vertex -0.0231755 -0.0095 0.00979984
      endloop
   endfacet
   facet normal -0.92388 0 -0.382683
      outer loop
         vertex -0.0231755 -0.002 0.0136267
         vertex -0.0227949 -0.002 0.0117133
         vertex -0.0227949 -0.0095 0.0117133
      endloop
   endfacet
   facet normal -0.707107 0 -0.707107
      outer loop
         vertex -0.0242594 -0.002 0.0152488
         vertex -0.0231755 -0.002 0.0136267
         vertex -0.0231755 -0.0095 0.0136267
      endloop
   endfacet
   facet normal -0.382683 0 -0.92388
      outer loop
         vertex -0.0258815 -0.002 0.0163327
         vertex -0.0242594 -0.002 0.0152488
         vertex -0.0242594 -0.0095 0.0152488
      endloop
   endfacet
   facet normal 6.12323e-17 0 -1
      outer loop
         vertex -0.0277949 -0.002 0.0167133
         vertex -0.0258815 -0.002 0.0163327
         vertex -0.0258815 -0.0095 0.0163327
      endloop
   endfacet
   facet normal 0.382683 0 -0.92388
      outer loop
         vertex -0.0297083 -0.002 0.0163327
         vertex -0.0277949 -0.002 0.0167133
         vertex -0.0277949 -0.0095 0.0167133
      endloop
   endfacet
   facet normal 0.707107 0 -0.707107
      outer loop
         vertex -0.0313304 -0.002 0.0152488
         vertex -0.0297083 -0.002 0.0163327
         vertex -0.0297083 -0.0095 0.0163327
      endloop
   endfacet
   facet normal 0.92388 0 -0.382683
      outer loop
         vertex -0.0324143 -0.002 0.0136267
         vertex -0.0313304 -0.002 0.0152488
         vertex -0.0313304 -0.0095 0.0152488
      endloop
   endfacet
   facet normal 1 0 2.44929e-16
      outer loop
         vertex -0.0327949 -0.002 0.0117133
         vertex -0.0324143 -0.002 0.0136267
         vertex -0.0324143 -0.0095 0.0136267
      endloop
   endfacet
   facet normal 0.92388 0 -0.382683
      outer loop
         vertex -0.0324143 -0.0095 0.0136267
         vertex -0.0327949 -0.0095 0.0117133
         vertex -0.0327949 -0.002 0.0117133
      endloop
   endfacet
   facet normal 0.707107 0 -0.707107
      outer loop
         vertex -0.0313304 -0.0095 0.0152488
         vertex -0.0324143 -0.0095 0.0136267
         vertex -0.0324143 -0.002 0.0136267
      endloop
   endfacet
   facet normal 0.382683 0 -0.92388
      outer loop
         vertex -0.0297083 -0.0095 0.0163327
         vertex -0.0313304 -0.0095 0.0152488
         vertex -0.0313304 -0.002 0.0152488
      endloop
   endfacet
   facet normal 6.12323e-17 0 -1
      outer loop
         vertex -0.0277949 -0.0095 0.0167133
         vertex -0.0297083 -0.0095 0.0163327
         vertex -0.0297083 -0.002 0.0163327
      endloop
   endfacet
   facet normal -0.382683 0 -0.92388
      outer loop
         vertex -0.0258815 -0.0095 0.0163327
         vertex -0.0277949 -0.0095 0.0167133
         vertex -0.0277949 -0.002 0.0167133
      endloop
   endfacet
   facet normal -0.707107 0 -0.707107
      outer loop
         vertex -0.0242594 -0.0095 0.0152488
         vertex -0.0258815 -0.0095 0.0163327
         vertex -0.0258815 -0.002 0.0163327
      endloop
   endfacet
   facet normal -0.92388 0 -0.382683
      outer loop
         vertex -0.0231755 -0.0095 0.0136267
         vertex -0.0242594 -0.0095 0.0152488
         vertex -0.0242594 -0.002 0.0152488
      endloop
   endfacet
   facet normal -1 0 -1.22465e-16
      outer loop
         vertex -0.0227949 -0.0095 0.0117133
         vertex -0.0231755 -0.0095 0.0136267
         vertex -0.0231755 -0.002 0.0136267
      endloop
   endfacet
   facet normal -0.92388 0 0.382683
      outer loop
         vertex -0.0231755 -0.0095 0.00979984
         vertex -0.0227949 -0.0095 0.0117133
         vertex -0.0227949 -0.002 0.0117133
      endloop
   endfacet
   facet normal -0.707107 0 0.707107
      outer loop
         vertex -0.0242594 -0.0095 0.00817772
         vertex -0.0231755 -0.0095 0.00979984
         vertex -0.0231755 -0.002 0.00979984
      endloop
   endfacet
   facet normal -0.382683 0 0.92388
      outer loop
         vertex -0.0258815 -0.0095 0.00709386
         vertex -0.0242594 -0.0095 0.00817772
         vertex -0.0242594 -0.002 0.00817772
      endloop
   endfacet
   facet normal -1.83697e-16 0 1
      outer loop
         vertex -0.0277949 -0.0095 0.00671326
         vertex -0.0258815 -0.0095 0.00709386
         vertex -0.0258815 -0.002 0.00709386
      endloop
   endfacet
   facet normal 0.382683 0 0.92388
      outer loop
         vertex -0.0297083 -0.0095 0.00709386
         vertex -0.0277949 -0.0095 0.00671326
         vertex -0.0277949 -0.002 0.00671326
      endloop
   endfacet
   facet normal 0.707107 0 0.707107
      outer loop
         vertex -0.0313304 -0.0095 0.00817772
         vertex -0.0297083 -0.0095 0.00709386
         vertex -0.0297083 -0.002 0.00709386
      endloop
   endfacet
   facet normal 0.92388 0 0.382683
      outer loop
         vertex -0.0324143 -0.0095 0.00979984
         vertex -0.0313304 -0.0095 0.00817772
         vertex -0.0313304 -0.002 0.00817772
      endloop
   endfacet
   facet normal 1 0 2.44929e-16
      outer loop
         vertex -0.0327949 -0.0095 0.0117133
         vertex -0.0324143 -0.0095 0.00979984
         vertex -0.0324143 -0.002 0.00979984
      endloop
   endfacet
   facet normal 0 -1 0
      outer loop
         vertex -0.0277949 -0.002 0.0117133
         vertex -0.0231755 -0.002 0.0136267
         vertex -0.0242594 -0.002 0.0152488
      endloop
   endfacet
   facet normal 0 -1 0
      outer loop
         vertex -0.0242594 -0.002 0.0152488
         vertex -0.0258815 -0.002 0.0163327
         vertex -0.0277949 -0.002 0.0117133
      endloop
   endfacet
   facet normal 0 -1 0
      outer loop
         vertex -0.0258815 -0.002 0.0163327
         vertex -0.0277949 -0.002 0.0167133
         vertex -0.0277949 -0.002 0.0117133
      endloop
   endfacet
   facet normal 0 -1 0
      outer loop
         vertex -0.0277949 -0.002 0.0167133
         vertex -0.0297083 -0.002 0.0163327
         vertex -0.0277949 -0.002 0.0117133
      endloop
   endfacet
   facet normal 0 -1 0
      outer loop
         vertex -0.0297083 -0.002 0.0163327
         vertex -0.0313304 -0.002 0.0152488
         vertex -0.0277949 -0.002 0.0117133
      endloop
   endfacet
   facet normal 0 -1 0
      outer loop
         vertex -0.0313304 -0.002 0.0152488
         vertex -0.0324143 -0.002 0.0136267
         vertex -0.0277949 -0.002 0.0117133
      endloop
   endfacet
   facet normal 0 -1 0
      outer loop
         vertex -0.0324143 -0.002 0.0136267
         vertex -0.0327949 -0.002 0.0117133
         vertex -0.0277949 -0.002 0.0117133
      endloop
   endfacet
   facet normal 0 -1 0
      outer loop
         vertex -0.0327949 -0.002 0.0117133
         vertex -0.0324143 -0.002 0.00979984
         vertex -0.0277949 -0.002 0.0117133
      endloop
   endfacet
   facet normal 0 -1 0
      outer loop
         vertex -0.0324143 -0.002 0.00979984
         vertex -0.0313304 -0.002 0.00817772
         vertex -0.0277949 -0.002 0.0117133
      endloop
   endfacet
   facet normal 0 -1 0
      outer loop
         vertex -0.0313304 -0.002 0.00817772
         vertex -0.0297083 -0.002 0.00709386
         vertex -0.0277949 -0.002 0.0117133
      endloop
   endfacet
   facet normal 0 -1 0
      outer loop
         vertex -0.0297083 -0.002 0.00709386
         vertex -0.0277949 -0.002 0.00671326
         vertex -0.0277949 -0.002 0.0117133
      endloop
   endfacet
   facet normal 0 -1 0
      outer loop
         vertex -0.0277949 -0.002 0.00671326
         vertex -0.0258815 -0.002 0.00709386
         vertex -0.0277949 -0.002 0.0117133
      endloop
   endfacet
   facet normal 0 -1 0
      outer loop
         vertex -0.0258815 -0.002 0.00709386
         vertex -0.0242594 -0.002 0.00817772
         vertex -0.0277949 -0.002 0.0117133
      endloop
   endfacet
   facet normal 0 -1 0
      outer loop
         vertex -0.0242594 -0.002 0.00817772
         vertex -0.0231755 -0.002 0.00979984
         vertex -0.0277949 -0.002 0.0117133
      endloop
   endfacet
   facet normal 0 -1 0
      outer loop
         vertex -0.0231755 -0.002 0.00979984
         vertex -0.0227949 -0.002 0.0117133
         vertex -0.0277949 -0.002 0.0117133
      endloop
   endfacet
   facet normal 0 -1 0
      outer loop
         vertex -0.0227949 -0.002 0.0117133
         vertex -0.0231755 -0.002 0.0136267
         vertex -0.0277949 -0.002 0.0117133
      endloop
   endfacet
   facet normal 1 0 0
      outer loop
         vertex 0.0322051 0 0.00171326
         vertex 0.0322051 0.0012376 -0.00360341
         vertex 0.0322051 0.00123215 -0.00313157
      endloop
   endfacet
   facet normal 1 0 0
      outer loop
         vertex 0.0322051 0.01 -0.00828674
         vertex 0.0322051 0.0074851 -0.00313157
         vertex 0.0322051 0.00749055 -0.00360341
      endloop
   endfacet
   facet normal 1 0 0
      outer loop
         vertex 0.0322051 0 0.00171326
         vertex 0.0322051 0.00123215 0.0013717
         vertex 0.0322051 0.0074851 0.0013717
      endloop
   endfacet
   facet normal 1 0 0
      outer loop
         vertex 0.0322051 0.0012376 -0.00360341
         vertex 0.0322051 0.00749055 -0.00360341
         vertex 0.0322051 0.00123215 -0.00313157
      endloop
   endfacet
   facet normal 1 0 0
      outer loop
         vertex 0.0322051 0.0074851 -0.00313157
         vertex 0.0322051 0.00123215 -0.00313157
         vertex 0.0322051 0.00749055 -0.00360341
      endloop
   endfacet
   facet normal 1 0 0
      outer loop
         vertex 0.0322051 0.00123215 -0.00313157
         vertex 0.0322051 0.00123215 0.0013717
         vertex 0.0322051 0 0.00171326
      endloop
   endfacet
   facet normal 1 0 0
      outer loop
         vertex 0.0322051 0.0012376 -0.00360341
         vertex 0.0322051 -0.002 -0.00628674
         vertex 0.0322051 0 -0.00828674
      endloop
   endfacet
   facet normal 1 0 0
      outer loop
         vertex 0.0322051 -0.002 0.0317133
         vertex 0.0322051 -0.002 0.0272133
         vertex 0.0322051 0 0.0272133
      endloop
   endfacet
   facet normal 1 0 0
      outer loop
         vertex 0.0322051 0 0.0272133
         vertex 0.0322051 -0.002 0.0272133
         vertex 0.0322051 -0.002 0.0242133
      endloop
   endfacet
   facet normal 1 0 0
      outer loop
         vertex 0.0322051 0.0074851 0.0013717
         vertex 0.0322051 0.01 0.00171326
         vertex 0.0322051 0 0.00171326
      endloop
   endfacet
   facet normal 1 0 0
      outer loop
         vertex 0.0322051 0 -0.00828674
         vertex 0.0322051 0.0012376 -0.00810669
         vertex 0.0322051 0.0012376 -0.00360341
      endloop
   endfacet
   facet normal 1 0 0
      outer loop
         vertex 0.0322051 -0.002 0.0242133
         vertex 0.0322051 0 0.0205396
         vertex 0.0322051 0 0.0272133
      endloop
   endfacet
   facet normal 1 0 0
      outer loop
         vertex 0.0322051 0 0.0180396
         vertex 0.0322051 -0.002 0.0242133
         vertex 0.0322051 -0.002 0.00921326
      endloop
   endfacet
   facet normal 1 0 0
      outer loop
         vertex 0.0322051 0.0012376 -0.00360341
         vertex 0.0322051 0 0.00171326
         vertex 0.0322051 -0.002 -0.00628674
      endloop
   endfacet
   facet normal 1 0 0
      outer loop
         vertex 0.0322051 0 -0.00828674
         vertex 0.0322051 0.01 -0.00828674
         vertex 0.0322051 0.00749055 -0.00810669
      endloop
   endfacet
   facet normal 1 0 0
      outer loop
         vertex 0.0322051 0 -0.0182867
         vertex 0.0322051 0 -0.0177867
         vertex 0.0322051 -0.002 -0.0177867
      endloop
   endfacet
   facet normal 1 0 0
      outer loop
         vertex 0.0322051 -0.002 -0.0177867
         vertex 0.0322051 0 -0.0177867
         vertex 0.0322051 0 -0.00828674
      endloop
   endfacet
   facet normal 1 0 0
      outer loop
         vertex 0.0322051 -0.002 0.0242133
         vertex 0.0322051 0 0.0180396
         vertex 0.0322051 0 0.0205396
      endloop
   endfacet
   facet normal 1 0 0
      outer loop
         vertex 0.0322051 -0.002 0.00921326
         vertex 0.0322051 0 0.00171326
         vertex 0.0322051 0 0.0180396
      endloop
   endfacet
   facet normal 1 0 0
      outer loop
         vertex 0.0322051 0.00749055 -0.00810669
         vertex 0.0322051 0.0012376 -0.00810669
         vertex 0.0322051 0 -0.00828674
      endloop
   endfacet
   facet normal 1 0 0
      outer loop
         vertex 0.0322051 0 -0.00828674
         vertex 0.0322051 -0.002 -0.00628674
         vertex 0.0322051 -0.002 -0.0177867
      endloop
   endfacet
   facet normal 1 0 0
      outer loop
         vertex 0.0322051 -0.002 0.00921326
         vertex 0.0322051 -0.002 -0.00628674
         vertex 0.0322051 0 0.00171326
      endloop
   endfacet
   facet normal 1 0 0
      outer loop
         vertex 0.0322051 -0.002 -0.0177867
         vertex 0.0322051 -0.002 -0.0182867
         vertex 0.0322051 0 -0.0182867
      endloop
   endfacet
   facet normal 1 0 0
      outer loop
         vertex 0.0322051 0.01 0.00171326
         vertex 0.0322051 0.0074851 0.0013717
         vertex 0.0322051 0.0074851 -0.00313157
      endloop
   endfacet
   facet normal 1 0 0
      outer loop
         vertex 0.0322051 0.00749055 -0.00360341
         vertex 0.0322051 0.00749055 -0.00810669
         vertex 0.0322051 0.01 -0.00828674
      endloop
   endfacet
   facet normal 1 0 0
      outer loop
         vertex 0.0322051 0 0.0272133
         vertex 0.0322051 0 0.0317133
         vertex 0.0322051 -0.002 0.0317133
      endloop
   endfacet
   facet normal 1 0 0
      outer loop
         vertex 0.0322051 0.0074851 -0.00313157
         vertex 0.0322051 0.01 -0.00828674
         vertex 0.0322051 0.01 0.00171326
      endloop
   endfacet
   facet normal 0 0 -1
      outer loop
         vertex 0.0322051 0.01 -0.00828674
         vertex 0.0322051 0 -0.00828674
         vertex 0.0274826 0 -0.00828674
      endloop
   endfacet
   facet normal 0 0 -1
      outer loop
         vertex 0.0274826 0 -0.00828674
         vertex 0.0274826 0.01 -0.00828674
         vertex 0.0322051 0.01 -0.00828674
      endloop
   endfacet
   facet normal -1 0 0
      outer loop
         vertex 0.0274826 0.01 -0.00828674
         vertex 0.0274826 0 -0.00828674
         vertex 0.0274826 0 -0.00228674
      endloop
   endfacet
   facet normal -1 0 0
      outer loop
         vertex 0.0274826 0 -0.00228674
         vertex 0.0274826 0.01 0.00171326
         vertex 0.0274826 0.01 -0.00828674
      endloop
   endfacet
   facet normal -1 0 0
      outer loop
         vertex 0.0274826 0 -0.00228674
         vertex 0.0274826 0 0.00171326
         vertex 0.0274826 0.01 0.00171326
      endloop
   endfacet
   facet normal -3.67328e-16 0 1
      outer loop
         vertex 0.0274826 0.01 0.00171326
         vertex 0.0274826 0 0.00171326
         vertex 0.0322051 0 0.00171326
      endloop
   endfacet
   facet normal -3.67328e-16 0 1
      outer loop
         vertex 0.0322051 0 0.00171326
         vertex 0.0322051 0.01 0.00171326
         vertex 0.0274826 0.01 0.00171326
      endloop
   endfacet
   facet normal 0 -1 1.92607e-16
      outer loop
         vertex 0.0312051 0.0074851 -0.00313157
         vertex 0.0322051 0.0074851 -0.00313157
         vertex 0.0322051 0.0074851 0.0013717
      endloop
   endfacet
   facet normal 0 -1 1.92607e-16
      outer loop
         vertex 0.0322051 0.0074851 0.0013717
         vertex 0.0312051 0.0074851 0.0013717
         vertex 0.0312051 0.0074851 -0.00313157
      endloop
   endfacet
   facet normal -3.67328e-16 0 1
      outer loop
         vertex 0.0312051 0.00123215 -0.00313157
         vertex 0.0322051 0.00123215 -0.00313157
         vertex 0.0322051 0.0074851 -0.00313157
      endloop
   endfacet
   facet normal -3.67328e-16 0 1
      outer loop
         vertex 0.0322051 0.0074851 -0.00313157
         vertex 0.0312051 0.0074851 -0.00313157
         vertex 0.0312051 0.00123215 -0.00313157
      endloop
   endfacet
   facet normal 0 1 -1.92607e-16
      outer loop
         vertex 0.0312051 0.00123215 0.0013717
         vertex 0.0322051 0.00123215 0.0013717
         vertex 0.0322051 0.00123215 -0.00313157
      endloop
   endfacet
   facet normal 0 1 -1.92607e-16
      outer loop
         vertex 0.0322051 0.00123215 -0.00313157
         vertex 0.0312051 0.00123215 -0.00313157
         vertex 0.0312051 0.00123215 0.0013717
      endloop
   endfacet
   facet normal 0 0 -1
      outer loop
         vertex 0.0312051 0.0074851 0.0013717
         vertex 0.0322051 0.0074851 0.0013717
         vertex 0.0322051 0.00123215 0.0013717
      endloop
   endfacet
   facet normal 0 0 -1
      outer loop
         vertex 0.0322051 0.00123215 0.0013717
         vertex 0.0312051 0.00123215 0.0013717
         vertex 0.0312051 0.0074851 0.0013717
      endloop
   endfacet
   facet normal 1 0 0
      outer loop
         vertex 0.0312051 0.00123215 0.0013717
         vertex 0.0312051 0.00123215 -0.00313157
         vertex 0.0312051 0.0074851 -0.00313157
      endloop
   endfacet
   facet normal 1 0 0
      outer loop
         vertex 0.0312051 0.0074851 -0.00313157
         vertex 0.0312051 0.0074851 0.0013717
         vertex 0.0312051 0.00123215 0.0013717
      endloop
   endfacet
   facet normal 0 -1 1.92607e-16
      outer loop
         vertex 0.0312051 0.00749055 -0.00810669
         vertex 0.0322051 0.00749055 -0.00810669
         vertex 0.0322051 0.00749055 -0.00360341
      endloop
   endfacet
   facet normal 0 -1 1.92607e-16
      outer loop
         vertex 0.0322051 0.00749055 -0.00360341
         vertex 0.0312051 0.00749055 -0.00360341
         vertex 0.0312051 0.00749055 -0.00810669
      endloop
   endfacet
   facet normal 0 0 1
      outer loop
         vertex 0.0312051 0.0012376 -0.00810669
         vertex 0.0322051 0.0012376 -0.00810669
         vertex 0.0322051 0.00749055 -0.00810669
      endloop
   endfacet
   facet normal 0 0 1
      outer loop
         vertex 0.0322051 0.00749055 -0.00810669
         vertex 0.0312051 0.00749055 -0.00810669
         vertex 0.0312051 0.0012376 -0.00810669
      endloop
   endfacet
   facet normal 0 1 -1.92607e-16
      outer loop
         vertex 0.0312051 0.0012376 -0.00360341
         vertex 0.0322051 0.0012376 -0.00360341
         vertex 0.0322051 0.0012376 -0.00810669
      endloop
   endfacet
   facet normal 0 1 -1.92607e-16
      outer loop
         vertex 0.0322051 0.0012376 -0.00810669
         vertex 0.0312051 0.0012376 -0.00810669
         vertex 0.0312051 0.0012376 -0.00360341
      endloop
   endfacet
   facet normal 0 0 -1
      outer loop
         vertex 0.0312051 0.00749055 -0.00360341
         vertex 0.0322051 0.00749055 -0.00360341
         vertex 0.0322051 0.0012376 -0.00360341
      endloop
   endfacet
   facet normal 0 0 -1
      outer loop
         vertex 0.0322051 0.0012376 -0.00360341
         vertex 0.0312051 0.0012376 -0.00360341
         vertex 0.0312051 0.00749055 -0.00360341
      endloop
   endfacet
   facet normal 1 0 0
      outer loop
         vertex 0.0312051 0.0012376 -0.00810669
         vertex 0.0312051 0.00749055 -0.00810669
         vertex 0.0312051 0.00749055 -0.00360341
      endloop
   endfacet
   facet normal 1 0 0
      outer loop
         vertex 0.0312051 0.00749055 -0.00360341
         vertex 0.0312051 0.0012376 -0.00360341
         vertex 0.0312051 0.0012376 -0.00810669
      endloop
   endfacet
   facet normal 0 1 0
      outer loop
         vertex 0.0322051 0.01 -0.00828674
         vertex 0.0314376 0.01 -0.00567325
         vertex 0.0313162 0.01 -0.00506336
      endloop
   endfacet
   facet normal 0 1 0
      outer loop
         vertex 0.0313162 0.01 -0.00506336
         vertex 0.0309047 0.01 -0.00219543
         vertex 0.0322051 0.01 -0.00828674
      endloop
   endfacet
   facet normal 0 1 0
      outer loop
         vertex 0.0274826 0.01 0.00171326
         vertex 0.0283714 0.01 -0.00506336
         vertex 0.0282501 0.01 -0.00567325
      endloop
   endfacet
   facet normal 0 1 0
      outer loop
         vertex 0.0313162 0.01 -0.00506336
         vertex 0.0303877 0.01 -0.00254091
         vertex 0.0309047 0.01 -0.00219543
      endloop
   endfacet
   facet normal 0 1 0
      outer loop
         vertex 0.0282501 0.01 -0.00567325
         vertex 0.0274826 0.01 -0.00828674
         vertex 0.0274826 0.01 0.00171326
      endloop
   endfacet
   facet normal 0 1 0
      outer loop
         vertex 0.0287169 0.01 -0.00454631
         vertex 0.0274826 0.01 0.00171326
         vertex 0.028184 0.01 -0.0010685
      endloop
   endfacet
   facet normal 0 1 0
      outer loop
         vertex 0.0322051 0.01 0.00171326
         vertex 0.0303877 0.01 0.000403921
         vertex 0.0297778 0.01 0.000525236
      endloop
   endfacet
   facet normal 0 1 0
      outer loop
         vertex 0.0322051 0.01 0.00171326
         vertex 0.0312502 0.01 -0.000458601
         vertex 0.0309047 0.01 5.84431e-05
      endloop
   endfacet
   facet normal 0 1 0
      outer loop
         vertex 0.0322051 0.01 -0.00828674
         vertex 0.0312502 0.01 -0.00167839
         vertex 0.0313715 0.01 -0.0010685
      endloop
   endfacet
   facet normal 0 1 0
      outer loop
         vertex 0.0322051 0.01 -0.00828674
         vertex 0.0313162 0.01 -0.00628314
         vertex 0.0314376 0.01 -0.00567325
      endloop
   endfacet
   facet normal 0 1 0
      outer loop
         vertex 0.0303877 0.01 -0.00254091
         vertex 0.0313162 0.01 -0.00506336
         vertex 0.0309708 0.01 -0.00454631
      endloop
   endfacet
   facet normal 0 1 0
      outer loop
         vertex 0.0309708 0.01 -0.00454631
         vertex 0.0286508 0.01 -0.00219543
         vertex 0.0291679 0.01 -0.00254091
      endloop
   endfacet
   facet normal 0 1 0
      outer loop
         vertex 0.0274826 0.01 -0.00828674
         vertex 0.0292339 0.01 -0.00714567
         vertex 0.0298438 0.01 -0.00726698
      endloop
   endfacet
   facet normal 0 1 0
      outer loop
         vertex 0.0282501 0.01 -0.00567325
         vertex 0.0283714 0.01 -0.00628314
         vertex 0.0274826 0.01 -0.00828674
      endloop
   endfacet
   facet normal 0 1 0
      outer loop
         vertex 0.028184 0.01 -0.0010685
         vertex 0.0283054 0.01 -0.00167839
         vertex 0.0287169 0.01 -0.00454631
      endloop
   endfacet
   facet normal 0 1 0
      outer loop
         vertex 0.0309047 0.01 5.84431e-05
         vertex 0.0303877 0.01 0.000403921
         vertex 0.0322051 0.01 0.00171326
      endloop
   endfacet
   facet normal 0 1 0
      outer loop
         vertex 0.0313715 0.01 -0.0010685
         vertex 0.0322051 0.01 0.00171326
         vertex 0.0322051 0.01 -0.00828674
      endloop
   endfacet
   facet normal 0 1 0
      outer loop
         vertex 0.0322051 0.01 -0.00828674
         vertex 0.0309708 0.01 -0.00680019
         vertex 0.0313162 0.01 -0.00628314
      endloop
   endfacet
   facet normal 0 1 0
      outer loop
         vertex 0.0291679 0.01 -0.00254091
         vertex 0.0297778 0.01 -0.00266223
         vertex 0.0309708 0.01 -0.00454631
      endloop
   endfacet
   facet normal 0 1 0
      outer loop
         vertex 0.0322051 0.01 -0.00828674
         vertex 0.0298438 0.01 -0.00726698
         vertex 0.0304537 0.01 -0.00714567
      endloop
   endfacet
   facet normal 0 1 0
      outer loop
         vertex 0.0274826 0.01 -0.00828674
         vertex 0.0287169 0.01 -0.00680019
         vertex 0.0292339 0.01 -0.00714567
      endloop
   endfacet
   facet normal 0 1 0
      outer loop
         vertex 0.0274826 0.01 0.00171326
         vertex 0.0287169 0.01 -0.00454631
         vertex 0.0283714 0.01 -0.00506336
      endloop
   endfacet
   facet normal 0 1 0
      outer loop
         vertex 0.0283054 0.01 -0.00167839
         vertex 0.0298438 0.01 -0.00407952
         vertex 0.0292339 0.01 -0.00420083
      endloop
   endfacet
   facet normal 0 1 0
      outer loop
         vertex 0.0313715 0.01 -0.0010685
         vertex 0.0312502 0.01 -0.000458601
         vertex 0.0322051 0.01 0.00171326
      endloop
   endfacet
   facet normal 0 1 0
      outer loop
         vertex 0.0309708 0.01 -0.00454631
         vertex 0.0297778 0.01 -0.00266223
         vertex 0.0303877 0.01 -0.00254091
      endloop
   endfacet
   facet normal 0 1 0
      outer loop
         vertex 0.0298438 0.01 -0.00726698
         vertex 0.0322051 0.01 -0.00828674
         vertex 0.0274826 0.01 -0.00828674
      endloop
   endfacet
   facet normal 0 1 0
      outer loop
         vertex 0.0283054 0.01 -0.00167839
         vertex 0.0292339 0.01 -0.00420083
         vertex 0.0287169 0.01 -0.00454631
      endloop
   endfacet
   facet normal 0 1 0
      outer loop
         vertex 0.0309047 0.01 -0.00219543
         vertex 0.0312502 0.01 -0.00167839
         vertex 0.0322051 0.01 -0.00828674
      endloop
   endfacet
   facet normal 0 1 0
      outer loop
         vertex 0.0283714 0.01 -0.00628314
         vertex 0.0287169 0.01 -0.00680019
         vertex 0.0274826 0.01 -0.00828674
      endloop
   endfacet
   facet normal 0 1 0
      outer loop
         vertex 0.0298438 0.01 -0.00407952
         vertex 0.0283054 0.01 -0.00167839
         vertex 0.0286508 0.01 -0.00219543
      endloop
   endfacet
   facet normal 0 1 0
      outer loop
         vertex 0.0304537 0.01 -0.00714567
         vertex 0.0309708 0.01 -0.00680019
         vertex 0.0322051 0.01 -0.00828674
      endloop
   endfacet
   facet normal 0 1 0
      outer loop
         vertex 0.0286508 0.01 -0.00219543
         vertex 0.0309708 0.01 -0.00454631
         vertex 0.0304537 0.01 -0.00420083
      endloop
   endfacet
   facet normal 0 1 0
      outer loop
         vertex 0.0274826 0.01 0.00171326
         vertex 0.0286508 0.01 5.84431e-05
         vertex 0.0283054 0.01 -0.000458601
      endloop
   endfacet
   facet normal 0 1 0
      outer loop
         vertex 0.0274826 0.01 0.00171326
         vertex 0.0297778 0.01 0.000525236
         vertex 0.0291679 0.01 0.000403921
      endloop
   endfacet
   facet normal 0 1 0
      outer loop
         vertex 0.0286508 0.01 -0.00219543
         vertex 0.0304537 0.01 -0.00420083
         vertex 0.0298438 0.01 -0.00407952
      endloop
   endfacet
   facet normal 0 1 0
      outer loop
         vertex 0.0291679 0.01 0.000403921
         vertex 0.0286508 0.01 5.84431e-05
         vertex 0.0274826 0.01 0.00171326
      endloop
   endfacet
   facet normal 0 1 0
      outer loop
         vertex 0.0283054 0.01 -0.000458601
         vertex 0.028184 0.01 -0.0010685
         vertex 0.0274826 0.01 0.00171326
      endloop
   endfacet
   facet normal 0 1 0
      outer loop
         vertex 0.0297778 0.01 0.000525236
         vertex 0.0274826 0.01 0.00171326
         vertex 0.0322051 0.01 0.00171326
      endloop
   endfacet
   facet normal 0.92388 0 0.382683
      outer loop
         vertex 0.0283054 0.01 -0.00167839
         vertex 0.028184 0.01 -0.0010685
         vertex 0.028184 0.009 -0.0010685
      endloop
   endfacet
   facet normal 0.707107 0 0.707107
      outer loop
         vertex 0.0286508 0.01 -0.00219543
         vertex 0.0283054 0.01 -0.00167839
         vertex 0.0283054 0.009 -0.00167839
      endloop
   endfacet
   facet normal 0.382683 0 0.92388
      outer loop
         vertex 0.0291679 0.01 -0.00254091
         vertex 0.0286508 0.01 -0.00219543
         vertex 0.0286508 0.009 -0.00219543
      endloop
   endfacet
   facet normal -1.83697e-16 0 1
      outer loop
         vertex 0.0297778 0.01 -0.00266223
         vertex 0.0291679 0.01 -0.00254091
         vertex 0.0291679 0.009 -0.00254091
      endloop
   endfacet
   facet normal -0.382683 0 0.92388
      outer loop
         vertex 0.0303877 0.01 -0.00254091
         vertex 0.0297778 0.01 -0.00266223
         vertex 0.0297778 0.009 -0.00266223
      endloop
   endfacet
   facet normal -0.707107 0 0.707107
      outer loop
         vertex 0.0309047 0.01 -0.00219543
         vertex 0.0303877 0.01 -0.00254091
         vertex 0.0303877 0.009 -0.00254091
      endloop
   endfacet
   facet normal -0.92388 0 0.382683
      outer loop
         vertex 0.0312502 0.01 -0.00167839
         vertex 0.0309047 0.01 -0.00219543
         vertex 0.0309047 0.009 -0.00219543
      endloop
   endfacet
   facet normal -1 0 -1.22465e-16
      outer loop
         vertex 0.0313715 0.01 -0.0010685
         vertex 0.0312502 0.01 -0.00167839
         vertex 0.0312502 0.009 -0.00167839
      endloop
   endfacet
   facet normal -0.92388 0 -0.382683
      outer loop
         vertex 0.0312502 0.01 -0.000458601
         vertex 0.0313715 0.01 -0.0010685
         vertex 0.0313715 0.009 -0.0010685
      endloop
   endfacet
   facet normal -0.707107 0 -0.707107
      outer loop
         vertex 0.0309047 0.01 5.84431e-05
         vertex 0.0312502 0.01 -0.000458601
         vertex 0.0312502 0.009 -0.000458601
      endloop
   endfacet
   facet normal -0.382683 0 -0.92388
      outer loop
         vertex 0.0303877 0.01 0.000403921
         vertex 0.0309047 0.01 5.84431e-05
         vertex 0.0309047 0.009 5.84431e-05
      endloop
   endfacet
   facet normal 6.12323e-17 0 -1
      outer loop
         vertex 0.0297778 0.01 0.000525236
         vertex 0.0303877 0.01 0.000403921
         vertex 0.0303877 0.009 0.000403921
      endloop
   endfacet
   facet normal 0.382683 0 -0.92388
      outer loop
         vertex 0.0291679 0.01 0.000403921
         vertex 0.0297778 0.01 0.000525236
         vertex 0.0297778 0.009 0.000525236
      endloop
   endfacet
   facet normal 0.707107 0 -0.707107
      outer loop
         vertex 0.0286508 0.01 5.84431e-05
         vertex 0.0291679 0.01 0.000403921
         vertex 0.0291679 0.009 0.000403921
      endloop
   endfacet
   facet normal 0.92388 0 -0.382683
      outer loop
         vertex 0.0283054 0.01 -0.000458601
         vertex 0.0286508 0.01 5.84431e-05
         vertex 0.0286508 0.009 5.84431e-05
      endloop
   endfacet
   facet normal 1 0 2.44929e-16
      outer loop
         vertex 0.028184 0.01 -0.0010685
         vertex 0.0283054 0.01 -0.000458601
         vertex 0.0283054 0.009 -0.000458601
      endloop
   endfacet
   facet normal 0.92388 0 -0.382683
      outer loop
         vertex 0.0283054 0.009 -0.000458601
         vertex 0.028184 0.009 -0.0010685
         vertex 0.028184 0.01 -0.0010685
      endloop
   endfacet
   facet normal 0.707107 0 -0.707107
      outer loop
         vertex 0.0286508 0.009 5.84431e-05
         vertex 0.0283054 0.009 -0.000458601
         vertex 0.0283054 0.01 -0.000458601
      endloop
   endfacet
   facet normal 0.382683 0 -0.92388
      outer loop
         vertex 0.0291679 0.009 0.000403921
         vertex 0.0286508 0.009 5.84431e-05
         vertex 0.0286508 0.01 5.84431e-05
      endloop
   endfacet
   facet normal 6.12323e-17 0 -1
      outer loop
         vertex 0.0297778 0.009 0.000525236
         vertex 0.0291679 0.009 0.000403921
         vertex 0.0291679 0.01 0.000403921
      endloop
   endfacet
   facet normal -0.382683 0 -0.92388
      outer loop
         vertex 0.0303877 0.009 0.000403921
         vertex 0.0297778 0.009 0.000525236
         vertex 0.0297778 0.01 0.000525236
      endloop
   endfacet
   facet normal -0.707107 0 -0.707107
      outer loop
         vertex 0.0309047 0.009 5.84431e-05
         vertex 0.0303877 0.009 0.000403921
         vertex 0.0303877 0.01 0.000403921
      endloop
   endfacet
   facet normal -0.92388 0 -0.382683
      outer loop
         vertex 0.0312502 0.009 -0.000458601
         vertex 0.0309047 0.009 5.84431e-05
         vertex 0.0309047 0.01 5.84431e-05
      endloop
   endfacet
   facet normal -1 0 -1.22465e-16
      outer loop
         vertex 0.0313715 0.009 -0.0010685
         vertex 0.0312502 0.009 -0.000458601
         vertex 0.0312502 0.01 -0.000458601
      endloop
   endfacet
   facet normal -0.92388 0 0.382683
      outer loop
         vertex 0.0312502 0.009 -0.00167839
         vertex 0.0313715 0.009 -0.0010685
         vertex 0.0313715 0.01 -0.0010685
      endloop
   endfacet
   facet normal -0.707107 0 0.707107
      outer loop
         vertex 0.0309047 0.009 -0.00219543
         vertex 0.0312502 0.009 -0.00167839
         vertex 0.0312502 0.01 -0.00167839
      endloop
   endfacet
   facet normal -0.382683 0 0.92388
      outer loop
         vertex 0.0303877 0.009 -0.00254091
         vertex 0.0309047 0.009 -0.00219543
         vertex 0.0309047 0.01 -0.00219543
      endloop
   endfacet
   facet normal -1.83697e-16 0 1
      outer loop
         vertex 0.0297778 0.009 -0.00266223
         vertex 0.0303877 0.009 -0.00254091
         vertex 0.0303877 0.01 -0.00254091
      endloop
   endfacet
   facet normal 0.382683 0 0.92388
      outer loop
         vertex 0.0291679 0.009 -0.00254091
         vertex 0.0297778 0.009 -0.00266223
         vertex 0.0297778 0.01 -0.00266223
      endloop
   endfacet
   facet normal 0.707107 0 0.707107
      outer loop
         vertex 0.0286508 0.009 -0.00219543
         vertex 0.0291679 0.009 -0.00254091
         vertex 0.0291679 0.01 -0.00254091
      endloop
   endfacet
   facet normal 0.92388 0 0.382683
      outer loop
         vertex 0.0283054 0.009 -0.00167839
         vertex 0.0286508 0.009 -0.00219543
         vertex 0.0286508 0.01 -0.00219543
      endloop
   endfacet
   facet normal 1 0 2.44929e-16
      outer loop
         vertex 0.028184 0.009 -0.0010685
         vertex 0.0283054 0.009 -0.00167839
         vertex 0.0283054 0.01 -0.00167839
      endloop
   endfacet
   facet normal 0 1 0
      outer loop
         vertex 0.0297778 0.009 -0.0010685
         vertex 0.0312502 0.009 -0.00167839
         vertex 0.0309047 0.009 -0.00219543
      endloop
   endfacet
   facet normal 0 1 0
      outer loop
         vertex 0.0309047 0.009 -0.00219543
         vertex 0.0303877 0.009 -0.00254091
         vertex 0.0297778 0.009 -0.0010685
      endloop
   endfacet
   facet normal 0 1 0
      outer loop
         vertex 0.0303877 0.009 -0.00254091
         vertex 0.0297778 0.009 -0.00266223
         vertex 0.0297778 0.009 -0.0010685
      endloop
   endfacet
   facet normal 0 1 0
      outer loop
         vertex 0.0297778 0.009 -0.00266223
         vertex 0.0291679 0.009 -0.00254091
         vertex 0.0297778 0.009 -0.0010685
      endloop
   endfacet
   facet normal 0 1 0
      outer loop
         vertex 0.0291679 0.009 -0.00254091
         vertex 0.0286508 0.009 -0.00219543
         vertex 0.0297778 0.009 -0.0010685
      endloop
   endfacet
   facet normal 0 1 0
      outer loop
         vertex 0.0286508 0.009 -0.00219543
         vertex 0.0283054 0.009 -0.00167839
         vertex 0.0297778 0.009 -0.0010685
      endloop
   endfacet
   facet normal 0 1 0
      outer loop
         vertex 0.0283054 0.009 -0.00167839
         vertex 0.028184 0.009 -0.0010685
         vertex 0.0297778 0.009 -0.0010685
      endloop
   endfacet
   facet normal 0 1 0
      outer loop
         vertex 0.028184 0.009 -0.0010685
         vertex 0.0283054 0.009 -0.000458601
         vertex 0.0297778 0.009 -0.0010685
      endloop
   endfacet
   facet normal 0 1 0
      outer loop
         vertex 0.0283054 0.009 -0.000458601
         vertex 0.0286508 0.009 5.84431e-05
         vertex 0.0297778 0.009 -0.0010685
      endloop
   endfacet
   facet normal 0 1 0
      outer loop
         vertex 0.0286508 0.009 5.84431e-05
         vertex 0.0291679 0.009 0.000403921
         vertex 0.0297778 0.009 -0.0010685
      endloop
   endfacet
   facet normal 0 1 0
      outer loop
         vertex 0.0291679 0.009 0.000403921
         vertex 0.0297778 0.009 0.000525236
         vertex 0.0297778 0.009 -0.0010685
      endloop
   endfacet
   facet normal 0 1 0
      outer loop
         vertex 0.0297778 0.009 0.000525236
         vertex 0.0303877 0.009 0.000403921
         vertex 0.0297778 0.009 -0.0010685
      endloop
   endfacet
   facet normal 0 1 0
      outer loop
         vertex 0.0303877 0.009 0.000403921
         vertex 0.0309047 0.009 5.84431e-05
         vertex 0.0297778 0.009 -0.0010685
      endloop
   endfacet
   facet normal 0 1 0
      outer loop
         vertex 0.0309047 0.009 5.84431e-05
         vertex 0.0312502 0.009 -0.000458601
         vertex 0.0297778 0.009 -0.0010685
      endloop
   endfacet
   facet normal 0 1 0
      outer loop
         vertex 0.0312502 0.009 -0.000458601
         vertex 0.0313715 0.009 -0.0010685
         vertex 0.0297778 0.009 -0.0010685
      endloop
   endfacet
   facet normal 0 1 0
      outer loop
         vertex 0.0313715 0.009 -0.0010685
         vertex 0.0312502 0.009 -0.00167839
         vertex 0.0297778 0.009 -0.0010685
      endloop
   endfacet
   facet normal 0.92388 0 0.382683
      outer loop
         vertex 0.0283714 0.01 -0.00628314
         vertex 0.0282501 0.01 -0.00567325
         vertex 0.0282501 0.009 -0.00567325
      endloop
   endfacet
   facet normal 0.707107 0 0.707107
      outer loop
         vertex 0.0287169 0.01 -0.00680019
         vertex 0.0283714 0.01 -0.00628314
         vertex 0.0283714 0.009 -0.00628314
      endloop
   endfacet
   facet normal 0.382683 0 0.92388
      outer loop
         vertex 0.0292339 0.01 -0.00714567
         vertex 0.0287169 0.01 -0.00680019
         vertex 0.0287169 0.009 -0.00680019
      endloop
   endfacet
   facet normal -1.83697e-16 0 1
      outer loop
         vertex 0.0298438 0.01 -0.00726698
         vertex 0.0292339 0.01 -0.00714567
         vertex 0.0292339 0.009 -0.00714567
      endloop
   endfacet
   facet normal -0.382683 0 0.92388
      outer loop
         vertex 0.0304537 0.01 -0.00714567
         vertex 0.0298438 0.01 -0.00726698
         vertex 0.0298438 0.009 -0.00726698
      endloop
   endfacet
   facet normal -0.707107 0 0.707107
      outer loop
         vertex 0.0309708 0.01 -0.00680019
         vertex 0.0304537 0.01 -0.00714567
         vertex 0.0304537 0.009 -0.00714567
      endloop
   endfacet
   facet normal -0.92388 0 0.382683
      outer loop
         vertex 0.0313162 0.01 -0.00628314
         vertex 0.0309708 0.01 -0.00680019
         vertex 0.0309708 0.009 -0.00680019
      endloop
   endfacet
   facet normal -1 0 -1.22465e-16
      outer loop
         vertex 0.0314376 0.01 -0.00567325
         vertex 0.0313162 0.01 -0.00628314
         vertex 0.0313162 0.009 -0.00628314
      endloop
   endfacet
   facet normal -0.92388 0 -0.382683
      outer loop
         vertex 0.0313162 0.01 -0.00506336
         vertex 0.0314376 0.01 -0.00567325
         vertex 0.0314376 0.009 -0.00567325
      endloop
   endfacet
   facet normal -0.707107 0 -0.707107
      outer loop
         vertex 0.0309708 0.01 -0.00454631
         vertex 0.0313162 0.01 -0.00506336
         vertex 0.0313162 0.009 -0.00506336
      endloop
   endfacet
   facet normal -0.382683 0 -0.92388
      outer loop
         vertex 0.0304537 0.01 -0.00420083
         vertex 0.0309708 0.01 -0.00454631
         vertex 0.0309708 0.009 -0.00454631
      endloop
   endfacet
   facet normal 6.12323e-17 0 -1
      outer loop
         vertex 0.0298438 0.01 -0.00407952
         vertex 0.0304537 0.01 -0.00420083
         vertex 0.0304537 0.009 -0.00420083
      endloop
   endfacet
   facet normal 0.382683 0 -0.92388
      outer loop
         vertex 0.0292339 0.01 -0.00420083
         vertex 0.0298438 0.01 -0.00407952
         vertex 0.0298438 0.009 -0.00407952
      endloop
   endfacet
   facet normal 0.707107 0 -0.707107
      outer loop
         vertex 0.0287169 0.01 -0.00454631
         vertex 0.0292339 0.01 -0.00420083
         vertex 0.0292339 0.009 -0.00420083
      endloop
   endfacet
   facet normal 0.92388 0 -0.382683
      outer loop
         vertex 0.0283714 0.01 -0.00506336
         vertex 0.0287169 0.01 -0.00454631
         vertex 0.0287169 0.009 -0.00454631
      endloop
   endfacet
   facet normal 1 0 2.44929e-16
      outer loop
         vertex 0.0282501 0.01 -0.00567325
         vertex 0.0283714 0.01 -0.00506336
         vertex 0.0283714 0.009 -0.00506336
      endloop
   endfacet
   facet normal 0.92388 0 -0.382683
      outer loop
         vertex 0.0283714 0.009 -0.00506336
         vertex 0.0282501 0.009 -0.00567325
         vertex 0.0282501 0.01 -0.00567325
      endloop
   endfacet
   facet normal 0.707107 0 -0.707107
      outer loop
         vertex 0.0287169 0.009 -0.00454631
         vertex 0.0283714 0.009 -0.00506336
         vertex 0.0283714 0.01 -0.00506336
      endloop
   endfacet
   facet normal 0.382683 0 -0.92388
      outer loop
         vertex 0.0292339 0.009 -0.00420083
         vertex 0.0287169 0.009 -0.00454631
         vertex 0.0287169 0.01 -0.00454631
      endloop
   endfacet
   facet normal 6.12323e-17 0 -1
      outer loop
         vertex 0.0298438 0.009 -0.00407952
         vertex 0.0292339 0.009 -0.00420083
         vertex 0.0292339 0.01 -0.00420083
      endloop
   endfacet
   facet normal -0.382683 0 -0.92388
      outer loop
         vertex 0.0304537 0.009 -0.00420083
         vertex 0.0298438 0.009 -0.00407952
         vertex 0.0298438 0.01 -0.00407952
      endloop
   endfacet
   facet normal -0.707107 0 -0.707107
      outer loop
         vertex 0.0309708 0.009 -0.00454631
         vertex 0.0304537 0.009 -0.00420083
         vertex 0.0304537 0.01 -0.00420083
      endloop
   endfacet
   facet normal -0.92388 0 -0.382683
      outer loop
         vertex 0.0313162 0.009 -0.00506336
         vertex 0.0309708 0.009 -0.00454631
         vertex 0.0309708 0.01 -0.00454631
      endloop
   endfacet
   facet normal -1 0 -1.22465e-16
      outer loop
         vertex 0.0314376 0.009 -0.00567325
         vertex 0.0313162 0.009 -0.00506336
         vertex 0.0313162 0.01 -0.00506336
      endloop
   endfacet
   facet normal -0.92388 0 0.382683
      outer loop
         vertex 0.0313162 0.009 -0.00628314
         vertex 0.0314376 0.009 -0.00567325
         vertex 0.0314376 0.01 -0.00567325
      endloop
   endfacet
   facet normal -0.707107 0 0.707107
      outer loop
         vertex 0.0309708 0.009 -0.00680019
         vertex 0.0313162 0.009 -0.00628314
         vertex 0.0313162 0.01 -0.00628314
      endloop
   endfacet
   facet normal -0.382683 0 0.92388
      outer loop
         vertex 0.0304537 0.009 -0.00714567
         vertex 0.0309708 0.009 -0.00680019
         vertex 0.0309708 0.01 -0.00680019
      endloop
   endfacet
   facet normal -1.83697e-16 0 1
      outer loop
         vertex 0.0298438 0.009 -0.00726698
         vertex 0.0304537 0.009 -0.00714567
         vertex 0.0304537 0.01 -0.00714567
      endloop
   endfacet
   facet normal 0.382683 0 0.92388
      outer loop
         vertex 0.0292339 0.009 -0.00714567
         vertex 0.0298438 0.009 -0.00726698
         vertex 0.0298438 0.01 -0.00726698
      endloop
   endfacet
   facet normal 0.707107 0 0.707107
      outer loop
         vertex 0.0287169 0.009 -0.00680019
         vertex 0.0292339 0.009 -0.00714567
         vertex 0.0292339 0.01 -0.00714567
      endloop
   endfacet
   facet normal 0.92388 0 0.382683
      outer loop
         vertex 0.0283714 0.009 -0.00628314
         vertex 0.0287169 0.009 -0.00680019
         vertex 0.0287169 0.01 -0.00680019
      endloop
   endfacet
   facet normal 1 0 2.44929e-16
      outer loop
         vertex 0.0282501 0.009 -0.00567325
         vertex 0.0283714 0.009 -0.00628314
         vertex 0.0283714 0.01 -0.00628314
      endloop
   endfacet
   facet normal 0 1 0
      outer loop
         vertex 0.0298438 0.009 -0.00567325
         vertex 0.0313162 0.009 -0.00628314
         vertex 0.0309708 0.009 -0.00680019
      endloop
   endfacet
   facet normal 0 1 0
      outer loop
         vertex 0.0309708 0.009 -0.00680019
         vertex 0.0304537 0.009 -0.00714567
         vertex 0.0298438 0.009 -0.00567325
      endloop
   endfacet
   facet normal 0 1 0
      outer loop
         vertex 0.0304537 0.009 -0.00714567
         vertex 0.0298438 0.009 -0.00726698
         vertex 0.0298438 0.009 -0.00567325
      endloop
   endfacet
   facet normal 0 1 0
      outer loop
         vertex 0.0298438 0.009 -0.00726698
         vertex 0.0292339 0.009 -0.00714567
         vertex 0.0298438 0.009 -0.00567325
      endloop
   endfacet
   facet normal 0 1 0
      outer loop
         vertex 0.0292339 0.009 -0.00714567
         vertex 0.0287169 0.009 -0.00680019
         vertex 0.0298438 0.009 -0.00567325
      endloop
   endfacet
   facet normal 0 1 0
      outer loop
         vertex 0.0287169 0.009 -0.00680019
         vertex 0.0283714 0.009 -0.00628314
         vertex 0.0298438 0.009 -0.00567325
      endloop
   endfacet
   facet normal 0 1 0
      outer loop
         vertex 0.0283714 0.009 -0.00628314
         vertex 0.0282501 0.009 -0.00567325
         vertex 0.0298438 0.009 -0.00567325
      endloop
   endfacet
   facet normal 0 1 0
      outer loop
         vertex 0.0282501 0.009 -0.00567325
         vertex 0.0283714 0.009 -0.00506336
         vertex 0.0298438 0.009 -0.00567325
      endloop
   endfacet
   facet normal 0 1 0
      outer loop
         vertex 0.0283714 0.009 -0.00506336
         vertex 0.0287169 0.009 -0.00454631
         vertex 0.0298438 0.009 -0.00567325
      endloop
   endfacet
   facet normal 0 1 0
      outer loop
         vertex 0.0287169 0.009 -0.00454631
         vertex 0.0292339 0.009 -0.00420083
         vertex 0.0298438 0.009 -0.00567325
      endloop
   endfacet
   facet normal 0 1 0
      outer loop
         vertex 0.0292339 0.009 -0.00420083
         vertex 0.0298438 0.009 -0.00407952
         vertex 0.0298438 0.009 -0.00567325
      endloop
   endfacet
   facet normal 0 1 0
      outer loop
         vertex 0.0298438 0.009 -0.00407952
         vertex 0.0304537 0.009 -0.00420083
         vertex 0.0298438 0.009 -0.00567325
      endloop
   endfacet
   facet normal 0 1 0
      outer loop
         vertex 0.0304537 0.009 -0.00420083
         vertex 0.0309708 0.009 -0.00454631
         vertex 0.0298438 0.009 -0.00567325
      endloop
   endfacet
   facet normal 0 1 0
      outer loop
         vertex 0.0309708 0.009 -0.00454631
         vertex 0.0313162 0.009 -0.00506336
         vertex 0.0298438 0.009 -0.00567325
      endloop
   endfacet
   facet normal 0 1 0
      outer loop
         vertex 0.0313162 0.009 -0.00506336
         vertex 0.0314376 0.009 -0.00567325
         vertex 0.0298438 0.009 -0.00567325
      endloop
   endfacet
   facet normal 0 1 0
      outer loop
         vertex 0.0314376 0.009 -0.00567325
         vertex 0.0313162 0.009 -0.00628314
         vertex 0.0298438 0.009 -0.00567325
      endloop
   endfacet
   facet normal 0 1 0
      outer loop
         vertex -0.0477949 0 0.0317133
         vertex -0.0472949 0 0.0317133
         vertex -0.0472949 0 0.0272133
      endloop
   endfacet
   facet normal 0 1 0
      outer loop
         vertex -0.0432949 0 0.0317133
         vertex -0.0432949 0 0.0272133
         vertex -0.0437949 0 0.0292133
      endloop
   endfacet
   facet normal 0 1 0
      outer loop
         vertex -0.0437949 0 0.0292133
         vertex -0.0439091 0 0.0297873
         vertex -0.0432949 0 0.0317133
      endloop
   endfacet
   facet normal 0 1 0
      outer loop
         vertex -0.0432949 0 0.0272133
         vertex -0.0442342 0 0.0281526
         vertex -0.0439091 0 0.0286392
      endloop
   endfacet
   facet normal 0 1 0
      outer loop
         vertex -0.0439091 0 0.0286392
         vertex -0.0437949 0 0.0292133
         vertex -0.0432949 0 0.0272133
      endloop
   endfacet
   facet normal 0 1 0
      outer loop
         vertex -0.0432949 0 0.0272133
         vertex -0.0452949 0 0.0277133
         vertex -0.0447209 0 0.0278274
      endloop
   endfacet
   facet normal 0 1 0
      outer loop
         vertex -0.0472949 0 0.0272133
         vertex -0.0458689 0 0.0278274
         vertex -0.0452949 0 0.0277133
      endloop
   endfacet
   facet normal 0 1 0
      outer loop
         vertex -0.0472949 0 0.0272133
         vertex -0.0466807 0 0.0286392
         vertex -0.0463556 0 0.0281526
      endloop
   endfacet
   facet normal 0 1 0
      outer loop
         vertex -0.0472949 0 0.0317133
         vertex -0.0466807 0 0.0297873
         vertex -0.0467949 0 0.0292133
      endloop
   endfacet
   facet normal 0 1 0
      outer loop
         vertex -0.0447209 0 0.0278274
         vertex -0.0442342 0 0.0281526
         vertex -0.0432949 0 0.0272133
      endloop
   endfacet
   facet normal 0 1 0
      outer loop
         vertex -0.0463556 0 0.0281526
         vertex -0.0458689 0 0.0278274
         vertex -0.0472949 0 0.0272133
      endloop
   endfacet
   facet normal 0 1 0
      outer loop
         vertex -0.0472949 0 0.0317133
         vertex -0.0463556 0 0.0302739
         vertex -0.0466807 0 0.0297873
      endloop
   endfacet
   facet normal 0 1 0
      outer loop
         vertex -0.0472949 0 0.0317133
         vertex -0.0432949 0 0.0317133
         vertex -0.0452949 0 0.0307133
      endloop
   endfacet
   facet normal 0 1 0
      outer loop
         vertex -0.0432949 0 0.0317133
         vertex -0.0442342 0 0.0302739
         vertex -0.0447209 0 0.0305991
      endloop
   endfacet
   facet normal 0 1 0
      outer loop
         vertex -0.0452949 0 0.0277133
         vertex -0.0432949 0 0.0272133
         vertex -0.0472949 0 0.0272133
      endloop
   endfacet
   facet normal 0 1 0
      outer loop
         vertex -0.0467949 0 0.0292133
         vertex -0.0472949 0 0.0272133
         vertex -0.0472949 0 0.0317133
      endloop
   endfacet
   facet normal 0 1 0
      outer loop
         vertex -0.0452949 0 0.0307133
         vertex -0.0458689 0 0.0305991
         vertex -0.0472949 0 0.0317133
      endloop
   endfacet
   facet normal 0 1 0
      outer loop
         vertex -0.0439091 0 0.0297873
         vertex -0.0442342 0 0.0302739
         vertex -0.0432949 0 0.0317133
      endloop
   endfacet
   facet normal 0 1 0
      outer loop
         vertex -0.0458689 0 0.0305991
         vertex -0.0463556 0 0.0302739
         vertex -0.0472949 0 0.0317133
      endloop
   endfacet
   facet normal 0 1 0
      outer loop
         vertex -0.0467949 0 0.0292133
         vertex -0.0466807 0 0.0286392
         vertex -0.0472949 0 0.0272133
      endloop
   endfacet
   facet normal 0 1 0
      outer loop
         vertex -0.0432949 0 0.0317133
         vertex -0.0327949 0 0.0317133
         vertex -0.0327949 0 0.0272133
      endloop
   endfacet
   facet normal 0 1 0
      outer loop
         vertex 0.0322051 0 0.0317133
         vertex 0.0322051 0 0.0272133
         vertex 0.0300944 0 0.0292133
      endloop
   endfacet
   facet normal 0 1 0
      outer loop
         vertex 0.0322051 0 0.0272133
         vertex 0.0299803 0 0.0286392
         vertex 0.0300944 0 0.0292133
      endloop
   endfacet
   facet normal 0 1 0
      outer loop
         vertex 0.0322051 0 0.0272133
         vertex 0.0291685 0 0.0278274
         vertex 0.0296551 0 0.0281526
      endloop
   endfacet
   facet normal 0 1 0
      outer loop
         vertex 0.0322051 0 0.0272133
         vertex 0.0265824 0 0.0272133
         vertex 0.0285944 0 0.0277133
      endloop
   endfacet
   facet normal 0 1 0
      outer loop
         vertex 0.0296551 0 0.0281526
         vertex 0.0299803 0 0.0286392
         vertex 0.0322051 0 0.0272133
      endloop
   endfacet
   facet normal 0 1 0
      outer loop
         vertex 0.0265824 0 0.0272133
         vertex 0.0280204 0 0.0278274
         vertex 0.0285944 0 0.0277133
      endloop
   endfacet
   facet normal 0 1 0
      outer loop
         vertex 0.0285944 0 0.0277133
         vertex 0.0291685 0 0.0278274
         vertex 0.0322051 0 0.0272133
      endloop
   endfacet
   facet normal 0 1 0
      outer loop
         vertex 0.0265824 0 0.0272133
         vertex 0.0272086 0 0.0286392
         vertex 0.0275338 0 0.0281526
      endloop
   endfacet
   facet normal 0 1 0
      outer loop
         vertex 0.0265824 0 0.0317133
         vertex 0.0272086 0 0.0297873
         vertex 0.0270944 0 0.0292133
      endloop
   endfacet
   facet normal 0 1 0
      outer loop
         vertex 0.0275338 0 0.0281526
         vertex 0.0280204 0 0.0278274
         vertex 0.0265824 0 0.0272133
      endloop
   endfacet
   facet normal 0 1 0
      outer loop
         vertex 0.0270944 0 0.0292133
         vertex 0.0265824 0 0.0272133
         vertex 0.0265824 0 0.0317133
      endloop
   endfacet
   facet normal 0 1 0
      outer loop
         vertex 0.0270944 0 0.0292133
         vertex 0.0272086 0 0.0286392
         vertex 0.0265824 0 0.0272133
      endloop
   endfacet
   facet normal 0 1 0
      outer loop
         vertex 0.0265824 0 0.0317133
         vertex 0.0280204 0 0.0305991
         vertex 0.0275338 0 0.0302739
      endloop
   endfacet
   facet normal 0 1 0
      outer loop
         vertex 0.0322051 0 0.0317133
         vertex 0.0291685 0 0.0305991
         vertex 0.0285944 0 0.0307133
      endloop
   endfacet
   facet normal 0 1 0
      outer loop
         vertex 0.0322051 0 0.0317133
         vertex 0.0299803 0 0.0297873
         vertex 0.0296551 0 0.0302739
      endloop
   endfacet
   facet normal 0 1 0
      outer loop
         vertex 0.0275338 0 0.0302739
         vertex 0.0272086 0 0.0297873
         vertex 0.0265824 0 0.0317133
      endloop
   endfacet
   facet normal 0 1 0
      outer loop
         vertex 0.0296551 0 0.0302739
         vertex 0.0291685 0 0.0305991
         vertex 0.0322051 0 0.0317133
      endloop
   endfacet
   facet normal 0 1 0
      outer loop
         vertex 0.0265824 0 0.0317133
         vertex 0.0285944 0 0.0307133
         vertex 0.0280204 0 0.0305991
      endloop
   endfacet
   facet normal 0 1 0
      outer loop
         vertex 0.0300944 0 0.0292133
         vertex 0.0299803 0 0.0297873
         vertex 0.0322051 0 0.0317133
      endloop
   endfacet
   facet normal 0 1 0
      outer loop
         vertex -0.0477949 0 0.0272133
         vertex -0.0472949 0 0.0272133
         vertex -0.0472949 0 0.0205396
      endloop
   endfacet
   facet normal 0 1 0
      outer loop
         vertex -0.0472949 0 0.0272133
         vertex -0.0432949 0 0.0272133
         vertex -0.0432949 0 0.0205396
      endloop
   endfacet
   facet normal 0 1 0
      outer loop
         vertex -0.0432949 0 0.0205396
         vertex -0.0427949 0 0.0217133
         vertex -0.0377949 0 0.0217133
      endloop
   endfacet
   facet normal 0 1 0
      outer loop
         vertex -0.0432949 0 0.0272133
         vertex -0.0427949 0 0.0267133
         vertex -0.0427949 0 0.0217133
      endloop
   endfacet
   facet normal 0 1 0
      outer loop
         vertex -0.0427949 0 0.0217133
         vertex -0.0432949 0 0.0205396
         vertex -0.0432949 0 0.0272133
      endloop
   endfacet
   facet normal 0 1 0
      outer loop
         vertex -0.0432949 0 0.0272133
         vertex -0.0327949 0 0.0272133
         vertex -0.0377949 0 0.0267133
      endloop
   endfacet
   facet normal 0 1 0
      outer loop
         vertex -0.0327949 0 0.0272133
         vertex -0.0327949 0 0.0205396
         vertex -0.0377949 0 0.0217133
      endloop
   endfacet
   facet normal 0 1 0
      outer loop
         vertex -0.0377949 0 0.0267133
         vertex -0.0427949 0 0.0267133
         vertex -0.0432949 0 0.0272133
      endloop
   endfacet
   facet normal 0 1 0
      outer loop
         vertex -0.0377949 0 0.0217133
         vertex -0.0327949 0 0.0205396
         vertex -0.0432949 0 0.0205396
      endloop
   endfacet
   facet normal 0 1 0
      outer loop
         vertex 0.0265824 0 0.0272133
         vertex 0.0322051 0 0.0272133
         vertex 0.0322051 0 0.0205396
      endloop
   endfacet
   facet normal 0 1 0
      outer loop
         vertex -0.0477949 0 0.0205396
         vertex -0.0472949 0 0.0205396
         vertex -0.0472949 0 0.0180396
      endloop
   endfacet
   facet normal 0 1 0
      outer loop
         vertex -0.0472949 0 0.0205396
         vertex -0.0432949 0 0.0205396
         vertex -0.0432949 0 0.0180396
      endloop
   endfacet
   facet normal 0 1 0
      outer loop
         vertex -0.0432949 0 0.0205396
         vertex -0.0327949 0 0.0205396
         vertex -0.0327949 0 0.0180396
      endloop
   endfacet
   facet normal 0 1 0
      outer loop
         vertex 0.0265824 0 0.0205396
         vertex 0.0322051 0 0.0205396
         vertex 0.0322051 0 0.0180396
      endloop
   endfacet
   facet normal 0 1 0
      outer loop
         vertex 0.0107051 0 0.0180396
         vertex 0.0201378 0 0.0180396
         vertex 0.0201378 0 -0.00228674
      endloop
   endfacet
   facet normal 0 1 0
      outer loop
         vertex 0.0201378 0 0.0180396
         vertex 0.0265824 0 0.0180396
         vertex 0.0265824 0 -0.00228674
      endloop
   endfacet
   facet normal 0 1 0
      outer loop
         vertex -0.0327949 0 -0.00228674
         vertex 0.0107051 0 -0.00228674
         vertex 0.0107051 0 -0.0177867
      endloop
   endfacet
   facet normal 0 1 0
      outer loop
         vertex 0.0107051 0 -0.00228674
         vertex 0.0201378 0 -0.00228674
         vertex 0.0201378 0 -0.0177867
      endloop
   endfacet
   facet normal 0 1 0
      outer loop
         vertex 0.0201378 0 -0.00228674
         vertex 0.0265824 0 -0.00228674
         vertex 0.0265824 0 -0.0177867
      endloop
   endfacet
   facet normal 0 1 0
      outer loop
         vertex -0.0477949 0 -0.0177867
         vertex -0.0472949 0 -0.0177867
         vertex -0.0472949 0 -0.0182867
      endloop
   endfacet
   facet normal 0 1 0
      outer loop
         vertex -0.0472949 0 -0.0177867
         vertex -0.0432949 0 -0.0177867
         vertex -0.0432949 0 -0.0182867
      endloop
   endfacet
   facet normal 0 1 0
      outer loop
         vertex -0.0432949 0 -0.0177867
         vertex -0.0327949 0 -0.0177867
         vertex -0.0327949 0 -0.0182867
      endloop
   endfacet
   facet normal 0 1 0
      outer loop
         vertex -0.0327949 0 -0.0177867
         vertex 0.0107051 0 -0.0177867
         vertex 0.0107051 0 -0.0182867
      endloop
   endfacet
   facet normal 0 1 0
      outer loop
         vertex 0.0107051 0 -0.0177867
         vertex 0.0201378 0 -0.0177867
         vertex 0.0201378 0 -0.0182867
      endloop
   endfacet
   facet normal 0 1 0
      outer loop
         vertex 0.0201378 0 -0.0177867
         vertex 0.0265824 0 -0.0177867
         vertex 0.0265824 0 -0.0182867
      endloop
   endfacet
   facet normal 0 1 0
      outer loop
         vertex 0.0265824 0 -0.0177867
         vertex 0.0322051 0 -0.0177867
         vertex 0.0322051 0 -0.0182867
      endloop
   endfacet
   facet normal 0 1 0
      outer loop
         vertex 0.0192051 0 0.0272133
         vertex 0.0201378 0 0.0272133
         vertex 0.0201378 0 0.0205396
      endloop
   endfacet
   facet normal 0 1 0
      outer loop
         vertex 0.0107051 0 0.0272133
         vertex 0.0107051 0 0.0317133
         vertex 0.0142051 0 0.029366
      endloop
   endfacet
   facet normal 0 1 0
      outer loop
         vertex 0.0201378 0 0.0317133
         vertex 0.0192051 0 0.029366
         vertex 0.0142051 0 0.029366
      endloop
   endfacet
   facet normal 0 1 0
      outer loop
         vertex 0.0142051 0 0.029366
         vertex 0.0107051 0 0.0317133
         vertex 0.0201378 0 0.0317133
      endloop
   endfacet
   facet normal 0 1 0
      outer loop
         vertex 0.0201378 0 0.0272133
         vertex 0.0192051 0 0.0272133
         vertex 0.0192051 0 0.029366
      endloop
   endfacet
   facet normal 0 1 0
      outer loop
         vertex 0.0192051 0 0.029366
         vertex 0.0201378 0 0.0317133
         vertex 0.0201378 0 0.0272133
      endloop
   endfacet
   facet normal 0 1 0
      outer loop
         vertex 0.0107051 0 0.0272133
         vertex 0.0142051 0 0.0272133
         vertex 0.0142051 0 0.0205396
      endloop
   endfacet
   facet normal 0 1 0
      outer loop
         vertex 0.0201378 0 0.0180396
         vertex 0.0107051 0 0.0180396
         vertex 0.0142051 0 0.019366
      endloop
   endfacet
   facet normal 0 1 0
      outer loop
         vertex 0.0107051 0 0.0205396
         vertex 0.0142051 0 0.0205396
         vertex 0.0142051 0 0.019366
      endloop
   endfacet
   facet normal 0 1 0
      outer loop
         vertex 0.0201378 0 0.0205396
         vertex 0.0201378 0 0.0180396
         vertex 0.0192051 0 0.019366
      endloop
   endfacet
   facet normal 0 1 0
      outer loop
         vertex 0.0142051 0 0.019366
         vertex 0.0107051 0 0.0180396
         vertex 0.0107051 0 0.0205396
      endloop
   endfacet
   facet normal 0 1 0
      outer loop
         vertex 0.0142051 0 0.019366
         vertex 0.0192051 0 0.019366
         vertex 0.0201378 0 0.0180396
      endloop
   endfacet
   facet normal 0 1 0
      outer loop
         vertex 0.00720511 0 0.0205396
         vertex 0.0107051 0 0.0205396
         vertex 0.0107051 0 0.0180396
      endloop
   endfacet
   facet normal 0 1 0
      outer loop
         vertex 0.00720511 0 0.0272133
         vertex 0.0107051 0 0.0272133
         vertex 0.0107051 0 0.0205396
      endloop
   endfacet
   facet normal 0 1 0
      outer loop
         vertex -0.0327949 0 0.0272133
         vertex -0.0327949 0 0.0317133
         vertex -0.0277949 0 0.0297133
      endloop
   endfacet
   facet normal 0 1 0
      outer loop
         vertex 0.0107051 0 0.0317133
         vertex 0.00720511 0 0.0297133
         vertex -0.0277949 0 0.0297133
      endloop
   endfacet
   facet normal 0 1 0
      outer loop
         vertex -0.0277949 0 0.0297133
         vertex -0.0327949 0 0.0317133
         vertex 0.0107051 0 0.0317133
      endloop
   endfacet
   facet normal 0 1 0
      outer loop
         vertex 0.0107051 0 0.0272133
         vertex 0.00720511 0 0.0272133
         vertex 0.00720511 0 0.0297133
      endloop
   endfacet
   facet normal 0 1 0
      outer loop
         vertex 0.00720511 0 0.0297133
         vertex 0.0107051 0 0.0317133
         vertex 0.0107051 0 0.0272133
      endloop
   endfacet
   facet normal 0 1 0
      outer loop
         vertex -0.0327949 0 0.0272133
         vertex -0.0277949 0 0.0272133
         vertex -0.0277949 0 0.0205396
      endloop
   endfacet
   facet normal 0 1 0
      outer loop
         vertex -0.0327949 0 0.0205396
         vertex -0.0277949 0 0.0205396
         vertex -0.0277949 0 0.0180396
      endloop
   endfacet
   facet normal 0 1 0
      outer loop
         vertex 0.0107051 0 -0.00228674
         vertex -0.0327949 0 -0.00228674
         vertex -0.0277949 0 0.00971326
      endloop
   endfacet
   facet normal 0 1 0
      outer loop
         vertex -0.0327949 0 0.0180396
         vertex -0.0277949 0 0.0180396
         vertex -0.0277949 0 0.00971326
      endloop
   endfacet
   facet normal 0 1 0
      outer loop
         vertex 0.0107051 0 0.0180396
         vertex 0.0107051 0 -0.00228674
         vertex 0.00720511 0 0.00971326
      endloop
   endfacet
   facet normal 0 1 0
      outer loop
         vertex -0.0277949 0 0.00971326
         vertex -0.0327949 0 -0.00228674
         vertex -0.0327949 0 0.0180396
      endloop
   endfacet
   facet normal 0 1 0
      outer loop
         vertex -0.0277949 0 0.00971326
         vertex 0.00720511 0 0.00971326
         vertex 0.0107051 0 -0.00228674
      endloop
   endfacet
   facet normal 0 1 0
      outer loop
         vertex -0.0477949 0 -0.00828674
         vertex -0.0472949 0 -0.00828674
         vertex -0.0472949 0 -0.0177867
      endloop
   endfacet
   facet normal 0 1 0
      outer loop
         vertex -0.0432949 0 -0.00828674
         vertex -0.0432949 0 -0.0177867
         vertex -0.0437949 0 -0.0157867
      endloop
   endfacet
   facet normal 0 1 0
      outer loop
         vertex -0.0437949 0 -0.0157867
         vertex -0.0439091 0 -0.0152127
         vertex -0.0432949 0 -0.00828674
      endloop
   endfacet
   facet normal 0 1 0
      outer loop
         vertex -0.0432949 0 -0.0177867
         vertex -0.0442342 0 -0.0168474
         vertex -0.0439091 0 -0.0163608
      endloop
   endfacet
   facet normal 0 1 0
      outer loop
         vertex -0.0432949 0 -0.00828674
         vertex -0.0442342 0 -0.0147261
         vertex -0.0447209 0 -0.0144009
      endloop
   endfacet
   facet normal 0 1 0
      outer loop
         vertex -0.0439091 0 -0.0163608
         vertex -0.0437949 0 -0.0157867
         vertex -0.0432949 0 -0.0177867
      endloop
   endfacet
   facet normal 0 1 0
      outer loop
         vertex -0.0472949 0 -0.00828674
         vertex -0.0466807 0 -0.0152127
         vertex -0.0467949 0 -0.0157867
      endloop
   endfacet
   facet normal 0 1 0
      outer loop
         vertex -0.0439091 0 -0.0152127
         vertex -0.0442342 0 -0.0147261
         vertex -0.0432949 0 -0.00828674
      endloop
   endfacet
   facet normal 0 1 0
      outer loop
         vertex -0.0432949 0 -0.0177867
         vertex -0.0452949 0 -0.0172867
         vertex -0.0447209 0 -0.0171726
      endloop
   endfacet
   facet normal 0 1 0
      outer loop
         vertex -0.0472949 0 -0.0177867
         vertex -0.0458689 0 -0.0171726
         vertex -0.0452949 0 -0.0172867
      endloop
   endfacet
   facet normal 0 1 0
      outer loop
         vertex -0.0472949 0 -0.0177867
         vertex -0.0466807 0 -0.0163608
         vertex -0.0463556 0 -0.0168474
      endloop
   endfacet
   facet normal 0 1 0
      outer loop
         vertex -0.0472949 0 -0.00828674
         vertex -0.0463556 0 -0.0147261
         vertex -0.0466807 0 -0.0152127
      endloop
   endfacet
   facet normal 0 1 0
      outer loop
         vertex -0.0472949 0 -0.00828674
         vertex -0.0432949 0 -0.00828674
         vertex -0.0452949 0 -0.0142867
      endloop
   endfacet
   facet normal 0 1 0
      outer loop
         vertex -0.0447209 0 -0.0171726
         vertex -0.0442342 0 -0.0168474
         vertex -0.0432949 0 -0.0177867
      endloop
   endfacet
   facet normal 0 1 0
      outer loop
         vertex -0.0463556 0 -0.0168474
         vertex -0.0458689 0 -0.0171726
         vertex -0.0472949 0 -0.0177867
      endloop
   endfacet
   facet normal 0 1 0
      outer loop
         vertex -0.0467949 0 -0.0157867
         vertex -0.0472949 0 -0.0177867
         vertex -0.0472949 0 -0.00828674
      endloop
   endfacet
   facet normal 0 1 0
      outer loop
         vertex -0.0452949 0 -0.0142867
         vertex -0.0458689 0 -0.0144009
         vertex -0.0472949 0 -0.00828674
      endloop
   endfacet
   facet normal 0 1 0
      outer loop
         vertex -0.0452949 0 -0.0172867
         vertex -0.0432949 0 -0.0177867
         vertex -0.0472949 0 -0.0177867
      endloop
   endfacet
   facet normal 0 1 0
      outer loop
         vertex -0.0458689 0 -0.0144009
         vertex -0.0463556 0 -0.0147261
         vertex -0.0472949 0 -0.00828674
      endloop
   endfacet
   facet normal 0 1 0
      outer loop
         vertex -0.0467949 0 -0.0157867
         vertex -0.0466807 0 -0.0163608
         vertex -0.0472949 0 -0.0177867
      endloop
   endfacet
   facet normal 0 1 0
      outer loop
         vertex -0.0327949 0 -0.00228674
         vertex -0.0327949 0 -0.0177867
         vertex -0.0430723 0 -0.00828674
      endloop
   endfacet
   facet normal 0 1 0
      outer loop
         vertex -0.0432949 0 -0.0177867
         vertex -0.0432949 0 -0.00828674
         vertex -0.0430723 0 -0.00828674
      endloop
   endfacet
   facet normal 0 1 0
      outer loop
         vertex -0.0430723 0 -0.00828674
         vertex -0.0327949 0 -0.0177867
         vertex -0.0432949 0 -0.0177867
      endloop
   endfacet
   facet normal 0 1 0
      outer loop
         vertex -0.0377949 0 0.0117133
         vertex -0.0327949 0 -0.00228674
         vertex -0.0430723 0 0.00171326
      endloop
   endfacet
   facet normal 0 1 0
      outer loop
         vertex -0.0327949 0 0.0180396
         vertex -0.0327949 0 -0.00228674
         vertex -0.0377949 0 0.0117133
      endloop
   endfacet
   facet normal 0 1 0
      outer loop
         vertex -0.0327949 0 -0.00228674
         vertex -0.0430723 0 -0.00228674
         vertex -0.0430723 0 0.00171326
      endloop
   endfacet
   facet normal 0 1 0
      outer loop
         vertex -0.0432949 0 0.00171326
         vertex -0.0432949 0 0.0180396
         vertex -0.0427949 0 0.0167133
      endloop
   endfacet
   facet normal 0 1 0
      outer loop
         vertex -0.0432949 0 0.0180396
         vertex -0.0327949 0 0.0180396
         vertex -0.0377949 0 0.0167133
      endloop
   endfacet
   facet normal 0 1 0
      outer loop
         vertex -0.0430723 0 0.00171326
         vertex -0.0427949 0 0.0117133
         vertex -0.0377949 0 0.0117133
      endloop
   endfacet
   facet normal 0 1 0
      outer loop
         vertex -0.0377949 0 0.0167133
         vertex -0.0427949 0 0.0167133
         vertex -0.0432949 0 0.0180396
      endloop
   endfacet
   facet normal 0 1 0
      outer loop
         vertex -0.0430723 0 0.00171326
         vertex -0.0427949 0 0.0167133
         vertex -0.0427949 0 0.0117133
      endloop
   endfacet
   facet normal 0 1 0
      outer loop
         vertex -0.0377949 0 0.0117133
         vertex -0.0377949 0 0.0167133
         vertex -0.0327949 0 0.0180396
      endloop
   endfacet
   facet normal 0 1 0
      outer loop
         vertex -0.0472949 0 0.0180396
         vertex -0.0432949 0 0.0180396
         vertex -0.0432949 0 0.00171326
      endloop
   endfacet
   facet normal 0 1 0
      outer loop
         vertex -0.0477949 0 0.0180396
         vertex -0.0472949 0 0.0180396
         vertex -0.0472949 0 0.00171326
      endloop
   endfacet
   facet normal 0 1 0
      outer loop
         vertex 0.0265824 0 -0.00228674
         vertex 0.0265824 0 0.0180396
         vertex 0.0274826 0 0.00171326
      endloop
   endfacet
   facet normal 0 1 0
      outer loop
         vertex 0.0322051 0 0.0180396
         vertex 0.0322051 0 0.00171326
         vertex 0.0274826 0 0.00171326
      endloop
   endfacet
   facet normal 0 1 0
      outer loop
         vertex 0.0274826 0 0.00171326
         vertex 0.0265824 0 0.0180396
         vertex 0.0322051 0 0.0180396
      endloop
   endfacet
   facet normal 0 1 0
      outer loop
         vertex 0.0322051 0 -0.00828674
         vertex 0.0291685 0 -0.0144009
         vertex 0.0285944 0 -0.0142867
      endloop
   endfacet
   facet normal 0 1 0
      outer loop
         vertex 0.0322051 0 -0.00828674
         vertex 0.0299803 0 -0.0152127
         vertex 0.0296551 0 -0.0147261
      endloop
   endfacet
   facet normal 0 1 0
      outer loop
         vertex 0.0322051 0 -0.0177867
         vertex 0.0300944 0 -0.0157867
         vertex 0.0299803 0 -0.0152127
      endloop
   endfacet
   facet normal 0 1 0
      outer loop
         vertex 0.0296551 0 -0.0147261
         vertex 0.0291685 0 -0.0144009
         vertex 0.0322051 0 -0.00828674
      endloop
   endfacet
   facet normal 0 1 0
      outer loop
         vertex 0.0322051 0 -0.0177867
         vertex 0.0299803 0 -0.0163608
         vertex 0.0300944 0 -0.0157867
      endloop
   endfacet
   facet normal 0 1 0
      outer loop
         vertex 0.0299803 0 -0.0152127
         vertex 0.0322051 0 -0.00828674
         vertex 0.0322051 0 -0.0177867
      endloop
   endfacet
   facet normal 0 1 0
      outer loop
         vertex 0.0322051 0 -0.0177867
         vertex 0.0291685 0 -0.0171726
         vertex 0.0296551 0 -0.0168474
      endloop
   endfacet
   facet normal 0 1 0
      outer loop
         vertex 0.0322051 0 -0.0177867
         vertex 0.0265824 0 -0.0177867
         vertex 0.0285944 0 -0.0172867
      endloop
   endfacet
   facet normal 0 1 0
      outer loop
         vertex 0.0296551 0 -0.0168474
         vertex 0.0299803 0 -0.0163608
         vertex 0.0322051 0 -0.0177867
      endloop
   endfacet
   facet normal 0 1 0
      outer loop
         vertex 0.0265824 0 -0.0177867
         vertex 0.0280204 0 -0.0171726
         vertex 0.0285944 0 -0.0172867
      endloop
   endfacet
   facet normal 0 1 0
      outer loop
         vertex 0.0285944 0 -0.0172867
         vertex 0.0291685 0 -0.0171726
         vertex 0.0322051 0 -0.0177867
      endloop
   endfacet
   facet normal 0 1 0
      outer loop
         vertex 0.0265824 0 -0.0177867
         vertex 0.0272086 0 -0.0163608
         vertex 0.0275338 0 -0.0168474
      endloop
   endfacet
   facet normal 0 1 0
      outer loop
         vertex 0.0265824 0 -0.00228674
         vertex 0.0272086 0 -0.0152127
         vertex 0.0270944 0 -0.0157867
      endloop
   endfacet
   facet normal 0 1 0
      outer loop
         vertex 0.0280204 0 -0.0144009
         vertex 0.0265824 0 -0.00228674
         vertex 0.0274826 0 -0.00828674
      endloop
   endfacet
   facet normal 0 1 0
      outer loop
         vertex 0.0275338 0 -0.0168474
         vertex 0.0280204 0 -0.0171726
         vertex 0.0265824 0 -0.0177867
      endloop
   endfacet
   facet normal 0 1 0
      outer loop
         vertex 0.0270944 0 -0.0157867
         vertex 0.0265824 0 -0.0177867
         vertex 0.0265824 0 -0.00228674
      endloop
   endfacet
   facet normal 0 1 0
      outer loop
         vertex 0.0265824 0 -0.00228674
         vertex 0.0280204 0 -0.0144009
         vertex 0.0275338 0 -0.0147261
      endloop
   endfacet
   facet normal 0 1 0
      outer loop
         vertex 0.0265824 0 -0.00228674
         vertex 0.0274826 0 -0.00228674
         vertex 0.0274826 0 -0.00828674
      endloop
   endfacet
   facet normal 0 1 0
      outer loop
         vertex 0.0270944 0 -0.0157867
         vertex 0.0272086 0 -0.0163608
         vertex 0.0265824 0 -0.0177867
      endloop
   endfacet
   facet normal 0 1 0
      outer loop
         vertex 0.0274826 0 -0.00828674
         vertex 0.0285944 0 -0.0142867
         vertex 0.0280204 0 -0.0144009
      endloop
   endfacet
   facet normal 0 1 0
      outer loop
         vertex 0.0275338 0 -0.0147261
         vertex 0.0272086 0 -0.0152127
         vertex 0.0265824 0 -0.00228674
      endloop
   endfacet
   facet normal 0 1 0
      outer loop
         vertex 0.0201378 0 0.0272133
         vertex 0.0210704 0 0.0272133
         vertex 0.0210704 0 0.0205396
      endloop
   endfacet
   facet normal 0 1 0
      outer loop
         vertex 0.0265824 0 0.0205396
         vertex 0.0265824 0 0.0180396
         vertex 0.0260704 0 0.019366
      endloop
   endfacet
   facet normal 0 1 0
      outer loop
         vertex 0.0265824 0 0.0180396
         vertex 0.0201378 0 0.0180396
         vertex 0.0210704 0 0.019366
      endloop
   endfacet
   facet normal 0 1 0
      outer loop
         vertex 0.0210704 0 0.019366
         vertex 0.0260704 0 0.019366
         vertex 0.0265824 0 0.0180396
      endloop
   endfacet
   facet normal 0 1 0
      outer loop
         vertex 0.0201378 0 0.0205396
         vertex 0.0210704 0 0.0205396
         vertex 0.0210704 0 0.019366
      endloop
   endfacet
   facet normal 0 1 0
      outer loop
         vertex 0.0210704 0 0.019366
         vertex 0.0201378 0 0.0180396
         vertex 0.0201378 0 0.0205396
      endloop
   endfacet
   facet normal 0 1 0
      outer loop
         vertex 0.0260704 0 0.0272133
         vertex 0.0265824 0 0.0272133
         vertex 0.0265824 0 0.0205396
      endloop
   endfacet
   facet normal 0 1 0
      outer loop
         vertex 0.0265824 0 0.0317133
         vertex 0.0260704 0 0.029366
         vertex 0.0210704 0 0.029366
      endloop
   endfacet
   facet normal 0 1 0
      outer loop
         vertex 0.0265824 0 0.0272133
         vertex 0.0260704 0 0.0272133
         vertex 0.0260704 0 0.029366
      endloop
   endfacet
   facet normal 0 1 0
      outer loop
         vertex 0.0201378 0 0.0272133
         vertex 0.0201378 0 0.0317133
         vertex 0.0210704 0 0.029366
      endloop
   endfacet
   facet normal 0 1 0
      outer loop
         vertex 0.0260704 0 0.029366
         vertex 0.0265824 0 0.0317133
         vertex 0.0265824 0 0.0272133
      endloop
   endfacet
   facet normal 0 1 0
      outer loop
         vertex 0.0210704 0 0.029366
         vertex 0.0201378 0 0.0317133
         vertex 0.0265824 0 0.0317133
      endloop
   endfacet
   facet normal 0 1 0
      outer loop
         vertex 0.0210704 0 0.029366
         vertex 0.0210704 0 0.0272133
         vertex 0.0201378 0 0.0272133
      endloop
   endfacet
   facet normal 0 1 0
      outer loop
         vertex 0.0265824 0 0.0205396
         vertex 0.0260704 0 0.0205396
         vertex 0.0260704 0 0.0272133
      endloop
   endfacet
   facet normal 0 1 0
      outer loop
         vertex 0.0260704 0 0.019366
         vertex 0.0260704 0 0.0205396
         vertex 0.0265824 0 0.0205396
      endloop
   endfacet
   facet normal 0 1 0
      outer loop
         vertex 0.0210704 0 0.0205396
         vertex 0.0201378 0 0.0205396
         vertex 0.0201378 0 0.0272133
      endloop
   endfacet
   facet normal 0 1 0
      outer loop
         vertex 0.0285944 0 -0.0142867
         vertex 0.0274826 0 -0.00828674
         vertex 0.0322051 0 -0.00828674
      endloop
   endfacet
   facet normal 0 1 0
      outer loop
         vertex 0.0274826 0 0.00171326
         vertex 0.0274826 0 -0.00228674
         vertex 0.0265824 0 -0.00228674
      endloop
   endfacet
   facet normal 0 1 0
      outer loop
         vertex -0.0472949 0 0.00171326
         vertex -0.0477949 0 0.00171326
         vertex -0.0477949 0 0.0180396
      endloop
   endfacet
   facet normal 0 1 0
      outer loop
         vertex -0.0432949 0 0.00171326
         vertex -0.0472949 0 0.00171326
         vertex -0.0472949 0 0.0180396
      endloop
   endfacet
   facet normal 0 1 0
      outer loop
         vertex -0.0427949 0 0.0167133
         vertex -0.0430723 0 0.00171326
         vertex -0.0432949 0 0.00171326
      endloop
   endfacet
   facet normal 0 1 0
      outer loop
         vertex -0.0430723 0 -0.00828674
         vertex -0.0430723 0 -0.00228674
         vertex -0.0327949 0 -0.00228674
      endloop
   endfacet
   facet normal 0 1 0
      outer loop
         vertex -0.0447209 0 -0.0144009
         vertex -0.0452949 0 -0.0142867
         vertex -0.0432949 0 -0.00828674
      endloop
   endfacet
   facet normal 0 1 0
      outer loop
         vertex -0.0472949 0 -0.0177867
         vertex -0.0477949 0 -0.0177867
         vertex -0.0477949 0 -0.00828674
      endloop
   endfacet
   facet normal 0 1 0
      outer loop
         vertex 0.00720511 0 0.00971326
         vertex 0.00720511 0 0.0180396
         vertex 0.0107051 0 0.0180396
      endloop
   endfacet
   facet normal 0 1 0
      outer loop
         vertex -0.0277949 0 0.0180396
         vertex -0.0327949 0 0.0180396
         vertex -0.0327949 0 0.0205396
      endloop
   endfacet
   facet normal 0 1 0
      outer loop
         vertex -0.0277949 0 0.0205396
         vertex -0.0327949 0 0.0205396
         vertex -0.0327949 0 0.0272133
      endloop
   endfacet
   facet normal 0 1 0
      outer loop
         vertex -0.0277949 0 0.0297133
         vertex -0.0277949 0 0.0272133
         vertex -0.0327949 0 0.0272133
      endloop
   endfacet
   facet normal 0 1 0
      outer loop
         vertex 0.0107051 0 0.0205396
         vertex 0.00720511 0 0.0205396
         vertex 0.00720511 0 0.0272133
      endloop
   endfacet
   facet normal 0 1 0
      outer loop
         vertex 0.0107051 0 0.0180396
         vertex 0.00720511 0 0.0180396
         vertex 0.00720511 0 0.0205396
      endloop
   endfacet
   facet normal 0 1 0
      outer loop
         vertex 0.0192051 0 0.019366
         vertex 0.0192051 0 0.0205396
         vertex 0.0201378 0 0.0205396
      endloop
   endfacet
   facet normal 0 1 0
      outer loop
         vertex 0.0142051 0 0.0205396
         vertex 0.0107051 0 0.0205396
         vertex 0.0107051 0 0.0272133
      endloop
   endfacet
   facet normal 0 1 0
      outer loop
         vertex 0.0142051 0 0.029366
         vertex 0.0142051 0 0.0272133
         vertex 0.0107051 0 0.0272133
      endloop
   endfacet
   facet normal 0 1 0
      outer loop
         vertex 0.0201378 0 0.0205396
         vertex 0.0192051 0 0.0205396
         vertex 0.0192051 0 0.0272133
      endloop
   endfacet
   facet normal 0 1 0
      outer loop
         vertex 0.0322051 0 -0.0182867
         vertex 0.0265824 0 -0.0182867
         vertex 0.0265824 0 -0.0177867
      endloop
   endfacet
   facet normal 0 1 0
      outer loop
         vertex 0.0265824 0 -0.0182867
         vertex 0.0201378 0 -0.0182867
         vertex 0.0201378 0 -0.0177867
      endloop
   endfacet
   facet normal 0 1 0
      outer loop
         vertex 0.0201378 0 -0.0182867
         vertex 0.0107051 0 -0.0182867
         vertex 0.0107051 0 -0.0177867
      endloop
   endfacet
   facet normal 0 1 0
      outer loop
         vertex 0.0107051 0 -0.0182867
         vertex -0.0327949 0 -0.0182867
         vertex -0.0327949 0 -0.0177867
      endloop
   endfacet
   facet normal 0 1 0
      outer loop
         vertex -0.0327949 0 -0.0182867
         vertex -0.0432949 0 -0.0182867
         vertex -0.0432949 0 -0.0177867
      endloop
   endfacet
   facet normal 0 1 0
      outer loop
         vertex -0.0432949 0 -0.0182867
         vertex -0.0472949 0 -0.0182867
         vertex -0.0472949 0 -0.0177867
      endloop
   endfacet
   facet normal 0 1 0
      outer loop
         vertex -0.0472949 0 -0.0182867
         vertex -0.0477949 0 -0.0182867
         vertex -0.0477949 0 -0.0177867
      endloop
   endfacet
   facet normal 0 1 0
      outer loop
         vertex 0.0265824 0 -0.0177867
         vertex 0.0201378 0 -0.0177867
         vertex 0.0201378 0 -0.00228674
      endloop
   endfacet
   facet normal 0 1 0
      outer loop
         vertex 0.0201378 0 -0.0177867
         vertex 0.0107051 0 -0.0177867
         vertex 0.0107051 0 -0.00228674
      endloop
   endfacet
   facet normal 0 1 0
      outer loop
         vertex 0.0107051 0 -0.0177867
         vertex -0.0327949 0 -0.0177867
         vertex -0.0327949 0 -0.00228674
      endloop
   endfacet
   facet normal 0 1 0
      outer loop
         vertex 0.0265824 0 -0.00228674
         vertex 0.0201378 0 -0.00228674
         vertex 0.0201378 0 0.0180396
      endloop
   endfacet
   facet normal 0 1 0
      outer loop
         vertex 0.0201378 0 -0.00228674
         vertex 0.0107051 0 -0.00228674
         vertex 0.0107051 0 0.0180396
      endloop
   endfacet
   facet normal 0 1 0
      outer loop
         vertex 0.0322051 0 0.0180396
         vertex 0.0265824 0 0.0180396
         vertex 0.0265824 0 0.0205396
      endloop
   endfacet
   facet normal 0 1 0
      outer loop
         vertex -0.0327949 0 0.0180396
         vertex -0.0432949 0 0.0180396
         vertex -0.0432949 0 0.0205396
      endloop
   endfacet
   facet normal 0 1 0
      outer loop
         vertex -0.0432949 0 0.0180396
         vertex -0.0472949 0 0.0180396
         vertex -0.0472949 0 0.0205396
      endloop
   endfacet
   facet normal 0 1 0
      outer loop
         vertex -0.0472949 0 0.0180396
         vertex -0.0477949 0 0.0180396
         vertex -0.0477949 0 0.0205396
      endloop
   endfacet
   facet normal 0 1 0
      outer loop
         vertex 0.0322051 0 0.0205396
         vertex 0.0265824 0 0.0205396
         vertex 0.0265824 0 0.0272133
      endloop
   endfacet
   facet normal 0 1 0
      outer loop
         vertex -0.0377949 0 0.0217133
         vertex -0.0377949 0 0.0267133
         vertex -0.0327949 0 0.0272133
      endloop
   endfacet
   facet normal 0 1 0
      outer loop
         vertex -0.0432949 0 0.0205396
         vertex -0.0472949 0 0.0205396
         vertex -0.0472949 0 0.0272133
      endloop
   endfacet
   facet normal 0 1 0
      outer loop
         vertex -0.0472949 0 0.0205396
         vertex -0.0477949 0 0.0205396
         vertex -0.0477949 0 0.0272133
      endloop
   endfacet
   facet normal 0 1 0
      outer loop
         vertex 0.0285944 0 0.0307133
         vertex 0.0265824 0 0.0317133
         vertex 0.0322051 0 0.0317133
      endloop
   endfacet
   facet normal 0 1 0
      outer loop
         vertex -0.0327949 0 0.0272133
         vertex -0.0432949 0 0.0272133
         vertex -0.0432949 0 0.0317133
      endloop
   endfacet
   facet normal 0 1 0
      outer loop
         vertex -0.0447209 0 0.0305991
         vertex -0.0452949 0 0.0307133
         vertex -0.0432949 0 0.0317133
      endloop
   endfacet
   facet normal 0 1 0
      outer loop
         vertex -0.0472949 0 0.0272133
         vertex -0.0477949 0 0.0272133
         vertex -0.0477949 0 0.0317133
      endloop
   endfacet
   facet normal 1 0 -1.30104e-16
      outer loop
         vertex 0.00720511 0.005 0.00971326
         vertex 0.00720511 0.005 0.0297133
         vertex 0.00720511 0 0.0205396
      endloop
   endfacet
   facet normal 1 0 -1.30104e-16
      outer loop
         vertex 0.00720511 0 0.0205396
         vertex 0.00720511 0 0.0180396
         vertex 0.00720511 0.005 0.00971326
      endloop
   endfacet
   facet normal 1 0 -1.30104e-16
      outer loop
         vertex 0.00720511 0.005 0.0297133
         vertex 0.00720511 0 0.0272133
         vertex 0.00720511 0 0.0205396
      endloop
   endfacet
   facet normal 1 0 -1.30104e-16
      outer loop
         vertex 0.00720511 0.005 0.0297133
         vertex 0.00720511 0 0.0297133
         vertex 0.00720511 0 0.0272133
      endloop
   endfacet
   facet normal 1 0 -1.30104e-16
      outer loop
         vertex 0.00720511 0 0.0180396
         vertex 0.00720511 0 0.00971326
         vertex 0.00720511 0.005 0.00971326
      endloop
   endfacet
   facet normal 0 0 -1
      outer loop
         vertex 0.00720511 0.005 0.00971326
         vertex 0.00720511 0 0.00971326
         vertex -0.0277949 0 0.00971326
      endloop
   endfacet
   facet normal 0 0 -1
      outer loop
         vertex -0.0277949 0 0.00971326
         vertex -0.0277949 0.005 0.00971326
         vertex 0.00720511 0.005 0.00971326
      endloop
   endfacet
   facet normal -1 0 0
      outer loop
         vertex -0.0277949 0.005 0.0297133
         vertex -0.0277949 0 0.0205396
         vertex -0.0277949 0 0.0272133
      endloop
   endfacet
   facet normal -1 0 0
      outer loop
         vertex -0.0277949 0.005 0.00971326
         vertex -0.0277949 0 0.0180396
         vertex -0.0277949 0 0.0205396
      endloop
   endfacet
   facet normal -1 0 0
      outer loop
         vertex -0.0277949 0 0.0205396
         vertex -0.0277949 0.005 0.0297133
         vertex -0.0277949 0.005 0.00971326
      endloop
   endfacet
   facet normal -1 0 0
      outer loop
         vertex -0.0277949 0.005 0.00971326
         vertex -0.0277949 0 0.00971326
         vertex -0.0277949 0 0.0180396
      endloop
   endfacet
   facet normal -1 0 0
      outer loop
         vertex -0.0277949 0 0.0272133
         vertex -0.0277949 0 0.0297133
         vertex -0.0277949 0.005 0.0297133
      endloop
   endfacet
   facet normal 0 0 1
      outer loop
         vertex -0.0277949 0.005 0.0297133
         vertex -0.0277949 0 0.0297133
         vertex 0.00720511 0 0.0297133
      endloop
   endfacet
   facet normal 0 0 1
      outer loop
         vertex 0.00720511 0 0.0297133
         vertex 0.00720511 0.005 0.0297133
         vertex -0.0277949 0.005 0.0297133
      endloop
   endfacet
   facet normal 0 1 0
      outer loop
         vertex -0.0277949 0.005 0.0297133
         vertex 0.00720511 0.005 0.0297133
         vertex 0.00720511 0.005 0.00971326
      endloop
   endfacet
   facet normal 0 1 0
      outer loop
         vertex 0.00720511 0.005 0.00971326
         vertex -0.0277949 0.005 0.00971326
         vertex -0.0277949 0.005 0.0297133
      endloop
   endfacet
   facet normal 1 0 0
      outer loop
         vertex -0.0377949 0.002 0.0267133
         vertex -0.0377949 0 0.0267133
         vertex -0.0377949 0 0.0217133
      endloop
   endfacet
   facet normal 1 0 0
      outer loop
         vertex -0.0377949 0 0.0217133
         vertex -0.0377949 0.002 0.0217133
         vertex -0.0377949 0.002 0.0267133
      endloop
   endfacet
   facet normal 0 0 -1
      outer loop
         vertex -0.0377949 0.002 0.0217133
         vertex -0.0377949 0 0.0217133
         vertex -0.0427949 0 0.0217133
      endloop
   endfacet
   facet normal 0 0 -1
      outer loop
         vertex -0.0427949 0 0.0217133
         vertex -0.0427949 0.002 0.0217133
         vertex -0.0377949 0.002 0.0217133
      endloop
   endfacet
   facet normal -1 0 0
      outer loop
         vertex -0.0427949 0.002 0.0217133
         vertex -0.0427949 0 0.0217133
         vertex -0.0427949 0 0.0267133
      endloop
   endfacet
   facet normal -1 0 0
      outer loop
         vertex -0.0427949 0 0.0267133
         vertex -0.0427949 0.002 0.0267133
         vertex -0.0427949 0.002 0.0217133
      endloop
   endfacet
   facet normal 0 0 1
      outer loop
         vertex -0.0427949 0.002 0.0267133
         vertex -0.0427949 0 0.0267133
         vertex -0.0377949 0 0.0267133
      endloop
   endfacet
   facet normal 0 0 1
      outer loop
         vertex -0.0377949 0 0.0267133
         vertex -0.0377949 0.002 0.0267133
         vertex -0.0427949 0.002 0.0267133
      endloop
   endfacet
   facet normal 0 1 0
      outer loop
         vertex -0.0377949 0.002 0.0217133
         vertex -0.0427949 0.002 0.0217133
         vertex -0.0403034 0.002 0.0231654
      endloop
   endfacet
   facet normal 0 1 0
      outer loop
         vertex -0.0427949 0.002 0.0217133
         vertex -0.0410076 0.002 0.0234571
         vertex -0.0406845 0.002 0.0232412
      endloop
   endfacet
   facet normal 0 1 0
      outer loop
         vertex -0.0427949 0.002 0.0217133
         vertex -0.0412994 0.002 0.0241614
         vertex -0.0412235 0.002 0.0237803
      endloop
   endfacet
   facet normal 0 1 0
      outer loop
         vertex -0.0403034 0.002 0.0231654
         vertex -0.0399222 0.002 0.0232412
         vertex -0.0377949 0.002 0.0217133
      endloop
   endfacet
   facet normal 0 1 0
      outer loop
         vertex -0.0412235 0.002 0.0237803
         vertex -0.0410076 0.002 0.0234571
         vertex -0.0427949 0.002 0.0217133
      endloop
   endfacet
   facet normal 0 1 0
      outer loop
         vertex -0.0427949 0.002 0.0267133
         vertex -0.0412235 0.002 0.0245425
         vertex -0.0412994 0.002 0.0241614
      endloop
   endfacet
   facet normal 0 1 0
      outer loop
         vertex -0.0377949 0.002 0.0267133
         vertex -0.0399222 0.002 0.0250815
         vertex -0.0403034 0.002 0.0251574
      endloop
   endfacet
   facet normal 0 1 0
      outer loop
         vertex -0.0377949 0.002 0.0267133
         vertex -0.0377949 0.002 0.0217133
         vertex -0.0393074 0.002 0.0241614
      endloop
   endfacet
   facet normal 0 1 0
      outer loop
         vertex -0.0377949 0.002 0.0217133
         vertex -0.0395991 0.002 0.0234571
         vertex -0.0393832 0.002 0.0237803
      endloop
   endfacet
   facet normal 0 1 0
      outer loop
         vertex -0.0406845 0.002 0.0232412
         vertex -0.0403034 0.002 0.0231654
         vertex -0.0427949 0.002 0.0217133
      endloop
   endfacet
   facet normal 0 1 0
      outer loop
         vertex -0.0427949 0.002 0.0267133
         vertex -0.0410076 0.002 0.0248656
         vertex -0.0412235 0.002 0.0245425
      endloop
   endfacet
   facet normal 0 1 0
      outer loop
         vertex -0.0427949 0.002 0.0267133
         vertex -0.0403034 0.002 0.0251574
         vertex -0.0406845 0.002 0.0250815
      endloop
   endfacet
   facet normal 0 1 0
      outer loop
         vertex -0.0377949 0.002 0.0267133
         vertex -0.0395991 0.002 0.0248656
         vertex -0.0399222 0.002 0.0250815
      endloop
   endfacet
   facet normal 0 1 0
      outer loop
         vertex -0.0393074 0.002 0.0241614
         vertex -0.0393832 0.002 0.0245425
         vertex -0.0377949 0.002 0.0267133
      endloop
   endfacet
   facet normal 0 1 0
      outer loop
         vertex -0.0399222 0.002 0.0232412
         vertex -0.0395991 0.002 0.0234571
         vertex -0.0377949 0.002 0.0217133
      endloop
   endfacet
   facet normal 0 1 0
      outer loop
         vertex -0.0406845 0.002 0.0250815
         vertex -0.0410076 0.002 0.0248656
         vertex -0.0427949 0.002 0.0267133
      endloop
   endfacet
   facet normal 0 1 0
      outer loop
         vertex -0.0393832 0.002 0.0245425
         vertex -0.0395991 0.002 0.0248656
         vertex -0.0377949 0.002 0.0267133
      endloop
   endfacet
   facet normal 0 1 0
      outer loop
         vertex -0.0412994 0.002 0.0241614
         vertex -0.0427949 0.002 0.0217133
         vertex -0.0427949 0.002 0.0267133
      endloop
   endfacet
   facet normal 0 1 0
      outer loop
         vertex -0.0393832 0.002 0.0237803
         vertex -0.0393074 0.002 0.0241614
         vertex -0.0377949 0.002 0.0217133
      endloop
   endfacet
   facet normal 0 1 0
      outer loop
         vertex -0.0403034 0.002 0.0251574
         vertex -0.0427949 0.002 0.0267133
         vertex -0.0377949 0.002 0.0267133
      endloop
   endfacet
   facet normal 1 0 0
      outer loop
         vertex -0.0377949 0.002 0.0167133
         vertex -0.0377949 0 0.0167133
         vertex -0.0377949 0 0.0117133
      endloop
   endfacet
   facet normal 1 0 0
      outer loop
         vertex -0.0377949 0 0.0117133
         vertex -0.0377949 0.002 0.0117133
         vertex -0.0377949 0.002 0.0167133
      endloop
   endfacet
   facet normal 0 0 -1
      outer loop
         vertex -0.0377949 0.002 0.0117133
         vertex -0.0377949 0 0.0117133
         vertex -0.0427949 0 0.0117133
      endloop
   endfacet
   facet normal 0 0 -1
      outer loop
         vertex -0.0427949 0 0.0117133
         vertex -0.0427949 0.002 0.0117133
         vertex -0.0377949 0.002 0.0117133
      endloop
   endfacet
   facet normal -1 0 0
      outer loop
         vertex -0.0427949 0.002 0.0117133
         vertex -0.0427949 0 0.0117133
         vertex -0.0427949 0 0.0167133
      endloop
   endfacet
   facet normal -1 0 0
      outer loop
         vertex -0.0427949 0 0.0167133
         vertex -0.0427949 0.002 0.0167133
         vertex -0.0427949 0.002 0.0117133
      endloop
   endfacet
   facet normal 0 0 1
      outer loop
         vertex -0.0427949 0.002 0.0167133
         vertex -0.0427949 0 0.0167133
         vertex -0.0377949 0 0.0167133
      endloop
   endfacet
   facet normal 0 0 1
      outer loop
         vertex -0.0377949 0 0.0167133
         vertex -0.0377949 0.002 0.0167133
         vertex -0.0427949 0.002 0.0167133
      endloop
   endfacet
   facet normal 0 1 0
      outer loop
         vertex -0.0377949 0.002 0.0117133
         vertex -0.0427949 0.002 0.0117133
         vertex -0.0403034 0.002 0.0130811
      endloop
   endfacet
   facet normal 0 1 0
      outer loop
         vertex -0.0377949 0.002 0.0167133
         vertex -0.0399101 0.002 0.0150583
         vertex -0.0403034 0.002 0.0151365
      endloop
   endfacet
   facet normal 0 1 0
      outer loop
         vertex -0.0377949 0.002 0.0167133
         vertex -0.0393539 0.002 0.0145021
         vertex -0.0395767 0.002 0.0148355
      endloop
   endfacet
   facet normal 0 1 0
      outer loop
         vertex -0.0377949 0.002 0.0167133
         vertex -0.0377949 0.002 0.0117133
         vertex -0.0392757 0.002 0.0141088
      endloop
   endfacet
   facet normal 0 1 0
      outer loop
         vertex -0.0377949 0.002 0.0117133
         vertex -0.0399101 0.002 0.0131593
         vertex -0.0395767 0.002 0.0133821
      endloop
   endfacet
   facet normal 0 1 0
      outer loop
         vertex -0.0427949 0.002 0.0117133
         vertex -0.0406967 0.002 0.0131593
         vertex -0.0403034 0.002 0.0130811
      endloop
   endfacet
   facet normal 0 1 0
      outer loop
         vertex -0.0395767 0.002 0.0148355
         vertex -0.0399101 0.002 0.0150583
         vertex -0.0377949 0.002 0.0167133
      endloop
   endfacet
   facet normal 0 1 0
      outer loop
         vertex -0.0377949 0.002 0.0117133
         vertex -0.0393539 0.002 0.0137155
         vertex -0.0392757 0.002 0.0141088
      endloop
   endfacet
   facet normal 0 1 0
      outer loop
         vertex -0.0403034 0.002 0.0130811
         vertex -0.0399101 0.002 0.0131593
         vertex -0.0377949 0.002 0.0117133
      endloop
   endfacet
   facet normal 0 1 0
      outer loop
         vertex -0.0427949 0.002 0.0117133
         vertex -0.0412528 0.002 0.0137155
         vertex -0.0410301 0.002 0.0133821
      endloop
   endfacet
   facet normal 0 1 0
      outer loop
         vertex -0.0427949 0.002 0.0167133
         vertex -0.0412528 0.002 0.0145021
         vertex -0.0413311 0.002 0.0141088
      endloop
   endfacet
   facet normal 0 1 0
      outer loop
         vertex -0.0427949 0.002 0.0167133
         vertex -0.0406967 0.002 0.0150583
         vertex -0.0410301 0.002 0.0148355
      endloop
   endfacet
   facet normal 0 1 0
      outer loop
         vertex -0.0392757 0.002 0.0141088
         vertex -0.0393539 0.002 0.0145021
         vertex -0.0377949 0.002 0.0167133
      endloop
   endfacet
   facet normal 0 1 0
      outer loop
         vertex -0.0410301 0.002 0.0133821
         vertex -0.0406967 0.002 0.0131593
         vertex -0.0427949 0.002 0.0117133
      endloop
   endfacet
   facet normal 0 1 0
      outer loop
         vertex -0.0413311 0.002 0.0141088
         vertex -0.0427949 0.002 0.0117133
         vertex -0.0427949 0.002 0.0167133
      endloop
   endfacet
   facet normal 0 1 0
      outer loop
         vertex -0.0427949 0.002 0.0167133
         vertex -0.0403034 0.002 0.0151365
         vertex -0.0406967 0.002 0.0150583
      endloop
   endfacet
   facet normal 0 1 0
      outer loop
         vertex -0.0395767 0.002 0.0133821
         vertex -0.0393539 0.002 0.0137155
         vertex -0.0377949 0.002 0.0117133
      endloop
   endfacet
   facet normal 0 1 0
      outer loop
         vertex -0.0410301 0.002 0.0148355
         vertex -0.0412528 0.002 0.0145021
         vertex -0.0427949 0.002 0.0167133
      endloop
   endfacet
   facet normal 0 1 0
      outer loop
         vertex -0.0413311 0.002 0.0141088
         vertex -0.0412528 0.002 0.0137155
         vertex -0.0427949 0.002 0.0117133
      endloop
   endfacet
   facet normal 0 1 0
      outer loop
         vertex -0.0403034 0.002 0.0151365
         vertex -0.0427949 0.002 0.0167133
         vertex -0.0377949 0.002 0.0167133
      endloop
   endfacet
   facet normal 1 0 0
      outer loop
         vertex 0.0192051 0.01 0.019366
         vertex 0.0192051 0.01 0.029366
         vertex 0.0192051 0 0.0272133
      endloop
   endfacet
   facet normal 1 0 0
      outer loop
         vertex 0.0192051 0 0.0272133
         vertex 0.0192051 0 0.0205396
         vertex 0.0192051 0.01 0.019366
      endloop
   endfacet
   facet normal 1 0 0
      outer loop
         vertex 0.0192051 0.01 0.029366
         vertex 0.0192051 0 0.029366
         vertex 0.0192051 0 0.0272133
      endloop
   endfacet
   facet normal 1 0 0
      outer loop
         vertex 0.0192051 0 0.0205396
         vertex 0.0192051 0 0.019366
         vertex 0.0192051 0.01 0.019366
      endloop
   endfacet
   facet normal 0 0 -1
      outer loop
         vertex 0.0192051 0.01 0.019366
         vertex 0.0192051 0 0.019366
         vertex 0.0142051 0 0.019366
      endloop
   endfacet
   facet normal 0 0 -1
      outer loop
         vertex 0.0142051 0 0.019366
         vertex 0.0142051 0.01 0.019366
         vertex 0.0192051 0.01 0.019366
      endloop
   endfacet
   facet normal -1 0 0
      outer loop
         vertex 0.0142051 0.01 0.019366
         vertex 0.0142051 0 0.0205396
         vertex 0.0142051 0 0.0272133
      endloop
   endfacet
   facet normal -1 0 0
      outer loop
         vertex 0.0142051 0 0.0272133
         vertex 0.0142051 0.01 0.029366
         vertex 0.0142051 0.01 0.019366
      endloop
   endfacet
   facet normal -1 0 0
      outer loop
         vertex 0.0142051 0.01 0.019366
         vertex 0.0142051 0 0.019366
         vertex 0.0142051 0 0.0205396
      endloop
   endfacet
   facet normal -1 0 0
      outer loop
         vertex 0.0142051 0 0.0272133
         vertex 0.0142051 0 0.029366
         vertex 0.0142051 0.01 0.029366
      endloop
   endfacet
   facet normal 0 0 1
      outer loop
         vertex 0.0142051 0.01 0.029366
         vertex 0.0142051 0 0.029366
         vertex 0.0192051 0 0.029366
      endloop
   endfacet
   facet normal 0 0 1
      outer loop
         vertex 0.0192051 0 0.029366
         vertex 0.0192051 0.01 0.029366
         vertex 0.0142051 0.01 0.029366
      endloop
   endfacet
   facet normal 0 1 0
      outer loop
         vertex 0.0142051 0.01 0.019366
         vertex 0.0142051 0.01 0.029366
         vertex 0.0143105 0.01 0.0284634
      endloop
   endfacet
   facet normal 0 1 0
      outer loop
         vertex 0.0142051 0.01 0.019366
         vertex 0.0143658 0.01 0.0281856
         vertex 0.0145232 0.01 0.02795
      endloop
   endfacet
   facet normal 0 1 0
      outer loop
         vertex 0.0142051 0.01 0.029366
         vertex 0.0143658 0.01 0.0287413
         vertex 0.0143105 0.01 0.0284634
      endloop
   endfacet
   facet normal 0 1 0
      outer loop
         vertex 0.0192051 0.01 0.029366
         vertex 0.0157074 0.01 0.0287413
         vertex 0.01555 0.01 0.0289768
      endloop
   endfacet
   facet normal 0 1 0
      outer loop
         vertex 0.0192051 0.01 0.029366
         vertex 0.0157074 0.01 0.0281856
         vertex 0.0157627 0.01 0.0284634
      endloop
   endfacet
   facet normal 0 1 0
      outer loop
         vertex 0.0192051 0.01 0.019366
         vertex 0.01555 0.01 0.02795
         vertex 0.0157074 0.01 0.0281856
      endloop
   endfacet
   facet normal 0 1 0
      outer loop
         vertex 0.0192051 0.01 0.019366
         vertex 0.0142051 0.01 0.019366
         vertex 0.0150366 0.01 0.0277373
      endloop
   endfacet
   facet normal 0 1 0
      outer loop
         vertex 0.0143105 0.01 0.0284634
         vertex 0.0143658 0.01 0.0281856
         vertex 0.0142051 0.01 0.019366
      endloop
   endfacet
   facet normal 0 1 0
      outer loop
         vertex 0.0142051 0.01 0.029366
         vertex 0.0147587 0.01 0.0291342
         vertex 0.0145232 0.01 0.0289768
      endloop
   endfacet
   facet normal 0 1 0
      outer loop
         vertex 0.0157627 0.01 0.0284634
         vertex 0.0157074 0.01 0.0287413
         vertex 0.0192051 0.01 0.029366
      endloop
   endfacet
   facet normal 0 1 0
      outer loop
         vertex 0.0192051 0.01 0.019366
         vertex 0.0153144 0.01 0.0277926
         vertex 0.01555 0.01 0.02795
      endloop
   endfacet
   facet normal 0 1 0
      outer loop
         vertex 0.0142051 0.01 0.019366
         vertex 0.0147587 0.01 0.0277926
         vertex 0.0150366 0.01 0.0277373
      endloop
   endfacet
   facet normal 0 1 0
      outer loop
         vertex 0.0145232 0.01 0.0289768
         vertex 0.0143658 0.01 0.0287413
         vertex 0.0142051 0.01 0.029366
      endloop
   endfacet
   facet normal 0 1 0
      outer loop
         vertex 0.0192051 0.01 0.029366
         vertex 0.0153144 0.01 0.0291342
         vertex 0.0150366 0.01 0.0291895
      endloop
   endfacet
   facet normal 0 1 0
      outer loop
         vertex 0.0157074 0.01 0.0281856
         vertex 0.0192051 0.01 0.029366
         vertex 0.0192051 0.01 0.019366
      endloop
   endfacet
   facet normal 0 1 0
      outer loop
         vertex 0.0145232 0.01 0.02795
         vertex 0.0147587 0.01 0.0277926
         vertex 0.0142051 0.01 0.019366
      endloop
   endfacet
   facet normal 0 1 0
      outer loop
         vertex 0.01555 0.01 0.0289768
         vertex 0.0153144 0.01 0.0291342
         vertex 0.0192051 0.01 0.029366
      endloop
   endfacet
   facet normal 0 1 0
      outer loop
         vertex 0.0142051 0.01 0.029366
         vertex 0.0150366 0.01 0.0291895
         vertex 0.0147587 0.01 0.0291342
      endloop
   endfacet
   facet normal 0 1 0
      outer loop
         vertex 0.0150366 0.01 0.0277373
         vertex 0.0153144 0.01 0.0277926
         vertex 0.0192051 0.01 0.019366
      endloop
   endfacet
   facet normal 0 1 0
      outer loop
         vertex 0.0150366 0.01 0.0291895
         vertex 0.0142051 0.01 0.029366
         vertex 0.0192051 0.01 0.029366
      endloop
   endfacet
   facet normal -1 0 0
      outer loop
         vertex 0.0210704 0.01 0.019366
         vertex 0.0210704 0 0.0205396
         vertex 0.0210704 0 0.0272133
      endloop
   endfacet
   facet normal -1 0 0
      outer loop
         vertex 0.0210704 0 0.0272133
         vertex 0.0210704 0.01 0.029366
         vertex 0.0210704 0.01 0.019366
      endloop
   endfacet
   facet normal -1 0 0
      outer loop
         vertex 0.0210704 0.01 0.019366
         vertex 0.0210704 0 0.019366
         vertex 0.0210704 0 0.0205396
      endloop
   endfacet
   facet normal -1 0 0
      outer loop
         vertex 0.0210704 0 0.0272133
         vertex 0.0210704 0 0.029366
         vertex 0.0210704 0.01 0.029366
      endloop
   endfacet
   facet normal 0 0 1
      outer loop
         vertex 0.0210704 0.01 0.029366
         vertex 0.0210704 0 0.029366
         vertex 0.0260704 0 0.029366
      endloop
   endfacet
   facet normal 0 0 1
      outer loop
         vertex 0.0260704 0 0.029366
         vertex 0.0260704 0.01 0.029366
         vertex 0.0210704 0.01 0.029366
      endloop
   endfacet
   facet normal 1 0 0
      outer loop
         vertex 0.0260704 0.01 0.019366
         vertex 0.0260704 0.01 0.029366
         vertex 0.0260704 0 0.0272133
      endloop
   endfacet
   facet normal 1 0 0
      outer loop
         vertex 0.0260704 0 0.0272133
         vertex 0.0260704 0 0.0205396
         vertex 0.0260704 0.01 0.019366
      endloop
   endfacet
   facet normal 1 0 0
      outer loop
         vertex 0.0260704 0.01 0.029366
         vertex 0.0260704 0 0.029366
         vertex 0.0260704 0 0.0272133
      endloop
   endfacet
   facet normal 1 0 0
      outer loop
         vertex 0.0260704 0 0.0205396
         vertex 0.0260704 0 0.019366
         vertex 0.0260704 0.01 0.019366
      endloop
   endfacet
   facet normal 0 0 -1
      outer loop
         vertex 0.0260704 0.01 0.019366
         vertex 0.0260704 0 0.019366
         vertex 0.0210704 0 0.019366
      endloop
   endfacet
   facet normal 0 0 -1
      outer loop
         vertex 0.0210704 0 0.019366
         vertex 0.0210704 0.01 0.019366
         vertex 0.0260704 0.01 0.019366
      endloop
   endfacet
   facet normal 0 1 0
      outer loop
         vertex 0.0260704 0.01 0.029366
         vertex 0.0221491 0.01 0.029132
         vertex 0.0218722 0.01 0.0291871
      endloop
   endfacet
   facet normal 0 1 0
      outer loop
         vertex 0.0260704 0.01 0.029366
         vertex 0.0225408 0.01 0.0287403
         vertex 0.0223839 0.01 0.0289751
      endloop
   endfacet
   facet normal 0 1 0
      outer loop
         vertex 0.0260704 0.01 0.019366
         vertex 0.0223839 0.01 0.0279517
         vertex 0.0225408 0.01 0.0281865
      endloop
   endfacet
   facet normal 0 1 0
      outer loop
         vertex 0.0210704 0.01 0.019366
         vertex 0.0212036 0.01 0.0281865
         vertex 0.0213605 0.01 0.0279517
      endloop
   endfacet
   facet normal 0 1 0
      outer loop
         vertex 0.0210704 0.01 0.019366
         vertex 0.0210704 0.01 0.029366
         vertex 0.0211485 0.01 0.0284634
      endloop
   endfacet
   facet normal 0 1 0
      outer loop
         vertex 0.0223839 0.01 0.0289751
         vertex 0.0221491 0.01 0.029132
         vertex 0.0260704 0.01 0.029366
      endloop
   endfacet
   facet normal 0 1 0
      outer loop
         vertex 0.0260704 0.01 0.029366
         vertex 0.0225408 0.01 0.0281865
         vertex 0.0225958 0.01 0.0284634
      endloop
   endfacet
   facet normal 0 1 0
      outer loop
         vertex 0.0260704 0.01 0.019366
         vertex 0.0221491 0.01 0.0277948
         vertex 0.0223839 0.01 0.0279517
      endloop
   endfacet
   facet normal 0 1 0
      outer loop
         vertex 0.0260704 0.01 0.019366
         vertex 0.0210704 0.01 0.019366
         vertex 0.0218722 0.01 0.0277398
      endloop
   endfacet
   facet normal 0 1 0
      outer loop
         vertex 0.0213605 0.01 0.0279517
         vertex 0.0215953 0.01 0.0277948
         vertex 0.0210704 0.01 0.019366
      endloop
   endfacet
   facet normal 0 1 0
      outer loop
         vertex 0.0210704 0.01 0.029366
         vertex 0.0212036 0.01 0.0287403
         vertex 0.0211485 0.01 0.0284634
      endloop
   endfacet
   facet normal 0 1 0
      outer loop
         vertex 0.0210704 0.01 0.029366
         vertex 0.0215953 0.01 0.029132
         vertex 0.0213605 0.01 0.0289751
      endloop
   endfacet
   facet normal 0 1 0
      outer loop
         vertex 0.0225958 0.01 0.0284634
         vertex 0.0225408 0.01 0.0287403
         vertex 0.0260704 0.01 0.029366
      endloop
   endfacet
   facet normal 0 1 0
      outer loop
         vertex 0.0218722 0.01 0.0277398
         vertex 0.0221491 0.01 0.0277948
         vertex 0.0260704 0.01 0.019366
      endloop
   endfacet
   facet normal 0 1 0
      outer loop
         vertex 0.0211485 0.01 0.0284634
         vertex 0.0212036 0.01 0.0281865
         vertex 0.0210704 0.01 0.019366
      endloop
   endfacet
   facet normal 0 1 0
      outer loop
         vertex 0.0210704 0.01 0.029366
         vertex 0.0218722 0.01 0.0291871
         vertex 0.0215953 0.01 0.029132
      endloop
   endfacet
   facet normal 0 1 0
      outer loop
         vertex 0.0225408 0.01 0.0281865
         vertex 0.0260704 0.01 0.029366
         vertex 0.0260704 0.01 0.019366
      endloop
   endfacet
   facet normal 0 1 0
      outer loop
         vertex 0.0213605 0.01 0.0289751
         vertex 0.0212036 0.01 0.0287403
         vertex 0.0210704 0.01 0.029366
      endloop
   endfacet
   facet normal 0 1 0
      outer loop
         vertex 0.0215953 0.01 0.0277948
         vertex 0.0218722 0.01 0.0277398
         vertex 0.0210704 0.01 0.019366
      endloop
   endfacet
   facet normal 0 1 0
      outer loop
         vertex 0.0218722 0.01 0.0291871
         vertex 0.0210704 0.01 0.029366
         vertex 0.0260704 0.01 0.029366
      endloop
   endfacet
   facet normal 1 0 0
      outer loop
         vertex -0.0393074 0.002 0.0241614
         vertex -0.0393074 0.009 0.0241614
         vertex -0.0393832 0.009 0.0245425
      endloop
   endfacet
   facet normal 0.92388 0 0.382683
      outer loop
         vertex -0.0393832 0.002 0.0245425
         vertex -0.0393832 0.009 0.0245425
         vertex -0.0395991 0.009 0.0248656
      endloop
   endfacet
   facet normal 0.707107 0 0.707107
      outer loop
         vertex -0.0395991 0.002 0.0248656
         vertex -0.0395991 0.009 0.0248656
         vertex -0.0399222 0.009 0.0250815
      endloop
   endfacet
   facet normal 0.382683 0 0.92388
      outer loop
         vertex -0.0399222 0.002 0.0250815
         vertex -0.0399222 0.009 0.0250815
         vertex -0.0403034 0.009 0.0251574
      endloop
   endfacet
   facet normal 6.12323e-17 0 1
      outer loop
         vertex -0.0403034 0.002 0.0251574
         vertex -0.0403034 0.009 0.0251574
         vertex -0.0406845 0.009 0.0250815
      endloop
   endfacet
   facet normal -0.382683 0 0.92388
      outer loop
         vertex -0.0406845 0.002 0.0250815
         vertex -0.0406845 0.009 0.0250815
         vertex -0.0410076 0.009 0.0248656
      endloop
   endfacet
   facet normal -0.707107 0 0.707107
      outer loop
         vertex -0.0410076 0.002 0.0248656
         vertex -0.0410076 0.009 0.0248656
         vertex -0.0412235 0.009 0.0245425
      endloop
   endfacet
   facet normal -0.92388 0 0.382683
      outer loop
         vertex -0.0412235 0.002 0.0245425
         vertex -0.0412235 0.009 0.0245425
         vertex -0.0412994 0.009 0.0241614
      endloop
   endfacet
   facet normal -1 0 1.22465e-16
      outer loop
         vertex -0.0412994 0.002 0.0241614
         vertex -0.0412994 0.009 0.0241614
         vertex -0.0412235 0.009 0.0237803
      endloop
   endfacet
   facet normal -0.92388 0 -0.382683
      outer loop
         vertex -0.0412235 0.002 0.0237803
         vertex -0.0412235 0.009 0.0237803
         vertex -0.0410076 0.009 0.0234571
      endloop
   endfacet
   facet normal -0.707107 0 -0.707107
      outer loop
         vertex -0.0410076 0.002 0.0234571
         vertex -0.0410076 0.009 0.0234571
         vertex -0.0406845 0.009 0.0232412
      endloop
   endfacet
   facet normal -0.382683 0 -0.92388
      outer loop
         vertex -0.0406845 0.002 0.0232412
         vertex -0.0406845 0.009 0.0232412
         vertex -0.0403034 0.009 0.0231654
      endloop
   endfacet
   facet normal -1.83697e-16 0 -1
      outer loop
         vertex -0.0403034 0.002 0.0231654
         vertex -0.0403034 0.009 0.0231654
         vertex -0.0399222 0.009 0.0232412
      endloop
   endfacet
   facet normal 0.382683 0 -0.92388
      outer loop
         vertex -0.0399222 0.002 0.0232412
         vertex -0.0399222 0.009 0.0232412
         vertex -0.0395991 0.009 0.0234571
      endloop
   endfacet
   facet normal 0.707107 0 -0.707107
      outer loop
         vertex -0.0395991 0.002 0.0234571
         vertex -0.0395991 0.009 0.0234571
         vertex -0.0393832 0.009 0.0237803
      endloop
   endfacet
   facet normal 0.92388 0 -0.382683
      outer loop
         vertex -0.0393832 0.002 0.0237803
         vertex -0.0393832 0.009 0.0237803
         vertex -0.0393074 0.009 0.0241614
      endloop
   endfacet
   facet normal 1 0 0
      outer loop
         vertex -0.0393074 0.009 0.0241614
         vertex -0.0393074 0.002 0.0241614
         vertex -0.0393832 0.002 0.0237803
      endloop
   endfacet
   facet normal 0.92388 0 -0.382683
      outer loop
         vertex -0.0393832 0.009 0.0237803
         vertex -0.0393832 0.002 0.0237803
         vertex -0.0395991 0.002 0.0234571
      endloop
   endfacet
   facet normal 0.707107 0 -0.707107
      outer loop
         vertex -0.0395991 0.009 0.0234571
         vertex -0.0395991 0.002 0.0234571
         vertex -0.0399222 0.002 0.0232412
      endloop
   endfacet
   facet normal 0.382683 0 -0.92388
      outer loop
         vertex -0.0399222 0.009 0.0232412
         vertex -0.0399222 0.002 0.0232412
         vertex -0.0403034 0.002 0.0231654
      endloop
   endfacet
   facet normal -1.83697e-16 0 -1
      outer loop
         vertex -0.0403034 0.009 0.0231654
         vertex -0.0403034 0.002 0.0231654
         vertex -0.0406845 0.002 0.0232412
      endloop
   endfacet
   facet normal -0.382683 0 -0.92388
      outer loop
         vertex -0.0406845 0.009 0.0232412
         vertex -0.0406845 0.002 0.0232412
         vertex -0.0410076 0.002 0.0234571
      endloop
   endfacet
   facet normal -0.707107 0 -0.707107
      outer loop
         vertex -0.0410076 0.009 0.0234571
         vertex -0.0410076 0.002 0.0234571
         vertex -0.0412235 0.002 0.0237803
      endloop
   endfacet
   facet normal -0.92388 0 -0.382683
      outer loop
         vertex -0.0412235 0.009 0.0237803
         vertex -0.0412235 0.002 0.0237803
         vertex -0.0412994 0.002 0.0241614
      endloop
   endfacet
   facet normal -1 0 1.22465e-16
      outer loop
         vertex -0.0412994 0.009 0.0241614
         vertex -0.0412994 0.002 0.0241614
         vertex -0.0412235 0.002 0.0245425
      endloop
   endfacet
   facet normal -0.92388 0 0.382683
      outer loop
         vertex -0.0412235 0.009 0.0245425
         vertex -0.0412235 0.002 0.0245425
         vertex -0.0410076 0.002 0.0248656
      endloop
   endfacet
   facet normal -0.707107 0 0.707107
      outer loop
         vertex -0.0410076 0.009 0.0248656
         vertex -0.0410076 0.002 0.0248656
         vertex -0.0406845 0.002 0.0250815
      endloop
   endfacet
   facet normal -0.382683 0 0.92388
      outer loop
         vertex -0.0406845 0.009 0.0250815
         vertex -0.0406845 0.002 0.0250815
         vertex -0.0403034 0.002 0.0251574
      endloop
   endfacet
   facet normal 6.12323e-17 0 1
      outer loop
         vertex -0.0403034 0.009 0.0251574
         vertex -0.0403034 0.002 0.0251574
         vertex -0.0399222 0.002 0.0250815
      endloop
   endfacet
   facet normal 0.382683 0 0.92388
      outer loop
         vertex -0.0399222 0.009 0.0250815
         vertex -0.0399222 0.002 0.0250815
         vertex -0.0395991 0.002 0.0248656
      endloop
   endfacet
   facet normal 0.707107 0 0.707107
      outer loop
         vertex -0.0395991 0.009 0.0248656
         vertex -0.0395991 0.002 0.0248656
         vertex -0.0393832 0.002 0.0245425
      endloop
   endfacet
   facet normal 0.92388 0 0.382683
      outer loop
         vertex -0.0393832 0.009 0.0245425
         vertex -0.0393832 0.002 0.0245425
         vertex -0.0393074 0.002 0.0241614
      endloop
   endfacet
   facet normal 0 1 0
      outer loop
         vertex -0.0403034 0.009 0.0241614
         vertex -0.0412235 0.009 0.0245425
         vertex -0.0410076 0.009 0.0248656
      endloop
   endfacet
   facet normal 0 1 0
      outer loop
         vertex -0.0410076 0.009 0.0248656
         vertex -0.0406845 0.009 0.0250815
         vertex -0.0403034 0.009 0.0241614
      endloop
   endfacet
   facet normal 0 1 0
      outer loop
         vertex -0.0406845 0.009 0.0250815
         vertex -0.0403034 0.009 0.0251574
         vertex -0.0403034 0.009 0.0241614
      endloop
   endfacet
   facet normal 0 1 0
      outer loop
         vertex -0.0403034 0.009 0.0251574
         vertex -0.0399222 0.009 0.0250815
         vertex -0.0403034 0.009 0.0241614
      endloop
   endfacet
   facet normal 0 1 0
      outer loop
         vertex -0.0399222 0.009 0.0250815
         vertex -0.0395991 0.009 0.0248656
         vertex -0.0403034 0.009 0.0241614
      endloop
   endfacet
   facet normal 0 1 0
      outer loop
         vertex -0.0395991 0.009 0.0248656
         vertex -0.0393832 0.009 0.0245425
         vertex -0.0403034 0.009 0.0241614
      endloop
   endfacet
   facet normal 0 1 0
      outer loop
         vertex -0.0393832 0.009 0.0245425
         vertex -0.0393074 0.009 0.0241614
         vertex -0.0403034 0.009 0.0241614
      endloop
   endfacet
   facet normal 0 1 0
      outer loop
         vertex -0.0393074 0.009 0.0241614
         vertex -0.0393832 0.009 0.0237803
         vertex -0.0403034 0.009 0.0241614
      endloop
   endfacet
   facet normal 0 1 0
      outer loop
         vertex -0.0393832 0.009 0.0237803
         vertex -0.0395991 0.009 0.0234571
         vertex -0.0403034 0.009 0.0241614
      endloop
   endfacet
   facet normal 0 1 0
      outer loop
         vertex -0.0395991 0.009 0.0234571
         vertex -0.0399222 0.009 0.0232412
         vertex -0.0403034 0.009 0.0241614
      endloop
   endfacet
   facet normal 0 1 0
      outer loop
         vertex -0.0399222 0.009 0.0232412
         vertex -0.0403034 0.009 0.0231654
         vertex -0.0403034 0.009 0.0241614
      endloop
   endfacet
   facet normal 0 1 0
      outer loop
         vertex -0.0403034 0.009 0.0231654
         vertex -0.0406845 0.009 0.0232412
         vertex -0.0403034 0.009 0.0241614
      endloop
   endfacet
   facet normal 0 1 0
      outer loop
         vertex -0.0406845 0.009 0.0232412
         vertex -0.0410076 0.009 0.0234571
         vertex -0.0403034 0.009 0.0241614
      endloop
   endfacet
   facet normal 0 1 0
      outer loop
         vertex -0.0410076 0.009 0.0234571
         vertex -0.0412235 0.009 0.0237803
         vertex -0.0403034 0.009 0.0241614
      endloop
   endfacet
   facet normal 0 1 0
      outer loop
         vertex -0.0412235 0.009 0.0237803
         vertex -0.0412994 0.009 0.0241614
         vertex -0.0403034 0.009 0.0241614
      endloop
   endfacet
   facet normal 0 1 0
      outer loop
         vertex -0.0412994 0.009 0.0241614
         vertex -0.0412235 0.009 0.0245425
         vertex -0.0403034 0.009 0.0241614
      endloop
   endfacet
   facet normal 1 0 0
      outer loop
         vertex -0.0392757 0.002 0.0141088
         vertex -0.0392757 0.009 0.0141088
         vertex -0.0393539 0.009 0.0145021
      endloop
   endfacet
   facet normal 0.92388 0 0.382683
      outer loop
         vertex -0.0393539 0.002 0.0145021
         vertex -0.0393539 0.009 0.0145021
         vertex -0.0395767 0.009 0.0148355
      endloop
   endfacet
   facet normal 0.707107 0 0.707107
      outer loop
         vertex -0.0395767 0.002 0.0148355
         vertex -0.0395767 0.009 0.0148355
         vertex -0.0399101 0.009 0.0150583
      endloop
   endfacet
   facet normal 0.382683 0 0.92388
      outer loop
         vertex -0.0399101 0.002 0.0150583
         vertex -0.0399101 0.009 0.0150583
         vertex -0.0403034 0.009 0.0151365
      endloop
   endfacet
   facet normal 6.12323e-17 0 1
      outer loop
         vertex -0.0403034 0.002 0.0151365
         vertex -0.0403034 0.009 0.0151365
         vertex -0.0406967 0.009 0.0150583
      endloop
   endfacet
   facet normal -0.382683 0 0.92388
      outer loop
         vertex -0.0406967 0.002 0.0150583
         vertex -0.0406967 0.009 0.0150583
         vertex -0.0410301 0.009 0.0148355
      endloop
   endfacet
   facet normal -0.707107 0 0.707107
      outer loop
         vertex -0.0410301 0.002 0.0148355
         vertex -0.0410301 0.009 0.0148355
         vertex -0.0412528 0.009 0.0145021
      endloop
   endfacet
   facet normal -0.92388 0 0.382683
      outer loop
         vertex -0.0412528 0.002 0.0145021
         vertex -0.0412528 0.009 0.0145021
         vertex -0.0413311 0.009 0.0141088
      endloop
   endfacet
   facet normal -1 0 1.22465e-16
      outer loop
         vertex -0.0413311 0.002 0.0141088
         vertex -0.0413311 0.009 0.0141088
         vertex -0.0412528 0.009 0.0137155
      endloop
   endfacet
   facet normal -0.92388 0 -0.382683
      outer loop
         vertex -0.0412528 0.002 0.0137155
         vertex -0.0412528 0.009 0.0137155
         vertex -0.0410301 0.009 0.0133821
      endloop
   endfacet
   facet normal -0.707107 0 -0.707107
      outer loop
         vertex -0.0410301 0.002 0.0133821
         vertex -0.0410301 0.009 0.0133821
         vertex -0.0406967 0.009 0.0131593
      endloop
   endfacet
   facet normal -0.382683 0 -0.92388
      outer loop
         vertex -0.0406967 0.002 0.0131593
         vertex -0.0406967 0.009 0.0131593
         vertex -0.0403034 0.009 0.0130811
      endloop
   endfacet
   facet normal -1.83697e-16 0 -1
      outer loop
         vertex -0.0403034 0.002 0.0130811
         vertex -0.0403034 0.009 0.0130811
         vertex -0.0399101 0.009 0.0131593
      endloop
   endfacet
   facet normal 0.382683 0 -0.92388
      outer loop
         vertex -0.0399101 0.002 0.0131593
         vertex -0.0399101 0.009 0.0131593
         vertex -0.0395767 0.009 0.0133821
      endloop
   endfacet
   facet normal 0.707107 0 -0.707107
      outer loop
         vertex -0.0395767 0.002 0.0133821
         vertex -0.0395767 0.009 0.0133821
         vertex -0.0393539 0.009 0.0137155
      endloop
   endfacet
   facet normal 0.92388 0 -0.382683
      outer loop
         vertex -0.0393539 0.002 0.0137155
         vertex -0.0393539 0.009 0.0137155
         vertex -0.0392757 0.009 0.0141088
      endloop
   endfacet
   facet normal 1 0 0
      outer loop
         vertex -0.0392757 0.009 0.0141088
         vertex -0.0392757 0.002 0.0141088
         vertex -0.0393539 0.002 0.0137155
      endloop
   endfacet
   facet normal 0.92388 0 -0.382683
      outer loop
         vertex -0.0393539 0.009 0.0137155
         vertex -0.0393539 0.002 0.0137155
         vertex -0.0395767 0.002 0.0133821
      endloop
   endfacet
   facet normal 0.707107 0 -0.707107
      outer loop
         vertex -0.0395767 0.009 0.0133821
         vertex -0.0395767 0.002 0.0133821
         vertex -0.0399101 0.002 0.0131593
      endloop
   endfacet
   facet normal 0.382683 0 -0.92388
      outer loop
         vertex -0.0399101 0.009 0.0131593
         vertex -0.0399101 0.002 0.0131593
         vertex -0.0403034 0.002 0.0130811
      endloop
   endfacet
   facet normal -1.83697e-16 0 -1
      outer loop
         vertex -0.0403034 0.009 0.0130811
         vertex -0.0403034 0.002 0.0130811
         vertex -0.0406967 0.002 0.0131593
      endloop
   endfacet
   facet normal -0.382683 0 -0.92388
      outer loop
         vertex -0.0406967 0.009 0.0131593
         vertex -0.0406967 0.002 0.0131593
         vertex -0.0410301 0.002 0.0133821
      endloop
   endfacet
   facet normal -0.707107 0 -0.707107
      outer loop
         vertex -0.0410301 0.009 0.0133821
         vertex -0.0410301 0.002 0.0133821
         vertex -0.0412528 0.002 0.0137155
      endloop
   endfacet
   facet normal -0.92388 0 -0.382683
      outer loop
         vertex -0.0412528 0.009 0.0137155
         vertex -0.0412528 0.002 0.0137155
         vertex -0.0413311 0.002 0.0141088
      endloop
   endfacet
   facet normal -1 0 1.22465e-16
      outer loop
         vertex -0.0413311 0.009 0.0141088
         vertex -0.0413311 0.002 0.0141088
         vertex -0.0412528 0.002 0.0145021
      endloop
   endfacet
   facet normal -0.92388 0 0.382683
      outer loop
         vertex -0.0412528 0.009 0.0145021
         vertex -0.0412528 0.002 0.0145021
         vertex -0.0410301 0.002 0.0148355
      endloop
   endfacet
   facet normal -0.707107 0 0.707107
      outer loop
         vertex -0.0410301 0.009 0.0148355
         vertex -0.0410301 0.002 0.0148355
         vertex -0.0406967 0.002 0.0150583
      endloop
   endfacet
   facet normal -0.382683 0 0.92388
      outer loop
         vertex -0.0406967 0.009 0.0150583
         vertex -0.0406967 0.002 0.0150583
         vertex -0.0403034 0.002 0.0151365
      endloop
   endfacet
   facet normal 6.12323e-17 0 1
      outer loop
         vertex -0.0403034 0.009 0.0151365
         vertex -0.0403034 0.002 0.0151365
         vertex -0.0399101 0.002 0.0150583
      endloop
   endfacet
   facet normal 0.382683 0 0.92388
      outer loop
         vertex -0.0399101 0.009 0.0150583
         vertex -0.0399101 0.002 0.0150583
         vertex -0.0395767 0.002 0.0148355
      endloop
   endfacet
   facet normal 0.707107 0 0.707107
      outer loop
         vertex -0.0395767 0.009 0.0148355
         vertex -0.0395767 0.002 0.0148355
         vertex -0.0393539 0.002 0.0145021
      endloop
   endfacet
   facet normal 0.92388 0 0.382683
      outer loop
         vertex -0.0393539 0.009 0.0145021
         vertex -0.0393539 0.002 0.0145021
         vertex -0.0392757 0.002 0.0141088
      endloop
   endfacet
   facet normal 0 1 0
      outer loop
         vertex -0.0403034 0.009 0.0141088
         vertex -0.0412528 0.009 0.0145021
         vertex -0.0410301 0.009 0.0148355
      endloop
   endfacet
   facet normal 0 1 0
      outer loop
         vertex -0.0410301 0.009 0.0148355
         vertex -0.0406967 0.009 0.0150583
         vertex -0.0403034 0.009 0.0141088
      endloop
   endfacet
   facet normal 0 1 0
      outer loop
         vertex -0.0406967 0.009 0.0150583
         vertex -0.0403034 0.009 0.0151365
         vertex -0.0403034 0.009 0.0141088
      endloop
   endfacet
   facet normal 0 1 0
      outer loop
         vertex -0.0403034 0.009 0.0151365
         vertex -0.0399101 0.009 0.0150583
         vertex -0.0403034 0.009 0.0141088
      endloop
   endfacet
   facet normal 0 1 0
      outer loop
         vertex -0.0399101 0.009 0.0150583
         vertex -0.0395767 0.009 0.0148355
         vertex -0.0403034 0.009 0.0141088
      endloop
   endfacet
   facet normal 0 1 0
      outer loop
         vertex -0.0395767 0.009 0.0148355
         vertex -0.0393539 0.009 0.0145021
         vertex -0.0403034 0.009 0.0141088
      endloop
   endfacet
   facet normal 0 1 0
      outer loop
         vertex -0.0393539 0.009 0.0145021
         vertex -0.0392757 0.009 0.0141088
         vertex -0.0403034 0.009 0.0141088
      endloop
   endfacet
   facet normal 0 1 0
      outer loop
         vertex -0.0392757 0.009 0.0141088
         vertex -0.0393539 0.009 0.0137155
         vertex -0.0403034 0.009 0.0141088
      endloop
   endfacet
   facet normal 0 1 0
      outer loop
         vertex -0.0393539 0.009 0.0137155
         vertex -0.0395767 0.009 0.0133821
         vertex -0.0403034 0.009 0.0141088
      endloop
   endfacet
   facet normal 0 1 0
      outer loop
         vertex -0.0395767 0.009 0.0133821
         vertex -0.0399101 0.009 0.0131593
         vertex -0.0403034 0.009 0.0141088
      endloop
   endfacet
   facet normal 0 1 0
      outer loop
         vertex -0.0399101 0.009 0.0131593
         vertex -0.0403034 0.009 0.0130811
         vertex -0.0403034 0.009 0.0141088
      endloop
   endfacet
   facet normal 0 1 0
      outer loop
         vertex -0.0403034 0.009 0.0130811
         vertex -0.0406967 0.009 0.0131593
         vertex -0.0403034 0.009 0.0141088
      endloop
   endfacet
   facet normal 0 1 0
      outer loop
         vertex -0.0406967 0.009 0.0131593
         vertex -0.0410301 0.009 0.0133821
         vertex -0.0403034 0.009 0.0141088
      endloop
   endfacet
   facet normal 0 1 0
      outer loop
         vertex -0.0410301 0.009 0.0133821
         vertex -0.0412528 0.009 0.0137155
         vertex -0.0403034 0.009 0.0141088
      endloop
   endfacet
   facet normal 0 1 0
      outer loop
         vertex -0.0412528 0.009 0.0137155
         vertex -0.0413311 0.009 0.0141088
         vertex -0.0403034 0.009 0.0141088
      endloop
   endfacet
   facet normal 0 1 0
      outer loop
         vertex -0.0413311 0.009 0.0141088
         vertex -0.0412528 0.009 0.0145021
         vertex -0.0403034 0.009 0.0141088
      endloop
   endfacet
   facet normal 1 0 0
      outer loop
         vertex 0.0157627 0.01 0.0284634
         vertex 0.0157627 0.011 0.0284634
         vertex 0.0157074 0.011 0.0287413
      endloop
   endfacet
   facet normal 0.92388 0 0.382683
      outer loop
         vertex 0.0157074 0.01 0.0287413
         vertex 0.0157074 0.011 0.0287413
         vertex 0.01555 0.011 0.0289768
      endloop
   endfacet
   facet normal 0.707107 0 0.707107
      outer loop
         vertex 0.01555 0.01 0.0289768
         vertex 0.01555 0.011 0.0289768
         vertex 0.0153144 0.011 0.0291342
      endloop
   endfacet
   facet normal 0.382683 0 0.92388
      outer loop
         vertex 0.0153144 0.01 0.0291342
         vertex 0.0153144 0.011 0.0291342
         vertex 0.0150366 0.011 0.0291895
      endloop
   endfacet
   facet normal 6.12323e-17 0 1
      outer loop
         vertex 0.0150366 0.01 0.0291895
         vertex 0.0150366 0.011 0.0291895
         vertex 0.0147587 0.011 0.0291342
      endloop
   endfacet
   facet normal -0.382683 0 0.92388
      outer loop
         vertex 0.0147587 0.01 0.0291342
         vertex 0.0147587 0.011 0.0291342
         vertex 0.0145232 0.011 0.0289768
      endloop
   endfacet
   facet normal -0.707107 0 0.707107
      outer loop
         vertex 0.0145232 0.01 0.0289768
         vertex 0.0145232 0.011 0.0289768
         vertex 0.0143658 0.011 0.0287413
      endloop
   endfacet
   facet normal -0.92388 0 0.382683
      outer loop
         vertex 0.0143658 0.01 0.0287413
         vertex 0.0143658 0.011 0.0287413
         vertex 0.0143105 0.011 0.0284634
      endloop
   endfacet
   facet normal -1 0 1.22465e-16
      outer loop
         vertex 0.0143105 0.01 0.0284634
         vertex 0.0143105 0.011 0.0284634
         vertex 0.0143658 0.011 0.0281856
      endloop
   endfacet
   facet normal -0.92388 0 -0.382683
      outer loop
         vertex 0.0143658 0.01 0.0281856
         vertex 0.0143658 0.011 0.0281856
         vertex 0.0145232 0.011 0.02795
      endloop
   endfacet
   facet normal -0.707107 0 -0.707107
      outer loop
         vertex 0.0145232 0.01 0.02795
         vertex 0.0145232 0.011 0.02795
         vertex 0.0147587 0.011 0.0277926
      endloop
   endfacet
   facet normal -0.382683 0 -0.92388
      outer loop
         vertex 0.0147587 0.01 0.0277926
         vertex 0.0147587 0.011 0.0277926
         vertex 0.0150366 0.011 0.0277373
      endloop
   endfacet
   facet normal -1.83697e-16 0 -1
      outer loop
         vertex 0.0150366 0.01 0.0277373
         vertex 0.0150366 0.011 0.0277373
         vertex 0.0153144 0.011 0.0277926
      endloop
   endfacet
   facet normal 0.382683 0 -0.92388
      outer loop
         vertex 0.0153144 0.01 0.0277926
         vertex 0.0153144 0.011 0.0277926
         vertex 0.01555 0.011 0.02795
      endloop
   endfacet
   facet normal 0.707107 0 -0.707107
      outer loop
         vertex 0.01555 0.01 0.02795
         vertex 0.01555 0.011 0.02795
         vertex 0.0157074 0.011 0.0281856
      endloop
   endfacet
   facet normal 0.92388 0 -0.382683
      outer loop
         vertex 0.0157074 0.01 0.0281856
         vertex 0.0157074 0.011 0.0281856
         vertex 0.0157627 0.011 0.0284634
      endloop
   endfacet
   facet normal 1 0 0
      outer loop
         vertex 0.0157627 0.011 0.0284634
         vertex 0.0157627 0.01 0.0284634
         vertex 0.0157074 0.01 0.0281856
      endloop
   endfacet
   facet normal 0.92388 0 -0.382683
      outer loop
         vertex 0.0157074 0.011 0.0281856
         vertex 0.0157074 0.01 0.0281856
         vertex 0.01555 0.01 0.02795
      endloop
   endfacet
   facet normal 0.707107 0 -0.707107
      outer loop
         vertex 0.01555 0.011 0.02795
         vertex 0.01555 0.01 0.02795
         vertex 0.0153144 0.01 0.0277926
      endloop
   endfacet
   facet normal 0.382683 0 -0.92388
      outer loop
         vertex 0.0153144 0.011 0.0277926
         vertex 0.0153144 0.01 0.0277926
         vertex 0.0150366 0.01 0.0277373
      endloop
   endfacet
   facet normal -1.83697e-16 0 -1
      outer loop
         vertex 0.0150366 0.011 0.0277373
         vertex 0.0150366 0.01 0.0277373
         vertex 0.0147587 0.01 0.0277926
      endloop
   endfacet
   facet normal -0.382683 0 -0.92388
      outer loop
         vertex 0.0147587 0.011 0.0277926
         vertex 0.0147587 0.01 0.0277926
         vertex 0.0145232 0.01 0.02795
      endloop
   endfacet
   facet normal -0.707107 0 -0.707107
      outer loop
         vertex 0.0145232 0.011 0.02795
         vertex 0.0145232 0.01 0.02795
         vertex 0.0143658 0.01 0.0281856
      endloop
   endfacet
   facet normal -0.92388 0 -0.382683
      outer loop
         vertex 0.0143658 0.011 0.0281856
         vertex 0.0143658 0.01 0.0281856
         vertex 0.0143105 0.01 0.0284634
      endloop
   endfacet
   facet normal -1 0 1.22465e-16
      outer loop
         vertex 0.0143105 0.011 0.0284634
         vertex 0.0143105 0.01 0.0284634
         vertex 0.0143658 0.01 0.0287413
      endloop
   endfacet
   facet normal -0.92388 0 0.382683
      outer loop
         vertex 0.0143658 0.011 0.0287413
         vertex 0.0143658 0.01 0.0287413
         vertex 0.0145232 0.01 0.0289768
      endloop
   endfacet
   facet normal -0.707107 0 0.707107
      outer loop
         vertex 0.0145232 0.011 0.0289768
         vertex 0.0145232 0.01 0.0289768
         vertex 0.0147587 0.01 0.0291342
      endloop
   endfacet
   facet normal -0.382683 0 0.92388
      outer loop
         vertex 0.0147587 0.011 0.0291342
         vertex 0.0147587 0.01 0.0291342
         vertex 0.0150366 0.01 0.0291895
      endloop
   endfacet
   facet normal 6.12323e-17 0 1
      outer loop
         vertex 0.0150366 0.011 0.0291895
         vertex 0.0150366 0.01 0.0291895
         vertex 0.0153144 0.01 0.0291342
      endloop
   endfacet
   facet normal 0.382683 0 0.92388
      outer loop
         vertex 0.0153144 0.011 0.0291342
         vertex 0.0153144 0.01 0.0291342
         vertex 0.01555 0.01 0.0289768
      endloop
   endfacet
   facet normal 0.707107 0 0.707107
      outer loop
         vertex 0.01555 0.011 0.0289768
         vertex 0.01555 0.01 0.0289768
         vertex 0.0157074 0.01 0.0287413
      endloop
   endfacet
   facet normal 0.92388 0 0.382683
      outer loop
         vertex 0.0157074 0.011 0.0287413
         vertex 0.0157074 0.01 0.0287413
         vertex 0.0157627 0.01 0.0284634
      endloop
   endfacet
   facet normal 0 1 0
      outer loop
         vertex 0.0150366 0.011 0.0284634
         vertex 0.0143658 0.011 0.0287413
         vertex 0.0145232 0.011 0.0289768
      endloop
   endfacet
   facet normal 0 1 0
      outer loop
         vertex 0.0145232 0.011 0.0289768
         vertex 0.0147587 0.011 0.0291342
         vertex 0.0150366 0.011 0.0284634
      endloop
   endfacet
   facet normal 0 1 0
      outer loop
         vertex 0.0147587 0.011 0.0291342
         vertex 0.0150366 0.011 0.0291895
         vertex 0.0150366 0.011 0.0284634
      endloop
   endfacet
   facet normal 0 1 0
      outer loop
         vertex 0.0150366 0.011 0.0291895
         vertex 0.0153144 0.011 0.0291342
         vertex 0.0150366 0.011 0.0284634
      endloop
   endfacet
   facet normal 0 1 0
      outer loop
         vertex 0.0153144 0.011 0.0291342
         vertex 0.01555 0.011 0.0289768
         vertex 0.0150366 0.011 0.0284634
      endloop
   endfacet
   facet normal 0 1 0
      outer loop
         vertex 0.01555 0.011 0.0289768
         vertex 0.0157074 0.011 0.0287413
         vertex 0.0150366 0.011 0.0284634
      endloop
   endfacet
   facet normal 0 1 0
      outer loop
         vertex 0.0157074 0.011 0.0287413
         vertex 0.0157627 0.011 0.0284634
         vertex 0.0150366 0.011 0.0284634
      endloop
   endfacet
   facet normal 0 1 0
      outer loop
         vertex 0.0157627 0.011 0.0284634
         vertex 0.0157074 0.011 0.0281856
         vertex 0.0150366 0.011 0.0284634
      endloop
   endfacet
   facet normal 0 1 0
      outer loop
         vertex 0.0157074 0.011 0.0281856
         vertex 0.01555 0.011 0.02795
         vertex 0.0150366 0.011 0.0284634
      endloop
   endfacet
   facet normal 0 1 0
      outer loop
         vertex 0.01555 0.011 0.02795
         vertex 0.0153144 0.011 0.0277926
         vertex 0.0150366 0.011 0.0284634
      endloop
   endfacet
   facet normal 0 1 0
      outer loop
         vertex 0.0153144 0.011 0.0277926
         vertex 0.0150366 0.011 0.0277373
         vertex 0.0150366 0.011 0.0284634
      endloop
   endfacet
   facet normal 0 1 0
      outer loop
         vertex 0.0150366 0.011 0.0277373
         vertex 0.0147587 0.011 0.0277926
         vertex 0.0150366 0.011 0.0284634
      endloop
   endfacet
   facet normal 0 1 0
      outer loop
         vertex 0.0147587 0.011 0.0277926
         vertex 0.0145232 0.011 0.02795
         vertex 0.0150366 0.011 0.0284634
      endloop
   endfacet
   facet normal 0 1 0
      outer loop
         vertex 0.0145232 0.011 0.02795
         vertex 0.0143658 0.011 0.0281856
         vertex 0.0150366 0.011 0.0284634
      endloop
   endfacet
   facet normal 0 1 0
      outer loop
         vertex 0.0143658 0.011 0.0281856
         vertex 0.0143105 0.011 0.0284634
         vertex 0.0150366 0.011 0.0284634
      endloop
   endfacet
   facet normal 0 1 0
      outer loop
         vertex 0.0143105 0.011 0.0284634
         vertex 0.0143658 0.011 0.0287413
         vertex 0.0150366 0.011 0.0284634
      endloop
   endfacet
   facet normal 1 0 0
      outer loop
         vertex 0.0225958 0.01 0.0284634
         vertex 0.0225958 0.011 0.0284634
         vertex 0.0225408 0.011 0.0287403
      endloop
   endfacet
   facet normal 0.92388 0 0.382683
      outer loop
         vertex 0.0225408 0.01 0.0287403
         vertex 0.0225408 0.011 0.0287403
         vertex 0.0223839 0.011 0.0289751
      endloop
   endfacet
   facet normal 0.707107 0 0.707107
      outer loop
         vertex 0.0223839 0.01 0.0289751
         vertex 0.0223839 0.011 0.0289751
         vertex 0.0221491 0.011 0.029132
      endloop
   endfacet
   facet normal 0.382683 0 0.92388
      outer loop
         vertex 0.0221491 0.01 0.029132
         vertex 0.0221491 0.011 0.029132
         vertex 0.0218722 0.011 0.0291871
      endloop
   endfacet
   facet normal 6.12323e-17 0 1
      outer loop
         vertex 0.0218722 0.01 0.0291871
         vertex 0.0218722 0.011 0.0291871
         vertex 0.0215953 0.011 0.029132
      endloop
   endfacet
   facet normal -0.382683 0 0.92388
      outer loop
         vertex 0.0215953 0.01 0.029132
         vertex 0.0215953 0.011 0.029132
         vertex 0.0213605 0.011 0.0289751
      endloop
   endfacet
   facet normal -0.707107 0 0.707107
      outer loop
         vertex 0.0213605 0.01 0.0289751
         vertex 0.0213605 0.011 0.0289751
         vertex 0.0212036 0.011 0.0287403
      endloop
   endfacet
   facet normal -0.92388 0 0.382683
      outer loop
         vertex 0.0212036 0.01 0.0287403
         vertex 0.0212036 0.011 0.0287403
         vertex 0.0211485 0.011 0.0284634
      endloop
   endfacet
   facet normal -1 0 1.22465e-16
      outer loop
         vertex 0.0211485 0.01 0.0284634
         vertex 0.0211485 0.011 0.0284634
         vertex 0.0212036 0.011 0.0281865
      endloop
   endfacet
   facet normal -0.92388 0 -0.382683
      outer loop
         vertex 0.0212036 0.01 0.0281865
         vertex 0.0212036 0.011 0.0281865
         vertex 0.0213605 0.011 0.0279517
      endloop
   endfacet
   facet normal -0.707107 0 -0.707107
      outer loop
         vertex 0.0213605 0.01 0.0279517
         vertex 0.0213605 0.011 0.0279517
         vertex 0.0215953 0.011 0.0277948
      endloop
   endfacet
   facet normal -0.382683 0 -0.92388
      outer loop
         vertex 0.0215953 0.01 0.0277948
         vertex 0.0215953 0.011 0.0277948
         vertex 0.0218722 0.011 0.0277398
      endloop
   endfacet
   facet normal -1.83697e-16 0 -1
      outer loop
         vertex 0.0218722 0.01 0.0277398
         vertex 0.0218722 0.011 0.0277398
         vertex 0.0221491 0.011 0.0277948
      endloop
   endfacet
   facet normal 0.382683 0 -0.92388
      outer loop
         vertex 0.0221491 0.01 0.0277948
         vertex 0.0221491 0.011 0.0277948
         vertex 0.0223839 0.011 0.0279517
      endloop
   endfacet
   facet normal 0.707107 0 -0.707107
      outer loop
         vertex 0.0223839 0.01 0.0279517
         vertex 0.0223839 0.011 0.0279517
         vertex 0.0225408 0.011 0.0281865
      endloop
   endfacet
   facet normal 0.92388 0 -0.382683
      outer loop
         vertex 0.0225408 0.01 0.0281865
         vertex 0.0225408 0.011 0.0281865
         vertex 0.0225958 0.011 0.0284634
      endloop
   endfacet
   facet normal 1 0 0
      outer loop
         vertex 0.0225958 0.011 0.0284634
         vertex 0.0225958 0.01 0.0284634
         vertex 0.0225408 0.01 0.0281865
      endloop
   endfacet
   facet normal 0.92388 0 -0.382683
      outer loop
         vertex 0.0225408 0.011 0.0281865
         vertex 0.0225408 0.01 0.0281865
         vertex 0.0223839 0.01 0.0279517
      endloop
   endfacet
   facet normal 0.707107 0 -0.707107
      outer loop
         vertex 0.0223839 0.011 0.0279517
         vertex 0.0223839 0.01 0.0279517
         vertex 0.0221491 0.01 0.0277948
      endloop
   endfacet
   facet normal 0.382683 0 -0.92388
      outer loop
         vertex 0.0221491 0.011 0.0277948
         vertex 0.0221491 0.01 0.0277948
         vertex 0.0218722 0.01 0.0277398
      endloop
   endfacet
   facet normal -1.83697e-16 0 -1
      outer loop
         vertex 0.0218722 0.011 0.0277398
         vertex 0.0218722 0.01 0.0277398
         vertex 0.0215953 0.01 0.0277948
      endloop
   endfacet
   facet normal -0.382683 0 -0.92388
      outer loop
         vertex 0.0215953 0.011 0.0277948
         vertex 0.0215953 0.01 0.0277948
         vertex 0.0213605 0.01 0.0279517
      endloop
   endfacet
   facet normal -0.707107 0 -0.707107
      outer loop
         vertex 0.0213605 0.011 0.0279517
         vertex 0.0213605 0.01 0.0279517
         vertex 0.0212036 0.01 0.0281865
      endloop
   endfacet
   facet normal -0.92388 0 -0.382683
      outer loop
         vertex 0.0212036 0.011 0.0281865
         vertex 0.0212036 0.01 0.0281865
         vertex 0.0211485 0.01 0.0284634
      endloop
   endfacet
   facet normal -1 0 1.22465e-16
      outer loop
         vertex 0.0211485 0.011 0.0284634
         vertex 0.0211485 0.01 0.0284634
         vertex 0.0212036 0.01 0.0287403
      endloop
   endfacet
   facet normal -0.92388 0 0.382683
      outer loop
         vertex 0.0212036 0.011 0.0287403
         vertex 0.0212036 0.01 0.0287403
         vertex 0.0213605 0.01 0.0289751
      endloop
   endfacet
   facet normal -0.707107 0 0.707107
      outer loop
         vertex 0.0213605 0.011 0.0289751
         vertex 0.0213605 0.01 0.0289751
         vertex 0.0215953 0.01 0.029132
      endloop
   endfacet
   facet normal -0.382683 0 0.92388
      outer loop
         vertex 0.0215953 0.011 0.029132
         vertex 0.0215953 0.01 0.029132
         vertex 0.0218722 0.01 0.0291871
      endloop
   endfacet
   facet normal 6.12323e-17 0 1
      outer loop
         vertex 0.0218722 0.011 0.0291871
         vertex 0.0218722 0.01 0.0291871
         vertex 0.0221491 0.01 0.029132
      endloop
   endfacet
   facet normal 0.382683 0 0.92388
      outer loop
         vertex 0.0221491 0.011 0.029132
         vertex 0.0221491 0.01 0.029132
         vertex 0.0223839 0.01 0.0289751
      endloop
   endfacet
   facet normal 0.707107 0 0.707107
      outer loop
         vertex 0.0223839 0.011 0.0289751
         vertex 0.0223839 0.01 0.0289751
         vertex 0.0225408 0.01 0.0287403
      endloop
   endfacet
   facet normal 0.92388 0 0.382683
      outer loop
         vertex 0.0225408 0.011 0.0287403
         vertex 0.0225408 0.01 0.0287403
         vertex 0.0225958 0.01 0.0284634
      endloop
   endfacet
   facet normal 0 1 0
      outer loop
         vertex 0.0218722 0.011 0.0284634
         vertex 0.0212036 0.011 0.0287403
         vertex 0.0213605 0.011 0.0289751
      endloop
   endfacet
   facet normal 0 1 0
      outer loop
         vertex 0.0213605 0.011 0.0289751
         vertex 0.0215953 0.011 0.029132
         vertex 0.0218722 0.011 0.0284634
      endloop
   endfacet
   facet normal 0 1 0
      outer loop
         vertex 0.0215953 0.011 0.029132
         vertex 0.0218722 0.011 0.0291871
         vertex 0.0218722 0.011 0.0284634
      endloop
   endfacet
   facet normal 0 1 0
      outer loop
         vertex 0.0218722 0.011 0.0291871
         vertex 0.0221491 0.011 0.029132
         vertex 0.0218722 0.011 0.0284634
      endloop
   endfacet
   facet normal 0 1 0
      outer loop
         vertex 0.0221491 0.011 0.029132
         vertex 0.0223839 0.011 0.0289751
         vertex 0.0218722 0.011 0.0284634
      endloop
   endfacet
   facet normal 0 1 0
      outer loop
         vertex 0.0223839 0.011 0.0289751
         vertex 0.0225408 0.011 0.0287403
         vertex 0.0218722 0.011 0.0284634
      endloop
   endfacet
   facet normal 0 1 0
      outer loop
         vertex 0.0225408 0.011 0.0287403
         vertex 0.0225958 0.011 0.0284634
         vertex 0.0218722 0.011 0.0284634
      endloop
   endfacet
   facet normal 0 1 0
      outer loop
         vertex 0.0225958 0.011 0.0284634
         vertex 0.0225408 0.011 0.0281865
         vertex 0.0218722 0.011 0.0284634
      endloop
   endfacet
   facet normal 0 1 0
      outer loop
         vertex 0.0225408 0.011 0.0281865
         vertex 0.0223839 0.011 0.0279517
         vertex 0.0218722 0.011 0.0284634
      endloop
   endfacet
   facet normal 0 1 0
      outer loop
         vertex 0.0223839 0.011 0.0279517
         vertex 0.0221491 0.011 0.0277948
         vertex 0.0218722 0.011 0.0284634
      endloop
   endfacet
   facet normal 0 1 0
      outer loop
         vertex 0.0221491 0.011 0.0277948
         vertex 0.0218722 0.011 0.0277398
         vertex 0.0218722 0.011 0.0284634
      endloop
   endfacet
   facet normal 0 1 0
      outer loop
         vertex 0.0218722 0.011 0.0277398
         vertex 0.0215953 0.011 0.0277948
         vertex 0.0218722 0.011 0.0284634
      endloop
   endfacet
   facet normal 0 1 0
      outer loop
         vertex 0.0215953 0.011 0.0277948
         vertex 0.0213605 0.011 0.0279517
         vertex 0.0218722 0.011 0.0284634
      endloop
   endfacet
   facet normal 0 1 0
      outer loop
         vertex 0.0213605 0.011 0.0279517
         vertex 0.0212036 0.011 0.0281865
         vertex 0.0218722 0.011 0.0284634
      endloop
   endfacet
   facet normal 0 1 0
      outer loop
         vertex 0.0212036 0.011 0.0281865
         vertex 0.0211485 0.011 0.0284634
         vertex 0.0218722 0.011 0.0284634
      endloop
   endfacet
   facet normal 0 1 0
      outer loop
         vertex 0.0211485 0.011 0.0284634
         vertex 0.0212036 0.011 0.0287403
         vertex 0.0218722 0.011 0.0284634
      endloop
   endfacet
endsolid Part 1. Units = meters