solid 2.54 mm DUPONT MALE PIN HEADER, IO, 2X20, RPi4ModelB. STL generated by ONSHAPE BY PTC INC, 1.213. Units = meters
   facet normal -0.707107 -0.707107 0
      outer loop
         vertex 0.02286 -0.00214 0.0025
         vertex 0.02286 -0.00214 0
         vertex 0.02326 -0.00254 0
      endloop
   endfacet
   facet normal -0.707107 -0.707107 0
      outer loop
         vertex 0.02326 -0.00254 0
         vertex 0.02326 -0.00254 0.0025
         vertex 0.02286 -0.00214 0.0025
      endloop
   endfacet
   facet normal 0 -1 0
      outer loop
         vertex 0.02326 -0.00254 0.0025
         vertex 0.02326 -0.00254 0
         vertex 0.025 -0.00254 0
      endloop
   endfacet
   facet normal 0 -1 0
      outer loop
         vertex 0.025 -0.00254 0
         vertex 0.025 -0.00254 0.0025
         vertex 0.02326 -0.00254 0.0025
      endloop
   endfacet
   facet normal 0.707107 -0.707107 0
      outer loop
         vertex 0.025 -0.00254 0.0025
         vertex 0.025 -0.00254 0
         vertex 0.0254 -0.00214 0
      endloop
   endfacet
   facet normal 0.707107 -0.707107 0
      outer loop
         vertex 0.0254 -0.00214 0
         vertex 0.0254 -0.00214 0.0025
         vertex 0.025 -0.00254 0.0025
      endloop
   endfacet
   facet normal 0.707107 -0.707107 0
      outer loop
         vertex 0.02246 -0.00254 0.0025
         vertex 0.02246 -0.00254 0
         vertex 0.02286 -0.00214 0
      endloop
   endfacet
   facet normal 0.707107 -0.707107 0
      outer loop
         vertex 0.02286 -0.00214 0
         vertex 0.02286 -0.00214 0.0025
         vertex 0.02246 -0.00254 0.0025
      endloop
   endfacet
   facet normal 0 -1 0
      outer loop
         vertex 0.02072 -0.00254 0.0025
         vertex 0.02072 -0.00254 0
         vertex 0.02246 -0.00254 0
      endloop
   endfacet
   facet normal 0 -1 0
      outer loop
         vertex 0.02246 -0.00254 0
         vertex 0.02246 -0.00254 0.0025
         vertex 0.02072 -0.00254 0.0025
      endloop
   endfacet
   facet normal -0.707107 -0.707107 0
      outer loop
         vertex 0.02032 -0.00214 0.0025
         vertex 0.02032 -0.00214 0
         vertex 0.02072 -0.00254 0
      endloop
   endfacet
   facet normal -0.707107 -0.707107 0
      outer loop
         vertex 0.02072 -0.00254 0
         vertex 0.02072 -0.00254 0.0025
         vertex 0.02032 -0.00214 0.0025
      endloop
   endfacet
   facet normal 0.707107 -0.707107 0
      outer loop
         vertex 0.01992 -0.00254 0.0025
         vertex 0.01992 -0.00254 0
         vertex 0.02032 -0.00214 0
      endloop
   endfacet
   facet normal 0.707107 -0.707107 0
      outer loop
         vertex 0.02032 -0.00214 0
         vertex 0.02032 -0.00214 0.0025
         vertex 0.01992 -0.00254 0.0025
      endloop
   endfacet
   facet normal 0 -1 0
      outer loop
         vertex 0.01818 -0.00254 0.0025
         vertex 0.01818 -0.00254 0
         vertex 0.01992 -0.00254 0
      endloop
   endfacet
   facet normal 0 -1 0
      outer loop
         vertex 0.01992 -0.00254 0
         vertex 0.01992 -0.00254 0.0025
         vertex 0.01818 -0.00254 0.0025
      endloop
   endfacet
   facet normal -0.707107 -0.707107 0
      outer loop
         vertex 0.01778 -0.00214 0.0025
         vertex 0.01778 -0.00214 0
         vertex 0.01818 -0.00254 0
      endloop
   endfacet
   facet normal -0.707107 -0.707107 0
      outer loop
         vertex 0.01818 -0.00254 0
         vertex 0.01818 -0.00254 0.0025
         vertex 0.01778 -0.00214 0.0025
      endloop
   endfacet
   facet normal 0.707107 -0.707107 0
      outer loop
         vertex 0.01738 -0.00254 0.0025
         vertex 0.01738 -0.00254 0
         vertex 0.01778 -0.00214 0
      endloop
   endfacet
   facet normal 0.707107 -0.707107 0
      outer loop
         vertex 0.01778 -0.00214 0
         vertex 0.01778 -0.00214 0.0025
         vertex 0.01738 -0.00254 0.0025
      endloop
   endfacet
   facet normal 0 -1 0
      outer loop
         vertex 0.01564 -0.00254 0.0025
         vertex 0.01564 -0.00254 0
         vertex 0.01738 -0.00254 0
      endloop
   endfacet
   facet normal 0 -1 0
      outer loop
         vertex 0.01738 -0.00254 0
         vertex 0.01738 -0.00254 0.0025
         vertex 0.01564 -0.00254 0.0025
      endloop
   endfacet
   facet normal -0.707107 -0.707107 0
      outer loop
         vertex 0.01524 -0.00214 0.0025
         vertex 0.01524 -0.00214 0
         vertex 0.01564 -0.00254 0
      endloop
   endfacet
   facet normal -0.707107 -0.707107 0
      outer loop
         vertex 0.01564 -0.00254 0
         vertex 0.01564 -0.00254 0.0025
         vertex 0.01524 -0.00214 0.0025
      endloop
   endfacet
   facet normal 0.707107 -0.707107 0
      outer loop
         vertex 0.01484 -0.00254 0.0025
         vertex 0.01484 -0.00254 0
         vertex 0.01524 -0.00214 0
      endloop
   endfacet
   facet normal 0.707107 -0.707107 0
      outer loop
         vertex 0.01524 -0.00214 0
         vertex 0.01524 -0.00214 0.0025
         vertex 0.01484 -0.00254 0.0025
      endloop
   endfacet
   facet normal 0 -1 0
      outer loop
         vertex 0.0131 -0.00254 0.0025
         vertex 0.0131 -0.00254 0
         vertex 0.01484 -0.00254 0
      endloop
   endfacet
   facet normal 0 -1 0
      outer loop
         vertex 0.01484 -0.00254 0
         vertex 0.01484 -0.00254 0.0025
         vertex 0.0131 -0.00254 0.0025
      endloop
   endfacet
   facet normal -0.707107 -0.707107 0
      outer loop
         vertex 0.0127 -0.00214 0.0025
         vertex 0.0127 -0.00214 0
         vertex 0.0131 -0.00254 0
      endloop
   endfacet
   facet normal -0.707107 -0.707107 0
      outer loop
         vertex 0.0131 -0.00254 0
         vertex 0.0131 -0.00254 0.0025
         vertex 0.0127 -0.00214 0.0025
      endloop
   endfacet
   facet normal 0.707107 -0.707107 0
      outer loop
         vertex 0.0123 -0.00254 0.0025
         vertex 0.0123 -0.00254 0
         vertex 0.0127 -0.00214 0
      endloop
   endfacet
   facet normal 0.707107 -0.707107 0
      outer loop
         vertex 0.0127 -0.00214 0
         vertex 0.0127 -0.00214 0.0025
         vertex 0.0123 -0.00254 0.0025
      endloop
   endfacet
   facet normal 0 -1 0
      outer loop
         vertex 0.01056 -0.00254 0.0025
         vertex 0.01056 -0.00254 0
         vertex 0.0123 -0.00254 0
      endloop
   endfacet
   facet normal 0 -1 0
      outer loop
         vertex 0.0123 -0.00254 0
         vertex 0.0123 -0.00254 0.0025
         vertex 0.01056 -0.00254 0.0025
      endloop
   endfacet
   facet normal -0.707107 -0.707107 0
      outer loop
         vertex 0.01016 -0.00214 0.0025
         vertex 0.01016 -0.00214 0
         vertex 0.01056 -0.00254 0
      endloop
   endfacet
   facet normal -0.707107 -0.707107 0
      outer loop
         vertex 0.01056 -0.00254 0
         vertex 0.01056 -0.00254 0.0025
         vertex 0.01016 -0.00214 0.0025
      endloop
   endfacet
   facet normal 0.707107 -0.707107 0
      outer loop
         vertex 0.00976 -0.00254 0.0025
         vertex 0.00976 -0.00254 0
         vertex 0.01016 -0.00214 0
      endloop
   endfacet
   facet normal 0.707107 -0.707107 0
      outer loop
         vertex 0.01016 -0.00214 0
         vertex 0.01016 -0.00214 0.0025
         vertex 0.00976 -0.00254 0.0025
      endloop
   endfacet
   facet normal 0 -1 0
      outer loop
         vertex 0.00802 -0.00254 0.0025
         vertex 0.00802 -0.00254 0
         vertex 0.00976 -0.00254 0
      endloop
   endfacet
   facet normal 0 -1 0
      outer loop
         vertex 0.00976 -0.00254 0
         vertex 0.00976 -0.00254 0.0025
         vertex 0.00802 -0.00254 0.0025
      endloop
   endfacet
   facet normal -0.707107 -0.707107 0
      outer loop
         vertex 0.00762 -0.00214 0.0025
         vertex 0.00762 -0.00214 0
         vertex 0.00802 -0.00254 0
      endloop
   endfacet
   facet normal -0.707107 -0.707107 0
      outer loop
         vertex 0.00802 -0.00254 0
         vertex 0.00802 -0.00254 0.0025
         vertex 0.00762 -0.00214 0.0025
      endloop
   endfacet
   facet normal 0.707107 -0.707107 0
      outer loop
         vertex 0.00722 -0.00254 0.0025
         vertex 0.00722 -0.00254 0
         vertex 0.00762 -0.00214 0
      endloop
   endfacet
   facet normal 0.707107 -0.707107 0
      outer loop
         vertex 0.00762 -0.00214 0
         vertex 0.00762 -0.00214 0.0025
         vertex 0.00722 -0.00254 0.0025
      endloop
   endfacet
   facet normal 0 -1 0
      outer loop
         vertex 0.00548 -0.00254 0.0025
         vertex 0.00548 -0.00254 0
         vertex 0.00722 -0.00254 0
      endloop
   endfacet
   facet normal 0 -1 0
      outer loop
         vertex 0.00722 -0.00254 0
         vertex 0.00722 -0.00254 0.0025
         vertex 0.00548 -0.00254 0.0025
      endloop
   endfacet
   facet normal -0.707107 -0.707107 0
      outer loop
         vertex 0.00508 -0.00214 0.0025
         vertex 0.00508 -0.00214 0
         vertex 0.00548 -0.00254 0
      endloop
   endfacet
   facet normal -0.707107 -0.707107 0
      outer loop
         vertex 0.00548 -0.00254 0
         vertex 0.00548 -0.00254 0.0025
         vertex 0.00508 -0.00214 0.0025
      endloop
   endfacet
   facet normal 0.707107 -0.707107 0
      outer loop
         vertex 0.00468 -0.00254 0.0025
         vertex 0.00468 -0.00254 0
         vertex 0.00508 -0.00214 0
      endloop
   endfacet
   facet normal 0.707107 -0.707107 0
      outer loop
         vertex 0.00508 -0.00214 0
         vertex 0.00508 -0.00214 0.0025
         vertex 0.00468 -0.00254 0.0025
      endloop
   endfacet
   facet normal 0 -1 0
      outer loop
         vertex 0.00294 -0.00254 0.0025
         vertex 0.00294 -0.00254 0
         vertex 0.00468 -0.00254 0
      endloop
   endfacet
   facet normal 0 -1 0
      outer loop
         vertex 0.00468 -0.00254 0
         vertex 0.00468 -0.00254 0.0025
         vertex 0.00294 -0.00254 0.0025
      endloop
   endfacet
   facet normal -0.707107 -0.707107 0
      outer loop
         vertex 0.00254 -0.00214 0.0025
         vertex 0.00254 -0.00214 0
         vertex 0.00294 -0.00254 0
      endloop
   endfacet
   facet normal -0.707107 -0.707107 0
      outer loop
         vertex 0.00294 -0.00254 0
         vertex 0.00294 -0.00254 0.0025
         vertex 0.00254 -0.00214 0.0025
      endloop
   endfacet
   facet normal 0.707107 -0.707107 0
      outer loop
         vertex 0.00214 -0.00254 0.0025
         vertex 0.00214 -0.00254 0
         vertex 0.00254 -0.00214 0
      endloop
   endfacet
   facet normal 0.707107 -0.707107 0
      outer loop
         vertex 0.00254 -0.00214 0
         vertex 0.00254 -0.00214 0.0025
         vertex 0.00214 -0.00254 0.0025
      endloop
   endfacet
   facet normal 0 -1 0
      outer loop
         vertex 0.0004 -0.00254 0.0025
         vertex 0.0004 -0.00254 0
         vertex 0.00214 -0.00254 0
      endloop
   endfacet
   facet normal 0 -1 0
      outer loop
         vertex 0.00214 -0.00254 0
         vertex 0.00214 -0.00254 0.0025
         vertex 0.0004 -0.00254 0.0025
      endloop
   endfacet
   facet normal -0.707107 -0.707107 0
      outer loop
         vertex -1.4456e-19 -0.00214 0.0025
         vertex -1.4456e-19 -0.00214 0
         vertex 0.0004 -0.00254 0
      endloop
   endfacet
   facet normal -0.707107 -0.707107 0
      outer loop
         vertex 0.0004 -0.00254 0
         vertex 0.0004 -0.00254 0.0025
         vertex -1.4456e-19 -0.00214 0.0025
      endloop
   endfacet
   facet normal 0.707107 -0.707107 0
      outer loop
         vertex -0.0004 -0.00254 0.0025
         vertex -0.0004 -0.00254 0
         vertex -1.4456e-19 -0.00214 0
      endloop
   endfacet
   facet normal 0.707107 -0.707107 0
      outer loop
         vertex -1.4456e-19 -0.00214 0
         vertex -1.4456e-19 -0.00214 0.0025
         vertex -0.0004 -0.00254 0.0025
      endloop
   endfacet
   facet normal 0 -1 0
      outer loop
         vertex -0.00214 -0.00254 0.0025
         vertex -0.00214 -0.00254 0
         vertex -0.0004 -0.00254 0
      endloop
   endfacet
   facet normal 0 -1 0
      outer loop
         vertex -0.0004 -0.00254 0
         vertex -0.0004 -0.00254 0.0025
         vertex -0.00214 -0.00254 0.0025
      endloop
   endfacet
   facet normal -0.707107 -0.707107 0
      outer loop
         vertex -0.00254 -0.00214 0.0025
         vertex -0.00254 -0.00214 0
         vertex -0.00214 -0.00254 0
      endloop
   endfacet
   facet normal -0.707107 -0.707107 0
      outer loop
         vertex -0.00214 -0.00254 0
         vertex -0.00214 -0.00254 0.0025
         vertex -0.00254 -0.00214 0.0025
      endloop
   endfacet
   facet normal 0.707107 -0.707107 0
      outer loop
         vertex -0.00294 -0.00254 0.0025
         vertex -0.00294 -0.00254 0
         vertex -0.00254 -0.00214 0
      endloop
   endfacet
   facet normal 0.707107 -0.707107 0
      outer loop
         vertex -0.00254 -0.00214 0
         vertex -0.00254 -0.00214 0.0025
         vertex -0.00294 -0.00254 0.0025
      endloop
   endfacet
   facet normal 0 -1 0
      outer loop
         vertex -0.00468 -0.00254 0.0025
         vertex -0.00468 -0.00254 0
         vertex -0.00294 -0.00254 0
      endloop
   endfacet
   facet normal 0 -1 0
      outer loop
         vertex -0.00294 -0.00254 0
         vertex -0.00294 -0.00254 0.0025
         vertex -0.00468 -0.00254 0.0025
      endloop
   endfacet
   facet normal -0.707107 -0.707107 0
      outer loop
         vertex -0.00508 -0.00214 0.0025
         vertex -0.00508 -0.00214 0
         vertex -0.00468 -0.00254 0
      endloop
   endfacet
   facet normal -0.707107 -0.707107 0
      outer loop
         vertex -0.00468 -0.00254 0
         vertex -0.00468 -0.00254 0.0025
         vertex -0.00508 -0.00214 0.0025
      endloop
   endfacet
   facet normal 0.707107 -0.707107 0
      outer loop
         vertex -0.00548 -0.00254 0.0025
         vertex -0.00548 -0.00254 0
         vertex -0.00508 -0.00214 0
      endloop
   endfacet
   facet normal 0.707107 -0.707107 0
      outer loop
         vertex -0.00508 -0.00214 0
         vertex -0.00508 -0.00214 0.0025
         vertex -0.00548 -0.00254 0.0025
      endloop
   endfacet
   facet normal 0 -1 0
      outer loop
         vertex -0.00722 -0.00254 0.0025
         vertex -0.00722 -0.00254 0
         vertex -0.00548 -0.00254 0
      endloop
   endfacet
   facet normal 0 -1 0
      outer loop
         vertex -0.00548 -0.00254 0
         vertex -0.00548 -0.00254 0.0025
         vertex -0.00722 -0.00254 0.0025
      endloop
   endfacet
   facet normal -0.707107 -0.707107 0
      outer loop
         vertex -0.00762 -0.00214 0.0025
         vertex -0.00762 -0.00214 0
         vertex -0.00722 -0.00254 0
      endloop
   endfacet
   facet normal -0.707107 -0.707107 0
      outer loop
         vertex -0.00722 -0.00254 0
         vertex -0.00722 -0.00254 0.0025
         vertex -0.00762 -0.00214 0.0025
      endloop
   endfacet
   facet normal 0.707107 -0.707107 0
      outer loop
         vertex -0.00802 -0.00254 0.0025
         vertex -0.00802 -0.00254 0
         vertex -0.00762 -0.00214 0
      endloop
   endfacet
   facet normal 0.707107 -0.707107 0
      outer loop
         vertex -0.00762 -0.00214 0
         vertex -0.00762 -0.00214 0.0025
         vertex -0.00802 -0.00254 0.0025
      endloop
   endfacet
   facet normal 0 -1 0
      outer loop
         vertex -0.00976 -0.00254 0.0025
         vertex -0.00976 -0.00254 0
         vertex -0.00802 -0.00254 0
      endloop
   endfacet
   facet normal 0 -1 0
      outer loop
         vertex -0.00802 -0.00254 0
         vertex -0.00802 -0.00254 0.0025
         vertex -0.00976 -0.00254 0.0025
      endloop
   endfacet
   facet normal -0.707107 -0.707107 0
      outer loop
         vertex -0.01016 -0.00214 0.0025
         vertex -0.01016 -0.00214 0
         vertex -0.00976 -0.00254 0
      endloop
   endfacet
   facet normal -0.707107 -0.707107 0
      outer loop
         vertex -0.00976 -0.00254 0
         vertex -0.00976 -0.00254 0.0025
         vertex -0.01016 -0.00214 0.0025
      endloop
   endfacet
   facet normal 0.707107 -0.707107 0
      outer loop
         vertex -0.01056 -0.00254 0.0025
         vertex -0.01056 -0.00254 0
         vertex -0.01016 -0.00214 0
      endloop
   endfacet
   facet normal 0.707107 -0.707107 0
      outer loop
         vertex -0.01016 -0.00214 0
         vertex -0.01016 -0.00214 0.0025
         vertex -0.01056 -0.00254 0.0025
      endloop
   endfacet
   facet normal 0 -1 0
      outer loop
         vertex -0.0123 -0.00254 0.0025
         vertex -0.0123 -0.00254 0
         vertex -0.01056 -0.00254 0
      endloop
   endfacet
   facet normal 0 -1 0
      outer loop
         vertex -0.01056 -0.00254 0
         vertex -0.01056 -0.00254 0.0025
         vertex -0.0123 -0.00254 0.0025
      endloop
   endfacet
   facet normal -0.707107 -0.707107 0
      outer loop
         vertex -0.0127 -0.00214 0.0025
         vertex -0.0127 -0.00214 0
         vertex -0.0123 -0.00254 0
      endloop
   endfacet
   facet normal -0.707107 -0.707107 0
      outer loop
         vertex -0.0123 -0.00254 0
         vertex -0.0123 -0.00254 0.0025
         vertex -0.0127 -0.00214 0.0025
      endloop
   endfacet
   facet normal 0.707107 -0.707107 0
      outer loop
         vertex -0.0131 -0.00254 0.0025
         vertex -0.0131 -0.00254 0
         vertex -0.0127 -0.00214 0
      endloop
   endfacet
   facet normal 0.707107 -0.707107 0
      outer loop
         vertex -0.0127 -0.00214 0
         vertex -0.0127 -0.00214 0.0025
         vertex -0.0131 -0.00254 0.0025
      endloop
   endfacet
   facet normal 0 -1 0
      outer loop
         vertex -0.01484 -0.00254 0.0025
         vertex -0.01484 -0.00254 0
         vertex -0.0131 -0.00254 0
      endloop
   endfacet
   facet normal 0 -1 0
      outer loop
         vertex -0.0131 -0.00254 0
         vertex -0.0131 -0.00254 0.0025
         vertex -0.01484 -0.00254 0.0025
      endloop
   endfacet
   facet normal -0.707107 -0.707107 0
      outer loop
         vertex -0.01524 -0.00214 0.0025
         vertex -0.01524 -0.00214 0
         vertex -0.01484 -0.00254 0
      endloop
   endfacet
   facet normal -0.707107 -0.707107 0
      outer loop
         vertex -0.01484 -0.00254 0
         vertex -0.01484 -0.00254 0.0025
         vertex -0.01524 -0.00214 0.0025
      endloop
   endfacet
   facet normal 0.707107 -0.707107 0
      outer loop
         vertex -0.01564 -0.00254 0.0025
         vertex -0.01564 -0.00254 0
         vertex -0.01524 -0.00214 0
      endloop
   endfacet
   facet normal 0.707107 -0.707107 0
      outer loop
         vertex -0.01524 -0.00214 0
         vertex -0.01524 -0.00214 0.0025
         vertex -0.01564 -0.00254 0.0025
      endloop
   endfacet
   facet normal 0 -1 0
      outer loop
         vertex -0.01738 -0.00254 0.0025
         vertex -0.01738 -0.00254 0
         vertex -0.01564 -0.00254 0
      endloop
   endfacet
   facet normal 0 -1 0
      outer loop
         vertex -0.01564 -0.00254 0
         vertex -0.01564 -0.00254 0.0025
         vertex -0.01738 -0.00254 0.0025
      endloop
   endfacet
   facet normal -0.707107 -0.707107 0
      outer loop
         vertex -0.01778 -0.00214 0.0025
         vertex -0.01778 -0.00214 0
         vertex -0.01738 -0.00254 0
      endloop
   endfacet
   facet normal -0.707107 -0.707107 0
      outer loop
         vertex -0.01738 -0.00254 0
         vertex -0.01738 -0.00254 0.0025
         vertex -0.01778 -0.00214 0.0025
      endloop
   endfacet
   facet normal 0.707107 -0.707107 0
      outer loop
         vertex -0.01818 -0.00254 0.0025
         vertex -0.01818 -0.00254 0
         vertex -0.01778 -0.00214 0
      endloop
   endfacet
   facet normal 0.707107 -0.707107 0
      outer loop
         vertex -0.01778 -0.00214 0
         vertex -0.01778 -0.00214 0.0025
         vertex -0.01818 -0.00254 0.0025
      endloop
   endfacet
   facet normal 0 -1 0
      outer loop
         vertex -0.01992 -0.00254 0.0025
         vertex -0.01992 -0.00254 0
         vertex -0.01818 -0.00254 0
      endloop
   endfacet
   facet normal 0 -1 0
      outer loop
         vertex -0.01818 -0.00254 0
         vertex -0.01818 -0.00254 0.0025
         vertex -0.01992 -0.00254 0.0025
      endloop
   endfacet
   facet normal -0.707107 -0.707107 0
      outer loop
         vertex -0.02032 -0.00214 0.0025
         vertex -0.02032 -0.00214 0
         vertex -0.01992 -0.00254 0
      endloop
   endfacet
   facet normal -0.707107 -0.707107 0
      outer loop
         vertex -0.01992 -0.00254 0
         vertex -0.01992 -0.00254 0.0025
         vertex -0.02032 -0.00214 0.0025
      endloop
   endfacet
   facet normal 0.707107 -0.707107 0
      outer loop
         vertex -0.02072 -0.00254 0.0025
         vertex -0.02072 -0.00254 0
         vertex -0.02032 -0.00214 0
      endloop
   endfacet
   facet normal 0.707107 -0.707107 0
      outer loop
         vertex -0.02032 -0.00214 0
         vertex -0.02032 -0.00214 0.0025
         vertex -0.02072 -0.00254 0.0025
      endloop
   endfacet
   facet normal 0 -1 0
      outer loop
         vertex -0.02246 -0.00254 0.0025
         vertex -0.02246 -0.00254 0
         vertex -0.02072 -0.00254 0
      endloop
   endfacet
   facet normal 0 -1 0
      outer loop
         vertex -0.02072 -0.00254 0
         vertex -0.02072 -0.00254 0.0025
         vertex -0.02246 -0.00254 0.0025
      endloop
   endfacet
   facet normal -0.707107 -0.707107 0
      outer loop
         vertex -0.02286 -0.00214 0.0025
         vertex -0.02286 -0.00214 0
         vertex -0.02246 -0.00254 0
      endloop
   endfacet
   facet normal -0.707107 -0.707107 0
      outer loop
         vertex -0.02246 -0.00254 0
         vertex -0.02246 -0.00254 0.0025
         vertex -0.02286 -0.00214 0.0025
      endloop
   endfacet
   facet normal 0.707107 -0.707107 0
      outer loop
         vertex -0.02326 -0.00254 0.0025
         vertex -0.02326 -0.00254 0
         vertex -0.02286 -0.00214 0
      endloop
   endfacet
   facet normal 0.707107 -0.707107 0
      outer loop
         vertex -0.02286 -0.00214 0
         vertex -0.02286 -0.00214 0.0025
         vertex -0.02326 -0.00254 0.0025
      endloop
   endfacet
   facet normal 0 -1 0
      outer loop
         vertex -0.02326 -0.00254 0
         vertex -0.02326 -0.00254 0.0025
         vertex -0.024925 -0.00254 0.0025
      endloop
   endfacet
   facet normal 0 -1 0
      outer loop
         vertex -0.024925 -0.00254 0.0025
         vertex -0.025 -0.00254 0
         vertex -0.02326 -0.00254 0
      endloop
   endfacet
   facet normal 0 -1 0
      outer loop
         vertex -0.024925 -0.00254 0.0025
         vertex -0.025 -0.00254 0.0025
         vertex -0.025 -0.00254 0
      endloop
   endfacet
   facet normal -0.707107 -0.707107 0
      outer loop
         vertex -0.0254 -0.00214 0.0025
         vertex -0.0254 -0.00214 0
         vertex -0.025 -0.00254 0
      endloop
   endfacet
   facet normal -0.707107 -0.707107 0
      outer loop
         vertex -0.025 -0.00254 0
         vertex -0.025 -0.00254 0.0025
         vertex -0.0254 -0.00214 0.0025
      endloop
   endfacet
   facet normal 0 0 -1
      outer loop
         vertex -0.0254 -0.00209 0
         vertex -0.0127 -0.00214 0
         vertex -0.01524 -0.00214 0
      endloop
   endfacet
   facet normal 0 0 -1
      outer loop
         vertex -0.0254 -0.00209 0
         vertex -0.01016 -0.00214 0
         vertex -0.0127 -0.00214 0
      endloop
   endfacet
   facet normal 0 0 -1
      outer loop
         vertex -0.0254 -0.00209 0
         vertex -0.00762 -0.00214 0
         vertex -0.01016 -0.00214 0
      endloop
   endfacet
   facet normal 0 0 -1
      outer loop
         vertex -0.0254 -0.00209 0
         vertex -0.00508 -0.00214 0
         vertex -0.00762 -0.00214 0
      endloop
   endfacet
   facet normal 0 0 -1
      outer loop
         vertex -0.0254 -0.00209 0
         vertex -0.00254 -0.00214 0
         vertex -0.00508 -0.00214 0
      endloop
   endfacet
   facet normal 0 0 -1
      outer loop
         vertex -0.0254 -0.00209 0
         vertex -1.4456e-19 -0.00214 0
         vertex -0.00254 -0.00214 0
      endloop
   endfacet
   facet normal 0 0 -1
      outer loop
         vertex 0.0254 -0.00209 0
         vertex 0.00254 -0.00214 0
         vertex -1.4456e-19 -0.00214 0
      endloop
   endfacet
   facet normal 0 0 -1
      outer loop
         vertex -1.4456e-19 -0.00214 0
         vertex -0.0254 -0.00209 0
         vertex 0.0254 -0.00209 0
      endloop
   endfacet
   facet normal 0 0 -1
      outer loop
         vertex 0.0254 -0.00209 0
         vertex 0.00508 -0.00214 0
         vertex 0.00254 -0.00214 0
      endloop
   endfacet
   facet normal 0 0 -1
      outer loop
         vertex 0.0254 -0.00209 0
         vertex 0.00762 -0.00214 0
         vertex 0.00508 -0.00214 0
      endloop
   endfacet
   facet normal 0 0 -1
      outer loop
         vertex -0.01524 -0.00214 0
         vertex -0.01738 -0.00254 0
         vertex -0.01778 -0.00214 0
      endloop
   endfacet
   facet normal 0 0 -1
      outer loop
         vertex -0.01524 -0.00214 0
         vertex -0.01778 -0.00214 0
         vertex -0.0254 -0.00209 0
      endloop
   endfacet
   facet normal 0 0 -1
      outer loop
         vertex -0.02032 -0.00214 0
         vertex -0.01778 -0.00214 0
         vertex -0.01818 -0.00254 0
      endloop
   endfacet
   facet normal 0 0 -1
      outer loop
         vertex -1.4456e-19 -0.00214 0
         vertex -0.00214 -0.00254 0
         vertex -0.00254 -0.00214 0
      endloop
   endfacet
   facet normal 0 0 -1
      outer loop
         vertex -0.01818 -0.00254 0
         vertex -0.01992 -0.00254 0
         vertex -0.02032 -0.00214 0
      endloop
   endfacet
   facet normal 0 0 -1
      outer loop
         vertex -0.01524 -0.00214 0
         vertex -0.01564 -0.00254 0
         vertex -0.01738 -0.00254 0
      endloop
   endfacet
   facet normal 0 0 -1
      outer loop
         vertex -1.4456e-19 -0.00214 0
         vertex -0.0004 -0.00254 0
         vertex -0.00214 -0.00254 0
      endloop
   endfacet
   facet normal 0 0 -1
      outer loop
         vertex -1.4456e-19 -0.00214 0
         vertex 0.00254 -0.00214 0
         vertex 0.00214 -0.00254 0
      endloop
   endfacet
   facet normal 0 0 -1
      outer loop
         vertex 0.00214 -0.00254 0
         vertex 0.0004 -0.00254 0
         vertex -1.4456e-19 -0.00214 0
      endloop
   endfacet
   facet normal 0 0 -1
      outer loop
         vertex 0.00254 -0.00214 0
         vertex 0.00508 -0.00214 0
         vertex 0.00468 -0.00254 0
      endloop
   endfacet
   facet normal 0 0 -1
      outer loop
         vertex 0.00468 -0.00254 0
         vertex 0.00294 -0.00254 0
         vertex 0.00254 -0.00214 0
      endloop
   endfacet
   facet normal 0 0 -1
      outer loop
         vertex -0.01524 -0.00214 0
         vertex -0.0127 -0.00214 0
         vertex -0.0131 -0.00254 0
      endloop
   endfacet
   facet normal 0 0 -1
      outer loop
         vertex 0.0254 -0.00209 0
         vertex 0.01778 -0.00214 0
         vertex 0.01524 -0.00214 0
      endloop
   endfacet
   facet normal 0 0 -1
      outer loop
         vertex -0.0131 -0.00254 0
         vertex -0.01484 -0.00254 0
         vertex -0.01524 -0.00214 0
      endloop
   endfacet
   facet normal 0 0 -1
      outer loop
         vertex -0.0127 -0.00214 0
         vertex -0.01016 -0.00214 0
         vertex -0.01056 -0.00254 0
      endloop
   endfacet
   facet normal 0 0 -1
      outer loop
         vertex 0.0254 -0.00209 0
         vertex 0.0127 -0.00214 0
         vertex 0.01016 -0.00214 0
      endloop
   endfacet
   facet normal 0 0 -1
      outer loop
         vertex 0.0254 -0.00209 0
         vertex 0.02032 -0.00214 0
         vertex 0.01778 -0.00214 0
      endloop
   endfacet
   facet normal 0 0 -1
      outer loop
         vertex -0.01056 -0.00254 0
         vertex -0.0123 -0.00254 0
         vertex -0.0127 -0.00214 0
      endloop
   endfacet
   facet normal 0 0 -1
      outer loop
         vertex -0.00762 -0.00214 0
         vertex -0.00802 -0.00254 0
         vertex -0.00976 -0.00254 0
      endloop
   endfacet
   facet normal 0 0 -1
      outer loop
         vertex 0.01016 -0.00214 0
         vertex 0.00762 -0.00214 0
         vertex 0.0254 -0.00209 0
      endloop
   endfacet
   facet normal 0 0 -1
      outer loop
         vertex 0.01524 -0.00214 0
         vertex 0.0127 -0.00214 0
         vertex 0.0254 -0.00209 0
      endloop
   endfacet
   facet normal 0 0 -1
      outer loop
         vertex 0.01778 -0.00214 0
         vertex 0.02032 -0.00214 0
         vertex 0.01992 -0.00254 0
      endloop
   endfacet
   facet normal 0 0 -1
      outer loop
         vertex -0.00976 -0.00254 0
         vertex -0.01016 -0.00214 0
         vertex -0.00762 -0.00214 0
      endloop
   endfacet
   facet normal 0 0 -1
      outer loop
         vertex -0.00508 -0.00214 0
         vertex -0.00548 -0.00254 0
         vertex -0.00722 -0.00254 0
      endloop
   endfacet
   facet normal 0 0 -1
      outer loop
         vertex 0.01016 -0.00214 0
         vertex 0.00802 -0.00254 0
         vertex 0.00762 -0.00214 0
      endloop
   endfacet
   facet normal 0 0 -1
      outer loop
         vertex 0.01016 -0.00214 0
         vertex 0.0127 -0.00214 0
         vertex 0.0123 -0.00254 0
      endloop
   endfacet
   facet normal 0 0 -1
      outer loop
         vertex 0.01992 -0.00254 0
         vertex 0.01818 -0.00254 0
         vertex 0.01778 -0.00214 0
      endloop
   endfacet
   facet normal 0 0 -1
      outer loop
         vertex -0.00722 -0.00254 0
         vertex -0.00762 -0.00214 0
         vertex -0.00508 -0.00214 0
      endloop
   endfacet
   facet normal 0 0 -1
      outer loop
         vertex -0.00254 -0.00214 0
         vertex -0.00294 -0.00254 0
         vertex -0.00468 -0.00254 0
      endloop
   endfacet
   facet normal 0 0 -1
      outer loop
         vertex 0.0123 -0.00254 0
         vertex 0.01056 -0.00254 0
         vertex 0.01016 -0.00214 0
      endloop
   endfacet
   facet normal 0 0 -1
      outer loop
         vertex 0.01524 -0.00214 0
         vertex 0.0131 -0.00254 0
         vertex 0.0127 -0.00214 0
      endloop
   endfacet
   facet normal 0 0 -1
      outer loop
         vertex -0.0254 -0.00214 0
         vertex -0.02286 -0.00214 0
         vertex -0.02326 -0.00254 0
      endloop
   endfacet
   facet normal 0 0 -1
      outer loop
         vertex -0.02286 -0.00214 0
         vertex -0.02032 -0.00214 0
         vertex -0.02072 -0.00254 0
      endloop
   endfacet
   facet normal 0 0 -1
      outer loop
         vertex -0.00468 -0.00254 0
         vertex -0.00508 -0.00214 0
         vertex -0.00254 -0.00214 0
      endloop
   endfacet
   facet normal 0 0 -1
      outer loop
         vertex 0.00508 -0.00214 0
         vertex 0.00762 -0.00214 0
         vertex 0.00722 -0.00254 0
      endloop
   endfacet
   facet normal 0 0 -1
      outer loop
         vertex 0.01524 -0.00214 0
         vertex 0.01484 -0.00254 0
         vertex 0.0131 -0.00254 0
      endloop
   endfacet
   facet normal 0 0 -1
      outer loop
         vertex 0.01524 -0.00214 0
         vertex 0.01778 -0.00214 0
         vertex 0.01738 -0.00254 0
      endloop
   endfacet
   facet normal 0 0 -1
      outer loop
         vertex -0.02326 -0.00254 0
         vertex -0.025 -0.00254 0
         vertex -0.0254 -0.00214 0
      endloop
   endfacet
   facet normal 0 0 -1
      outer loop
         vertex -0.02072 -0.00254 0
         vertex -0.02246 -0.00254 0
         vertex -0.02286 -0.00214 0
      endloop
   endfacet
   facet normal 0 0 -1
      outer loop
         vertex 0.00722 -0.00254 0
         vertex 0.00548 -0.00254 0
         vertex 0.00508 -0.00214 0
      endloop
   endfacet
   facet normal 0 0 -1
      outer loop
         vertex 0.01738 -0.00254 0
         vertex 0.01564 -0.00254 0
         vertex 0.01524 -0.00214 0
      endloop
   endfacet
   facet normal 0 0 -1
      outer loop
         vertex -0.02286 -0.00214 0
         vertex -0.0254 -0.00209 0
         vertex -0.02032 -0.00214 0
      endloop
   endfacet
   facet normal 0 0 -1
      outer loop
         vertex 0.01016 -0.00214 0
         vertex 0.00976 -0.00254 0
         vertex 0.00802 -0.00254 0
      endloop
   endfacet
   facet normal 0 0 -1
      outer loop
         vertex 0.02032 -0.00214 0
         vertex 0.02286 -0.00214 0
         vertex 0.02246 -0.00254 0
      endloop
   endfacet
   facet normal 0 0 -1
      outer loop
         vertex -0.02032 -0.00214 0
         vertex -0.0254 -0.00209 0
         vertex -0.01778 -0.00214 0
      endloop
   endfacet
   facet normal 0 0 -1
      outer loop
         vertex 0.02032 -0.00214 0
         vertex 0.0254 -0.00209 0
         vertex 0.02286 -0.00214 0
      endloop
   endfacet
   facet normal 0 0 -1
      outer loop
         vertex 0.0254 -0.00214 0
         vertex 0.025 -0.00254 0
         vertex 0.02326 -0.00254 0
      endloop
   endfacet
   facet normal 0 0 -1
      outer loop
         vertex 0.02246 -0.00254 0
         vertex 0.02072 -0.00254 0
         vertex 0.02032 -0.00214 0
      endloop
   endfacet
   facet normal 0 0 -1
      outer loop
         vertex 0.02286 -0.00214 0
         vertex 0.0254 -0.00209 0
         vertex 0.0254 -0.00214 0
      endloop
   endfacet
   facet normal 0 0 -1
      outer loop
         vertex 0.02326 -0.00254 0
         vertex 0.02286 -0.00214 0
         vertex 0.0254 -0.00214 0
      endloop
   endfacet
   facet normal 0 0 -1
      outer loop
         vertex -0.0254 -0.00214 0
         vertex -0.0254 -0.00209 0
         vertex -0.02286 -0.00214 0
      endloop
   endfacet
   facet normal 0 1 0
      outer loop
         vertex 0.0254 -0.00209 0
         vertex 0.01778 -0.00209 0.0006
         vertex 0.02032 -0.00209 0.0006
      endloop
   endfacet
   facet normal 0 1 0
      outer loop
         vertex 0.0254 -0.00209 0
         vertex 0.01524 -0.00209 0.0006
         vertex 0.01778 -0.00209 0.0006
      endloop
   endfacet
   facet normal 0 1 0
      outer loop
         vertex 0.0254 -0.00209 0
         vertex 0.0127 -0.00209 0.0006
         vertex 0.01524 -0.00209 0.0006
      endloop
   endfacet
   facet normal 0 1 0
      outer loop
         vertex 0.0254 -0.00209 0
         vertex 0.00762 -0.00209 0.0006
         vertex 0.0127 -0.00209 0.0006
      endloop
   endfacet
   facet normal 0 1 0
      outer loop
         vertex 0.0254 -0.00209 0
         vertex 0.00254 -0.00209 0.0006
         vertex 0.00508 -0.00209 0.0006
      endloop
   endfacet
   facet normal 0 1 0
      outer loop
         vertex 0.00508 -0.00209 0.0006
         vertex 0.00762 -0.00209 0.0006
         vertex 0.0254 -0.00209 0
      endloop
   endfacet
   facet normal 0 1 0
      outer loop
         vertex 0.0254 -0.00209 0
         vertex -0.00508 -0.00209 0.0006
         vertex 0 -0.00209 0.0006
      endloop
   endfacet
   facet normal 0 1 0
      outer loop
         vertex 0 -0.00209 0.0006
         vertex 0.00254 -0.00209 0.0006
         vertex 0.0254 -0.00209 0
      endloop
   endfacet
   facet normal 0 1 0
      outer loop
         vertex -0.0254 -0.00209 0
         vertex -0.00762 -0.00209 0.0006
         vertex -0.00508 -0.00209 0.0006
      endloop
   endfacet
   facet normal 0 1 0
      outer loop
         vertex -0.00508 -0.00209 0.0006
         vertex 0.0254 -0.00209 0
         vertex -0.0254 -0.00209 0
      endloop
   endfacet
   facet normal 0 1 0
      outer loop
         vertex -0.0254 -0.00209 0
         vertex -0.01016 -0.00209 0.0006
         vertex -0.00762 -0.00209 0.0006
      endloop
   endfacet
   facet normal 0 1 0
      outer loop
         vertex -0.0254 -0.00209 0
         vertex -0.0127 -0.00209 0.0006
         vertex -0.01016 -0.00209 0.0006
      endloop
   endfacet
   facet normal 0 1 0
      outer loop
         vertex -0.0254 -0.00209 0
         vertex -0.01778 -0.00209 0.0006
         vertex -0.0127 -0.00209 0.0006
      endloop
   endfacet
   facet normal 0 1 0
      outer loop
         vertex -0.0254 -0.00209 0
         vertex -0.02032 -0.00209 0.0006
         vertex -0.01778 -0.00209 0.0006
      endloop
   endfacet
   facet normal 0 1 0
      outer loop
         vertex -0.0254 -0.00209 0
         vertex -0.02286 -0.00209 0.0006
         vertex -0.02032 -0.00209 0.0006
      endloop
   endfacet
   facet normal 0 1 0
      outer loop
         vertex -0.0254 -0.00209 0
         vertex -0.024925 -0.00209 0.0006
         vertex -0.02286 -0.00209 0.0006
      endloop
   endfacet
   facet normal 0 1 0
      outer loop
         vertex -0.0254 -0.00209 0
         vertex -0.0254 -0.00209 0.0006
         vertex -0.024925 -0.00209 0.0006
      endloop
   endfacet
   facet normal 0 1 0
      outer loop
         vertex 0.02032 -0.00209 0.0006
         vertex 0.0254 -0.00209 0.0006
         vertex 0.0254 -0.00209 0
      endloop
   endfacet
   facet normal -1 0 0
      outer loop
         vertex -0.0254 -0.0004 0.0025
         vertex -0.0254 -0.00045 0.0006
         vertex -0.0254 -0.00184 0.0006
      endloop
   endfacet
   facet normal -1 0 0
      outer loop
         vertex -0.0254 -0.00184 0.0006
         vertex -0.0254 -0.002065 0.0025
         vertex -0.0254 -0.0004 0.0025
      endloop
   endfacet
   facet normal -1 0 0
      outer loop
         vertex -0.0254 -0.00214 0
         vertex -0.0254 -0.00214 0.0025
         vertex -0.0254 -0.00209 0.0006
      endloop
   endfacet
   facet normal -1 0 0
      outer loop
         vertex -0.0254 -0.00209 0.0006
         vertex -0.0254 -0.00214 0.0025
         vertex -0.0254 -0.002065 0.0025
      endloop
   endfacet
   facet normal -1 0 0
      outer loop
         vertex -0.0254 -0.00184 0.0006
         vertex -0.0254 -0.00209 0.0006
         vertex -0.0254 -0.002065 0.0025
      endloop
   endfacet
   facet normal -1 0 0
      outer loop
         vertex -0.0254 -0.0004 0
         vertex -0.0254 -0.00045 0
         vertex -0.0254 -0.00045 0.0006
      endloop
   endfacet
   facet normal -1 0 0
      outer loop
         vertex -0.0254 -0.00045 0.0006
         vertex -0.0254 -0.0004 0.0025
         vertex -0.0254 -0.0004 0
      endloop
   endfacet
   facet normal -1 0 0
      outer loop
         vertex -0.0254 -0.00209 0.0006
         vertex -0.0254 -0.00209 0
         vertex -0.0254 -0.00214 0
      endloop
   endfacet
   facet normal 0 -1 0
      outer loop
         vertex -0.0254 -0.00045 0
         vertex -0.02286 -0.00045 0.0006
         vertex -0.024925 -0.00045 0.0006
      endloop
   endfacet
   facet normal 0 -1 0
      outer loop
         vertex -0.0254 -0.00045 0
         vertex -0.02032 -0.00045 0.0006
         vertex -0.02286 -0.00045 0.0006
      endloop
   endfacet
   facet normal 0 -1 0
      outer loop
         vertex -0.0254 -0.00045 0
         vertex -0.01778 -0.00045 0.0006
         vertex -0.02032 -0.00045 0.0006
      endloop
   endfacet
   facet normal 0 -1 0
      outer loop
         vertex -0.0254 -0.00045 0
         vertex -0.0127 -0.00045 0.0006
         vertex -0.01778 -0.00045 0.0006
      endloop
   endfacet
   facet normal 0 -1 0
      outer loop
         vertex -0.0254 -0.00045 0
         vertex -0.01016 -0.00045 0.0006
         vertex -0.0127 -0.00045 0.0006
      endloop
   endfacet
   facet normal 0 -1 0
      outer loop
         vertex -0.0254 -0.00045 0
         vertex -0.00508 -0.00045 0.0006
         vertex -0.00762 -0.00045 0.0006
      endloop
   endfacet
   facet normal 0 -1 0
      outer loop
         vertex -0.0254 -0.00045 0
         vertex 0.00254 -0.00045 0.0006
         vertex 0 -0.00045 0.0006
      endloop
   endfacet
   facet normal 0 -1 0
      outer loop
         vertex -0.00762 -0.00045 0.0006
         vertex -0.01016 -0.00045 0.0006
         vertex -0.0254 -0.00045 0
      endloop
   endfacet
   facet normal 0 -1 0
      outer loop
         vertex -0.0254 -0.00045 0
         vertex 0.00508 -0.00045 0.0006
         vertex 0.00254 -0.00045 0.0006
      endloop
   endfacet
   facet normal 0 -1 0
      outer loop
         vertex 0 -0.00045 0.0006
         vertex -0.00508 -0.00045 0.0006
         vertex -0.0254 -0.00045 0
      endloop
   endfacet
   facet normal 0 -1 0
      outer loop
         vertex 0.0254 -0.00045 0
         vertex 0.00762 -0.00045 0.0006
         vertex 0.00508 -0.00045 0.0006
      endloop
   endfacet
   facet normal 0 -1 0
      outer loop
         vertex 0.00508 -0.00045 0.0006
         vertex -0.0254 -0.00045 0
         vertex 0.0254 -0.00045 0
      endloop
   endfacet
   facet normal 0 -1 0
      outer loop
         vertex 0.0254 -0.00045 0
         vertex 0.0127 -0.00045 0.0006
         vertex 0.00762 -0.00045 0.0006
      endloop
   endfacet
   facet normal 0 -1 0
      outer loop
         vertex 0.0254 -0.00045 0
         vertex 0.01524 -0.00045 0.0006
         vertex 0.0127 -0.00045 0.0006
      endloop
   endfacet
   facet normal 0 -1 0
      outer loop
         vertex 0.0254 -0.00045 0
         vertex 0.01778 -0.00045 0.0006
         vertex 0.01524 -0.00045 0.0006
      endloop
   endfacet
   facet normal 0 -1 0
      outer loop
         vertex 0.0254 -0.00045 0
         vertex 0.02032 -0.00045 0.0006
         vertex 0.01778 -0.00045 0.0006
      endloop
   endfacet
   facet normal 0 -1 0
      outer loop
         vertex 0.0254 -0.00045 0
         vertex 0.0254 -0.00045 0.0006
         vertex 0.02032 -0.00045 0.0006
      endloop
   endfacet
   facet normal 0 -1 0
      outer loop
         vertex -0.024925 -0.00045 0.0006
         vertex -0.0254 -0.00045 0.0006
         vertex -0.0254 -0.00045 0
      endloop
   endfacet
   facet normal 1 0 0
      outer loop
         vertex 0.0254 -0.0004 0.0025
         vertex 0.0254 -0.002065 0.0025
         vertex 0.0254 -0.00184 0.0006
      endloop
   endfacet
   facet normal 1 0 0
      outer loop
         vertex 0.0254 -0.002065 0.0025
         vertex 0.0254 -0.00209 0.0006
         vertex 0.0254 -0.00184 0.0006
      endloop
   endfacet
   facet normal 1 0 0
      outer loop
         vertex 0.0254 -0.0004 0
         vertex 0.0254 -0.0004 0.0025
         vertex 0.0254 -0.00045 0.0006
      endloop
   endfacet
   facet normal 1 0 0
      outer loop
         vertex 0.0254 -0.00184 0.0006
         vertex 0.0254 -0.00045 0.0006
         vertex 0.0254 -0.0004 0.0025
      endloop
   endfacet
   facet normal 1 0 0
      outer loop
         vertex 0.0254 -0.002065 0.0025
         vertex 0.0254 -0.00214 0.0025
         vertex 0.0254 -0.00209 0.0006
      endloop
   endfacet
   facet normal 1 0 0
      outer loop
         vertex 0.0254 -0.00214 0
         vertex 0.0254 -0.00209 0
         vertex 0.0254 -0.00209 0.0006
      endloop
   endfacet
   facet normal 1 0 0
      outer loop
         vertex 0.0254 -0.00209 0.0006
         vertex 0.0254 -0.00214 0.0025
         vertex 0.0254 -0.00214 0
      endloop
   endfacet
   facet normal 1 0 0
      outer loop
         vertex 0.0254 -0.00045 0.0006
         vertex 0.0254 -0.00045 0
         vertex 0.0254 -0.0004 0
      endloop
   endfacet
   facet normal 0.707107 0.707107 0
      outer loop
         vertex 0.0254 -0.0004 0.0025
         vertex 0.0254 -0.0004 0
         vertex 0.025 3.43331e-18 0
      endloop
   endfacet
   facet normal 0.707107 0.707107 0
      outer loop
         vertex 0.025 3.43331e-18 0
         vertex 0.025 3.43331e-18 0.0025
         vertex 0.0254 -0.0004 0.0025
      endloop
   endfacet
   facet normal -0.707107 0.707107 0
      outer loop
         vertex -0.025 -2.98156e-18 0.0025
         vertex -0.025 -2.98156e-18 0
         vertex -0.0254 -0.0004 0
      endloop
   endfacet
   facet normal -0.707107 0.707107 0
      outer loop
         vertex -0.0254 -0.0004 0
         vertex -0.0254 -0.0004 0.0025
         vertex -0.025 -2.98156e-18 0.0025
      endloop
   endfacet
   facet normal 0.707107 -0.707107 0
      outer loop
         vertex 0.025 3.43331e-18 0.0025
         vertex 0.025 3.43331e-18 0
         vertex 0.0254 0.0004 0
      endloop
   endfacet
   facet normal 0.707107 -0.707107 0
      outer loop
         vertex 0.0254 0.0004 0
         vertex 0.0254 0.0004 0.0025
         vertex 0.025 3.43331e-18 0.0025
      endloop
   endfacet
   facet normal -0.707107 -0.707107 0
      outer loop
         vertex -0.0254 0.0004 0.0025
         vertex -0.0254 0.0004 0
         vertex -0.025 -2.98156e-18 0
      endloop
   endfacet
   facet normal -0.707107 -0.707107 0
      outer loop
         vertex -0.025 -2.98156e-18 0
         vertex -0.025 -2.98156e-18 0.0025
         vertex -0.0254 0.0004 0.0025
      endloop
   endfacet
   facet normal 0 0 -1
      outer loop
         vertex -0.0254 -0.00045 0
         vertex -0.025 -2.98156e-18 0
         vertex 0.025 3.43331e-18 0
      endloop
   endfacet
   facet normal 0 0 -1
      outer loop
         vertex 0.0254 0.00045 0
         vertex 0.025 3.43331e-18 0
         vertex -0.025 -2.98156e-18 0
      endloop
   endfacet
   facet normal 0 0 -1
      outer loop
         vertex -0.0254 -0.00045 0
         vertex -0.0254 -0.0004 0
         vertex -0.025 -2.98156e-18 0
      endloop
   endfacet
   facet normal 0 0 -1
      outer loop
         vertex 0.0254 0.00045 0
         vertex 0.0254 0.0004 0
         vertex 0.025 3.43331e-18 0
      endloop
   endfacet
   facet normal 0 0 -1
      outer loop
         vertex 0.025 3.43331e-18 0
         vertex 0.0254 -0.0004 0
         vertex -0.0254 -0.00045 0
      endloop
   endfacet
   facet normal 0 0 -1
      outer loop
         vertex -0.025 -2.98156e-18 0
         vertex -0.0254 0.0004 0
         vertex 0.0254 0.00045 0
      endloop
   endfacet
   facet normal 0 0 -1
      outer loop
         vertex -0.0254 0.0004 0
         vertex -0.0254 0.00045 0
         vertex 0.0254 0.00045 0
      endloop
   endfacet
   facet normal 0 0 -1
      outer loop
         vertex 0.0254 -0.0004 0
         vertex 0.0254 -0.00045 0
         vertex -0.0254 -0.00045 0
      endloop
   endfacet
   facet normal 0 1 0
      outer loop
         vertex 0.0254 0.00045 0
         vertex 0.01778 0.00045 0.0006
         vertex 0.02032 0.00045 0.0006
      endloop
   endfacet
   facet normal 0 1 0
      outer loop
         vertex 0.0254 0.00045 0
         vertex 0.01524 0.00045 0.0006
         vertex 0.01778 0.00045 0.0006
      endloop
   endfacet
   facet normal 0 1 0
      outer loop
         vertex 0.0254 0.00045 0
         vertex 0.0127 0.00045 0.0006
         vertex 0.01524 0.00045 0.0006
      endloop
   endfacet
   facet normal 0 1 0
      outer loop
         vertex 0.0254 0.00045 0
         vertex 0.00762 0.00045 0.0006
         vertex 0.0127 0.00045 0.0006
      endloop
   endfacet
   facet normal 0 1 0
      outer loop
         vertex 0.0254 0.00045 0
         vertex 0.00254 0.00045 0.0006
         vertex 0.00508 0.00045 0.0006
      endloop
   endfacet
   facet normal 0 1 0
      outer loop
         vertex 0.00508 0.00045 0.0006
         vertex 0.00762 0.00045 0.0006
         vertex 0.0254 0.00045 0
      endloop
   endfacet
   facet normal 0 1 0
      outer loop
         vertex 0.0254 0.00045 0
         vertex -0.00508 0.00045 0.0006
         vertex 0 0.00045 0.0006
      endloop
   endfacet
   facet normal 0 1 0
      outer loop
         vertex 0 0.00045 0.0006
         vertex 0.00254 0.00045 0.0006
         vertex 0.0254 0.00045 0
      endloop
   endfacet
   facet normal 0 1 0
      outer loop
         vertex -0.0254 0.00045 0
         vertex -0.00762 0.00045 0.0006
         vertex -0.00508 0.00045 0.0006
      endloop
   endfacet
   facet normal 0 1 0
      outer loop
         vertex -0.00508 0.00045 0.0006
         vertex 0.0254 0.00045 0
         vertex -0.0254 0.00045 0
      endloop
   endfacet
   facet normal 0 1 0
      outer loop
         vertex -0.0254 0.00045 0
         vertex -0.01016 0.00045 0.0006
         vertex -0.00762 0.00045 0.0006
      endloop
   endfacet
   facet normal 0 1 0
      outer loop
         vertex -0.0254 0.00045 0
         vertex -0.0127 0.00045 0.0006
         vertex -0.01016 0.00045 0.0006
      endloop
   endfacet
   facet normal 0 1 0
      outer loop
         vertex -0.0254 0.00045 0
         vertex -0.01778 0.00045 0.0006
         vertex -0.0127 0.00045 0.0006
      endloop
   endfacet
   facet normal 0 1 0
      outer loop
         vertex -0.0254 0.00045 0
         vertex -0.02032 0.00045 0.0006
         vertex -0.01778 0.00045 0.0006
      endloop
   endfacet
   facet normal 0 1 0
      outer loop
         vertex -0.0254 0.00045 0
         vertex -0.02286 0.00045 0.0006
         vertex -0.02032 0.00045 0.0006
      endloop
   endfacet
   facet normal 0 1 0
      outer loop
         vertex -0.0254 0.00045 0
         vertex -0.024925 0.00045 0.0006
         vertex -0.02286 0.00045 0.0006
      endloop
   endfacet
   facet normal 0 1 0
      outer loop
         vertex -0.0254 0.00045 0
         vertex -0.0254 0.00045 0.0006
         vertex -0.024925 0.00045 0.0006
      endloop
   endfacet
   facet normal 0 1 0
      outer loop
         vertex 0.02032 0.00045 0.0006
         vertex 0.0254 0.00045 0.0006
         vertex 0.0254 0.00045 0
      endloop
   endfacet
   facet normal -1 0 0
      outer loop
         vertex -0.0254 0.00214 0.0025
         vertex -0.0254 0.00209 0.0006
         vertex -0.0254 0.0007 0.0006
      endloop
   endfacet
   facet normal -1 0 0
      outer loop
         vertex -0.0254 0.0004 0
         vertex -0.0254 0.0004 0.0025
         vertex -0.0254 0.00045 0.0006
      endloop
   endfacet
   facet normal -1 0 0
      outer loop
         vertex -0.0254 0.0007 0.0006
         vertex -0.0254 0.0004 0.0025
         vertex -0.0254 0.00214 0.0025
      endloop
   endfacet
   facet normal -1 0 0
      outer loop
         vertex -0.0254 0.0007 0.0006
         vertex -0.0254 0.00045 0.0006
         vertex -0.0254 0.0004 0.0025
      endloop
   endfacet
   facet normal -1 0 0
      outer loop
         vertex -0.0254 0.00214 0
         vertex -0.0254 0.00209 0
         vertex -0.0254 0.00209 0.0006
      endloop
   endfacet
   facet normal -1 0 0
      outer loop
         vertex -0.0254 0.00209 0.0006
         vertex -0.0254 0.00214 0.0025
         vertex -0.0254 0.00214 0
      endloop
   endfacet
   facet normal -1 0 0
      outer loop
         vertex -0.0254 0.00045 0.0006
         vertex -0.0254 0.00045 0
         vertex -0.0254 0.0004 0
      endloop
   endfacet
   facet normal 0 -1 0
      outer loop
         vertex -0.0254 0.00209 0
         vertex -0.02286 0.00209 0.0006
         vertex -0.024925 0.00209 0.0006
      endloop
   endfacet
   facet normal 0 -1 0
      outer loop
         vertex -0.0254 0.00209 0
         vertex -0.02032 0.00209 0.0006
         vertex -0.02286 0.00209 0.0006
      endloop
   endfacet
   facet normal 0 -1 0
      outer loop
         vertex -0.0254 0.00209 0
         vertex -0.01778 0.00209 0.0006
         vertex -0.02032 0.00209 0.0006
      endloop
   endfacet
   facet normal 0 -1 0
      outer loop
         vertex -0.0254 0.00209 0
         vertex -0.0127 0.00209 0.0006
         vertex -0.01778 0.00209 0.0006
      endloop
   endfacet
   facet normal 0 -1 0
      outer loop
         vertex -0.0254 0.00209 0
         vertex -0.01016 0.00209 0.0006
         vertex -0.0127 0.00209 0.0006
      endloop
   endfacet
   facet normal 0 -1 0
      outer loop
         vertex -0.0254 0.00209 0
         vertex -0.00508 0.00209 0.0006
         vertex -0.00762 0.00209 0.0006
      endloop
   endfacet
   facet normal 0 -1 0
      outer loop
         vertex -0.0254 0.00209 0
         vertex 0.00254 0.00209 0.0006
         vertex 0 0.00209 0.0006
      endloop
   endfacet
   facet normal 0 -1 0
      outer loop
         vertex -0.00762 0.00209 0.0006
         vertex -0.01016 0.00209 0.0006
         vertex -0.0254 0.00209 0
      endloop
   endfacet
   facet normal 0 -1 0
      outer loop
         vertex -0.0254 0.00209 0
         vertex 0.00508 0.00209 0.0006
         vertex 0.00254 0.00209 0.0006
      endloop
   endfacet
   facet normal 0 -1 0
      outer loop
         vertex 0 0.00209 0.0006
         vertex -0.00508 0.00209 0.0006
         vertex -0.0254 0.00209 0
      endloop
   endfacet
   facet normal 0 -1 0
      outer loop
         vertex 0.0254 0.00209 0
         vertex 0.00762 0.00209 0.0006
         vertex 0.00508 0.00209 0.0006
      endloop
   endfacet
   facet normal 0 -1 0
      outer loop
         vertex 0.00508 0.00209 0.0006
         vertex -0.0254 0.00209 0
         vertex 0.0254 0.00209 0
      endloop
   endfacet
   facet normal 0 -1 0
      outer loop
         vertex 0.0254 0.00209 0
         vertex 0.0127 0.00209 0.0006
         vertex 0.00762 0.00209 0.0006
      endloop
   endfacet
   facet normal 0 -1 0
      outer loop
         vertex 0.0254 0.00209 0
         vertex 0.01524 0.00209 0.0006
         vertex 0.0127 0.00209 0.0006
      endloop
   endfacet
   facet normal 0 -1 0
      outer loop
         vertex 0.0254 0.00209 0
         vertex 0.01778 0.00209 0.0006
         vertex 0.01524 0.00209 0.0006
      endloop
   endfacet
   facet normal 0 -1 0
      outer loop
         vertex 0.0254 0.00209 0
         vertex 0.02032 0.00209 0.0006
         vertex 0.01778 0.00209 0.0006
      endloop
   endfacet
   facet normal 0 -1 0
      outer loop
         vertex 0.0254 0.00209 0
         vertex 0.0254 0.00209 0.0006
         vertex 0.02032 0.00209 0.0006
      endloop
   endfacet
   facet normal 0 -1 0
      outer loop
         vertex -0.024925 0.00209 0.0006
         vertex -0.0254 0.00209 0.0006
         vertex -0.0254 0.00209 0
      endloop
   endfacet
   facet normal 1 0 0
      outer loop
         vertex 0.0254 0.00214 0.0025
         vertex 0.0254 0.0004 0.0025
         vertex 0.0254 0.0007 0.0006
      endloop
   endfacet
   facet normal 1 0 0
      outer loop
         vertex 0.0254 0.00214 0
         vertex 0.0254 0.00214 0.0025
         vertex 0.0254 0.00209 0.0006
      endloop
   endfacet
   facet normal 1 0 0
      outer loop
         vertex 0.0254 0.0004 0.0025
         vertex 0.0254 0.00045 0.0006
         vertex 0.0254 0.0007 0.0006
      endloop
   endfacet
   facet normal 1 0 0
      outer loop
         vertex 0.0254 0.0007 0.0006
         vertex 0.0254 0.00209 0.0006
         vertex 0.0254 0.00214 0.0025
      endloop
   endfacet
   facet normal 1 0 0
      outer loop
         vertex 0.0254 0.0004 0
         vertex 0.0254 0.00045 0
         vertex 0.0254 0.00045 0.0006
      endloop
   endfacet
   facet normal 1 0 0
      outer loop
         vertex 0.0254 0.00045 0.0006
         vertex 0.0254 0.0004 0.0025
         vertex 0.0254 0.0004 0
      endloop
   endfacet
   facet normal 1 0 0
      outer loop
         vertex 0.0254 0.00209 0.0006
         vertex 0.0254 0.00209 0
         vertex 0.0254 0.00214 0
      endloop
   endfacet
   facet normal 0.707107 0.707107 0
      outer loop
         vertex 0.0254 0.00214 0.0025
         vertex 0.0254 0.00214 0
         vertex 0.025 0.00254 0
      endloop
   endfacet
   facet normal 0.707107 0.707107 0
      outer loop
         vertex 0.025 0.00254 0
         vertex 0.025 0.00254 0.0025
         vertex 0.0254 0.00214 0.0025
      endloop
   endfacet
   facet normal 0 1 0
      outer loop
         vertex 0.025 0.00254 0.0025
         vertex 0.025 0.00254 0
         vertex 0.02326 0.00254 1.0842e-19
      endloop
   endfacet
   facet normal 0 1 0
      outer loop
         vertex 0.02326 0.00254 1.0842e-19
         vertex 0.02326 0.00254 0.0025
         vertex 0.025 0.00254 0.0025
      endloop
   endfacet
   facet normal -0.707107 0.707107 0
      outer loop
         vertex 0.02286 0.00214 0.0025
         vertex 0.02326 0.00254 0.0025
         vertex 0.02326 0.00254 1.0842e-19
      endloop
   endfacet
   facet normal -0.707107 0.707107 0
      outer loop
         vertex 0.02326 0.00254 1.0842e-19
         vertex 0.02286 0.00214 0
         vertex 0.02286 0.00214 0.0025
      endloop
   endfacet
   facet normal 0.707107 0.707107 0
      outer loop
         vertex 0.02286 0.00214 0.0025
         vertex 0.02286 0.00214 0
         vertex 0.02246 0.00254 0
      endloop
   endfacet
   facet normal 0.707107 0.707107 0
      outer loop
         vertex 0.02246 0.00254 0
         vertex 0.02246 0.00254 0.0025
         vertex 0.02286 0.00214 0.0025
      endloop
   endfacet
   facet normal 0 1 0
      outer loop
         vertex 0.02246 0.00254 0.0025
         vertex 0.02246 0.00254 0
         vertex 0.02072 0.00254 0
      endloop
   endfacet
   facet normal 0 1 0
      outer loop
         vertex 0.02072 0.00254 0
         vertex 0.02072 0.00254 0.0025
         vertex 0.02246 0.00254 0.0025
      endloop
   endfacet
   facet normal -0.707107 0.707107 0
      outer loop
         vertex 0.02072 0.00254 0.0025
         vertex 0.02072 0.00254 0
         vertex 0.02032 0.00214 0
      endloop
   endfacet
   facet normal -0.707107 0.707107 0
      outer loop
         vertex 0.02032 0.00214 0
         vertex 0.02032 0.00214 0.0025
         vertex 0.02072 0.00254 0.0025
      endloop
   endfacet
   facet normal 0.707107 0.707107 0
      outer loop
         vertex 0.02032 0.00214 0.0025
         vertex 0.02032 0.00214 0
         vertex 0.01992 0.00254 0
      endloop
   endfacet
   facet normal 0.707107 0.707107 0
      outer loop
         vertex 0.01992 0.00254 0
         vertex 0.01992 0.00254 0.0025
         vertex 0.02032 0.00214 0.0025
      endloop
   endfacet
   facet normal 0 1 0
      outer loop
         vertex 0.01992 0.00254 0.0025
         vertex 0.01992 0.00254 0
         vertex 0.01818 0.00254 1.0842e-19
      endloop
   endfacet
   facet normal 0 1 0
      outer loop
         vertex 0.01818 0.00254 1.0842e-19
         vertex 0.01818 0.00254 0.0025
         vertex 0.01992 0.00254 0.0025
      endloop
   endfacet
   facet normal -0.707107 0.707107 0
      outer loop
         vertex 0.01778 0.00214 0.0025
         vertex 0.01818 0.00254 0.0025
         vertex 0.01818 0.00254 1.0842e-19
      endloop
   endfacet
   facet normal -0.707107 0.707107 0
      outer loop
         vertex 0.01818 0.00254 1.0842e-19
         vertex 0.01778 0.00214 0
         vertex 0.01778 0.00214 0.0025
      endloop
   endfacet
   facet normal 0.707107 0.707107 0
      outer loop
         vertex 0.01778 0.00214 0.0025
         vertex 0.01778 0.00214 0
         vertex 0.01738 0.00254 0
      endloop
   endfacet
   facet normal 0.707107 0.707107 0
      outer loop
         vertex 0.01738 0.00254 0
         vertex 0.01738 0.00254 0.0025
         vertex 0.01778 0.00214 0.0025
      endloop
   endfacet
   facet normal 0 1 0
      outer loop
         vertex 0.01738 0.00254 0.0025
         vertex 0.01738 0.00254 0
         vertex 0.01564 0.00254 1.0842e-19
      endloop
   endfacet
   facet normal 0 1 0
      outer loop
         vertex 0.01564 0.00254 1.0842e-19
         vertex 0.01564 0.00254 0.0025
         vertex 0.01738 0.00254 0.0025
      endloop
   endfacet
   facet normal -0.707107 0.707107 0
      outer loop
         vertex 0.01524 0.00214 0.0025
         vertex 0.01564 0.00254 0.0025
         vertex 0.01564 0.00254 1.0842e-19
      endloop
   endfacet
   facet normal -0.707107 0.707107 0
      outer loop
         vertex 0.01564 0.00254 1.0842e-19
         vertex 0.01524 0.00214 0
         vertex 0.01524 0.00214 0.0025
      endloop
   endfacet
   facet normal 0.707107 0.707107 0
      outer loop
         vertex 0.01524 0.00214 0.0025
         vertex 0.01524 0.00214 0
         vertex 0.01484 0.00254 0
      endloop
   endfacet
   facet normal 0.707107 0.707107 0
      outer loop
         vertex 0.01484 0.00254 0
         vertex 0.01484 0.00254 0.0025
         vertex 0.01524 0.00214 0.0025
      endloop
   endfacet
   facet normal 0 1 0
      outer loop
         vertex 0.01484 0.00254 0.0025
         vertex 0.01484 0.00254 0
         vertex 0.0131 0.00254 0
      endloop
   endfacet
   facet normal 0 1 0
      outer loop
         vertex 0.0131 0.00254 0
         vertex 0.0131 0.00254 0.0025
         vertex 0.01484 0.00254 0.0025
      endloop
   endfacet
   facet normal -0.707107 0.707107 0
      outer loop
         vertex 0.0131 0.00254 0.0025
         vertex 0.0131 0.00254 0
         vertex 0.0127 0.00214 0
      endloop
   endfacet
   facet normal -0.707107 0.707107 0
      outer loop
         vertex 0.0127 0.00214 0
         vertex 0.0127 0.00214 0.0025
         vertex 0.0131 0.00254 0.0025
      endloop
   endfacet
   facet normal 0.707107 0.707107 0
      outer loop
         vertex 0.0127 0.00214 0.0025
         vertex 0.0127 0.00214 0
         vertex 0.0123 0.00254 0
      endloop
   endfacet
   facet normal 0.707107 0.707107 0
      outer loop
         vertex 0.0123 0.00254 0
         vertex 0.0123 0.00254 0.0025
         vertex 0.0127 0.00214 0.0025
      endloop
   endfacet
   facet normal 0 1 0
      outer loop
         vertex 0.0123 0.00254 0.0025
         vertex 0.0123 0.00254 0
         vertex 0.01056 0.00254 0
      endloop
   endfacet
   facet normal 0 1 0
      outer loop
         vertex 0.01056 0.00254 0
         vertex 0.01056 0.00254 0.0025
         vertex 0.0123 0.00254 0.0025
      endloop
   endfacet
   facet normal -0.707107 0.707107 0
      outer loop
         vertex 0.01056 0.00254 0.0025
         vertex 0.01056 0.00254 0
         vertex 0.01016 0.00214 0
      endloop
   endfacet
   facet normal -0.707107 0.707107 0
      outer loop
         vertex 0.01016 0.00214 0
         vertex 0.01016 0.00214 0.0025
         vertex 0.01056 0.00254 0.0025
      endloop
   endfacet
   facet normal 0.707107 0.707107 0
      outer loop
         vertex 0.01016 0.00214 0.0025
         vertex 0.01016 0.00214 0
         vertex 0.00976 0.00254 0
      endloop
   endfacet
   facet normal 0.707107 0.707107 0
      outer loop
         vertex 0.00976 0.00254 0
         vertex 0.00976 0.00254 0.0025
         vertex 0.01016 0.00214 0.0025
      endloop
   endfacet
   facet normal 0 1 0
      outer loop
         vertex 0.00976 0.00254 0.0025
         vertex 0.00976 0.00254 0
         vertex 0.00802 0.00254 0
      endloop
   endfacet
   facet normal 0 1 0
      outer loop
         vertex 0.00802 0.00254 0
         vertex 0.00802 0.00254 0.0025
         vertex 0.00976 0.00254 0.0025
      endloop
   endfacet
   facet normal -0.707107 0.707107 0
      outer loop
         vertex 0.00802 0.00254 0.0025
         vertex 0.00802 0.00254 0
         vertex 0.00762 0.00214 0
      endloop
   endfacet
   facet normal -0.707107 0.707107 0
      outer loop
         vertex 0.00762 0.00214 0
         vertex 0.00762 0.00214 0.0025
         vertex 0.00802 0.00254 0.0025
      endloop
   endfacet
   facet normal 0.707107 0.707107 0
      outer loop
         vertex 0.00762 0.00214 0.0025
         vertex 0.00762 0.00214 0
         vertex 0.00722 0.00254 0
      endloop
   endfacet
   facet normal 0.707107 0.707107 0
      outer loop
         vertex 0.00722 0.00254 0
         vertex 0.00722 0.00254 0.0025
         vertex 0.00762 0.00214 0.0025
      endloop
   endfacet
   facet normal 0 1 0
      outer loop
         vertex 0.00722 0.00254 0.0025
         vertex 0.00722 0.00254 0
         vertex 0.00548 0.00254 0
      endloop
   endfacet
   facet normal 0 1 0
      outer loop
         vertex 0.00548 0.00254 0
         vertex 0.00548 0.00254 0.0025
         vertex 0.00722 0.00254 0.0025
      endloop
   endfacet
   facet normal -0.707107 0.707107 0
      outer loop
         vertex 0.00548 0.00254 0.0025
         vertex 0.00548 0.00254 0
         vertex 0.00508 0.00214 0
      endloop
   endfacet
   facet normal -0.707107 0.707107 0
      outer loop
         vertex 0.00508 0.00214 0
         vertex 0.00508 0.00214 0.0025
         vertex 0.00548 0.00254 0.0025
      endloop
   endfacet
   facet normal 0.707107 0.707107 0
      outer loop
         vertex 0.00508 0.00214 0.0025
         vertex 0.00508 0.00214 0
         vertex 0.00468 0.00254 0
      endloop
   endfacet
   facet normal 0.707107 0.707107 0
      outer loop
         vertex 0.00468 0.00254 0
         vertex 0.00468 0.00254 0.0025
         vertex 0.00508 0.00214 0.0025
      endloop
   endfacet
   facet normal 0 1 0
      outer loop
         vertex 0.00468 0.00254 0.0025
         vertex 0.00468 0.00254 0
         vertex 0.00294 0.00254 1.0842e-19
      endloop
   endfacet
   facet normal 0 1 0
      outer loop
         vertex 0.00294 0.00254 1.0842e-19
         vertex 0.00294 0.00254 0.0025
         vertex 0.00468 0.00254 0.0025
      endloop
   endfacet
   facet normal -0.707107 0.707107 0
      outer loop
         vertex 0.00254 0.00214 0.0025
         vertex 0.00294 0.00254 0.0025
         vertex 0.00294 0.00254 1.0842e-19
      endloop
   endfacet
   facet normal -0.707107 0.707107 0
      outer loop
         vertex 0.00294 0.00254 1.0842e-19
         vertex 0.00254 0.00214 0
         vertex 0.00254 0.00214 0.0025
      endloop
   endfacet
   facet normal 0.707107 0.707107 0
      outer loop
         vertex 0.00254 0.00214 0.0025
         vertex 0.00254 0.00214 0
         vertex 0.00214 0.00254 0
      endloop
   endfacet
   facet normal 0.707107 0.707107 0
      outer loop
         vertex 0.00214 0.00254 0
         vertex 0.00214 0.00254 0.0025
         vertex 0.00254 0.00214 0.0025
      endloop
   endfacet
   facet normal 0 1 0
      outer loop
         vertex 0.00214 0.00254 0.0025
         vertex 0.00214 0.00254 0
         vertex 0.0004 0.00254 0
      endloop
   endfacet
   facet normal 0 1 0
      outer loop
         vertex 0.0004 0.00254 0
         vertex 0.0004 0.00254 0.0025
         vertex 0.00214 0.00254 0.0025
      endloop
   endfacet
   facet normal -0.707107 0.707107 0
      outer loop
         vertex 0.0004 0.00254 0.0025
         vertex 0.0004 0.00254 0
         vertex -5.51136e-19 0.00214 0
      endloop
   endfacet
   facet normal -0.707107 0.707107 0
      outer loop
         vertex -5.51136e-19 0.00214 0
         vertex -5.65008e-19 0.00214 0.0025
         vertex 0.0004 0.00254 0.0025
      endloop
   endfacet
   facet normal 0.707107 0.707107 0
      outer loop
         vertex -5.65008e-19 0.00214 0.0025
         vertex -5.51136e-19 0.00214 0
         vertex -0.0004 0.00254 0
      endloop
   endfacet
   facet normal 0.707107 0.707107 0
      outer loop
         vertex -0.0004 0.00254 0
         vertex -0.0004 0.00254 0.0025
         vertex -5.65008e-19 0.00214 0.0025
      endloop
   endfacet
   facet normal 0 1 0
      outer loop
         vertex -0.0004 0.00254 0.0025
         vertex -0.0004 0.00254 0
         vertex -0.00214 0.00254 0
      endloop
   endfacet
   facet normal 0 1 0
      outer loop
         vertex -0.00214 0.00254 0
         vertex -0.00214 0.00254 0.0025
         vertex -0.0004 0.00254 0.0025
      endloop
   endfacet
   facet normal -0.707107 0.707107 0
      outer loop
         vertex -0.00214 0.00254 0.0025
         vertex -0.00214 0.00254 0
         vertex -0.00254 0.00214 0
      endloop
   endfacet
   facet normal -0.707107 0.707107 0
      outer loop
         vertex -0.00254 0.00214 0
         vertex -0.00254 0.00214 0.0025
         vertex -0.00214 0.00254 0.0025
      endloop
   endfacet
   facet normal 0.707107 0.707107 0
      outer loop
         vertex -0.00254 0.00214 0.0025
         vertex -0.00254 0.00214 0
         vertex -0.00294 0.00254 0
      endloop
   endfacet
   facet normal 0.707107 0.707107 0
      outer loop
         vertex -0.00294 0.00254 0
         vertex -0.00294 0.00254 0.0025
         vertex -0.00254 0.00214 0.0025
      endloop
   endfacet
   facet normal 0 1 0
      outer loop
         vertex -0.00294 0.00254 0.0025
         vertex -0.00294 0.00254 0
         vertex -0.00468 0.00254 0
      endloop
   endfacet
   facet normal 0 1 0
      outer loop
         vertex -0.00468 0.00254 0
         vertex -0.00468 0.00254 0.0025
         vertex -0.00294 0.00254 0.0025
      endloop
   endfacet
   facet normal -0.707107 0.707107 0
      outer loop
         vertex -0.00468 0.00254 0.0025
         vertex -0.00468 0.00254 0
         vertex -0.00508 0.00214 0
      endloop
   endfacet
   facet normal -0.707107 0.707107 0
      outer loop
         vertex -0.00508 0.00214 0
         vertex -0.00508 0.00214 0.0025
         vertex -0.00468 0.00254 0.0025
      endloop
   endfacet
   facet normal 0.707107 0.707107 0
      outer loop
         vertex -0.00508 0.00214 0.0025
         vertex -0.00508 0.00214 0
         vertex -0.00548 0.00254 0
      endloop
   endfacet
   facet normal 0.707107 0.707107 0
      outer loop
         vertex -0.00548 0.00254 0
         vertex -0.00548 0.00254 0.0025
         vertex -0.00508 0.00214 0.0025
      endloop
   endfacet
   facet normal 0 1 0
      outer loop
         vertex -0.00548 0.00254 0.0025
         vertex -0.00548 0.00254 0
         vertex -0.00722 0.00254 1.0842e-19
      endloop
   endfacet
   facet normal 0 1 0
      outer loop
         vertex -0.00722 0.00254 1.0842e-19
         vertex -0.00722 0.00254 0.0025
         vertex -0.00548 0.00254 0.0025
      endloop
   endfacet
   facet normal -0.707107 0.707107 0
      outer loop
         vertex -0.00762 0.00214 0.0025
         vertex -0.00722 0.00254 0.0025
         vertex -0.00722 0.00254 1.0842e-19
      endloop
   endfacet
   facet normal -0.707107 0.707107 0
      outer loop
         vertex -0.00722 0.00254 1.0842e-19
         vertex -0.00762 0.00214 0
         vertex -0.00762 0.00214 0.0025
      endloop
   endfacet
   facet normal 0.707107 0.707107 0
      outer loop
         vertex -0.00762 0.00214 0.0025
         vertex -0.00762 0.00214 0
         vertex -0.00802 0.00254 0
      endloop
   endfacet
   facet normal 0.707107 0.707107 0
      outer loop
         vertex -0.00802 0.00254 0
         vertex -0.00802 0.00254 0.0025
         vertex -0.00762 0.00214 0.0025
      endloop
   endfacet
   facet normal 0 1 0
      outer loop
         vertex -0.00802 0.00254 0.0025
         vertex -0.00802 0.00254 0
         vertex -0.00976 0.00254 1.4456e-19
      endloop
   endfacet
   facet normal 0 1 0
      outer loop
         vertex -0.00976 0.00254 1.4456e-19
         vertex -0.00976 0.00254 0.0025
         vertex -0.00802 0.00254 0.0025
      endloop
   endfacet
   facet normal -0.707107 0.707107 0
      outer loop
         vertex -0.01016 0.00214 0.0025
         vertex -0.00976 0.00254 0.0025
         vertex -0.00976 0.00254 1.4456e-19
      endloop
   endfacet
   facet normal -0.707107 0.707107 0
      outer loop
         vertex -0.00976 0.00254 1.4456e-19
         vertex -0.01016 0.00214 0
         vertex -0.01016 0.00214 0.0025
      endloop
   endfacet
   facet normal 0.707107 0.707107 0
      outer loop
         vertex -0.01016 0.00214 0.0025
         vertex -0.01016 0.00214 0
         vertex -0.01056 0.00254 0
      endloop
   endfacet
   facet normal 0.707107 0.707107 0
      outer loop
         vertex -0.01056 0.00254 0
         vertex -0.01056 0.00254 0.0025
         vertex -0.01016 0.00214 0.0025
      endloop
   endfacet
   facet normal 0 1 0
      outer loop
         vertex -0.01056 0.00254 0.0025
         vertex -0.01056 0.00254 0
         vertex -0.0123 0.00254 1.4456e-19
      endloop
   endfacet
   facet normal 0 1 0
      outer loop
         vertex -0.0123 0.00254 1.4456e-19
         vertex -0.0123 0.00254 0.0025
         vertex -0.01056 0.00254 0.0025
      endloop
   endfacet
   facet normal -0.707107 0.707107 0
      outer loop
         vertex -0.0127 0.00214 0.0025
         vertex -0.0123 0.00254 0.0025
         vertex -0.0123 0.00254 1.4456e-19
      endloop
   endfacet
   facet normal -0.707107 0.707107 0
      outer loop
         vertex -0.0123 0.00254 1.4456e-19
         vertex -0.0127 0.00214 0
         vertex -0.0127 0.00214 0.0025
      endloop
   endfacet
   facet normal 0.707107 0.707107 0
      outer loop
         vertex -0.0127 0.00214 0.0025
         vertex -0.0127 0.00214 0
         vertex -0.0131 0.00254 0
      endloop
   endfacet
   facet normal 0.707107 0.707107 0
      outer loop
         vertex -0.0131 0.00254 0
         vertex -0.0131 0.00254 0.0025
         vertex -0.0127 0.00214 0.0025
      endloop
   endfacet
   facet normal 0 1 0
      outer loop
         vertex -0.0131 0.00254 0.0025
         vertex -0.0131 0.00254 0
         vertex -0.01484 0.00254 1.4456e-19
      endloop
   endfacet
   facet normal 0 1 0
      outer loop
         vertex -0.01484 0.00254 1.4456e-19
         vertex -0.01484 0.00254 0.0025
         vertex -0.0131 0.00254 0.0025
      endloop
   endfacet
   facet normal -0.707107 0.707107 0
      outer loop
         vertex -0.01524 0.00214 0.0025
         vertex -0.01484 0.00254 0.0025
         vertex -0.01484 0.00254 1.4456e-19
      endloop
   endfacet
   facet normal -0.707107 0.707107 0
      outer loop
         vertex -0.01484 0.00254 1.4456e-19
         vertex -0.01524 0.00214 0
         vertex -0.01524 0.00214 0.0025
      endloop
   endfacet
   facet normal 0.707107 0.707107 0
      outer loop
         vertex -0.01524 0.00214 0.0025
         vertex -0.01524 0.00214 0
         vertex -0.01564 0.00254 0
      endloop
   endfacet
   facet normal 0.707107 0.707107 0
      outer loop
         vertex -0.01564 0.00254 0
         vertex -0.01564 0.00254 0.0025
         vertex -0.01524 0.00214 0.0025
      endloop
   endfacet
   facet normal 0 1 0
      outer loop
         vertex -0.01564 0.00254 0.0025
         vertex -0.01564 0.00254 0
         vertex -0.01738 0.00254 0
      endloop
   endfacet
   facet normal 0 1 0
      outer loop
         vertex -0.01738 0.00254 0
         vertex -0.01738 0.00254 0.0025
         vertex -0.01564 0.00254 0.0025
      endloop
   endfacet
   facet normal -0.707107 0.707107 0
      outer loop
         vertex -0.01738 0.00254 0.0025
         vertex -0.01738 0.00254 0
         vertex -0.01778 0.00214 0
      endloop
   endfacet
   facet normal -0.707107 0.707107 0
      outer loop
         vertex -0.01778 0.00214 0
         vertex -0.01778 0.00214 0.0025
         vertex -0.01738 0.00254 0.0025
      endloop
   endfacet
   facet normal 0.707107 0.707107 0
      outer loop
         vertex -0.01778 0.00214 0.0025
         vertex -0.01778 0.00214 0
         vertex -0.01818 0.00254 0
      endloop
   endfacet
   facet normal 0.707107 0.707107 0
      outer loop
         vertex -0.01818 0.00254 0
         vertex -0.01818 0.00254 0.0025
         vertex -0.01778 0.00214 0.0025
      endloop
   endfacet
   facet normal 0 1 0
      outer loop
         vertex -0.01818 0.00254 0.0025
         vertex -0.01818 0.00254 0
         vertex -0.01992 0.00254 0
      endloop
   endfacet
   facet normal 0 1 0
      outer loop
         vertex -0.01992 0.00254 0
         vertex -0.01992 0.00254 0.0025
         vertex -0.01818 0.00254 0.0025
      endloop
   endfacet
   facet normal -0.707107 0.707107 0
      outer loop
         vertex -0.01992 0.00254 0.0025
         vertex -0.01992 0.00254 0
         vertex -0.02032 0.00214 0
      endloop
   endfacet
   facet normal -0.707107 0.707107 0
      outer loop
         vertex -0.02032 0.00214 0
         vertex -0.02032 0.00214 0.0025
         vertex -0.01992 0.00254 0.0025
      endloop
   endfacet
   facet normal 0.707107 0.707107 0
      outer loop
         vertex -0.02032 0.00214 0.0025
         vertex -0.02032 0.00214 0
         vertex -0.02072 0.00254 0
      endloop
   endfacet
   facet normal 0.707107 0.707107 0
      outer loop
         vertex -0.02072 0.00254 0
         vertex -0.02072 0.00254 0.0025
         vertex -0.02032 0.00214 0.0025
      endloop
   endfacet
   facet normal 0 1 0
      outer loop
         vertex -0.02072 0.00254 0.0025
         vertex -0.02072 0.00254 0
         vertex -0.02246 0.00254 0
      endloop
   endfacet
   facet normal 0 1 0
      outer loop
         vertex -0.02246 0.00254 0
         vertex -0.02246 0.00254 0.0025
         vertex -0.02072 0.00254 0.0025
      endloop
   endfacet
   facet normal -0.707107 0.707107 0
      outer loop
         vertex -0.02246 0.00254 0.0025
         vertex -0.02246 0.00254 0
         vertex -0.02286 0.00214 0
      endloop
   endfacet
   facet normal -0.707107 0.707107 0
      outer loop
         vertex -0.02286 0.00214 0
         vertex -0.02286 0.00214 0.0025
         vertex -0.02246 0.00254 0.0025
      endloop
   endfacet
   facet normal 0 0 -1
      outer loop
         vertex 0.0254 0.00209 0
         vertex 0.0127 0.00214 0
         vertex 0.01524 0.00214 0
      endloop
   endfacet
   facet normal 0 0 -1
      outer loop
         vertex 0.0254 0.00209 0
         vertex 0.01016 0.00214 0
         vertex 0.0127 0.00214 0
      endloop
   endfacet
   facet normal 0 0 -1
      outer loop
         vertex 0.0254 0.00209 0
         vertex 0.00762 0.00214 0
         vertex 0.01016 0.00214 0
      endloop
   endfacet
   facet normal 0 0 -1
      outer loop
         vertex 0.0254 0.00209 0
         vertex 0.00508 0.00214 0
         vertex 0.00762 0.00214 0
      endloop
   endfacet
   facet normal 0 0 -1
      outer loop
         vertex 0.0254 0.00209 0
         vertex 0.00254 0.00214 0
         vertex 0.00508 0.00214 0
      endloop
   endfacet
   facet normal 0 0 -1
      outer loop
         vertex 0.0254 0.00209 0
         vertex -5.51136e-19 0.00214 0
         vertex 0.00254 0.00214 0
      endloop
   endfacet
   facet normal 0 0 -1
      outer loop
         vertex -0.0254 0.00209 0
         vertex -0.00254 0.00214 0
         vertex -5.51136e-19 0.00214 0
      endloop
   endfacet
   facet normal 0 0 -1
      outer loop
         vertex -5.51136e-19 0.00214 0
         vertex 0.0254 0.00209 0
         vertex -0.0254 0.00209 0
      endloop
   endfacet
   facet normal 0 0 -1
      outer loop
         vertex -0.0254 0.00209 0
         vertex -0.00508 0.00214 0
         vertex -0.00254 0.00214 0
      endloop
   endfacet
   facet normal 0 0 -1
      outer loop
         vertex -0.0254 0.00209 0
         vertex -0.00762 0.00214 0
         vertex -0.00508 0.00214 0
      endloop
   endfacet
   facet normal 0 0 -1
      outer loop
         vertex 0.01524 0.00214 0
         vertex 0.01738 0.00254 0
         vertex 0.01778 0.00214 0
      endloop
   endfacet
   facet normal 0 0 -1
      outer loop
         vertex 0.02032 0.00214 0
         vertex 0.01778 0.00214 0
         vertex 0.01818 0.00254 1.0842e-19
      endloop
   endfacet
   facet normal 0 0 -1
      outer loop
         vertex 0.01524 0.00214 0
         vertex 0.01778 0.00214 0
         vertex 0.0254 0.00209 0
      endloop
   endfacet
   facet normal 0 0 -1
      outer loop
         vertex 0.00254 0.00214 0
         vertex -5.51136e-19 0.00214 0
         vertex 0.0004 0.00254 0
      endloop
   endfacet
   facet normal 0 0 -1
      outer loop
         vertex 0.01818 0.00254 1.0842e-19
         vertex 0.01992 0.00254 0
         vertex 0.02032 0.00214 0
      endloop
   endfacet
   facet normal 0 0 -1
      outer loop
         vertex 0.0004 0.00254 0
         vertex 0.00214 0.00254 0
         vertex 0.00254 0.00214 0
      endloop
   endfacet
   facet normal 0 0 -1
      outer loop
         vertex 0.01524 0.00214 0
         vertex 0.01564 0.00254 1.0842e-19
         vertex 0.01738 0.00254 0
      endloop
   endfacet
   facet normal 0 0 -1
      outer loop
         vertex -5.51136e-19 0.00214 0
         vertex -0.00254 0.00214 0
         vertex -0.00214 0.00254 0
      endloop
   endfacet
   facet normal 0 0 -1
      outer loop
         vertex -0.00214 0.00254 0
         vertex -0.0004 0.00254 0
         vertex -5.51136e-19 0.00214 0
      endloop
   endfacet
   facet normal 0 0 -1
      outer loop
         vertex -0.00254 0.00214 0
         vertex -0.00508 0.00214 0
         vertex -0.00468 0.00254 0
      endloop
   endfacet
   facet normal 0 0 -1
      outer loop
         vertex -0.00468 0.00254 0
         vertex -0.00294 0.00254 0
         vertex -0.00254 0.00214 0
      endloop
   endfacet
   facet normal 0 0 -1
      outer loop
         vertex 0.01524 0.00214 0
         vertex 0.0127 0.00214 0
         vertex 0.0131 0.00254 0
      endloop
   endfacet
   facet normal 0 0 -1
      outer loop
         vertex -0.0254 0.00209 0
         vertex -0.01778 0.00214 0
         vertex -0.01524 0.00214 0
      endloop
   endfacet
   facet normal 0 0 -1
      outer loop
         vertex 0.0131 0.00254 0
         vertex 0.01484 0.00254 0
         vertex 0.01524 0.00214 0
      endloop
   endfacet
   facet normal 0 0 -1
      outer loop
         vertex 0.0127 0.00214 0
         vertex 0.01016 0.00214 0
         vertex 0.01056 0.00254 0
      endloop
   endfacet
   facet normal 0 0 -1
      outer loop
         vertex -0.0254 0.00209 0
         vertex -0.0127 0.00214 0
         vertex -0.01016 0.00214 0
      endloop
   endfacet
   facet normal 0 0 -1
      outer loop
         vertex -0.0254 0.00209 0
         vertex -0.02032 0.00214 0
         vertex -0.01778 0.00214 0
      endloop
   endfacet
   facet normal 0 0 -1
      outer loop
         vertex 0.01056 0.00254 0
         vertex 0.0123 0.00254 0
         vertex 0.0127 0.00214 0
      endloop
   endfacet
   facet normal 0 0 -1
      outer loop
         vertex 0.00762 0.00214 0
         vertex 0.00802 0.00254 0
         vertex 0.00976 0.00254 0
      endloop
   endfacet
   facet normal 0 0 -1
      outer loop
         vertex -0.01016 0.00214 0
         vertex -0.00762 0.00214 0
         vertex -0.0254 0.00209 0
      endloop
   endfacet
   facet normal 0 0 -1
      outer loop
         vertex -0.01524 0.00214 0
         vertex -0.0127 0.00214 0
         vertex -0.0254 0.00209 0
      endloop
   endfacet
   facet normal 0 0 -1
      outer loop
         vertex -0.01778 0.00214 0
         vertex -0.02032 0.00214 0
         vertex -0.01992 0.00254 0
      endloop
   endfacet
   facet normal 0 0 -1
      outer loop
         vertex 0.00976 0.00254 0
         vertex 0.01016 0.00214 0
         vertex 0.00762 0.00214 0
      endloop
   endfacet
   facet normal 0 0 -1
      outer loop
         vertex 0.00508 0.00214 0
         vertex 0.00548 0.00254 0
         vertex 0.00722 0.00254 0
      endloop
   endfacet
   facet normal 0 0 -1
      outer loop
         vertex -0.01016 0.00214 0
         vertex -0.00802 0.00254 0
         vertex -0.00762 0.00214 0
      endloop
   endfacet
   facet normal 0 0 -1
      outer loop
         vertex -0.01016 0.00214 0
         vertex -0.0127 0.00214 0
         vertex -0.0123 0.00254 1.4456e-19
      endloop
   endfacet
   facet normal 0 0 -1
      outer loop
         vertex -0.01992 0.00254 0
         vertex -0.01818 0.00254 0
         vertex -0.01778 0.00214 0
      endloop
   endfacet
   facet normal 0 0 -1
      outer loop
         vertex 0.00722 0.00254 0
         vertex 0.00762 0.00214 0
         vertex 0.00508 0.00214 0
      endloop
   endfacet
   facet normal 0 0 -1
      outer loop
         vertex 0.00254 0.00214 0
         vertex 0.00294 0.00254 1.0842e-19
         vertex 0.00468 0.00254 0
      endloop
   endfacet
   facet normal 0 0 -1
      outer loop
         vertex -0.0123 0.00254 1.4456e-19
         vertex -0.01056 0.00254 0
         vertex -0.01016 0.00214 0
      endloop
   endfacet
   facet normal 0 0 -1
      outer loop
         vertex -0.01524 0.00214 0
         vertex -0.0131 0.00254 0
         vertex -0.0127 0.00214 0
      endloop
   endfacet
   facet normal 0 0 -1
      outer loop
         vertex 0.0254 0.00214 0
         vertex 0.02286 0.00214 0
         vertex 0.02326 0.00254 1.0842e-19
      endloop
   endfacet
   facet normal 0 0 -1
      outer loop
         vertex 0.02286 0.00214 0
         vertex 0.02032 0.00214 0
         vertex 0.02072 0.00254 0
      endloop
   endfacet
   facet normal 0 0 -1
      outer loop
         vertex 0.00468 0.00254 0
         vertex 0.00508 0.00214 0
         vertex 0.00254 0.00214 0
      endloop
   endfacet
   facet normal 0 0 -1
      outer loop
         vertex -0.00508 0.00214 0
         vertex -0.00762 0.00214 0
         vertex -0.00722 0.00254 1.0842e-19
      endloop
   endfacet
   facet normal 0 0 -1
      outer loop
         vertex -0.01524 0.00214 0
         vertex -0.01484 0.00254 1.4456e-19
         vertex -0.0131 0.00254 0
      endloop
   endfacet
   facet normal 0 0 -1
      outer loop
         vertex -0.01524 0.00214 0
         vertex -0.01778 0.00214 0
         vertex -0.01738 0.00254 0
      endloop
   endfacet
   facet normal 0 0 -1
      outer loop
         vertex 0.02326 0.00254 1.0842e-19
         vertex 0.025 0.00254 0
         vertex 0.0254 0.00214 0
      endloop
   endfacet
   facet normal 0 0 -1
      outer loop
         vertex 0.02072 0.00254 0
         vertex 0.02246 0.00254 0
         vertex 0.02286 0.00214 0
      endloop
   endfacet
   facet normal 0 0 -1
      outer loop
         vertex -0.00722 0.00254 1.0842e-19
         vertex -0.00548 0.00254 0
         vertex -0.00508 0.00214 0
      endloop
   endfacet
   facet normal 0 0 -1
      outer loop
         vertex -0.01738 0.00254 0
         vertex -0.01564 0.00254 0
         vertex -0.01524 0.00214 0
      endloop
   endfacet
   facet normal 0 0 -1
      outer loop
         vertex 0.02286 0.00214 0
         vertex 0.0254 0.00209 0
         vertex 0.02032 0.00214 0
      endloop
   endfacet
   facet normal 0 0 -1
      outer loop
         vertex -0.01016 0.00214 0
         vertex -0.00976 0.00254 1.4456e-19
         vertex -0.00802 0.00254 0
      endloop
   endfacet
   facet normal 0 0 -1
      outer loop
         vertex -0.02032 0.00214 0
         vertex -0.02286 0.00214 0
         vertex -0.02246 0.00254 0
      endloop
   endfacet
   facet normal 0 0 -1
      outer loop
         vertex 0.02032 0.00214 0
         vertex 0.0254 0.00209 0
         vertex 0.01778 0.00214 0
      endloop
   endfacet
   facet normal 0 0 -1
      outer loop
         vertex -0.02032 0.00214 0
         vertex -0.0254 0.00209 0
         vertex -0.02286 0.00214 0
      endloop
   endfacet
   facet normal 0 0 -1
      outer loop
         vertex -0.0254 0.00214 0
         vertex -0.025 0.00254 0
         vertex -0.02326 0.00254 0
      endloop
   endfacet
   facet normal 0 0 -1
      outer loop
         vertex -0.02246 0.00254 0
         vertex -0.02072 0.00254 0
         vertex -0.02032 0.00214 0
      endloop
   endfacet
   facet normal 0 0 -1
      outer loop
         vertex -0.02286 0.00214 0
         vertex -0.0254 0.00209 0
         vertex -0.0254 0.00214 0
      endloop
   endfacet
   facet normal 0 0 -1
      outer loop
         vertex -0.02326 0.00254 0
         vertex -0.02286 0.00214 0
         vertex -0.0254 0.00214 0
      endloop
   endfacet
   facet normal 0 0 -1
      outer loop
         vertex 0.0254 0.00214 0
         vertex 0.0254 0.00209 0
         vertex 0.02286 0.00214 0
      endloop
   endfacet
   facet normal -0.707107 0.707107 0
      outer loop
         vertex -0.025 0.00254 0.0025
         vertex -0.025 0.00254 0
         vertex -0.0254 0.00214 0
      endloop
   endfacet
   facet normal -0.707107 0.707107 0
      outer loop
         vertex -0.0254 0.00214 0
         vertex -0.0254 0.00214 0.0025
         vertex -0.025 0.00254 0.0025
      endloop
   endfacet
   facet normal 0 1 0
      outer loop
         vertex -0.02326 0.00254 0
         vertex -0.025 0.00254 0
         vertex -0.024925 0.00254 0.0025
      endloop
   endfacet
   facet normal 0 1 0
      outer loop
         vertex -0.025 0.00254 0
         vertex -0.025 0.00254 0.0025
         vertex -0.024925 0.00254 0.0025
      endloop
   endfacet
   facet normal 0 1 0
      outer loop
         vertex -0.024925 0.00254 0.0025
         vertex -0.02326 0.00254 0.0025
         vertex -0.02326 0.00254 0
      endloop
   endfacet
   facet normal 0.707107 0.707107 0
      outer loop
         vertex -0.02286 0.00214 0.0025
         vertex -0.02286 0.00214 0
         vertex -0.02326 0.00254 0
      endloop
   endfacet
   facet normal 0.707107 0.707107 0
      outer loop
         vertex -0.02326 0.00254 0
         vertex -0.02326 0.00254 0.0025
         vertex -0.02286 0.00214 0.0025
      endloop
   endfacet
   facet normal 0 0 -1
      outer loop
         vertex -0.024925 -0.00209 0.0006
         vertex -0.0254 -0.00209 0.0006
         vertex -0.0254 -0.00184 0.0006
      endloop
   endfacet
   facet normal 0 0 -1
      outer loop
         vertex -0.024925 -0.00184 0.0006
         vertex -0.0254 -0.00184 0.0006
         vertex -0.0254 -0.00045 0.0006
      endloop
   endfacet
   facet normal 0 0 -1
      outer loop
         vertex -0.02286 -0.00209 0.0006
         vertex -0.024925 -0.00209 0.0006
         vertex -0.024925 -0.00184 0.0006
      endloop
   endfacet
   facet normal 0 0 -1
      outer loop
         vertex -0.02286 -0.00184 0.0006
         vertex -0.02381 -0.00159 0.0006
         vertex -0.02381 -0.00095 0.0006
      endloop
   endfacet
   facet normal 0 0 -1
      outer loop
         vertex -0.024925 -0.00184 0.0006
         vertex -0.02445 -0.00159 0.0006
         vertex -0.02381 -0.00159 0.0006
      endloop
   endfacet
   facet normal 0 0 -1
      outer loop
         vertex -0.02381 -0.00159 0.0006
         vertex -0.02286 -0.00184 0.0006
         vertex -0.024925 -0.00184 0.0006
      endloop
   endfacet
   facet normal 0 0 -1
      outer loop
         vertex -0.024925 -0.00184 0.0006
         vertex -0.024925 -0.00045 0.0006
         vertex -0.02445 -0.00095 0.0006
      endloop
   endfacet
   facet normal 0 0 -1
      outer loop
         vertex -0.024925 -0.00045 0.0006
         vertex -0.02286 -0.00045 0.0006
         vertex -0.02381 -0.00095 0.0006
      endloop
   endfacet
   facet normal 0 0 -1
      outer loop
         vertex -0.02445 -0.00095 0.0006
         vertex -0.02445 -0.00159 0.0006
         vertex -0.024925 -0.00184 0.0006
      endloop
   endfacet
   facet normal 0 0 -1
      outer loop
         vertex -0.02381 -0.00095 0.0006
         vertex -0.02286 -0.00045 0.0006
         vertex -0.02286 -0.00184 0.0006
      endloop
   endfacet
   facet normal 0 0 -1
      outer loop
         vertex -0.02032 -0.00209 0.0006
         vertex -0.02286 -0.00209 0.0006
         vertex -0.02286 -0.00184 0.0006
      endloop
   endfacet
   facet normal 0 0 -1
      outer loop
         vertex -0.02032 -0.00184 0.0006
         vertex -0.02127 -0.00159 0.0006
         vertex -0.02127 -0.00095 0.0006
      endloop
   endfacet
   facet normal 0 0 -1
      outer loop
         vertex -0.02286 -0.00184 0.0006
         vertex -0.02191 -0.00159 0.0006
         vertex -0.02127 -0.00159 0.0006
      endloop
   endfacet
   facet normal 0 0 -1
      outer loop
         vertex -0.02127 -0.00159 0.0006
         vertex -0.02032 -0.00184 0.0006
         vertex -0.02286 -0.00184 0.0006
      endloop
   endfacet
   facet normal 0 0 -1
      outer loop
         vertex -0.02286 -0.00184 0.0006
         vertex -0.02286 -0.00045 0.0006
         vertex -0.02191 -0.00095 0.0006
      endloop
   endfacet
   facet normal 0 0 -1
      outer loop
         vertex -0.02286 -0.00045 0.0006
         vertex -0.02032 -0.00045 0.0006
         vertex -0.02127 -0.00095 0.0006
      endloop
   endfacet
   facet normal 0 0 -1
      outer loop
         vertex -0.02191 -0.00095 0.0006
         vertex -0.02191 -0.00159 0.0006
         vertex -0.02286 -0.00184 0.0006
      endloop
   endfacet
   facet normal 0 0 -1
      outer loop
         vertex -0.02127 -0.00095 0.0006
         vertex -0.02032 -0.00045 0.0006
         vertex -0.02032 -0.00184 0.0006
      endloop
   endfacet
   facet normal 0 0 -1
      outer loop
         vertex -0.01778 -0.00209 0.0006
         vertex -0.02032 -0.00209 0.0006
         vertex -0.02032 -0.00184 0.0006
      endloop
   endfacet
   facet normal 0 0 -1
      outer loop
         vertex -0.01778 -0.00184 0.0006
         vertex -0.01873 -0.00159 0.0006
         vertex -0.01873 -0.00095 0.0006
      endloop
   endfacet
   facet normal 0 0 -1
      outer loop
         vertex -0.01778 -0.00184 0.0006
         vertex -0.02032 -0.00184 0.0006
         vertex -0.01937 -0.00159 0.0006
      endloop
   endfacet
   facet normal 0 0 -1
      outer loop
         vertex -0.01937 -0.00159 0.0006
         vertex -0.01873 -0.00159 0.0006
         vertex -0.01778 -0.00184 0.0006
      endloop
   endfacet
   facet normal 0 0 -1
      outer loop
         vertex -0.02032 -0.00184 0.0006
         vertex -0.02032 -0.00045 0.0006
         vertex -0.01937 -0.00095 0.0006
      endloop
   endfacet
   facet normal 0 0 -1
      outer loop
         vertex -0.02032 -0.00045 0.0006
         vertex -0.01778 -0.00045 0.0006
         vertex -0.01873 -0.00095 0.0006
      endloop
   endfacet
   facet normal 0 0 -1
      outer loop
         vertex -0.01937 -0.00095 0.0006
         vertex -0.01937 -0.00159 0.0006
         vertex -0.02032 -0.00184 0.0006
      endloop
   endfacet
   facet normal 0 0 -1
      outer loop
         vertex -0.01873 -0.00095 0.0006
         vertex -0.01778 -0.00045 0.0006
         vertex -0.01778 -0.00184 0.0006
      endloop
   endfacet
   facet normal 0 0 -1
      outer loop
         vertex -0.0127 -0.00209 0.0006
         vertex -0.01778 -0.00209 0.0006
         vertex -0.01778 -0.00184 0.0006
      endloop
   endfacet
   facet normal 0 0 -1
      outer loop
         vertex -0.0127 -0.00045 0.0006
         vertex -0.01365 -0.00095 0.0006
         vertex -0.01429 -0.00095 0.0006
      endloop
   endfacet
   facet normal 0 0 -1
      outer loop
         vertex -0.01429 -0.00095 0.0006
         vertex -0.01619 -0.00095 0.0006
         vertex -0.0127 -0.00045 0.0006
      endloop
   endfacet
   facet normal 0 0 -1
      outer loop
         vertex -0.0127 -0.00184 0.0006
         vertex -0.01365 -0.00159 0.0006
         vertex -0.01365 -0.00095 0.0006
      endloop
   endfacet
   facet normal 0 0 -1
      outer loop
         vertex -0.01365 -0.00095 0.0006
         vertex -0.0127 -0.00045 0.0006
         vertex -0.0127 -0.00184 0.0006
      endloop
   endfacet
   facet normal 0 0 -1
      outer loop
         vertex -0.0127 -0.00184 0.0006
         vertex -0.01778 -0.00184 0.0006
         vertex -0.01429 -0.00159 0.0006
      endloop
   endfacet
   facet normal 0 0 -1
      outer loop
         vertex -0.01778 -0.00184 0.0006
         vertex -0.01683 -0.00159 0.0006
         vertex -0.01619 -0.00159 0.0006
      endloop
   endfacet
   facet normal 0 0 -1
      outer loop
         vertex -0.01429 -0.00159 0.0006
         vertex -0.01365 -0.00159 0.0006
         vertex -0.0127 -0.00184 0.0006
      endloop
   endfacet
   facet normal 0 0 -1
      outer loop
         vertex -0.01619 -0.00159 0.0006
         vertex -0.01429 -0.00159 0.0006
         vertex -0.01778 -0.00184 0.0006
      endloop
   endfacet
   facet normal 0 0 -1
      outer loop
         vertex -0.01619 -0.00159 0.0006
         vertex -0.01429 -0.00095 0.0006
         vertex -0.01429 -0.00159 0.0006
      endloop
   endfacet
   facet normal 0 0 -1
      outer loop
         vertex -0.01778 -0.00184 0.0006
         vertex -0.01778 -0.00045 0.0006
         vertex -0.01683 -0.00095 0.0006
      endloop
   endfacet
   facet normal 0 0 -1
      outer loop
         vertex -0.01778 -0.00045 0.0006
         vertex -0.0127 -0.00045 0.0006
         vertex -0.01619 -0.00095 0.0006
      endloop
   endfacet
   facet normal 0 0 -1
      outer loop
         vertex -0.01683 -0.00095 0.0006
         vertex -0.01683 -0.00159 0.0006
         vertex -0.01778 -0.00184 0.0006
      endloop
   endfacet
   facet normal 0 0 -1
      outer loop
         vertex -0.01429 -0.00095 0.0006
         vertex -0.01619 -0.00159 0.0006
         vertex -0.01619 -0.00095 0.0006
      endloop
   endfacet
   facet normal 0 0 -1
      outer loop
         vertex -0.01016 -0.00209 0.0006
         vertex -0.0127 -0.00209 0.0006
         vertex -0.0127 -0.00184 0.0006
      endloop
   endfacet
   facet normal 0 0 -1
      outer loop
         vertex -0.01016 -0.00184 0.0006
         vertex -0.01111 -0.00159 0.0006
         vertex -0.01111 -0.00095 0.0006
      endloop
   endfacet
   facet normal 0 0 -1
      outer loop
         vertex -0.0127 -0.00184 0.0006
         vertex -0.01175 -0.00159 0.0006
         vertex -0.01111 -0.00159 0.0006
      endloop
   endfacet
   facet normal 0 0 -1
      outer loop
         vertex -0.01111 -0.00159 0.0006
         vertex -0.01016 -0.00184 0.0006
         vertex -0.0127 -0.00184 0.0006
      endloop
   endfacet
   facet normal 0 0 -1
      outer loop
         vertex -0.0127 -0.00184 0.0006
         vertex -0.0127 -0.00045 0.0006
         vertex -0.01175 -0.00095 0.0006
      endloop
   endfacet
   facet normal 0 0 -1
      outer loop
         vertex -0.0127 -0.00045 0.0006
         vertex -0.01016 -0.00045 0.0006
         vertex -0.01111 -0.00095 0.0006
      endloop
   endfacet
   facet normal 0 0 -1
      outer loop
         vertex -0.01175 -0.00095 0.0006
         vertex -0.01175 -0.00159 0.0006
         vertex -0.0127 -0.00184 0.0006
      endloop
   endfacet
   facet normal 0 0 -1
      outer loop
         vertex -0.01111 -0.00095 0.0006
         vertex -0.01016 -0.00045 0.0006
         vertex -0.01016 -0.00184 0.0006
      endloop
   endfacet
   facet normal 0 0 -1
      outer loop
         vertex -0.00762 -0.00209 0.0006
         vertex -0.01016 -0.00209 0.0006
         vertex -0.01016 -0.00184 0.0006
      endloop
   endfacet
   facet normal 0 0 -1
      outer loop
         vertex -0.00762 -0.00184 0.0006
         vertex -0.00857 -0.00159 0.0006
         vertex -0.00857 -0.00095 0.0006
      endloop
   endfacet
   facet normal 0 0 -1
      outer loop
         vertex -0.01016 -0.00184 0.0006
         vertex -0.00921 -0.00159 0.0006
         vertex -0.00857 -0.00159 0.0006
      endloop
   endfacet
   facet normal 0 0 -1
      outer loop
         vertex -0.00857 -0.00159 0.0006
         vertex -0.00762 -0.00184 0.0006
         vertex -0.01016 -0.00184 0.0006
      endloop
   endfacet
   facet normal 0 0 -1
      outer loop
         vertex -0.01016 -0.00184 0.0006
         vertex -0.01016 -0.00045 0.0006
         vertex -0.00921 -0.00095 0.0006
      endloop
   endfacet
   facet normal 0 0 -1
      outer loop
         vertex -0.01016 -0.00045 0.0006
         vertex -0.00762 -0.00045 0.0006
         vertex -0.00857 -0.00095 0.0006
      endloop
   endfacet
   facet normal 0 0 -1
      outer loop
         vertex -0.00921 -0.00095 0.0006
         vertex -0.00921 -0.00159 0.0006
         vertex -0.01016 -0.00184 0.0006
      endloop
   endfacet
   facet normal 0 0 -1
      outer loop
         vertex -0.00857 -0.00095 0.0006
         vertex -0.00762 -0.00045 0.0006
         vertex -0.00762 -0.00184 0.0006
      endloop
   endfacet
   facet normal 0 0 -1
      outer loop
         vertex -0.00508 -0.00209 0.0006
         vertex -0.00762 -0.00209 0.0006
         vertex -0.00762 -0.00184 0.0006
      endloop
   endfacet
   facet normal 0 0 -1
      outer loop
         vertex -0.00508 -0.00184 0.0006
         vertex -0.00603 -0.00159 0.0006
         vertex -0.00603 -0.00095 0.0006
      endloop
   endfacet
   facet normal 0 0 -1
      outer loop
         vertex -0.00508 -0.00184 0.0006
         vertex -0.00762 -0.00184 0.0006
         vertex -0.00667 -0.00159 0.0006
      endloop
   endfacet
   facet normal 0 0 -1
      outer loop
         vertex -0.00667 -0.00159 0.0006
         vertex -0.00603 -0.00159 0.0006
         vertex -0.00508 -0.00184 0.0006
      endloop
   endfacet
   facet normal 0 0 -1
      outer loop
         vertex -0.00762 -0.00184 0.0006
         vertex -0.00762 -0.00045 0.0006
         vertex -0.00667 -0.00095 0.0006
      endloop
   endfacet
   facet normal 0 0 -1
      outer loop
         vertex -0.00762 -0.00045 0.0006
         vertex -0.00508 -0.00045 0.0006
         vertex -0.00603 -0.00095 0.0006
      endloop
   endfacet
   facet normal 0 0 -1
      outer loop
         vertex -0.00667 -0.00095 0.0006
         vertex -0.00667 -0.00159 0.0006
         vertex -0.00762 -0.00184 0.0006
      endloop
   endfacet
   facet normal 0 0 -1
      outer loop
         vertex -0.00603 -0.00095 0.0006
         vertex -0.00508 -0.00045 0.0006
         vertex -0.00508 -0.00184 0.0006
      endloop
   endfacet
   facet normal 0 0 -1
      outer loop
         vertex 0 -0.00209 0.0006
         vertex -0.00508 -0.00209 0.0006
         vertex -0.00508 -0.00184 0.0006
      endloop
   endfacet
   facet normal 0 0 -1
      outer loop
         vertex 0 -0.00045 0.0006
         vertex -0.00095 -0.00095 0.0006
         vertex -0.00159 -0.00095 0.0006
      endloop
   endfacet
   facet normal 0 0 -1
      outer loop
         vertex -0.00159 -0.00095 0.0006
         vertex -0.00349 -0.00095 0.0006
         vertex 0 -0.00045 0.0006
      endloop
   endfacet
   facet normal 0 0 -1
      outer loop
         vertex 0 -0.00184 0.0006
         vertex -0.00095 -0.00159 0.0006
         vertex -0.00095 -0.00095 0.0006
      endloop
   endfacet
   facet normal 0 0 -1
      outer loop
         vertex -0.00095 -0.00095 0.0006
         vertex 0 -0.00045 0.0006
         vertex 0 -0.00184 0.0006
      endloop
   endfacet
   facet normal 0 0 -1
      outer loop
         vertex 0 -0.00184 0.0006
         vertex -0.00508 -0.00184 0.0006
         vertex -0.00159 -0.00159 0.0006
      endloop
   endfacet
   facet normal 0 0 -1
      outer loop
         vertex -0.00508 -0.00184 0.0006
         vertex -0.00413 -0.00159 0.0006
         vertex -0.00349 -0.00159 0.0006
      endloop
   endfacet
   facet normal 0 0 -1
      outer loop
         vertex -0.00159 -0.00159 0.0006
         vertex -0.00095 -0.00159 0.0006
         vertex 0 -0.00184 0.0006
      endloop
   endfacet
   facet normal 0 0 -1
      outer loop
         vertex -0.00349 -0.00159 0.0006
         vertex -0.00159 -0.00159 0.0006
         vertex -0.00508 -0.00184 0.0006
      endloop
   endfacet
   facet normal 0 0 -1
      outer loop
         vertex -0.00349 -0.00159 0.0006
         vertex -0.00159 -0.00095 0.0006
         vertex -0.00159 -0.00159 0.0006
      endloop
   endfacet
   facet normal 0 0 -1
      outer loop
         vertex -0.00508 -0.00184 0.0006
         vertex -0.00508 -0.00045 0.0006
         vertex -0.00413 -0.00095 0.0006
      endloop
   endfacet
   facet normal 0 0 -1
      outer loop
         vertex -0.00508 -0.00045 0.0006
         vertex 0 -0.00045 0.0006
         vertex -0.00349 -0.00095 0.0006
      endloop
   endfacet
   facet normal 0 0 -1
      outer loop
         vertex -0.00413 -0.00095 0.0006
         vertex -0.00413 -0.00159 0.0006
         vertex -0.00508 -0.00184 0.0006
      endloop
   endfacet
   facet normal 0 0 -1
      outer loop
         vertex -0.00159 -0.00095 0.0006
         vertex -0.00349 -0.00159 0.0006
         vertex -0.00349 -0.00095 0.0006
      endloop
   endfacet
   facet normal 0 0 -1
      outer loop
         vertex 0.00254 -0.00209 0.0006
         vertex 0 -0.00209 0.0006
         vertex 0 -0.00184 0.0006
      endloop
   endfacet
   facet normal 0 0 -1
      outer loop
         vertex 0.00254 -0.00184 0.0006
         vertex 0.00159 -0.00159 0.0006
         vertex 0.00159 -0.00095 0.0006
      endloop
   endfacet
   facet normal 0 0 -1
      outer loop
         vertex 0.00254 -0.00184 0.0006
         vertex 0 -0.00184 0.0006
         vertex 0.00095 -0.00159 0.0006
      endloop
   endfacet
   facet normal 0 0 -1
      outer loop
         vertex 0.00095 -0.00159 0.0006
         vertex 0.00159 -0.00159 0.0006
         vertex 0.00254 -0.00184 0.0006
      endloop
   endfacet
   facet normal 0 0 -1
      outer loop
         vertex 0 -0.00184 0.0006
         vertex 0 -0.00045 0.0006
         vertex 0.00095 -0.00095 0.0006
      endloop
   endfacet
   facet normal 0 0 -1
      outer loop
         vertex 0 -0.00045 0.0006
         vertex 0.00254 -0.00045 0.0006
         vertex 0.00159 -0.00095 0.0006
      endloop
   endfacet
   facet normal 0 0 -1
      outer loop
         vertex 0.00095 -0.00095 0.0006
         vertex 0.00095 -0.00159 0.0006
         vertex 0 -0.00184 0.0006
      endloop
   endfacet
   facet normal 0 0 -1
      outer loop
         vertex 0.00159 -0.00095 0.0006
         vertex 0.00254 -0.00045 0.0006
         vertex 0.00254 -0.00184 0.0006
      endloop
   endfacet
   facet normal 0 0 -1
      outer loop
         vertex 0.00508 -0.00209 0.0006
         vertex 0.00254 -0.00209 0.0006
         vertex 0.00254 -0.00184 0.0006
      endloop
   endfacet
   facet normal 0 0 -1
      outer loop
         vertex 0.00508 -0.00184 0.0006
         vertex 0.00413 -0.00159 0.0006
         vertex 0.00413 -0.00095 0.0006
      endloop
   endfacet
   facet normal 0 0 -1
      outer loop
         vertex 0.00254 -0.00184 0.0006
         vertex 0.00349 -0.00159 0.0006
         vertex 0.00413 -0.00159 0.0006
      endloop
   endfacet
   facet normal 0 0 -1
      outer loop
         vertex 0.00413 -0.00159 0.0006
         vertex 0.00508 -0.00184 0.0006
         vertex 0.00254 -0.00184 0.0006
      endloop
   endfacet
   facet normal 0 0 -1
      outer loop
         vertex 0.00254 -0.00184 0.0006
         vertex 0.00254 -0.00045 0.0006
         vertex 0.00349 -0.00095 0.0006
      endloop
   endfacet
   facet normal 0 0 -1
      outer loop
         vertex 0.00254 -0.00045 0.0006
         vertex 0.00508 -0.00045 0.0006
         vertex 0.00413 -0.00095 0.0006
      endloop
   endfacet
   facet normal 0 0 -1
      outer loop
         vertex 0.00349 -0.00095 0.0006
         vertex 0.00349 -0.00159 0.0006
         vertex 0.00254 -0.00184 0.0006
      endloop
   endfacet
   facet normal 0 0 -1
      outer loop
         vertex 0.00413 -0.00095 0.0006
         vertex 0.00508 -0.00045 0.0006
         vertex 0.00508 -0.00184 0.0006
      endloop
   endfacet
   facet normal 0 0 -1
      outer loop
         vertex 0.00762 -0.00209 0.0006
         vertex 0.00508 -0.00209 0.0006
         vertex 0.00508 -0.00184 0.0006
      endloop
   endfacet
   facet normal 0 0 -1
      outer loop
         vertex 0.00762 -0.00184 0.0006
         vertex 0.00667 -0.00159 0.0006
         vertex 0.00667 -0.00095 0.0006
      endloop
   endfacet
   facet normal 0 0 -1
      outer loop
         vertex 0.00508 -0.00184 0.0006
         vertex 0.00603 -0.00159 0.0006
         vertex 0.00667 -0.00159 0.0006
      endloop
   endfacet
   facet normal 0 0 -1
      outer loop
         vertex 0.00667 -0.00159 0.0006
         vertex 0.00762 -0.00184 0.0006
         vertex 0.00508 -0.00184 0.0006
      endloop
   endfacet
   facet normal 0 0 -1
      outer loop
         vertex 0.00508 -0.00184 0.0006
         vertex 0.00508 -0.00045 0.0006
         vertex 0.00603 -0.00095 0.0006
      endloop
   endfacet
   facet normal 0 0 -1
      outer loop
         vertex 0.00508 -0.00045 0.0006
         vertex 0.00762 -0.00045 0.0006
         vertex 0.00667 -0.00095 0.0006
      endloop
   endfacet
   facet normal 0 0 -1
      outer loop
         vertex 0.00603 -0.00095 0.0006
         vertex 0.00603 -0.00159 0.0006
         vertex 0.00508 -0.00184 0.0006
      endloop
   endfacet
   facet normal 0 0 -1
      outer loop
         vertex 0.00667 -0.00095 0.0006
         vertex 0.00762 -0.00045 0.0006
         vertex 0.00762 -0.00184 0.0006
      endloop
   endfacet
   facet normal 0 0 -1
      outer loop
         vertex 0.0127 -0.00209 0.0006
         vertex 0.00762 -0.00209 0.0006
         vertex 0.00762 -0.00184 0.0006
      endloop
   endfacet
   facet normal 0 0 -1
      outer loop
         vertex 0.0127 -0.00045 0.0006
         vertex 0.01175 -0.00095 0.0006
         vertex 0.01111 -0.00095 0.0006
      endloop
   endfacet
   facet normal 0 0 -1
      outer loop
         vertex 0.01111 -0.00095 0.0006
         vertex 0.00921 -0.00095 0.0006
         vertex 0.0127 -0.00045 0.0006
      endloop
   endfacet
   facet normal 0 0 -1
      outer loop
         vertex 0.0127 -0.00184 0.0006
         vertex 0.01175 -0.00159 0.0006
         vertex 0.01175 -0.00095 0.0006
      endloop
   endfacet
   facet normal 0 0 -1
      outer loop
         vertex 0.01175 -0.00095 0.0006
         vertex 0.0127 -0.00045 0.0006
         vertex 0.0127 -0.00184 0.0006
      endloop
   endfacet
   facet normal 0 0 -1
      outer loop
         vertex 0.0127 -0.00184 0.0006
         vertex 0.00762 -0.00184 0.0006
         vertex 0.01111 -0.00159 0.0006
      endloop
   endfacet
   facet normal 0 0 -1
      outer loop
         vertex 0.00762 -0.00184 0.0006
         vertex 0.00857 -0.00159 0.0006
         vertex 0.00921 -0.00159 0.0006
      endloop
   endfacet
   facet normal 0 0 -1
      outer loop
         vertex 0.01111 -0.00159 0.0006
         vertex 0.01175 -0.00159 0.0006
         vertex 0.0127 -0.00184 0.0006
      endloop
   endfacet
   facet normal 0 0 -1
      outer loop
         vertex 0.00921 -0.00159 0.0006
         vertex 0.01111 -0.00159 0.0006
         vertex 0.00762 -0.00184 0.0006
      endloop
   endfacet
   facet normal 0 0 -1
      outer loop
         vertex 0.00921 -0.00159 0.0006
         vertex 0.01111 -0.00095 0.0006
         vertex 0.01111 -0.00159 0.0006
      endloop
   endfacet
   facet normal 0 0 -1
      outer loop
         vertex 0.00762 -0.00184 0.0006
         vertex 0.00762 -0.00045 0.0006
         vertex 0.00857 -0.00095 0.0006
      endloop
   endfacet
   facet normal 0 0 -1
      outer loop
         vertex 0.00762 -0.00045 0.0006
         vertex 0.0127 -0.00045 0.0006
         vertex 0.00921 -0.00095 0.0006
      endloop
   endfacet
   facet normal 0 0 -1
      outer loop
         vertex 0.00857 -0.00095 0.0006
         vertex 0.00857 -0.00159 0.0006
         vertex 0.00762 -0.00184 0.0006
      endloop
   endfacet
   facet normal 0 0 -1
      outer loop
         vertex 0.01111 -0.00095 0.0006
         vertex 0.00921 -0.00159 0.0006
         vertex 0.00921 -0.00095 0.0006
      endloop
   endfacet
   facet normal 0 0 -1
      outer loop
         vertex 0.01524 -0.00209 0.0006
         vertex 0.0127 -0.00209 0.0006
         vertex 0.0127 -0.00184 0.0006
      endloop
   endfacet
   facet normal 0 0 -1
      outer loop
         vertex 0.01524 -0.00184 0.0006
         vertex 0.01429 -0.00159 0.0006
         vertex 0.01429 -0.00095 0.0006
      endloop
   endfacet
   facet normal 0 0 -1
      outer loop
         vertex 0.01524 -0.00184 0.0006
         vertex 0.0127 -0.00184 0.0006
         vertex 0.01365 -0.00159 0.0006
      endloop
   endfacet
   facet normal 0 0 -1
      outer loop
         vertex 0.01365 -0.00159 0.0006
         vertex 0.01429 -0.00159 0.0006
         vertex 0.01524 -0.00184 0.0006
      endloop
   endfacet
   facet normal 0 0 -1
      outer loop
         vertex 0.0127 -0.00184 0.0006
         vertex 0.0127 -0.00045 0.0006
         vertex 0.01365 -0.00095 0.0006
      endloop
   endfacet
   facet normal 0 0 -1
      outer loop
         vertex 0.01524 -0.00045 0.0006
         vertex 0.01429 -0.00095 0.0006
         vertex 0.01365 -0.00095 0.0006
      endloop
   endfacet
   facet normal 0 0 -1
      outer loop
         vertex 0.01365 -0.00095 0.0006
         vertex 0.01365 -0.00159 0.0006
         vertex 0.0127 -0.00184 0.0006
      endloop
   endfacet
   facet normal 0 0 -1
      outer loop
         vertex 0.01429 -0.00095 0.0006
         vertex 0.01524 -0.00045 0.0006
         vertex 0.01524 -0.00184 0.0006
      endloop
   endfacet
   facet normal 0 0 -1
      outer loop
         vertex 0.01778 -0.00209 0.0006
         vertex 0.01524 -0.00209 0.0006
         vertex 0.01524 -0.00184 0.0006
      endloop
   endfacet
   facet normal 0 0 -1
      outer loop
         vertex 0.01778 -0.00184 0.0006
         vertex 0.01683 -0.00159 0.0006
         vertex 0.01683 -0.00095 0.0006
      endloop
   endfacet
   facet normal 0 0 -1
      outer loop
         vertex 0.01778 -0.00184 0.0006
         vertex 0.01524 -0.00184 0.0006
         vertex 0.01619 -0.00159 0.0006
      endloop
   endfacet
   facet normal 0 0 -1
      outer loop
         vertex 0.01619 -0.00159 0.0006
         vertex 0.01683 -0.00159 0.0006
         vertex 0.01778 -0.00184 0.0006
      endloop
   endfacet
   facet normal 0 0 -1
      outer loop
         vertex 0.01524 -0.00184 0.0006
         vertex 0.01524 -0.00045 0.0006
         vertex 0.01619 -0.00095 0.0006
      endloop
   endfacet
   facet normal 0 0 -1
      outer loop
         vertex 0.01778 -0.00045 0.0006
         vertex 0.01683 -0.00095 0.0006
         vertex 0.01619 -0.00095 0.0006
      endloop
   endfacet
   facet normal 0 0 -1
      outer loop
         vertex 0.01619 -0.00095 0.0006
         vertex 0.01619 -0.00159 0.0006
         vertex 0.01524 -0.00184 0.0006
      endloop
   endfacet
   facet normal 0 0 -1
      outer loop
         vertex 0.01683 -0.00095 0.0006
         vertex 0.01778 -0.00045 0.0006
         vertex 0.01778 -0.00184 0.0006
      endloop
   endfacet
   facet normal 0 0 -1
      outer loop
         vertex 0.02032 -0.00209 0.0006
         vertex 0.01778 -0.00209 0.0006
         vertex 0.01778 -0.00184 0.0006
      endloop
   endfacet
   facet normal 0 0 -1
      outer loop
         vertex 0.02032 -0.00184 0.0006
         vertex 0.01937 -0.00159 0.0006
         vertex 0.01937 -0.00095 0.0006
      endloop
   endfacet
   facet normal 0 0 -1
      outer loop
         vertex 0.02032 -0.00184 0.0006
         vertex 0.01778 -0.00184 0.0006
         vertex 0.01873 -0.00159 0.0006
      endloop
   endfacet
   facet normal 0 0 -1
      outer loop
         vertex 0.01873 -0.00159 0.0006
         vertex 0.01937 -0.00159 0.0006
         vertex 0.02032 -0.00184 0.0006
      endloop
   endfacet
   facet normal 0 0 -1
      outer loop
         vertex 0.01778 -0.00184 0.0006
         vertex 0.01778 -0.00045 0.0006
         vertex 0.01873 -0.00095 0.0006
      endloop
   endfacet
   facet normal 0 0 -1
      outer loop
         vertex 0.02032 -0.00045 0.0006
         vertex 0.01937 -0.00095 0.0006
         vertex 0.01873 -0.00095 0.0006
      endloop
   endfacet
   facet normal 0 0 -1
      outer loop
         vertex 0.01873 -0.00095 0.0006
         vertex 0.01873 -0.00159 0.0006
         vertex 0.01778 -0.00184 0.0006
      endloop
   endfacet
   facet normal 0 0 -1
      outer loop
         vertex 0.01937 -0.00095 0.0006
         vertex 0.02032 -0.00045 0.0006
         vertex 0.02032 -0.00184 0.0006
      endloop
   endfacet
   facet normal 0 0 -1
      outer loop
         vertex 0.0254 -0.00209 0.0006
         vertex 0.02032 -0.00209 0.0006
         vertex 0.02032 -0.00184 0.0006
      endloop
   endfacet
   facet normal 0 0 -1
      outer loop
         vertex 0.0254 -0.00045 0.0006
         vertex 0.02445 -0.00095 0.0006
         vertex 0.02381 -0.00095 0.0006
      endloop
   endfacet
   facet normal 0 0 -1
      outer loop
         vertex 0.02381 -0.00095 0.0006
         vertex 0.02191 -0.00095 0.0006
         vertex 0.0254 -0.00045 0.0006
      endloop
   endfacet
   facet normal 0 0 -1
      outer loop
         vertex 0.0254 -0.00184 0.0006
         vertex 0.02445 -0.00159 0.0006
         vertex 0.02445 -0.00095 0.0006
      endloop
   endfacet
   facet normal 0 0 -1
      outer loop
         vertex 0.02445 -0.00095 0.0006
         vertex 0.0254 -0.00045 0.0006
         vertex 0.0254 -0.00184 0.0006
      endloop
   endfacet
   facet normal 0 0 -1
      outer loop
         vertex 0.0254 -0.00184 0.0006
         vertex 0.02032 -0.00184 0.0006
         vertex 0.02381 -0.00159 0.0006
      endloop
   endfacet
   facet normal 0 0 -1
      outer loop
         vertex 0.02032 -0.00184 0.0006
         vertex 0.02127 -0.00159 0.0006
         vertex 0.02191 -0.00159 0.0006
      endloop
   endfacet
   facet normal 0 0 -1
      outer loop
         vertex 0.02381 -0.00159 0.0006
         vertex 0.02445 -0.00159 0.0006
         vertex 0.0254 -0.00184 0.0006
      endloop
   endfacet
   facet normal 0 0 -1
      outer loop
         vertex 0.02191 -0.00159 0.0006
         vertex 0.02381 -0.00159 0.0006
         vertex 0.02032 -0.00184 0.0006
      endloop
   endfacet
   facet normal 0 0 -1
      outer loop
         vertex 0.02191 -0.00159 0.0006
         vertex 0.02381 -0.00095 0.0006
         vertex 0.02381 -0.00159 0.0006
      endloop
   endfacet
   facet normal 0 0 -1
      outer loop
         vertex 0.02032 -0.00184 0.0006
         vertex 0.02032 -0.00045 0.0006
         vertex 0.02127 -0.00095 0.0006
      endloop
   endfacet
   facet normal 0 0 -1
      outer loop
         vertex 0.02032 -0.00045 0.0006
         vertex 0.0254 -0.00045 0.0006
         vertex 0.02191 -0.00095 0.0006
      endloop
   endfacet
   facet normal 0 0 -1
      outer loop
         vertex 0.02127 -0.00095 0.0006
         vertex 0.02127 -0.00159 0.0006
         vertex 0.02032 -0.00184 0.0006
      endloop
   endfacet
   facet normal 0 0 -1
      outer loop
         vertex 0.02381 -0.00095 0.0006
         vertex 0.02191 -0.00159 0.0006
         vertex 0.02191 -0.00095 0.0006
      endloop
   endfacet
   facet normal 0 0 -1
      outer loop
         vertex 0.02191 -0.00095 0.0006
         vertex 0.02127 -0.00095 0.0006
         vertex 0.02032 -0.00045 0.0006
      endloop
   endfacet
   facet normal 0 0 -1
      outer loop
         vertex 0.02032 -0.00184 0.0006
         vertex 0.0254 -0.00184 0.0006
         vertex 0.0254 -0.00209 0.0006
      endloop
   endfacet
   facet normal 0 0 -1
      outer loop
         vertex 0.01873 -0.00095 0.0006
         vertex 0.01778 -0.00045 0.0006
         vertex 0.02032 -0.00045 0.0006
      endloop
   endfacet
   facet normal 0 0 -1
      outer loop
         vertex 0.01778 -0.00184 0.0006
         vertex 0.02032 -0.00184 0.0006
         vertex 0.02032 -0.00209 0.0006
      endloop
   endfacet
   facet normal 0 0 -1
      outer loop
         vertex 0.01619 -0.00095 0.0006
         vertex 0.01524 -0.00045 0.0006
         vertex 0.01778 -0.00045 0.0006
      endloop
   endfacet
   facet normal 0 0 -1
      outer loop
         vertex 0.01524 -0.00184 0.0006
         vertex 0.01778 -0.00184 0.0006
         vertex 0.01778 -0.00209 0.0006
      endloop
   endfacet
   facet normal 0 0 -1
      outer loop
         vertex 0.01365 -0.00095 0.0006
         vertex 0.0127 -0.00045 0.0006
         vertex 0.01524 -0.00045 0.0006
      endloop
   endfacet
   facet normal 0 0 -1
      outer loop
         vertex 0.0127 -0.00184 0.0006
         vertex 0.01524 -0.00184 0.0006
         vertex 0.01524 -0.00209 0.0006
      endloop
   endfacet
   facet normal 0 0 -1
      outer loop
         vertex 0.00921 -0.00095 0.0006
         vertex 0.00857 -0.00095 0.0006
         vertex 0.00762 -0.00045 0.0006
      endloop
   endfacet
   facet normal 0 0 -1
      outer loop
         vertex 0.00762 -0.00184 0.0006
         vertex 0.0127 -0.00184 0.0006
         vertex 0.0127 -0.00209 0.0006
      endloop
   endfacet
   facet normal 0 0 -1
      outer loop
         vertex 0.00667 -0.00095 0.0006
         vertex 0.00603 -0.00095 0.0006
         vertex 0.00508 -0.00045 0.0006
      endloop
   endfacet
   facet normal 0 0 -1
      outer loop
         vertex 0.00508 -0.00184 0.0006
         vertex 0.00762 -0.00184 0.0006
         vertex 0.00762 -0.00209 0.0006
      endloop
   endfacet
   facet normal 0 0 -1
      outer loop
         vertex 0.00413 -0.00095 0.0006
         vertex 0.00349 -0.00095 0.0006
         vertex 0.00254 -0.00045 0.0006
      endloop
   endfacet
   facet normal 0 0 -1
      outer loop
         vertex 0.00254 -0.00184 0.0006
         vertex 0.00508 -0.00184 0.0006
         vertex 0.00508 -0.00209 0.0006
      endloop
   endfacet
   facet normal 0 0 -1
      outer loop
         vertex 0.00159 -0.00095 0.0006
         vertex 0.00095 -0.00095 0.0006
         vertex 0 -0.00045 0.0006
      endloop
   endfacet
   facet normal 0 0 -1
      outer loop
         vertex 0 -0.00184 0.0006
         vertex 0.00254 -0.00184 0.0006
         vertex 0.00254 -0.00209 0.0006
      endloop
   endfacet
   facet normal 0 0 -1
      outer loop
         vertex -0.00349 -0.00095 0.0006
         vertex -0.00413 -0.00095 0.0006
         vertex -0.00508 -0.00045 0.0006
      endloop
   endfacet
   facet normal 0 0 -1
      outer loop
         vertex -0.00508 -0.00184 0.0006
         vertex 0 -0.00184 0.0006
         vertex 0 -0.00209 0.0006
      endloop
   endfacet
   facet normal 0 0 -1
      outer loop
         vertex -0.00603 -0.00095 0.0006
         vertex -0.00667 -0.00095 0.0006
         vertex -0.00762 -0.00045 0.0006
      endloop
   endfacet
   facet normal 0 0 -1
      outer loop
         vertex -0.00762 -0.00184 0.0006
         vertex -0.00508 -0.00184 0.0006
         vertex -0.00508 -0.00209 0.0006
      endloop
   endfacet
   facet normal 0 0 -1
      outer loop
         vertex -0.00857 -0.00095 0.0006
         vertex -0.00921 -0.00095 0.0006
         vertex -0.01016 -0.00045 0.0006
      endloop
   endfacet
   facet normal 0 0 -1
      outer loop
         vertex -0.01016 -0.00184 0.0006
         vertex -0.00762 -0.00184 0.0006
         vertex -0.00762 -0.00209 0.0006
      endloop
   endfacet
   facet normal 0 0 -1
      outer loop
         vertex -0.01111 -0.00095 0.0006
         vertex -0.01175 -0.00095 0.0006
         vertex -0.0127 -0.00045 0.0006
      endloop
   endfacet
   facet normal 0 0 -1
      outer loop
         vertex -0.0127 -0.00184 0.0006
         vertex -0.01016 -0.00184 0.0006
         vertex -0.01016 -0.00209 0.0006
      endloop
   endfacet
   facet normal 0 0 -1
      outer loop
         vertex -0.01619 -0.00095 0.0006
         vertex -0.01683 -0.00095 0.0006
         vertex -0.01778 -0.00045 0.0006
      endloop
   endfacet
   facet normal 0 0 -1
      outer loop
         vertex -0.01778 -0.00184 0.0006
         vertex -0.0127 -0.00184 0.0006
         vertex -0.0127 -0.00209 0.0006
      endloop
   endfacet
   facet normal 0 0 -1
      outer loop
         vertex -0.01873 -0.00095 0.0006
         vertex -0.01937 -0.00095 0.0006
         vertex -0.02032 -0.00045 0.0006
      endloop
   endfacet
   facet normal 0 0 -1
      outer loop
         vertex -0.02032 -0.00184 0.0006
         vertex -0.01778 -0.00184 0.0006
         vertex -0.01778 -0.00209 0.0006
      endloop
   endfacet
   facet normal 0 0 -1
      outer loop
         vertex -0.02127 -0.00095 0.0006
         vertex -0.02191 -0.00095 0.0006
         vertex -0.02286 -0.00045 0.0006
      endloop
   endfacet
   facet normal 0 0 -1
      outer loop
         vertex -0.02286 -0.00184 0.0006
         vertex -0.02032 -0.00184 0.0006
         vertex -0.02032 -0.00209 0.0006
      endloop
   endfacet
   facet normal 0 0 -1
      outer loop
         vertex -0.02381 -0.00095 0.0006
         vertex -0.02445 -0.00095 0.0006
         vertex -0.024925 -0.00045 0.0006
      endloop
   endfacet
   facet normal 0 0 -1
      outer loop
         vertex -0.024925 -0.00184 0.0006
         vertex -0.02286 -0.00184 0.0006
         vertex -0.02286 -0.00209 0.0006
      endloop
   endfacet
   facet normal 0 0 -1
      outer loop
         vertex -0.0254 -0.00045 0.0006
         vertex -0.024925 -0.00045 0.0006
         vertex -0.024925 -0.00184 0.0006
      endloop
   endfacet
   facet normal 0 0 -1
      outer loop
         vertex -0.0254 -0.00184 0.0006
         vertex -0.024925 -0.00184 0.0006
         vertex -0.024925 -0.00209 0.0006
      endloop
   endfacet
   facet normal 0 1 0
      outer loop
         vertex -0.02445 -0.00159 0.0025
         vertex -0.02381 -0.00159 0.0025
         vertex -0.02381 -0.00159 0.0006
      endloop
   endfacet
   facet normal 0 1 0
      outer loop
         vertex -0.02381 -0.00159 0.0006
         vertex -0.02445 -0.00159 0.0006
         vertex -0.02445 -0.00159 0.0025
      endloop
   endfacet
   facet normal 1 0 0
      outer loop
         vertex -0.02445 -0.00095 0.0025
         vertex -0.02445 -0.00159 0.0025
         vertex -0.02445 -0.00159 0.0006
      endloop
   endfacet
   facet normal 1 0 0
      outer loop
         vertex -0.02445 -0.00159 0.0006
         vertex -0.02445 -0.00095 0.0006
         vertex -0.02445 -0.00095 0.0025
      endloop
   endfacet
   facet normal 0 -1 0
      outer loop
         vertex -0.02381 -0.00095 0.0025
         vertex -0.02445 -0.00095 0.0025
         vertex -0.02445 -0.00095 0.0006
      endloop
   endfacet
   facet normal 0 -1 0
      outer loop
         vertex -0.02445 -0.00095 0.0006
         vertex -0.02381 -0.00095 0.0006
         vertex -0.02381 -0.00095 0.0025
      endloop
   endfacet
   facet normal -1 0 0
      outer loop
         vertex -0.02381 -0.00159 0.0025
         vertex -0.02381 -0.00095 0.0025
         vertex -0.02381 -0.00095 0.0006
      endloop
   endfacet
   facet normal -1 0 0
      outer loop
         vertex -0.02381 -0.00095 0.0006
         vertex -0.02381 -0.00159 0.0006
         vertex -0.02381 -0.00159 0.0025
      endloop
   endfacet
   facet normal 0 1 0
      outer loop
         vertex 0.02381 -0.00159 0.0025
         vertex 0.02445 -0.00159 0.0025
         vertex 0.02445 -0.00159 0.0006
      endloop
   endfacet
   facet normal 0 1 0
      outer loop
         vertex 0.02445 -0.00159 0.0006
         vertex 0.02381 -0.00159 0.0006
         vertex 0.02381 -0.00159 0.0025
      endloop
   endfacet
   facet normal 1 0 0
      outer loop
         vertex 0.02381 -0.00095 0.0025
         vertex 0.02381 -0.00159 0.0025
         vertex 0.02381 -0.00159 0.0006
      endloop
   endfacet
   facet normal 1 0 0
      outer loop
         vertex 0.02381 -0.00159 0.0006
         vertex 0.02381 -0.00095 0.0006
         vertex 0.02381 -0.00095 0.0025
      endloop
   endfacet
   facet normal 0 -1 0
      outer loop
         vertex 0.02445 -0.00095 0.0025
         vertex 0.02381 -0.00095 0.0025
         vertex 0.02381 -0.00095 0.0006
      endloop
   endfacet
   facet normal 0 -1 0
      outer loop
         vertex 0.02381 -0.00095 0.0006
         vertex 0.02445 -0.00095 0.0006
         vertex 0.02445 -0.00095 0.0025
      endloop
   endfacet
   facet normal -1 0 0
      outer loop
         vertex 0.02445 -0.00159 0.0025
         vertex 0.02445 -0.00095 0.0025
         vertex 0.02445 -0.00095 0.0006
      endloop
   endfacet
   facet normal -1 0 0
      outer loop
         vertex 0.02445 -0.00095 0.0006
         vertex 0.02445 -0.00159 0.0006
         vertex 0.02445 -0.00159 0.0025
      endloop
   endfacet
   facet normal 0 1 0
      outer loop
         vertex 0.02127 -0.00159 0.0025
         vertex 0.02191 -0.00159 0.0025
         vertex 0.02191 -0.00159 0.0006
      endloop
   endfacet
   facet normal 0 1 0
      outer loop
         vertex 0.02191 -0.00159 0.0006
         vertex 0.02127 -0.00159 0.0006
         vertex 0.02127 -0.00159 0.0025
      endloop
   endfacet
   facet normal 1 0 0
      outer loop
         vertex 0.02127 -0.00095 0.0025
         vertex 0.02127 -0.00159 0.0025
         vertex 0.02127 -0.00159 0.0006
      endloop
   endfacet
   facet normal 1 0 0
      outer loop
         vertex 0.02127 -0.00159 0.0006
         vertex 0.02127 -0.00095 0.0006
         vertex 0.02127 -0.00095 0.0025
      endloop
   endfacet
   facet normal 0 -1 0
      outer loop
         vertex 0.02191 -0.00095 0.0025
         vertex 0.02127 -0.00095 0.0025
         vertex 0.02127 -0.00095 0.0006
      endloop
   endfacet
   facet normal 0 -1 0
      outer loop
         vertex 0.02127 -0.00095 0.0006
         vertex 0.02191 -0.00095 0.0006
         vertex 0.02191 -0.00095 0.0025
      endloop
   endfacet
   facet normal -1 0 0
      outer loop
         vertex 0.02191 -0.00159 0.0025
         vertex 0.02191 -0.00095 0.0025
         vertex 0.02191 -0.00095 0.0006
      endloop
   endfacet
   facet normal -1 0 0
      outer loop
         vertex 0.02191 -0.00095 0.0006
         vertex 0.02191 -0.00159 0.0006
         vertex 0.02191 -0.00159 0.0025
      endloop
   endfacet
   facet normal 0 1 0
      outer loop
         vertex 0.01873 -0.00159 0.0025
         vertex 0.01937 -0.00159 0.0025
         vertex 0.01937 -0.00159 0.0006
      endloop
   endfacet
   facet normal 0 1 0
      outer loop
         vertex 0.01937 -0.00159 0.0006
         vertex 0.01873 -0.00159 0.0006
         vertex 0.01873 -0.00159 0.0025
      endloop
   endfacet
   facet normal 1 0 0
      outer loop
         vertex 0.01873 -0.00095 0.0025
         vertex 0.01873 -0.00159 0.0025
         vertex 0.01873 -0.00159 0.0006
      endloop
   endfacet
   facet normal 1 0 0
      outer loop
         vertex 0.01873 -0.00159 0.0006
         vertex 0.01873 -0.00095 0.0006
         vertex 0.01873 -0.00095 0.0025
      endloop
   endfacet
   facet normal 0 -1 0
      outer loop
         vertex 0.01937 -0.00095 0.0025
         vertex 0.01873 -0.00095 0.0025
         vertex 0.01873 -0.00095 0.0006
      endloop
   endfacet
   facet normal 0 -1 0
      outer loop
         vertex 0.01873 -0.00095 0.0006
         vertex 0.01937 -0.00095 0.0006
         vertex 0.01937 -0.00095 0.0025
      endloop
   endfacet
   facet normal -1 0 0
      outer loop
         vertex 0.01937 -0.00159 0.0025
         vertex 0.01937 -0.00095 0.0025
         vertex 0.01937 -0.00095 0.0006
      endloop
   endfacet
   facet normal -1 0 0
      outer loop
         vertex 0.01937 -0.00095 0.0006
         vertex 0.01937 -0.00159 0.0006
         vertex 0.01937 -0.00159 0.0025
      endloop
   endfacet
   facet normal 0 1 0
      outer loop
         vertex 0.01619 -0.00159 0.0025
         vertex 0.01683 -0.00159 0.0025
         vertex 0.01683 -0.00159 0.0006
      endloop
   endfacet
   facet normal 0 1 0
      outer loop
         vertex 0.01683 -0.00159 0.0006
         vertex 0.01619 -0.00159 0.0006
         vertex 0.01619 -0.00159 0.0025
      endloop
   endfacet
   facet normal 1 0 0
      outer loop
         vertex 0.01619 -0.00095 0.0025
         vertex 0.01619 -0.00159 0.0025
         vertex 0.01619 -0.00159 0.0006
      endloop
   endfacet
   facet normal 1 0 0
      outer loop
         vertex 0.01619 -0.00159 0.0006
         vertex 0.01619 -0.00095 0.0006
         vertex 0.01619 -0.00095 0.0025
      endloop
   endfacet
   facet normal 0 -1 0
      outer loop
         vertex 0.01683 -0.00095 0.0025
         vertex 0.01619 -0.00095 0.0025
         vertex 0.01619 -0.00095 0.0006
      endloop
   endfacet
   facet normal 0 -1 0
      outer loop
         vertex 0.01619 -0.00095 0.0006
         vertex 0.01683 -0.00095 0.0006
         vertex 0.01683 -0.00095 0.0025
      endloop
   endfacet
   facet normal -1 0 0
      outer loop
         vertex 0.01683 -0.00159 0.0025
         vertex 0.01683 -0.00095 0.0025
         vertex 0.01683 -0.00095 0.0006
      endloop
   endfacet
   facet normal -1 0 0
      outer loop
         vertex 0.01683 -0.00095 0.0006
         vertex 0.01683 -0.00159 0.0006
         vertex 0.01683 -0.00159 0.0025
      endloop
   endfacet
   facet normal 0 1 0
      outer loop
         vertex 0.01365 -0.00159 0.0025
         vertex 0.01429 -0.00159 0.0025
         vertex 0.01429 -0.00159 0.0006
      endloop
   endfacet
   facet normal 0 1 0
      outer loop
         vertex 0.01429 -0.00159 0.0006
         vertex 0.01365 -0.00159 0.0006
         vertex 0.01365 -0.00159 0.0025
      endloop
   endfacet
   facet normal 1 0 0
      outer loop
         vertex 0.01365 -0.00095 0.0025
         vertex 0.01365 -0.00159 0.0025
         vertex 0.01365 -0.00159 0.0006
      endloop
   endfacet
   facet normal 1 0 0
      outer loop
         vertex 0.01365 -0.00159 0.0006
         vertex 0.01365 -0.00095 0.0006
         vertex 0.01365 -0.00095 0.0025
      endloop
   endfacet
   facet normal 0 -1 0
      outer loop
         vertex 0.01429 -0.00095 0.0025
         vertex 0.01365 -0.00095 0.0025
         vertex 0.01365 -0.00095 0.0006
      endloop
   endfacet
   facet normal 0 -1 0
      outer loop
         vertex 0.01365 -0.00095 0.0006
         vertex 0.01429 -0.00095 0.0006
         vertex 0.01429 -0.00095 0.0025
      endloop
   endfacet
   facet normal -1 0 0
      outer loop
         vertex 0.01429 -0.00159 0.0025
         vertex 0.01429 -0.00095 0.0025
         vertex 0.01429 -0.00095 0.0006
      endloop
   endfacet
   facet normal -1 0 0
      outer loop
         vertex 0.01429 -0.00095 0.0006
         vertex 0.01429 -0.00159 0.0006
         vertex 0.01429 -0.00159 0.0025
      endloop
   endfacet
   facet normal 0 1 0
      outer loop
         vertex 0.01111 -0.00159 0.0025
         vertex 0.01175 -0.00159 0.0025
         vertex 0.01175 -0.00159 0.0006
      endloop
   endfacet
   facet normal 0 1 0
      outer loop
         vertex 0.01175 -0.00159 0.0006
         vertex 0.01111 -0.00159 0.0006
         vertex 0.01111 -0.00159 0.0025
      endloop
   endfacet
   facet normal 1 0 0
      outer loop
         vertex 0.01111 -0.00095 0.0025
         vertex 0.01111 -0.00159 0.0025
         vertex 0.01111 -0.00159 0.0006
      endloop
   endfacet
   facet normal 1 0 0
      outer loop
         vertex 0.01111 -0.00159 0.0006
         vertex 0.01111 -0.00095 0.0006
         vertex 0.01111 -0.00095 0.0025
      endloop
   endfacet
   facet normal 0 -1 0
      outer loop
         vertex 0.01175 -0.00095 0.0025
         vertex 0.01111 -0.00095 0.0025
         vertex 0.01111 -0.00095 0.0006
      endloop
   endfacet
   facet normal 0 -1 0
      outer loop
         vertex 0.01111 -0.00095 0.0006
         vertex 0.01175 -0.00095 0.0006
         vertex 0.01175 -0.00095 0.0025
      endloop
   endfacet
   facet normal -1 0 0
      outer loop
         vertex 0.01175 -0.00159 0.0025
         vertex 0.01175 -0.00095 0.0025
         vertex 0.01175 -0.00095 0.0006
      endloop
   endfacet
   facet normal -1 0 0
      outer loop
         vertex 0.01175 -0.00095 0.0006
         vertex 0.01175 -0.00159 0.0006
         vertex 0.01175 -0.00159 0.0025
      endloop
   endfacet
   facet normal 0 1 0
      outer loop
         vertex 0.00857 -0.00159 0.0025
         vertex 0.00921 -0.00159 0.0025
         vertex 0.00921 -0.00159 0.0006
      endloop
   endfacet
   facet normal 0 1 0
      outer loop
         vertex 0.00921 -0.00159 0.0006
         vertex 0.00857 -0.00159 0.0006
         vertex 0.00857 -0.00159 0.0025
      endloop
   endfacet
   facet normal 1 0 0
      outer loop
         vertex 0.00857 -0.00095 0.0025
         vertex 0.00857 -0.00159 0.0025
         vertex 0.00857 -0.00159 0.0006
      endloop
   endfacet
   facet normal 1 0 0
      outer loop
         vertex 0.00857 -0.00159 0.0006
         vertex 0.00857 -0.00095 0.0006
         vertex 0.00857 -0.00095 0.0025
      endloop
   endfacet
   facet normal 0 -1 0
      outer loop
         vertex 0.00921 -0.00095 0.0025
         vertex 0.00857 -0.00095 0.0025
         vertex 0.00857 -0.00095 0.0006
      endloop
   endfacet
   facet normal 0 -1 0
      outer loop
         vertex 0.00857 -0.00095 0.0006
         vertex 0.00921 -0.00095 0.0006
         vertex 0.00921 -0.00095 0.0025
      endloop
   endfacet
   facet normal -1 0 0
      outer loop
         vertex 0.00921 -0.00159 0.0025
         vertex 0.00921 -0.00095 0.0025
         vertex 0.00921 -0.00095 0.0006
      endloop
   endfacet
   facet normal -1 0 0
      outer loop
         vertex 0.00921 -0.00095 0.0006
         vertex 0.00921 -0.00159 0.0006
         vertex 0.00921 -0.00159 0.0025
      endloop
   endfacet
   facet normal 0 1 0
      outer loop
         vertex 0.00603 -0.00159 0.0025
         vertex 0.00667 -0.00159 0.0025
         vertex 0.00667 -0.00159 0.0006
      endloop
   endfacet
   facet normal 0 1 0
      outer loop
         vertex 0.00667 -0.00159 0.0006
         vertex 0.00603 -0.00159 0.0006
         vertex 0.00603 -0.00159 0.0025
      endloop
   endfacet
   facet normal 1 0 0
      outer loop
         vertex 0.00603 -0.00095 0.0025
         vertex 0.00603 -0.00159 0.0025
         vertex 0.00603 -0.00159 0.0006
      endloop
   endfacet
   facet normal 1 0 0
      outer loop
         vertex 0.00603 -0.00159 0.0006
         vertex 0.00603 -0.00095 0.0006
         vertex 0.00603 -0.00095 0.0025
      endloop
   endfacet
   facet normal 0 -1 0
      outer loop
         vertex 0.00667 -0.00095 0.0025
         vertex 0.00603 -0.00095 0.0025
         vertex 0.00603 -0.00095 0.0006
      endloop
   endfacet
   facet normal 0 -1 0
      outer loop
         vertex 0.00603 -0.00095 0.0006
         vertex 0.00667 -0.00095 0.0006
         vertex 0.00667 -0.00095 0.0025
      endloop
   endfacet
   facet normal -1 0 0
      outer loop
         vertex 0.00667 -0.00159 0.0025
         vertex 0.00667 -0.00095 0.0025
         vertex 0.00667 -0.00095 0.0006
      endloop
   endfacet
   facet normal -1 0 0
      outer loop
         vertex 0.00667 -0.00095 0.0006
         vertex 0.00667 -0.00159 0.0006
         vertex 0.00667 -0.00159 0.0025
      endloop
   endfacet
   facet normal 0 1 0
      outer loop
         vertex 0.00349 -0.00159 0.0025
         vertex 0.00413 -0.00159 0.0025
         vertex 0.00413 -0.00159 0.0006
      endloop
   endfacet
   facet normal 0 1 0
      outer loop
         vertex 0.00413 -0.00159 0.0006
         vertex 0.00349 -0.00159 0.0006
         vertex 0.00349 -0.00159 0.0025
      endloop
   endfacet
   facet normal 1 0 0
      outer loop
         vertex 0.00349 -0.00095 0.0025
         vertex 0.00349 -0.00159 0.0025
         vertex 0.00349 -0.00159 0.0006
      endloop
   endfacet
   facet normal 1 0 0
      outer loop
         vertex 0.00349 -0.00159 0.0006
         vertex 0.00349 -0.00095 0.0006
         vertex 0.00349 -0.00095 0.0025
      endloop
   endfacet
   facet normal 0 -1 0
      outer loop
         vertex 0.00413 -0.00095 0.0025
         vertex 0.00349 -0.00095 0.0025
         vertex 0.00349 -0.00095 0.0006
      endloop
   endfacet
   facet normal 0 -1 0
      outer loop
         vertex 0.00349 -0.00095 0.0006
         vertex 0.00413 -0.00095 0.0006
         vertex 0.00413 -0.00095 0.0025
      endloop
   endfacet
   facet normal -1 0 0
      outer loop
         vertex 0.00413 -0.00159 0.0025
         vertex 0.00413 -0.00095 0.0025
         vertex 0.00413 -0.00095 0.0006
      endloop
   endfacet
   facet normal -1 0 0
      outer loop
         vertex 0.00413 -0.00095 0.0006
         vertex 0.00413 -0.00159 0.0006
         vertex 0.00413 -0.00159 0.0025
      endloop
   endfacet
   facet normal 0 1 0
      outer loop
         vertex 0.00095 -0.00159 0.0025
         vertex 0.00159 -0.00159 0.0025
         vertex 0.00159 -0.00159 0.0006
      endloop
   endfacet
   facet normal 0 1 0
      outer loop
         vertex 0.00159 -0.00159 0.0006
         vertex 0.00095 -0.00159 0.0006
         vertex 0.00095 -0.00159 0.0025
      endloop
   endfacet
   facet normal 1 0 0
      outer loop
         vertex 0.00095 -0.00095 0.0025
         vertex 0.00095 -0.00159 0.0025
         vertex 0.00095 -0.00159 0.0006
      endloop
   endfacet
   facet normal 1 0 0
      outer loop
         vertex 0.00095 -0.00159 0.0006
         vertex 0.00095 -0.00095 0.0006
         vertex 0.00095 -0.00095 0.0025
      endloop
   endfacet
   facet normal 0 -1 0
      outer loop
         vertex 0.00159 -0.00095 0.0025
         vertex 0.00095 -0.00095 0.0025
         vertex 0.00095 -0.00095 0.0006
      endloop
   endfacet
   facet normal 0 -1 0
      outer loop
         vertex 0.00095 -0.00095 0.0006
         vertex 0.00159 -0.00095 0.0006
         vertex 0.00159 -0.00095 0.0025
      endloop
   endfacet
   facet normal -1 0 0
      outer loop
         vertex 0.00159 -0.00159 0.0025
         vertex 0.00159 -0.00095 0.0025
         vertex 0.00159 -0.00095 0.0006
      endloop
   endfacet
   facet normal -1 0 0
      outer loop
         vertex 0.00159 -0.00095 0.0006
         vertex 0.00159 -0.00159 0.0006
         vertex 0.00159 -0.00159 0.0025
      endloop
   endfacet
   facet normal 0 1 0
      outer loop
         vertex -0.00159 -0.00159 0.0025
         vertex -0.00095 -0.00159 0.0025
         vertex -0.00095 -0.00159 0.0006
      endloop
   endfacet
   facet normal 0 1 0
      outer loop
         vertex -0.00095 -0.00159 0.0006
         vertex -0.00159 -0.00159 0.0006
         vertex -0.00159 -0.00159 0.0025
      endloop
   endfacet
   facet normal 1 0 0
      outer loop
         vertex -0.00159 -0.00095 0.0025
         vertex -0.00159 -0.00159 0.0025
         vertex -0.00159 -0.00159 0.0006
      endloop
   endfacet
   facet normal 1 0 0
      outer loop
         vertex -0.00159 -0.00159 0.0006
         vertex -0.00159 -0.00095 0.0006
         vertex -0.00159 -0.00095 0.0025
      endloop
   endfacet
   facet normal 0 -1 0
      outer loop
         vertex -0.00095 -0.00095 0.0025
         vertex -0.00159 -0.00095 0.0025
         vertex -0.00159 -0.00095 0.0006
      endloop
   endfacet
   facet normal 0 -1 0
      outer loop
         vertex -0.00159 -0.00095 0.0006
         vertex -0.00095 -0.00095 0.0006
         vertex -0.00095 -0.00095 0.0025
      endloop
   endfacet
   facet normal -1 0 0
      outer loop
         vertex -0.00095 -0.00159 0.0025
         vertex -0.00095 -0.00095 0.0025
         vertex -0.00095 -0.00095 0.0006
      endloop
   endfacet
   facet normal -1 0 0
      outer loop
         vertex -0.00095 -0.00095 0.0006
         vertex -0.00095 -0.00159 0.0006
         vertex -0.00095 -0.00159 0.0025
      endloop
   endfacet
   facet normal 0 1 0
      outer loop
         vertex -0.00413 -0.00159 0.0025
         vertex -0.00349 -0.00159 0.0025
         vertex -0.00349 -0.00159 0.0006
      endloop
   endfacet
   facet normal 0 1 0
      outer loop
         vertex -0.00349 -0.00159 0.0006
         vertex -0.00413 -0.00159 0.0006
         vertex -0.00413 -0.00159 0.0025
      endloop
   endfacet
   facet normal 1 0 0
      outer loop
         vertex -0.00413 -0.00095 0.0025
         vertex -0.00413 -0.00159 0.0025
         vertex -0.00413 -0.00159 0.0006
      endloop
   endfacet
   facet normal 1 0 0
      outer loop
         vertex -0.00413 -0.00159 0.0006
         vertex -0.00413 -0.00095 0.0006
         vertex -0.00413 -0.00095 0.0025
      endloop
   endfacet
   facet normal 0 -1 0
      outer loop
         vertex -0.00349 -0.00095 0.0025
         vertex -0.00413 -0.00095 0.0025
         vertex -0.00413 -0.00095 0.0006
      endloop
   endfacet
   facet normal 0 -1 0
      outer loop
         vertex -0.00413 -0.00095 0.0006
         vertex -0.00349 -0.00095 0.0006
         vertex -0.00349 -0.00095 0.0025
      endloop
   endfacet
   facet normal -1 0 0
      outer loop
         vertex -0.00349 -0.00159 0.0025
         vertex -0.00349 -0.00095 0.0025
         vertex -0.00349 -0.00095 0.0006
      endloop
   endfacet
   facet normal -1 0 0
      outer loop
         vertex -0.00349 -0.00095 0.0006
         vertex -0.00349 -0.00159 0.0006
         vertex -0.00349 -0.00159 0.0025
      endloop
   endfacet
   facet normal 0 1 0
      outer loop
         vertex -0.00667 -0.00159 0.0025
         vertex -0.00603 -0.00159 0.0025
         vertex -0.00603 -0.00159 0.0006
      endloop
   endfacet
   facet normal 0 1 0
      outer loop
         vertex -0.00603 -0.00159 0.0006
         vertex -0.00667 -0.00159 0.0006
         vertex -0.00667 -0.00159 0.0025
      endloop
   endfacet
   facet normal 1 0 0
      outer loop
         vertex -0.00667 -0.00095 0.0025
         vertex -0.00667 -0.00159 0.0025
         vertex -0.00667 -0.00159 0.0006
      endloop
   endfacet
   facet normal 1 0 0
      outer loop
         vertex -0.00667 -0.00159 0.0006
         vertex -0.00667 -0.00095 0.0006
         vertex -0.00667 -0.00095 0.0025
      endloop
   endfacet
   facet normal 0 -1 0
      outer loop
         vertex -0.00603 -0.00095 0.0025
         vertex -0.00667 -0.00095 0.0025
         vertex -0.00667 -0.00095 0.0006
      endloop
   endfacet
   facet normal 0 -1 0
      outer loop
         vertex -0.00667 -0.00095 0.0006
         vertex -0.00603 -0.00095 0.0006
         vertex -0.00603 -0.00095 0.0025
      endloop
   endfacet
   facet normal -1 0 0
      outer loop
         vertex -0.00603 -0.00159 0.0025
         vertex -0.00603 -0.00095 0.0025
         vertex -0.00603 -0.00095 0.0006
      endloop
   endfacet
   facet normal -1 0 0
      outer loop
         vertex -0.00603 -0.00095 0.0006
         vertex -0.00603 -0.00159 0.0006
         vertex -0.00603 -0.00159 0.0025
      endloop
   endfacet
   facet normal 0 1 0
      outer loop
         vertex -0.00921 -0.00159 0.0025
         vertex -0.00857 -0.00159 0.0025
         vertex -0.00857 -0.00159 0.0006
      endloop
   endfacet
   facet normal 0 1 0
      outer loop
         vertex -0.00857 -0.00159 0.0006
         vertex -0.00921 -0.00159 0.0006
         vertex -0.00921 -0.00159 0.0025
      endloop
   endfacet
   facet normal 1 0 0
      outer loop
         vertex -0.00921 -0.00095 0.0025
         vertex -0.00921 -0.00159 0.0025
         vertex -0.00921 -0.00159 0.0006
      endloop
   endfacet
   facet normal 1 0 0
      outer loop
         vertex -0.00921 -0.00159 0.0006
         vertex -0.00921 -0.00095 0.0006
         vertex -0.00921 -0.00095 0.0025
      endloop
   endfacet
   facet normal 0 -1 0
      outer loop
         vertex -0.00857 -0.00095 0.0025
         vertex -0.00921 -0.00095 0.0025
         vertex -0.00921 -0.00095 0.0006
      endloop
   endfacet
   facet normal 0 -1 0
      outer loop
         vertex -0.00921 -0.00095 0.0006
         vertex -0.00857 -0.00095 0.0006
         vertex -0.00857 -0.00095 0.0025
      endloop
   endfacet
   facet normal -1 0 0
      outer loop
         vertex -0.00857 -0.00159 0.0025
         vertex -0.00857 -0.00095 0.0025
         vertex -0.00857 -0.00095 0.0006
      endloop
   endfacet
   facet normal -1 0 0
      outer loop
         vertex -0.00857 -0.00095 0.0006
         vertex -0.00857 -0.00159 0.0006
         vertex -0.00857 -0.00159 0.0025
      endloop
   endfacet
   facet normal 0 1 0
      outer loop
         vertex -0.01175 -0.00159 0.0025
         vertex -0.01111 -0.00159 0.0025
         vertex -0.01111 -0.00159 0.0006
      endloop
   endfacet
   facet normal 0 1 0
      outer loop
         vertex -0.01111 -0.00159 0.0006
         vertex -0.01175 -0.00159 0.0006
         vertex -0.01175 -0.00159 0.0025
      endloop
   endfacet
   facet normal 1 0 0
      outer loop
         vertex -0.01175 -0.00095 0.0025
         vertex -0.01175 -0.00159 0.0025
         vertex -0.01175 -0.00159 0.0006
      endloop
   endfacet
   facet normal 1 0 0
      outer loop
         vertex -0.01175 -0.00159 0.0006
         vertex -0.01175 -0.00095 0.0006
         vertex -0.01175 -0.00095 0.0025
      endloop
   endfacet
   facet normal 0 -1 0
      outer loop
         vertex -0.01111 -0.00095 0.0025
         vertex -0.01175 -0.00095 0.0025
         vertex -0.01175 -0.00095 0.0006
      endloop
   endfacet
   facet normal 0 -1 0
      outer loop
         vertex -0.01175 -0.00095 0.0006
         vertex -0.01111 -0.00095 0.0006
         vertex -0.01111 -0.00095 0.0025
      endloop
   endfacet
   facet normal -1 0 0
      outer loop
         vertex -0.01111 -0.00159 0.0025
         vertex -0.01111 -0.00095 0.0025
         vertex -0.01111 -0.00095 0.0006
      endloop
   endfacet
   facet normal -1 0 0
      outer loop
         vertex -0.01111 -0.00095 0.0006
         vertex -0.01111 -0.00159 0.0006
         vertex -0.01111 -0.00159 0.0025
      endloop
   endfacet
   facet normal 0 1 0
      outer loop
         vertex -0.01429 -0.00159 0.0025
         vertex -0.01365 -0.00159 0.0025
         vertex -0.01365 -0.00159 0.0006
      endloop
   endfacet
   facet normal 0 1 0
      outer loop
         vertex -0.01365 -0.00159 0.0006
         vertex -0.01429 -0.00159 0.0006
         vertex -0.01429 -0.00159 0.0025
      endloop
   endfacet
   facet normal 1 0 0
      outer loop
         vertex -0.01429 -0.00095 0.0025
         vertex -0.01429 -0.00159 0.0025
         vertex -0.01429 -0.00159 0.0006
      endloop
   endfacet
   facet normal 1 0 0
      outer loop
         vertex -0.01429 -0.00159 0.0006
         vertex -0.01429 -0.00095 0.0006
         vertex -0.01429 -0.00095 0.0025
      endloop
   endfacet
   facet normal 0 -1 0
      outer loop
         vertex -0.01365 -0.00095 0.0025
         vertex -0.01429 -0.00095 0.0025
         vertex -0.01429 -0.00095 0.0006
      endloop
   endfacet
   facet normal 0 -1 0
      outer loop
         vertex -0.01429 -0.00095 0.0006
         vertex -0.01365 -0.00095 0.0006
         vertex -0.01365 -0.00095 0.0025
      endloop
   endfacet
   facet normal -1 0 0
      outer loop
         vertex -0.01365 -0.00159 0.0025
         vertex -0.01365 -0.00095 0.0025
         vertex -0.01365 -0.00095 0.0006
      endloop
   endfacet
   facet normal -1 0 0
      outer loop
         vertex -0.01365 -0.00095 0.0006
         vertex -0.01365 -0.00159 0.0006
         vertex -0.01365 -0.00159 0.0025
      endloop
   endfacet
   facet normal 0 1 0
      outer loop
         vertex -0.01683 -0.00159 0.0025
         vertex -0.01619 -0.00159 0.0025
         vertex -0.01619 -0.00159 0.0006
      endloop
   endfacet
   facet normal 0 1 0
      outer loop
         vertex -0.01619 -0.00159 0.0006
         vertex -0.01683 -0.00159 0.0006
         vertex -0.01683 -0.00159 0.0025
      endloop
   endfacet
   facet normal 1 0 0
      outer loop
         vertex -0.01683 -0.00095 0.0025
         vertex -0.01683 -0.00159 0.0025
         vertex -0.01683 -0.00159 0.0006
      endloop
   endfacet
   facet normal 1 0 0
      outer loop
         vertex -0.01683 -0.00159 0.0006
         vertex -0.01683 -0.00095 0.0006
         vertex -0.01683 -0.00095 0.0025
      endloop
   endfacet
   facet normal 0 -1 0
      outer loop
         vertex -0.01619 -0.00095 0.0025
         vertex -0.01683 -0.00095 0.0025
         vertex -0.01683 -0.00095 0.0006
      endloop
   endfacet
   facet normal 0 -1 0
      outer loop
         vertex -0.01683 -0.00095 0.0006
         vertex -0.01619 -0.00095 0.0006
         vertex -0.01619 -0.00095 0.0025
      endloop
   endfacet
   facet normal -1 0 0
      outer loop
         vertex -0.01619 -0.00159 0.0025
         vertex -0.01619 -0.00095 0.0025
         vertex -0.01619 -0.00095 0.0006
      endloop
   endfacet
   facet normal -1 0 0
      outer loop
         vertex -0.01619 -0.00095 0.0006
         vertex -0.01619 -0.00159 0.0006
         vertex -0.01619 -0.00159 0.0025
      endloop
   endfacet
   facet normal 0 1 0
      outer loop
         vertex -0.01937 -0.00159 0.0025
         vertex -0.01873 -0.00159 0.0025
         vertex -0.01873 -0.00159 0.0006
      endloop
   endfacet
   facet normal 0 1 0
      outer loop
         vertex -0.01873 -0.00159 0.0006
         vertex -0.01937 -0.00159 0.0006
         vertex -0.01937 -0.00159 0.0025
      endloop
   endfacet
   facet normal 1 0 0
      outer loop
         vertex -0.01937 -0.00095 0.0025
         vertex -0.01937 -0.00159 0.0025
         vertex -0.01937 -0.00159 0.0006
      endloop
   endfacet
   facet normal 1 0 0
      outer loop
         vertex -0.01937 -0.00159 0.0006
         vertex -0.01937 -0.00095 0.0006
         vertex -0.01937 -0.00095 0.0025
      endloop
   endfacet
   facet normal 0 -1 0
      outer loop
         vertex -0.01873 -0.00095 0.0025
         vertex -0.01937 -0.00095 0.0025
         vertex -0.01937 -0.00095 0.0006
      endloop
   endfacet
   facet normal 0 -1 0
      outer loop
         vertex -0.01937 -0.00095 0.0006
         vertex -0.01873 -0.00095 0.0006
         vertex -0.01873 -0.00095 0.0025
      endloop
   endfacet
   facet normal -1 0 0
      outer loop
         vertex -0.01873 -0.00159 0.0025
         vertex -0.01873 -0.00095 0.0025
         vertex -0.01873 -0.00095 0.0006
      endloop
   endfacet
   facet normal -1 0 0
      outer loop
         vertex -0.01873 -0.00095 0.0006
         vertex -0.01873 -0.00159 0.0006
         vertex -0.01873 -0.00159 0.0025
      endloop
   endfacet
   facet normal 0 1 0
      outer loop
         vertex -0.02191 -0.00159 0.0025
         vertex -0.02127 -0.00159 0.0025
         vertex -0.02127 -0.00159 0.0006
      endloop
   endfacet
   facet normal 0 1 0
      outer loop
         vertex -0.02127 -0.00159 0.0006
         vertex -0.02191 -0.00159 0.0006
         vertex -0.02191 -0.00159 0.0025
      endloop
   endfacet
   facet normal 1 0 0
      outer loop
         vertex -0.02191 -0.00095 0.0025
         vertex -0.02191 -0.00159 0.0025
         vertex -0.02191 -0.00159 0.0006
      endloop
   endfacet
   facet normal 1 0 0
      outer loop
         vertex -0.02191 -0.00159 0.0006
         vertex -0.02191 -0.00095 0.0006
         vertex -0.02191 -0.00095 0.0025
      endloop
   endfacet
   facet normal 0 -1 0
      outer loop
         vertex -0.02127 -0.00095 0.0025
         vertex -0.02191 -0.00095 0.0025
         vertex -0.02191 -0.00095 0.0006
      endloop
   endfacet
   facet normal 0 -1 0
      outer loop
         vertex -0.02191 -0.00095 0.0006
         vertex -0.02127 -0.00095 0.0006
         vertex -0.02127 -0.00095 0.0025
      endloop
   endfacet
   facet normal -1 0 0
      outer loop
         vertex -0.02127 -0.00159 0.0025
         vertex -0.02127 -0.00095 0.0025
         vertex -0.02127 -0.00095 0.0006
      endloop
   endfacet
   facet normal -1 0 0
      outer loop
         vertex -0.02127 -0.00095 0.0006
         vertex -0.02127 -0.00159 0.0006
         vertex -0.02127 -0.00159 0.0025
      endloop
   endfacet
   facet normal 0 0 1
      outer loop
         vertex 0.02032 -4.33681e-19 0.0025
         vertex 0.01778 -4.33681e-19 0.0025
         vertex 0.01873 -0.00095 0.0025
      endloop
   endfacet
   facet normal 0 0 1
      outer loop
         vertex 0.01778 -0.002065 0.0025
         vertex 0.01873 -0.00159 0.0025
         vertex 0.01873 -0.00095 0.0025
      endloop
   endfacet
   facet normal 0 0 1
      outer loop
         vertex 0.01873 -0.00095 0.0025
         vertex 0.01778 -4.33681e-19 0.0025
         vertex 0.01778 -0.002065 0.0025
      endloop
   endfacet
   facet normal 0 0 1
      outer loop
         vertex 0.02032 -0.002065 0.0025
         vertex 0.01937 -0.00159 0.0025
         vertex 0.01873 -0.00159 0.0025
      endloop
   endfacet
   facet normal 0 0 1
      outer loop
         vertex 0.01873 -0.00159 0.0025
         vertex 0.01778 -0.002065 0.0025
         vertex 0.02032 -0.002065 0.0025
      endloop
   endfacet
   facet normal 0 0 1
      outer loop
         vertex 0.02032 -0.002065 0.0025
         vertex 0.02032 -4.33681e-19 0.0025
         vertex 0.01937 -0.00095 0.0025
      endloop
   endfacet
   facet normal 0 0 1
      outer loop
         vertex 0.01937 -0.00095 0.0025
         vertex 0.01937 -0.00159 0.0025
         vertex 0.02032 -0.002065 0.0025
      endloop
   endfacet
   facet normal 0 0 1
      outer loop
         vertex 0.01778 -4.33681e-19 0.0025
         vertex 0.01524 -4.33681e-19 0.0025
         vertex 0.01619 -0.00095 0.0025
      endloop
   endfacet
   facet normal 0 0 1
      outer loop
         vertex 0.01524 -0.002065 0.0025
         vertex 0.01619 -0.00159 0.0025
         vertex 0.01619 -0.00095 0.0025
      endloop
   endfacet
   facet normal 0 0 1
      outer loop
         vertex 0.01619 -0.00095 0.0025
         vertex 0.01524 -4.33681e-19 0.0025
         vertex 0.01524 -0.002065 0.0025
      endloop
   endfacet
   facet normal 0 0 1
      outer loop
         vertex 0.01778 -0.002065 0.0025
         vertex 0.01683 -0.00159 0.0025
         vertex 0.01619 -0.00159 0.0025
      endloop
   endfacet
   facet normal 0 0 1
      outer loop
         vertex 0.01619 -0.00159 0.0025
         vertex 0.01524 -0.002065 0.0025
         vertex 0.01778 -0.002065 0.0025
      endloop
   endfacet
   facet normal 0 0 1
      outer loop
         vertex 0.01778 -0.002065 0.0025
         vertex 0.01778 -4.33681e-19 0.0025
         vertex 0.01683 -0.00095 0.0025
      endloop
   endfacet
   facet normal 0 0 1
      outer loop
         vertex 0.01683 -0.00095 0.0025
         vertex 0.01683 -0.00159 0.0025
         vertex 0.01778 -0.002065 0.0025
      endloop
   endfacet
   facet normal 0 0 1
      outer loop
         vertex 0.01524 -4.33681e-19 0.0025
         vertex 0.0127 -4.33681e-19 0.0025
         vertex 0.01365 -0.00095 0.0025
      endloop
   endfacet
   facet normal 0 0 1
      outer loop
         vertex 0.0127 -0.002065 0.0025
         vertex 0.01365 -0.00159 0.0025
         vertex 0.01365 -0.00095 0.0025
      endloop
   endfacet
   facet normal 0 0 1
      outer loop
         vertex 0.01365 -0.00095 0.0025
         vertex 0.0127 -4.33681e-19 0.0025
         vertex 0.0127 -0.002065 0.0025
      endloop
   endfacet
   facet normal 0 0 1
      outer loop
         vertex 0.01524 -0.002065 0.0025
         vertex 0.01429 -0.00159 0.0025
         vertex 0.01365 -0.00159 0.0025
      endloop
   endfacet
   facet normal 0 0 1
      outer loop
         vertex 0.01365 -0.00159 0.0025
         vertex 0.0127 -0.002065 0.0025
         vertex 0.01524 -0.002065 0.0025
      endloop
   endfacet
   facet normal 0 0 1
      outer loop
         vertex 0.01524 -0.002065 0.0025
         vertex 0.01524 -4.33681e-19 0.0025
         vertex 0.01429 -0.00095 0.0025
      endloop
   endfacet
   facet normal 0 0 1
      outer loop
         vertex 0.01429 -0.00095 0.0025
         vertex 0.01429 -0.00159 0.0025
         vertex 0.01524 -0.002065 0.0025
      endloop
   endfacet
   facet normal 0 0 1
      outer loop
         vertex 0.0127 -4.33681e-19 0.0025
         vertex 0.00921 -0.00095 0.0025
         vertex 0.01111 -0.00095 0.0025
      endloop
   endfacet
   facet normal 0 0 1
      outer loop
         vertex 0.01111 -0.00159 0.0025
         vertex 0.01111 -0.00095 0.0025
         vertex 0.00921 -0.00095 0.0025
      endloop
   endfacet
   facet normal 0 0 1
      outer loop
         vertex 0.00762 -4.33681e-19 0.0025
         vertex 0.00857 -0.00095 0.0025
         vertex 0.00921 -0.00095 0.0025
      endloop
   endfacet
   facet normal 0 0 1
      outer loop
         vertex 0.00762 -0.002065 0.0025
         vertex 0.00857 -0.00159 0.0025
         vertex 0.00857 -0.00095 0.0025
      endloop
   endfacet
   facet normal 0 0 1
      outer loop
         vertex 0.00921 -0.00095 0.0025
         vertex 0.00921 -0.00159 0.0025
         vertex 0.01111 -0.00159 0.0025
      endloop
   endfacet
   facet normal 0 0 1
      outer loop
         vertex 0.0127 -0.002065 0.0025
         vertex 0.01175 -0.00159 0.0025
         vertex 0.01111 -0.00159 0.0025
      endloop
   endfacet
   facet normal 0 0 1
      outer loop
         vertex 0.00857 -0.00095 0.0025
         vertex 0.00762 -4.33681e-19 0.0025
         vertex 0.00762 -0.002065 0.0025
      endloop
   endfacet
   facet normal 0 0 1
      outer loop
         vertex 0.00762 -0.002065 0.0025
         vertex 0.0127 -0.002065 0.0025
         vertex 0.00921 -0.00159 0.0025
      endloop
   endfacet
   facet normal 0 0 1
      outer loop
         vertex 0.01111 -0.00159 0.0025
         vertex 0.00921 -0.00159 0.0025
         vertex 0.0127 -0.002065 0.0025
      endloop
   endfacet
   facet normal 0 0 1
      outer loop
         vertex 0.0127 -0.002065 0.0025
         vertex 0.0127 -4.33681e-19 0.0025
         vertex 0.01175 -0.00095 0.0025
      endloop
   endfacet
   facet normal 0 0 1
      outer loop
         vertex 0.00921 -0.00159 0.0025
         vertex 0.00857 -0.00159 0.0025
         vertex 0.00762 -0.002065 0.0025
      endloop
   endfacet
   facet normal 0 0 1
      outer loop
         vertex 0.01175 -0.00095 0.0025
         vertex 0.01175 -0.00159 0.0025
         vertex 0.0127 -0.002065 0.0025
      endloop
   endfacet
   facet normal 0 0 1
      outer loop
         vertex 0.01111 -0.00095 0.0025
         vertex 0.01175 -0.00095 0.0025
         vertex 0.0127 -4.33681e-19 0.0025
      endloop
   endfacet
   facet normal 0 0 1
      outer loop
         vertex 0.00508 -4.33681e-19 0.0025
         vertex 0.00603 -0.00095 0.0025
         vertex 0.00667 -0.00095 0.0025
      endloop
   endfacet
   facet normal 0 0 1
      outer loop
         vertex 0.00508 -0.002065 0.0025
         vertex 0.00603 -0.00159 0.0025
         vertex 0.00603 -0.00095 0.0025
      endloop
   endfacet
   facet normal 0 0 1
      outer loop
         vertex 0.00603 -0.00095 0.0025
         vertex 0.00508 -4.33681e-19 0.0025
         vertex 0.00508 -0.002065 0.0025
      endloop
   endfacet
   facet normal 0 0 1
      outer loop
         vertex 0.00508 -0.002065 0.0025
         vertex 0.00762 -0.002065 0.0025
         vertex 0.00667 -0.00159 0.0025
      endloop
   endfacet
   facet normal 0 0 1
      outer loop
         vertex 0.00667 -0.00159 0.0025
         vertex 0.00603 -0.00159 0.0025
         vertex 0.00508 -0.002065 0.0025
      endloop
   endfacet
   facet normal 0 0 1
      outer loop
         vertex 0.00762 -0.002065 0.0025
         vertex 0.00762 -4.33681e-19 0.0025
         vertex 0.00667 -0.00095 0.0025
      endloop
   endfacet
   facet normal 0 0 1
      outer loop
         vertex 0.00667 -0.00095 0.0025
         vertex 0.00667 -0.00159 0.0025
         vertex 0.00762 -0.002065 0.0025
      endloop
   endfacet
   facet normal 0 0 1
      outer loop
         vertex 0.00254 -4.33681e-19 0.0025
         vertex 0.00349 -0.00095 0.0025
         vertex 0.00413 -0.00095 0.0025
      endloop
   endfacet
   facet normal 0 0 1
      outer loop
         vertex 0.00254 -0.002065 0.0025
         vertex 0.00349 -0.00159 0.0025
         vertex 0.00349 -0.00095 0.0025
      endloop
   endfacet
   facet normal 0 0 1
      outer loop
         vertex 0.00349 -0.00095 0.0025
         vertex 0.00254 -4.33681e-19 0.0025
         vertex 0.00254 -0.002065 0.0025
      endloop
   endfacet
   facet normal 0 0 1
      outer loop
         vertex 0.00254 -0.002065 0.0025
         vertex 0.00508 -0.002065 0.0025
         vertex 0.00413 -0.00159 0.0025
      endloop
   endfacet
   facet normal 0 0 1
      outer loop
         vertex 0.00413 -0.00159 0.0025
         vertex 0.00349 -0.00159 0.0025
         vertex 0.00254 -0.002065 0.0025
      endloop
   endfacet
   facet normal 0 0 1
      outer loop
         vertex 0.00508 -0.002065 0.0025
         vertex 0.00508 -4.33681e-19 0.0025
         vertex 0.00413 -0.00095 0.0025
      endloop
   endfacet
   facet normal 0 0 1
      outer loop
         vertex 0.00413 -0.00095 0.0025
         vertex 0.00413 -0.00159 0.0025
         vertex 0.00508 -0.002065 0.0025
      endloop
   endfacet
   facet normal 0 0 1
      outer loop
         vertex 0.00254 -4.33681e-19 0.0025
         vertex 0 -4.33681e-19 0.0025
         vertex 0.00095 -0.00095 0.0025
      endloop
   endfacet
   facet normal 0 0 1
      outer loop
         vertex 0 -0.002065 0.0025
         vertex 0.00095 -0.00159 0.0025
         vertex 0.00095 -0.00095 0.0025
      endloop
   endfacet
   facet normal 0 0 1
      outer loop
         vertex 0.00095 -0.00095 0.0025
         vertex 0 -4.33681e-19 0.0025
         vertex 0 -0.002065 0.0025
      endloop
   endfacet
   facet normal 0 0 1
      outer loop
         vertex 0 -0.002065 0.0025
         vertex 0.00254 -0.002065 0.0025
         vertex 0.00159 -0.00159 0.0025
      endloop
   endfacet
   facet normal 0 0 1
      outer loop
         vertex 0.00159 -0.00159 0.0025
         vertex 0.00095 -0.00159 0.0025
         vertex 0 -0.002065 0.0025
      endloop
   endfacet
   facet normal 0 0 1
      outer loop
         vertex 0.00254 -0.002065 0.0025
         vertex 0.00254 -4.33681e-19 0.0025
         vertex 0.00159 -0.00095 0.0025
      endloop
   endfacet
   facet normal 0 0 1
      outer loop
         vertex 0.00159 -0.00095 0.0025
         vertex 0.00159 -0.00159 0.0025
         vertex 0.00254 -0.002065 0.0025
      endloop
   endfacet
   facet normal 0 0 1
      outer loop
         vertex 0 -4.33681e-19 0.0025
         vertex -0.00349 -0.00095 0.0025
         vertex -0.00159 -0.00095 0.0025
      endloop
   endfacet
   facet normal 0 0 1
      outer loop
         vertex -0.00159 -0.00159 0.0025
         vertex -0.00159 -0.00095 0.0025
         vertex -0.00349 -0.00095 0.0025
      endloop
   endfacet
   facet normal 0 0 1
      outer loop
         vertex -0.00508 -4.33681e-19 0.0025
         vertex -0.00413 -0.00095 0.0025
         vertex -0.00349 -0.00095 0.0025
      endloop
   endfacet
   facet normal 0 0 1
      outer loop
         vertex -0.00508 -0.002065 0.0025
         vertex -0.00413 -0.00159 0.0025
         vertex -0.00413 -0.00095 0.0025
      endloop
   endfacet
   facet normal 0 0 1
      outer loop
         vertex -0.00349 -0.00095 0.0025
         vertex -0.00349 -0.00159 0.0025
         vertex -0.00159 -0.00159 0.0025
      endloop
   endfacet
   facet normal 0 0 1
      outer loop
         vertex 0 -0.002065 0.0025
         vertex -0.00095 -0.00159 0.0025
         vertex -0.00159 -0.00159 0.0025
      endloop
   endfacet
   facet normal 0 0 1
      outer loop
         vertex -0.00413 -0.00095 0.0025
         vertex -0.00508 -4.33681e-19 0.0025
         vertex -0.00508 -0.002065 0.0025
      endloop
   endfacet
   facet normal 0 0 1
      outer loop
         vertex -0.00508 -0.002065 0.0025
         vertex 0 -0.002065 0.0025
         vertex -0.00349 -0.00159 0.0025
      endloop
   endfacet
   facet normal 0 0 1
      outer loop
         vertex -0.00159 -0.00159 0.0025
         vertex -0.00349 -0.00159 0.0025
         vertex 0 -0.002065 0.0025
      endloop
   endfacet
   facet normal 0 0 1
      outer loop
         vertex 0 -0.002065 0.0025
         vertex 0 -4.33681e-19 0.0025
         vertex -0.00095 -0.00095 0.0025
      endloop
   endfacet
   facet normal 0 0 1
      outer loop
         vertex -0.00349 -0.00159 0.0025
         vertex -0.00413 -0.00159 0.0025
         vertex -0.00508 -0.002065 0.0025
      endloop
   endfacet
   facet normal 0 0 1
      outer loop
         vertex -0.00095 -0.00095 0.0025
         vertex -0.00095 -0.00159 0.0025
         vertex 0 -0.002065 0.0025
      endloop
   endfacet
   facet normal 0 0 1
      outer loop
         vertex -0.00159 -0.00095 0.0025
         vertex -0.00095 -0.00095 0.0025
         vertex 0 -4.33681e-19 0.0025
      endloop
   endfacet
   facet normal 0 0 1
      outer loop
         vertex -0.00508 -4.33681e-19 0.0025
         vertex -0.00762 -4.33681e-19 0.0025
         vertex -0.00667 -0.00095 0.0025
      endloop
   endfacet
   facet normal 0 0 1
      outer loop
         vertex -0.00762 -0.002065 0.0025
         vertex -0.00667 -0.00159 0.0025
         vertex -0.00667 -0.00095 0.0025
      endloop
   endfacet
   facet normal 0 0 1
      outer loop
         vertex -0.00667 -0.00095 0.0025
         vertex -0.00762 -4.33681e-19 0.0025
         vertex -0.00762 -0.002065 0.0025
      endloop
   endfacet
   facet normal 0 0 1
      outer loop
         vertex -0.00762 -0.002065 0.0025
         vertex -0.00508 -0.002065 0.0025
         vertex -0.00603 -0.00159 0.0025
      endloop
   endfacet
   facet normal 0 0 1
      outer loop
         vertex -0.00603 -0.00159 0.0025
         vertex -0.00667 -0.00159 0.0025
         vertex -0.00762 -0.002065 0.0025
      endloop
   endfacet
   facet normal 0 0 1
      outer loop
         vertex -0.00508 -0.002065 0.0025
         vertex -0.00508 -4.33681e-19 0.0025
         vertex -0.00603 -0.00095 0.0025
      endloop
   endfacet
   facet normal 0 0 1
      outer loop
         vertex -0.00603 -0.00095 0.0025
         vertex -0.00603 -0.00159 0.0025
         vertex -0.00508 -0.002065 0.0025
      endloop
   endfacet
   facet normal 0 0 1
      outer loop
         vertex -0.01016 -4.33681e-19 0.0025
         vertex -0.00921 -0.00095 0.0025
         vertex -0.00857 -0.00095 0.0025
      endloop
   endfacet
   facet normal 0 0 1
      outer loop
         vertex -0.01016 -0.002065 0.0025
         vertex -0.00921 -0.00159 0.0025
         vertex -0.00921 -0.00095 0.0025
      endloop
   endfacet
   facet normal 0 0 1
      outer loop
         vertex -0.00921 -0.00095 0.0025
         vertex -0.01016 -4.33681e-19 0.0025
         vertex -0.01016 -0.002065 0.0025
      endloop
   endfacet
   facet normal 0 0 1
      outer loop
         vertex -0.01016 -0.002065 0.0025
         vertex -0.00762 -0.002065 0.0025
         vertex -0.00857 -0.00159 0.0025
      endloop
   endfacet
   facet normal 0 0 1
      outer loop
         vertex -0.00857 -0.00159 0.0025
         vertex -0.00921 -0.00159 0.0025
         vertex -0.01016 -0.002065 0.0025
      endloop
   endfacet
   facet normal 0 0 1
      outer loop
         vertex -0.00762 -0.002065 0.0025
         vertex -0.00762 -4.33681e-19 0.0025
         vertex -0.00857 -0.00095 0.0025
      endloop
   endfacet
   facet normal 0 0 1
      outer loop
         vertex -0.00857 -0.00095 0.0025
         vertex -0.00857 -0.00159 0.0025
         vertex -0.00762 -0.002065 0.0025
      endloop
   endfacet
   facet normal 0 0 1
      outer loop
         vertex -0.0127 -4.33681e-19 0.0025
         vertex -0.01175 -0.00095 0.0025
         vertex -0.01111 -0.00095 0.0025
      endloop
   endfacet
   facet normal 0 0 1
      outer loop
         vertex -0.0127 -0.002065 0.0025
         vertex -0.01175 -0.00159 0.0025
         vertex -0.01175 -0.00095 0.0025
      endloop
   endfacet
   facet normal 0 0 1
      outer loop
         vertex -0.01175 -0.00095 0.0025
         vertex -0.0127 -4.33681e-19 0.0025
         vertex -0.0127 -0.002065 0.0025
      endloop
   endfacet
   facet normal 0 0 1
      outer loop
         vertex -0.0127 -0.002065 0.0025
         vertex -0.01016 -0.002065 0.0025
         vertex -0.01111 -0.00159 0.0025
      endloop
   endfacet
   facet normal 0 0 1
      outer loop
         vertex -0.01111 -0.00159 0.0025
         vertex -0.01175 -0.00159 0.0025
         vertex -0.0127 -0.002065 0.0025
      endloop
   endfacet
   facet normal 0 0 1
      outer loop
         vertex -0.01016 -0.002065 0.0025
         vertex -0.01016 -4.33681e-19 0.0025
         vertex -0.01111 -0.00095 0.0025
      endloop
   endfacet
   facet normal 0 0 1
      outer loop
         vertex -0.01111 -0.00095 0.0025
         vertex -0.01111 -0.00159 0.0025
         vertex -0.01016 -0.002065 0.0025
      endloop
   endfacet
   facet normal 0 0 1
      outer loop
         vertex -0.0127 -4.33681e-19 0.0025
         vertex -0.01619 -0.00095 0.0025
         vertex -0.01429 -0.00095 0.0025
      endloop
   endfacet
   facet normal 0 0 1
      outer loop
         vertex -0.01429 -0.00159 0.0025
         vertex -0.01429 -0.00095 0.0025
         vertex -0.01619 -0.00095 0.0025
      endloop
   endfacet
   facet normal 0 0 1
      outer loop
         vertex -0.01778 -4.33681e-19 0.0025
         vertex -0.01683 -0.00095 0.0025
         vertex -0.01619 -0.00095 0.0025
      endloop
   endfacet
   facet normal 0 0 1
      outer loop
         vertex -0.01778 -0.002065 0.0025
         vertex -0.01683 -0.00159 0.0025
         vertex -0.01683 -0.00095 0.0025
      endloop
   endfacet
   facet normal 0 0 1
      outer loop
         vertex -0.01619 -0.00095 0.0025
         vertex -0.01619 -0.00159 0.0025
         vertex -0.01429 -0.00159 0.0025
      endloop
   endfacet
   facet normal 0 0 1
      outer loop
         vertex -0.0127 -0.002065 0.0025
         vertex -0.01365 -0.00159 0.0025
         vertex -0.01429 -0.00159 0.0025
      endloop
   endfacet
   facet normal 0 0 1
      outer loop
         vertex -0.01683 -0.00095 0.0025
         vertex -0.01778 -4.33681e-19 0.0025
         vertex -0.01778 -0.002065 0.0025
      endloop
   endfacet
   facet normal 0 0 1
      outer loop
         vertex -0.01778 -0.002065 0.0025
         vertex -0.0127 -0.002065 0.0025
         vertex -0.01619 -0.00159 0.0025
      endloop
   endfacet
   facet normal 0 0 1
      outer loop
         vertex -0.01429 -0.00159 0.0025
         vertex -0.01619 -0.00159 0.0025
         vertex -0.0127 -0.002065 0.0025
      endloop
   endfacet
   facet normal 0 0 1
      outer loop
         vertex -0.0127 -0.002065 0.0025
         vertex -0.0127 -4.33681e-19 0.0025
         vertex -0.01365 -0.00095 0.0025
      endloop
   endfacet
   facet normal 0 0 1
      outer loop
         vertex -0.01619 -0.00159 0.0025
         vertex -0.01683 -0.00159 0.0025
         vertex -0.01778 -0.002065 0.0025
      endloop
   endfacet
   facet normal 0 0 1
      outer loop
         vertex -0.01365 -0.00095 0.0025
         vertex -0.01365 -0.00159 0.0025
         vertex -0.0127 -0.002065 0.0025
      endloop
   endfacet
   facet normal 0 0 1
      outer loop
         vertex -0.01429 -0.00095 0.0025
         vertex -0.01365 -0.00095 0.0025
         vertex -0.0127 -4.33681e-19 0.0025
      endloop
   endfacet
   facet normal 0 0 1
      outer loop
         vertex -0.01778 -4.33681e-19 0.0025
         vertex -0.02032 -4.33681e-19 0.0025
         vertex -0.01937 -0.00095 0.0025
      endloop
   endfacet
   facet normal 0 0 1
      outer loop
         vertex -0.02032 -0.002065 0.0025
         vertex -0.01937 -0.00159 0.0025
         vertex -0.01937 -0.00095 0.0025
      endloop
   endfacet
   facet normal 0 0 1
      outer loop
         vertex -0.01937 -0.00095 0.0025
         vertex -0.02032 -4.33681e-19 0.0025
         vertex -0.02032 -0.002065 0.0025
      endloop
   endfacet
   facet normal 0 0 1
      outer loop
         vertex -0.02032 -0.002065 0.0025
         vertex -0.01778 -0.002065 0.0025
         vertex -0.01873 -0.00159 0.0025
      endloop
   endfacet
   facet normal 0 0 1
      outer loop
         vertex -0.01873 -0.00159 0.0025
         vertex -0.01937 -0.00159 0.0025
         vertex -0.02032 -0.002065 0.0025
      endloop
   endfacet
   facet normal 0 0 1
      outer loop
         vertex -0.01778 -0.002065 0.0025
         vertex -0.01778 -4.33681e-19 0.0025
         vertex -0.01873 -0.00095 0.0025
      endloop
   endfacet
   facet normal 0 0 1
      outer loop
         vertex -0.01873 -0.00095 0.0025
         vertex -0.01873 -0.00159 0.0025
         vertex -0.01778 -0.002065 0.0025
      endloop
   endfacet
   facet normal 0 0 1
      outer loop
         vertex -0.02286 -4.33681e-19 0.0025
         vertex -0.02191 -0.00095 0.0025
         vertex -0.02127 -0.00095 0.0025
      endloop
   endfacet
   facet normal 0 0 1
      outer loop
         vertex -0.02286 -0.002065 0.0025
         vertex -0.02191 -0.00159 0.0025
         vertex -0.02191 -0.00095 0.0025
      endloop
   endfacet
   facet normal 0 0 1
      outer loop
         vertex -0.02191 -0.00095 0.0025
         vertex -0.02286 -4.33681e-19 0.0025
         vertex -0.02286 -0.002065 0.0025
      endloop
   endfacet
   facet normal 0 0 1
      outer loop
         vertex -0.02286 -0.002065 0.0025
         vertex -0.02032 -0.002065 0.0025
         vertex -0.02127 -0.00159 0.0025
      endloop
   endfacet
   facet normal 0 0 1
      outer loop
         vertex -0.02127 -0.00159 0.0025
         vertex -0.02191 -0.00159 0.0025
         vertex -0.02286 -0.002065 0.0025
      endloop
   endfacet
   facet normal 0 0 1
      outer loop
         vertex -0.02032 -0.002065 0.0025
         vertex -0.02032 -4.33681e-19 0.0025
         vertex -0.02127 -0.00095 0.0025
      endloop
   endfacet
   facet normal 0 0 1
      outer loop
         vertex -0.02127 -0.00095 0.0025
         vertex -0.02127 -0.00159 0.0025
         vertex -0.02032 -0.002065 0.0025
      endloop
   endfacet
   facet normal 0 0 1
      outer loop
         vertex -0.024925 -4.33681e-19 0.0025
         vertex -0.02445 -0.00095 0.0025
         vertex -0.02381 -0.00095 0.0025
      endloop
   endfacet
   facet normal 0 0 1
      outer loop
         vertex -0.024925 -0.002065 0.0025
         vertex -0.02445 -0.00159 0.0025
         vertex -0.02445 -0.00095 0.0025
      endloop
   endfacet
   facet normal 0 0 1
      outer loop
         vertex -0.02445 -0.00095 0.0025
         vertex -0.024925 -4.33681e-19 0.0025
         vertex -0.024925 -0.002065 0.0025
      endloop
   endfacet
   facet normal 0 0 1
      outer loop
         vertex -0.024925 -0.002065 0.0025
         vertex -0.02286 -0.002065 0.0025
         vertex -0.02381 -0.00159 0.0025
      endloop
   endfacet
   facet normal 0 0 1
      outer loop
         vertex -0.02381 -0.00159 0.0025
         vertex -0.02445 -0.00159 0.0025
         vertex -0.024925 -0.002065 0.0025
      endloop
   endfacet
   facet normal 0 0 1
      outer loop
         vertex -0.02286 -0.002065 0.0025
         vertex -0.02286 -4.33681e-19 0.0025
         vertex -0.02381 -0.00095 0.0025
      endloop
   endfacet
   facet normal 0 0 1
      outer loop
         vertex -0.02381 -0.00095 0.0025
         vertex -0.02381 -0.00159 0.0025
         vertex -0.02286 -0.002065 0.0025
      endloop
   endfacet
   facet normal 0 0 1
      outer loop
         vertex -0.024925 -0.002065 0.0025
         vertex -0.025 -2.98156e-18 0.0025
         vertex -0.0254 -0.0004 0.0025
      endloop
   endfacet
   facet normal 0 0 1
      outer loop
         vertex -0.024925 -0.002065 0.0025
         vertex -0.024925 -4.33681e-19 0.0025
         vertex -0.025 -2.98156e-18 0.0025
      endloop
   endfacet
   facet normal 0 0 1
      outer loop
         vertex -0.024925 -0.002065 0.0025
         vertex -0.0254 -0.00214 0.0025
         vertex -0.025 -0.00254 0.0025
      endloop
   endfacet
   facet normal 0 0 1
      outer loop
         vertex -0.024925 -0.002065 0.0025
         vertex -0.0254 -0.002065 0.0025
         vertex -0.0254 -0.00214 0.0025
      endloop
   endfacet
   facet normal 0 0 1
      outer loop
         vertex -0.024925 -0.002065 0.0025
         vertex -0.02326 -0.00254 0.0025
         vertex -0.02286 -0.00214 0.0025
      endloop
   endfacet
   facet normal 0 0 1
      outer loop
         vertex -0.024925 -0.002065 0.0025
         vertex -0.024925 -0.00254 0.0025
         vertex -0.02326 -0.00254 0.0025
      endloop
   endfacet
   facet normal 0 0 1
      outer loop
         vertex -0.02032 -0.00214 0.0025
         vertex -0.02286 -0.00214 0.0025
         vertex -0.02246 -0.00254 0.0025
      endloop
   endfacet
   facet normal 0 0 1
      outer loop
         vertex -0.02032 -0.00214 0.0025
         vertex -0.02286 -0.002065 0.0025
         vertex -0.02286 -0.00214 0.0025
      endloop
   endfacet
   facet normal 0 0 1
      outer loop
         vertex -0.02246 -0.00254 0.0025
         vertex -0.02072 -0.00254 0.0025
         vertex -0.02032 -0.00214 0.0025
      endloop
   endfacet
   facet normal 0 0 1
      outer loop
         vertex -0.01778 -0.002065 0.0025
         vertex -0.01992 -0.00254 0.0025
         vertex -0.01818 -0.00254 0.0025
      endloop
   endfacet
   facet normal 0 0 1
      outer loop
         vertex -0.01778 -0.002065 0.0025
         vertex -0.02032 -0.002065 0.0025
         vertex -0.02032 -0.00214 0.0025
      endloop
   endfacet
   facet normal 0 0 1
      outer loop
         vertex -0.02032 -0.00214 0.0025
         vertex -0.01992 -0.00254 0.0025
         vertex -0.01778 -0.002065 0.0025
      endloop
   endfacet
   facet normal 0 0 1
      outer loop
         vertex -0.01524 -0.00214 0.0025
         vertex -0.01778 -0.002065 0.0025
         vertex -0.01778 -0.00214 0.0025
      endloop
   endfacet
   facet normal 0 0 1
      outer loop
         vertex -0.01524 -0.00214 0.0025
         vertex -0.0131 -0.00254 0.0025
         vertex -0.0127 -0.00214 0.0025
      endloop
   endfacet
   facet normal 0 0 1
      outer loop
         vertex -0.01778 -0.00214 0.0025
         vertex -0.01738 -0.00254 0.0025
         vertex -0.01524 -0.00214 0.0025
      endloop
   endfacet
   facet normal 0 0 1
      outer loop
         vertex -0.01524 -0.00214 0.0025
         vertex -0.01484 -0.00254 0.0025
         vertex -0.0131 -0.00254 0.0025
      endloop
   endfacet
   facet normal 0 0 1
      outer loop
         vertex -0.01738 -0.00254 0.0025
         vertex -0.01564 -0.00254 0.0025
         vertex -0.01524 -0.00214 0.0025
      endloop
   endfacet
   facet normal 0 0 1
      outer loop
         vertex -0.01524 -0.00214 0.0025
         vertex -0.0127 -0.002065 0.0025
         vertex -0.01778 -0.002065 0.0025
      endloop
   endfacet
   facet normal 0 0 1
      outer loop
         vertex -0.01016 -0.00214 0.0025
         vertex -0.0127 -0.00214 0.0025
         vertex -0.0123 -0.00254 0.0025
      endloop
   endfacet
   facet normal 0 0 1
      outer loop
         vertex -0.01016 -0.00214 0.0025
         vertex -0.0127 -0.002065 0.0025
         vertex -0.0127 -0.00214 0.0025
      endloop
   endfacet
   facet normal 0 0 1
      outer loop
         vertex -0.0123 -0.00254 0.0025
         vertex -0.01056 -0.00254 0.0025
         vertex -0.01016 -0.00214 0.0025
      endloop
   endfacet
   facet normal 0 0 1
      outer loop
         vertex -0.00762 -0.00214 0.0025
         vertex -0.01016 -0.002065 0.0025
         vertex -0.01016 -0.00214 0.0025
      endloop
   endfacet
   facet normal 0 0 1
      outer loop
         vertex -0.01016 -0.00214 0.0025
         vertex -0.00976 -0.00254 0.0025
         vertex -0.00762 -0.00214 0.0025
      endloop
   endfacet
   facet normal 0 0 1
      outer loop
         vertex -0.00976 -0.00254 0.0025
         vertex -0.00802 -0.00254 0.0025
         vertex -0.00762 -0.00214 0.0025
      endloop
   endfacet
   facet normal 0 0 1
      outer loop
         vertex -0.00508 -0.002065 0.0025
         vertex -0.00722 -0.00254 0.0025
         vertex -0.00548 -0.00254 0.0025
      endloop
   endfacet
   facet normal 0 0 1
      outer loop
         vertex -0.00508 -0.002065 0.0025
         vertex -0.00762 -0.002065 0.0025
         vertex -0.00762 -0.00214 0.0025
      endloop
   endfacet
   facet normal 0 0 1
      outer loop
         vertex -0.00762 -0.00214 0.0025
         vertex -0.00722 -0.00254 0.0025
         vertex -0.00508 -0.002065 0.0025
      endloop
   endfacet
   facet normal 0 0 1
      outer loop
         vertex -1.4456e-19 -0.00214 0.0025
         vertex -0.00254 -0.00214 0.0025
         vertex -0.00214 -0.00254 0.0025
      endloop
   endfacet
   facet normal 0 0 1
      outer loop
         vertex -0.00214 -0.00254 0.0025
         vertex -0.0004 -0.00254 0.0025
         vertex -1.4456e-19 -0.00214 0.0025
      endloop
   endfacet
   facet normal 0 0 1
      outer loop
         vertex -0.00254 -0.00214 0.0025
         vertex -0.00508 -0.00214 0.0025
         vertex -0.00468 -0.00254 0.0025
      endloop
   endfacet
   facet normal 0 0 1
      outer loop
         vertex 0 -0.002065 0.0025
         vertex -0.00508 -0.002065 0.0025
         vertex -0.00254 -0.00214 0.0025
      endloop
   endfacet
   facet normal 0 0 1
      outer loop
         vertex -0.00254 -0.00214 0.0025
         vertex -0.00508 -0.002065 0.0025
         vertex -0.00508 -0.00214 0.0025
      endloop
   endfacet
   facet normal 0 0 1
      outer loop
         vertex -0.00468 -0.00254 0.0025
         vertex -0.00294 -0.00254 0.0025
         vertex -0.00254 -0.00214 0.0025
      endloop
   endfacet
   facet normal 0 0 1
      outer loop
         vertex 0.00254 -0.00214 0.0025
         vertex 0 -0.002065 0.0025
         vertex -1.4456e-19 -0.00214 0.0025
      endloop
   endfacet
   facet normal 0 0 1
      outer loop
         vertex -1.4456e-19 -0.00214 0.0025
         vertex 0.0004 -0.00254 0.0025
         vertex 0.00254 -0.00214 0.0025
      endloop
   endfacet
   facet normal 0 0 1
      outer loop
         vertex 0.0004 -0.00254 0.0025
         vertex 0.00214 -0.00254 0.0025
         vertex 0.00254 -0.00214 0.0025
      endloop
   endfacet
   facet normal 0 0 1
      outer loop
         vertex 0.00254 -0.002065 0.0025
         vertex 0.00254 -0.00214 0.0025
         vertex 0.00294 -0.00254 0.0025
      endloop
   endfacet
   facet normal 0 0 1
      outer loop
         vertex 0.00294 -0.00254 0.0025
         vertex 0.00468 -0.00254 0.0025
         vertex 0.00254 -0.002065 0.0025
      endloop
   endfacet
   facet normal 0 0 1
      outer loop
         vertex 0.00468 -0.00254 0.0025
         vertex 0.00508 -0.00214 0.0025
         vertex 0.00254 -0.002065 0.0025
      endloop
   endfacet
   facet normal 0 0 1
      outer loop
         vertex 0.00508 -0.002065 0.0025
         vertex 0.00508 -0.00214 0.0025
         vertex 0.00548 -0.00254 0.0025
      endloop
   endfacet
   facet normal 0 0 1
      outer loop
         vertex 0.00548 -0.00254 0.0025
         vertex 0.00722 -0.00254 0.0025
         vertex 0.00508 -0.002065 0.0025
      endloop
   endfacet
   facet normal 0 0 1
      outer loop
         vertex 0.00722 -0.00254 0.0025
         vertex 0.00762 -0.00214 0.0025
         vertex 0.00508 -0.002065 0.0025
      endloop
   endfacet
   facet normal 0 0 1
      outer loop
         vertex 0.00762 -0.002065 0.0025
         vertex 0.00762 -0.00214 0.0025
         vertex 0.00802 -0.00254 0.0025
      endloop
   endfacet
   facet normal 0 0 1
      outer loop
         vertex 0.0127 -0.00214 0.0025
         vertex 0.01016 -0.00214 0.0025
         vertex 0.01056 -0.00254 0.0025
      endloop
   endfacet
   facet normal 0 0 1
      outer loop
         vertex 0.00802 -0.00254 0.0025
         vertex 0.00976 -0.00254 0.0025
         vertex 0.00762 -0.002065 0.0025
      endloop
   endfacet
   facet normal 0 0 1
      outer loop
         vertex 0.01056 -0.00254 0.0025
         vertex 0.0123 -0.00254 0.0025
         vertex 0.0127 -0.00214 0.0025
      endloop
   endfacet
   facet normal 0 0 1
      outer loop
         vertex 0.00976 -0.00254 0.0025
         vertex 0.01016 -0.00214 0.0025
         vertex 0.00762 -0.002065 0.0025
      endloop
   endfacet
   facet normal 0 0 1
      outer loop
         vertex 0.01016 -0.00214 0.0025
         vertex 0.0127 -0.002065 0.0025
         vertex 0.00762 -0.002065 0.0025
      endloop
   endfacet
   facet normal 0 0 1
      outer loop
         vertex 0.01524 -0.002065 0.0025
         vertex 0.0131 -0.00254 0.0025
         vertex 0.01484 -0.00254 0.0025
      endloop
   endfacet
   facet normal 0 0 1
      outer loop
         vertex 0.01524 -0.002065 0.0025
         vertex 0.0127 -0.002065 0.0025
         vertex 0.0127 -0.00214 0.0025
      endloop
   endfacet
   facet normal 0 0 1
      outer loop
         vertex 0.0127 -0.00214 0.0025
         vertex 0.0131 -0.00254 0.0025
         vertex 0.01524 -0.002065 0.0025
      endloop
   endfacet
   facet normal 0 0 1
      outer loop
         vertex 0.01778 -0.002065 0.0025
         vertex 0.01564 -0.00254 0.0025
         vertex 0.01738 -0.00254 0.0025
      endloop
   endfacet
   facet normal 0 0 1
      outer loop
         vertex 0.01778 -0.002065 0.0025
         vertex 0.01524 -0.00214 0.0025
         vertex 0.01564 -0.00254 0.0025
      endloop
   endfacet
   facet normal 0 0 1
      outer loop
         vertex 0.01778 -0.002065 0.0025
         vertex 0.01524 -0.002065 0.0025
         vertex 0.01524 -0.00214 0.0025
      endloop
   endfacet
   facet normal 0 0 1
      outer loop
         vertex 0.02032 -0.002065 0.0025
         vertex 0.01818 -0.00254 0.0025
         vertex 0.01992 -0.00254 0.0025
      endloop
   endfacet
   facet normal 0 0 1
      outer loop
         vertex 0.02032 -0.002065 0.0025
         vertex 0.01778 -0.00214 0.0025
         vertex 0.01818 -0.00254 0.0025
      endloop
   endfacet
   facet normal 0 0 1
      outer loop
         vertex 0.02032 -0.002065 0.0025
         vertex 0.01778 -0.002065 0.0025
         vertex 0.01778 -0.00214 0.0025
      endloop
   endfacet
   facet normal 0 0 1
      outer loop
         vertex 0.0254 -0.00214 0.0025
         vertex 0.02286 -0.00214 0.0025
         vertex 0.02326 -0.00254 0.0025
      endloop
   endfacet
   facet normal 0 0 1
      outer loop
         vertex 0.02326 -0.00254 0.0025
         vertex 0.025 -0.00254 0.0025
         vertex 0.0254 -0.00214 0.0025
      endloop
   endfacet
   facet normal 0 0 1
      outer loop
         vertex 0.02286 -0.00214 0.0025
         vertex 0.02032 -0.00214 0.0025
         vertex 0.02072 -0.00254 0.0025
      endloop
   endfacet
   facet normal 0 0 1
      outer loop
         vertex 0.0254 -0.002065 0.0025
         vertex 0.02032 -0.002065 0.0025
         vertex 0.02286 -0.00214 0.0025
      endloop
   endfacet
   facet normal 0 0 1
      outer loop
         vertex 0.02286 -0.00214 0.0025
         vertex 0.02032 -0.002065 0.0025
         vertex 0.02032 -0.00214 0.0025
      endloop
   endfacet
   facet normal 0 0 1
      outer loop
         vertex 0.02072 -0.00254 0.0025
         vertex 0.02246 -0.00254 0.0025
         vertex 0.02286 -0.00214 0.0025
      endloop
   endfacet
   facet normal 0 0 1
      outer loop
         vertex 0.02032 -4.33681e-19 0.0025
         vertex 0.02127 -0.00095 0.0025
         vertex 0.02191 -0.00095 0.0025
      endloop
   endfacet
   facet normal 0 0 1
      outer loop
         vertex 0.02032 -0.002065 0.0025
         vertex 0.02127 -0.00159 0.0025
         vertex 0.02127 -0.00095 0.0025
      endloop
   endfacet
   facet normal 0 0 1
      outer loop
         vertex 0.02127 -0.00095 0.0025
         vertex 0.02032 -4.33681e-19 0.0025
         vertex 0.02032 -0.002065 0.0025
      endloop
   endfacet
   facet normal 0 0 1
      outer loop
         vertex 0.02032 -0.002065 0.0025
         vertex 0.02381 -0.00159 0.0025
         vertex 0.02191 -0.00159 0.0025
      endloop
   endfacet
   facet normal 0 0 1
      outer loop
         vertex 0.025 3.43331e-18 0.0025
         vertex 0.02381 -0.00095 0.0025
         vertex 0.02445 -0.00095 0.0025
      endloop
   endfacet
   facet normal 0 0 1
      outer loop
         vertex 0.02191 -0.00159 0.0025
         vertex 0.02127 -0.00159 0.0025
         vertex 0.02032 -0.002065 0.0025
      endloop
   endfacet
   facet normal 0 0 1
      outer loop
         vertex 0.02191 -0.00095 0.0025
         vertex 0.02191 -0.00159 0.0025
         vertex 0.02381 -0.00159 0.0025
      endloop
   endfacet
   facet normal 0 0 1
      outer loop
         vertex 0.025 3.43331e-18 0.0025
         vertex 0.02191 -0.00095 0.0025
         vertex 0.02381 -0.00095 0.0025
      endloop
   endfacet
   facet normal 0 0 1
      outer loop
         vertex 0.02381 -0.00159 0.0025
         vertex 0.02381 -0.00095 0.0025
         vertex 0.02191 -0.00095 0.0025
      endloop
   endfacet
   facet normal 0 0 1
      outer loop
         vertex 0.02191 -0.00095 0.0025
         vertex 0.025 3.43331e-18 0.0025
         vertex 0.02032 -4.33681e-19 0.0025
      endloop
   endfacet
   facet normal 0 0 1
      outer loop
         vertex 0.0254 -0.002065 0.0025
         vertex 0.02445 -0.00159 0.0025
         vertex 0.02381 -0.00159 0.0025
      endloop
   endfacet
   facet normal 0 0 1
      outer loop
         vertex 0.02381 -0.00159 0.0025
         vertex 0.02032 -0.002065 0.0025
         vertex 0.0254 -0.002065 0.0025
      endloop
   endfacet
   facet normal 0 0 1
      outer loop
         vertex 0.0254 -0.002065 0.0025
         vertex 0.0254 -0.0004 0.0025
         vertex 0.02445 -0.00095 0.0025
      endloop
   endfacet
   facet normal 0 0 1
      outer loop
         vertex 0.02445 -0.00095 0.0025
         vertex 0.02445 -0.00159 0.0025
         vertex 0.0254 -0.002065 0.0025
      endloop
   endfacet
   facet normal 0 0 1
      outer loop
         vertex 0.02381 0.00095 0.0025
         vertex 0.02286 0.00214 0.0025
         vertex 0.02191 0.00159 0.0025
      endloop
   endfacet
   facet normal 0 0 1
      outer loop
         vertex 0.02286 0.00214 0.0025
         vertex 0.02381 0.00095 0.0025
         vertex 0.02381 0.00159 0.0025
      endloop
   endfacet
   facet normal 0 0 1
      outer loop
         vertex 0.02191 0.00159 0.0025
         vertex 0.02286 0.00214 0.0025
         vertex 0.02246 0.00254 0.0025
      endloop
   endfacet
   facet normal 0 0 1
      outer loop
         vertex 0.02127 0.00159 0.0025
         vertex 0.02072 0.00254 0.0025
         vertex 0.02032 0.00214 0.0025
      endloop
   endfacet
   facet normal 0 0 1
      outer loop
         vertex 0.025 0.00254 0.0025
         vertex 0.02326 0.00254 0.0025
         vertex 0.02381 0.00159 0.0025
      endloop
   endfacet
   facet normal 0 0 1
      outer loop
         vertex 0.02381 0.00159 0.0025
         vertex 0.02326 0.00254 0.0025
         vertex 0.02286 0.00214 0.0025
      endloop
   endfacet
   facet normal 0 0 1
      outer loop
         vertex 0.02072 0.00254 0.0025
         vertex 0.02127 0.00159 0.0025
         vertex 0.02191 0.00159 0.0025
      endloop
   endfacet
   facet normal 0 0 1
      outer loop
         vertex 0.02032 -4.33681e-19 0.0025
         vertex 0.02127 0.00095 0.0025
         vertex 0.02127 0.00159 0.0025
      endloop
   endfacet
   facet normal 0 0 1
      outer loop
         vertex 0.02191 0.00159 0.0025
         vertex 0.02191 0.00095 0.0025
         vertex 0.02381 0.00095 0.0025
      endloop
   endfacet
   facet normal 0 0 1
      outer loop
         vertex 0.025 3.43331e-18 0.0025
         vertex 0.02445 0.00095 0.0025
         vertex 0.02381 0.00095 0.0025
      endloop
   endfacet
   facet normal 0 0 1
      outer loop
         vertex 0.0254 0.0004 0.0025
         vertex 0.02445 0.00159 0.0025
         vertex 0.02445 0.00095 0.0025
      endloop
   endfacet
   facet normal 0 0 1
      outer loop
         vertex 0.02445 0.00159 0.0025
         vertex 0.0254 0.0004 0.0025
         vertex 0.0254 0.00214 0.0025
      endloop
   endfacet
   facet normal 0 0 1
      outer loop
         vertex 0.02032 0.00214 0.0025
         vertex 0.02032 -4.33681e-19 0.0025
         vertex 0.02127 0.00159 0.0025
      endloop
   endfacet
   facet normal 0 0 1
      outer loop
         vertex 0.02032 -4.33681e-19 0.0025
         vertex 0.025 3.43331e-18 0.0025
         vertex 0.02191 0.00095 0.0025
      endloop
   endfacet
   facet normal 0 0 1
      outer loop
         vertex 0.02381 0.00095 0.0025
         vertex 0.02191 0.00095 0.0025
         vertex 0.025 3.43331e-18 0.0025
      endloop
   endfacet
   facet normal 0 0 1
      outer loop
         vertex 0.0254 0.00214 0.0025
         vertex 0.025 0.00254 0.0025
         vertex 0.02445 0.00159 0.0025
      endloop
   endfacet
   facet normal 0 0 1
      outer loop
         vertex 0.02191 0.00095 0.0025
         vertex 0.02127 0.00095 0.0025
         vertex 0.02032 -4.33681e-19 0.0025
      endloop
   endfacet
   facet normal 0 0 1
      outer loop
         vertex 0.02445 0.00095 0.0025
         vertex 0.025 3.43331e-18 0.0025
         vertex 0.0254 0.0004 0.0025
      endloop
   endfacet
   facet normal 0 0 1
      outer loop
         vertex 0.02381 0.00159 0.0025
         vertex 0.02445 0.00159 0.0025
         vertex 0.025 0.00254 0.0025
      endloop
   endfacet
   facet normal 0 0 1
      outer loop
         vertex 0.01873 0.00159 0.0025
         vertex 0.01992 0.00254 0.0025
         vertex 0.01818 0.00254 0.0025
      endloop
   endfacet
   facet normal 0 0 1
      outer loop
         vertex 0.01818 0.00254 0.0025
         vertex 0.01778 0.00214 0.0025
         vertex 0.01873 0.00159 0.0025
      endloop
   endfacet
   facet normal 0 0 1
      outer loop
         vertex 0.01778 0.00214 0.0025
         vertex 0.01778 -4.33681e-19 0.0025
         vertex 0.01873 0.00095 0.0025
      endloop
   endfacet
   facet normal 0 0 1
      outer loop
         vertex 0.01873 0.00095 0.0025
         vertex 0.01873 0.00159 0.0025
         vertex 0.01778 0.00214 0.0025
      endloop
   endfacet
   facet normal 0 0 1
      outer loop
         vertex 0.02032 -4.33681e-19 0.0025
         vertex 0.01937 0.00095 0.0025
         vertex 0.01873 0.00095 0.0025
      endloop
   endfacet
   facet normal 0 0 1
      outer loop
         vertex 0.01937 0.00159 0.0025
         vertex 0.02032 -4.33681e-19 0.0025
         vertex 0.02032 0.00214 0.0025
      endloop
   endfacet
   facet normal 0 0 1
      outer loop
         vertex 0.01873 0.00095 0.0025
         vertex 0.01778 -4.33681e-19 0.0025
         vertex 0.02032 -4.33681e-19 0.0025
      endloop
   endfacet
   facet normal 0 0 1
      outer loop
         vertex 0.02032 0.00214 0.0025
         vertex 0.01992 0.00254 0.0025
         vertex 0.01937 0.00159 0.0025
      endloop
   endfacet
   facet normal 0 0 1
      outer loop
         vertex 0.01937 0.00159 0.0025
         vertex 0.01937 0.00095 0.0025
         vertex 0.02032 -4.33681e-19 0.0025
      endloop
   endfacet
   facet normal 0 0 1
      outer loop
         vertex 0.01738 0.00254 0.0025
         vertex 0.01619 0.00159 0.0025
         vertex 0.01683 0.00159 0.0025
      endloop
   endfacet
   facet normal 0 0 1
      outer loop
         vertex 0.01619 0.00159 0.0025
         vertex 0.01738 0.00254 0.0025
         vertex 0.01564 0.00254 0.0025
      endloop
   endfacet
   facet normal 0 0 1
      outer loop
         vertex 0.01564 0.00254 0.0025
         vertex 0.01524 0.00214 0.0025
         vertex 0.01619 0.00159 0.0025
      endloop
   endfacet
   facet normal 0 0 1
      outer loop
         vertex 0.01524 0.00214 0.0025
         vertex 0.01524 -4.33681e-19 0.0025
         vertex 0.01619 0.00095 0.0025
      endloop
   endfacet
   facet normal 0 0 1
      outer loop
         vertex 0.01619 0.00095 0.0025
         vertex 0.01619 0.00159 0.0025
         vertex 0.01524 0.00214 0.0025
      endloop
   endfacet
   facet normal 0 0 1
      outer loop
         vertex 0.01778 -4.33681e-19 0.0025
         vertex 0.01683 0.00095 0.0025
         vertex 0.01619 0.00095 0.0025
      endloop
   endfacet
   facet normal 0 0 1
      outer loop
         vertex 0.01619 0.00095 0.0025
         vertex 0.01524 -4.33681e-19 0.0025
         vertex 0.01778 -4.33681e-19 0.0025
      endloop
   endfacet
   facet normal 0 0 1
      outer loop
         vertex 0.01778 0.00214 0.0025
         vertex 0.01683 0.00159 0.0025
         vertex 0.01683 0.00095 0.0025
      endloop
   endfacet
   facet normal 0 0 1
      outer loop
         vertex 0.01683 0.00095 0.0025
         vertex 0.01778 -4.33681e-19 0.0025
         vertex 0.01778 0.00214 0.0025
      endloop
   endfacet
   facet normal 0 0 1
      outer loop
         vertex 0.01429 0.00159 0.0025
         vertex 0.01524 0.00214 0.0025
         vertex 0.01484 0.00254 0.0025
      endloop
   endfacet
   facet normal 0 0 1
      outer loop
         vertex 0.01365 0.00159 0.0025
         vertex 0.0131 0.00254 0.0025
         vertex 0.0127 0.00214 0.0025
      endloop
   endfacet
   facet normal 0 0 1
      outer loop
         vertex 0.0131 0.00254 0.0025
         vertex 0.01365 0.00159 0.0025
         vertex 0.01429 0.00159 0.0025
      endloop
   endfacet
   facet normal 0 0 1
      outer loop
         vertex 0.0127 -4.33681e-19 0.0025
         vertex 0.01365 0.00095 0.0025
         vertex 0.01365 0.00159 0.0025
      endloop
   endfacet
   facet normal 0 0 1
      outer loop
         vertex 0.0127 0.00214 0.0025
         vertex 0.0127 -4.33681e-19 0.0025
         vertex 0.01365 0.00159 0.0025
      endloop
   endfacet
   facet normal 0 0 1
      outer loop
         vertex 0.01524 -4.33681e-19 0.0025
         vertex 0.01429 0.00095 0.0025
         vertex 0.01365 0.00095 0.0025
      endloop
   endfacet
   facet normal 0 0 1
      outer loop
         vertex 0.01365 0.00095 0.0025
         vertex 0.0127 -4.33681e-19 0.0025
         vertex 0.01524 -4.33681e-19 0.0025
      endloop
   endfacet
   facet normal 0 0 1
      outer loop
         vertex 0.01524 0.00214 0.0025
         vertex 0.01429 0.00159 0.0025
         vertex 0.01429 0.00095 0.0025
      endloop
   endfacet
   facet normal 0 0 1
      outer loop
         vertex 0.01429 0.00095 0.0025
         vertex 0.01524 -4.33681e-19 0.0025
         vertex 0.01524 0.00214 0.0025
      endloop
   endfacet
   facet normal 0 0 1
      outer loop
         vertex 0.00921 0.00159 0.0025
         vertex 0.01016 0.00214 0.0025
         vertex 0.00976 0.00254 0.0025
      endloop
   endfacet
   facet normal 0 0 1
      outer loop
         vertex 0.00802 0.00254 0.0025
         vertex 0.00762 0.00214 0.0025
         vertex 0.00857 0.00159 0.0025
      endloop
   endfacet
   facet normal 0 0 1
      outer loop
         vertex 0.00857 0.00159 0.0025
         vertex 0.00921 0.00159 0.0025
         vertex 0.00802 0.00254 0.0025
      endloop
   endfacet
   facet normal 0 0 1
      outer loop
         vertex 0.00762 0.00214 0.0025
         vertex 0.00762 -4.33681e-19 0.0025
         vertex 0.00857 0.00095 0.0025
      endloop
   endfacet
   facet normal 0 0 1
      outer loop
         vertex 0.0123 0.00254 0.0025
         vertex 0.01111 0.00159 0.0025
         vertex 0.01175 0.00159 0.0025
      endloop
   endfacet
   facet normal 0 0 1
      outer loop
         vertex 0.01111 0.00159 0.0025
         vertex 0.0123 0.00254 0.0025
         vertex 0.01056 0.00254 0.0025
      endloop
   endfacet
   facet normal 0 0 1
      outer loop
         vertex 0.00857 0.00095 0.0025
         vertex 0.00857 0.00159 0.0025
         vertex 0.00762 0.00214 0.0025
      endloop
   endfacet
   facet normal 0 0 1
      outer loop
         vertex 0.00762 -4.33681e-19 0.0025
         vertex 0.01111 0.00095 0.0025
         vertex 0.00921 0.00095 0.0025
      endloop
   endfacet
   facet normal 0 0 1
      outer loop
         vertex 0.01056 0.00254 0.0025
         vertex 0.01016 0.00214 0.0025
         vertex 0.01111 0.00159 0.0025
      endloop
   endfacet
   facet normal 0 0 1
      outer loop
         vertex 0.00921 0.00095 0.0025
         vertex 0.00857 0.00095 0.0025
         vertex 0.00762 -4.33681e-19 0.0025
      endloop
   endfacet
   facet normal 0 0 1
      outer loop
         vertex 0.00921 0.00159 0.0025
         vertex 0.00921 0.00095 0.0025
         vertex 0.01111 0.00095 0.0025
      endloop
   endfacet
   facet normal 0 0 1
      outer loop
         vertex 0.01175 0.00159 0.0025
         vertex 0.0127 0.00214 0.0025
         vertex 0.0123 0.00254 0.0025
      endloop
   endfacet
   facet normal 0 0 1
      outer loop
         vertex 0.01111 0.00095 0.0025
         vertex 0.01111 0.00159 0.0025
         vertex 0.00921 0.00159 0.0025
      endloop
   endfacet
   facet normal 0 0 1
      outer loop
         vertex 0.00976 0.00254 0.0025
         vertex 0.00802 0.00254 0.0025
         vertex 0.00921 0.00159 0.0025
      endloop
   endfacet
   facet normal 0 0 1
      outer loop
         vertex 0.0127 -4.33681e-19 0.0025
         vertex 0.01175 0.00095 0.0025
         vertex 0.01111 0.00095 0.0025
      endloop
   endfacet
   facet normal 0 0 1
      outer loop
         vertex 0.01111 0.00095 0.0025
         vertex 0.00762 -4.33681e-19 0.0025
         vertex 0.0127 -4.33681e-19 0.0025
      endloop
   endfacet
   facet normal 0 0 1
      outer loop
         vertex 0.0127 0.00214 0.0025
         vertex 0.01175 0.00159 0.0025
         vertex 0.01175 0.00095 0.0025
      endloop
   endfacet
   facet normal 0 0 1
      outer loop
         vertex 0.01175 0.00095 0.0025
         vertex 0.0127 -4.33681e-19 0.0025
         vertex 0.0127 0.00214 0.0025
      endloop
   endfacet
   facet normal 0 0 1
      outer loop
         vertex 0.00603 0.00159 0.0025
         vertex 0.00722 0.00254 0.0025
         vertex 0.00548 0.00254 0.0025
      endloop
   endfacet
   facet normal 0 0 1
      outer loop
         vertex 0.00548 0.00254 0.0025
         vertex 0.00508 0.00214 0.0025
         vertex 0.00603 0.00159 0.0025
      endloop
   endfacet
   facet normal 0 0 1
      outer loop
         vertex 0.00508 0.00214 0.0025
         vertex 0.00508 -4.33681e-19 0.0025
         vertex 0.00603 0.00095 0.0025
      endloop
   endfacet
   facet normal 0 0 1
      outer loop
         vertex 0.00603 0.00095 0.0025
         vertex 0.00603 0.00159 0.0025
         vertex 0.00508 0.00214 0.0025
      endloop
   endfacet
   facet normal 0 0 1
      outer loop
         vertex 0.00508 -4.33681e-19 0.0025
         vertex 0.00762 -4.33681e-19 0.0025
         vertex 0.00667 0.00095 0.0025
      endloop
   endfacet
   facet normal 0 0 1
      outer loop
         vertex 0.00667 0.00159 0.0025
         vertex 0.00762 -4.33681e-19 0.0025
         vertex 0.00762 0.00214 0.0025
      endloop
   endfacet
   facet normal 0 0 1
      outer loop
         vertex 0.00667 0.00095 0.0025
         vertex 0.00603 0.00095 0.0025
         vertex 0.00508 -4.33681e-19 0.0025
      endloop
   endfacet
   facet normal 0 0 1
      outer loop
         vertex 0.00762 0.00214 0.0025
         vertex 0.00722 0.00254 0.0025
         vertex 0.00667 0.00159 0.0025
      endloop
   endfacet
   facet normal 0 0 1
      outer loop
         vertex 0.00667 0.00159 0.0025
         vertex 0.00667 0.00095 0.0025
         vertex 0.00762 -4.33681e-19 0.0025
      endloop
   endfacet
   facet normal 0 0 1
      outer loop
         vertex 0.00349 0.00159 0.0025
         vertex 0.00468 0.00254 0.0025
         vertex 0.00294 0.00254 0.0025
      endloop
   endfacet
   facet normal 0 0 1
      outer loop
         vertex 0.00294 0.00254 0.0025
         vertex 0.00254 0.00214 0.0025
         vertex 0.00349 0.00159 0.0025
      endloop
   endfacet
   facet normal 0 0 1
      outer loop
         vertex 0.00254 0.00214 0.0025
         vertex 0.00254 -4.33681e-19 0.0025
         vertex 0.00349 0.00095 0.0025
      endloop
   endfacet
   facet normal 0 0 1
      outer loop
         vertex 0.00349 0.00095 0.0025
         vertex 0.00349 0.00159 0.0025
         vertex 0.00254 0.00214 0.0025
      endloop
   endfacet
   facet normal 0 0 1
      outer loop
         vertex 0.00254 -4.33681e-19 0.0025
         vertex 0.00508 -4.33681e-19 0.0025
         vertex 0.00413 0.00095 0.0025
      endloop
   endfacet
   facet normal 0 0 1
      outer loop
         vertex 0.00413 0.00159 0.0025
         vertex 0.00508 -4.33681e-19 0.0025
         vertex 0.00508 0.00214 0.0025
      endloop
   endfacet
   facet normal 0 0 1
      outer loop
         vertex 0.00413 0.00095 0.0025
         vertex 0.00349 0.00095 0.0025
         vertex 0.00254 -4.33681e-19 0.0025
      endloop
   endfacet
   facet normal 0 0 1
      outer loop
         vertex 0.00508 0.00214 0.0025
         vertex 0.00468 0.00254 0.0025
         vertex 0.00413 0.00159 0.0025
      endloop
   endfacet
   facet normal 0 0 1
      outer loop
         vertex 0.00413 0.00159 0.0025
         vertex 0.00413 0.00095 0.0025
         vertex 0.00508 -4.33681e-19 0.0025
      endloop
   endfacet
   facet normal 0 0 1
      outer loop
         vertex 0.00159 0.00159 0.0025
         vertex 0.00254 0.00214 0.0025
         vertex 0.00214 0.00254 0.0025
      endloop
   endfacet
   facet normal 0 0 1
      outer loop
         vertex 0.00095 0.00159 0.0025
         vertex 0.0004 0.00254 0.0025
         vertex -5.65008e-19 0.00214 0.0025
      endloop
   endfacet
   facet normal 0 0 1
      outer loop
         vertex 0.0004 0.00254 0.0025
         vertex 0.00095 0.00159 0.0025
         vertex 0.00159 0.00159 0.0025
      endloop
   endfacet
   facet normal 0 0 1
      outer loop
         vertex 0 -4.33681e-19 0.0025
         vertex 0.00095 0.00095 0.0025
         vertex 0.00095 0.00159 0.0025
      endloop
   endfacet
   facet normal 0 0 1
      outer loop
         vertex -5.65008e-19 0.00214 0.0025
         vertex 0 -4.33681e-19 0.0025
         vertex 0.00095 0.00159 0.0025
      endloop
   endfacet
   facet normal 0 0 1
      outer loop
         vertex 0 -4.33681e-19 0.0025
         vertex 0.00254 -4.33681e-19 0.0025
         vertex 0.00159 0.00095 0.0025
      endloop
   endfacet
   facet normal 0 0 1
      outer loop
         vertex 0.00159 0.00095 0.0025
         vertex 0.00095 0.00095 0.0025
         vertex 0 -4.33681e-19 0.0025
      endloop
   endfacet
   facet normal 0 0 1
      outer loop
         vertex 0.00254 0.00214 0.0025
         vertex 0.00159 0.00159 0.0025
         vertex 0.00159 0.00095 0.0025
      endloop
   endfacet
   facet normal 0 0 1
      outer loop
         vertex 0.00159 0.00095 0.0025
         vertex 0.00254 -4.33681e-19 0.0025
         vertex 0.00254 0.00214 0.0025
      endloop
   endfacet
   facet normal 0 0 1
      outer loop
         vertex -0.00349 0.00159 0.0025
         vertex -0.00254 0.00214 0.0025
         vertex -0.00294 0.00254 0.0025
      endloop
   endfacet
   facet normal 0 0 1
      outer loop
         vertex -0.00413 0.00159 0.0025
         vertex -0.00468 0.00254 0.0025
         vertex -0.00508 0.00214 0.0025
      endloop
   endfacet
   facet normal 0 0 1
      outer loop
         vertex -0.00468 0.00254 0.0025
         vertex -0.00413 0.00159 0.0025
         vertex -0.00349 0.00159 0.0025
      endloop
   endfacet
   facet normal 0 0 1
      outer loop
         vertex -0.00508 -4.33681e-19 0.0025
         vertex -0.00413 0.00095 0.0025
         vertex -0.00413 0.00159 0.0025
      endloop
   endfacet
   facet normal 0 0 1
      outer loop
         vertex -0.0004 0.00254 0.0025
         vertex -0.00159 0.00159 0.0025
         vertex -0.00095 0.00159 0.0025
      endloop
   endfacet
   facet normal 0 0 1
      outer loop
         vertex -0.00159 0.00159 0.0025
         vertex -0.0004 0.00254 0.0025
         vertex -0.00214 0.00254 0.0025
      endloop
   endfacet
   facet normal 0 0 1
      outer loop
         vertex -0.00508 0.00214 0.0025
         vertex -0.00508 -4.33681e-19 0.0025
         vertex -0.00413 0.00159 0.0025
      endloop
   endfacet
   facet normal 0 0 1
      outer loop
         vertex -0.00508 -4.33681e-19 0.0025
         vertex -0.00159 0.00095 0.0025
         vertex -0.00349 0.00095 0.0025
      endloop
   endfacet
   facet normal 0 0 1
      outer loop
         vertex -0.00214 0.00254 0.0025
         vertex -0.00254 0.00214 0.0025
         vertex -0.00159 0.00159 0.0025
      endloop
   endfacet
   facet normal 0 0 1
      outer loop
         vertex -0.00349 0.00095 0.0025
         vertex -0.00413 0.00095 0.0025
         vertex -0.00508 -4.33681e-19 0.0025
      endloop
   endfacet
   facet normal 0 0 1
      outer loop
         vertex -0.00349 0.00159 0.0025
         vertex -0.00349 0.00095 0.0025
         vertex -0.00159 0.00095 0.0025
      endloop
   endfacet
   facet normal 0 0 1
      outer loop
         vertex -0.00095 0.00159 0.0025
         vertex -5.65008e-19 0.00214 0.0025
         vertex -0.0004 0.00254 0.0025
      endloop
   endfacet
   facet normal 0 0 1
      outer loop
         vertex -0.00159 0.00095 0.0025
         vertex -0.00159 0.00159 0.0025
         vertex -0.00349 0.00159 0.0025
      endloop
   endfacet
   facet normal 0 0 1
      outer loop
         vertex -0.00294 0.00254 0.0025
         vertex -0.00468 0.00254 0.0025
         vertex -0.00349 0.00159 0.0025
      endloop
   endfacet
   facet normal 0 0 1
      outer loop
         vertex 0 -4.33681e-19 0.0025
         vertex -0.00095 0.00095 0.0025
         vertex -0.00159 0.00095 0.0025
      endloop
   endfacet
   facet normal 0 0 1
      outer loop
         vertex -0.00159 0.00095 0.0025
         vertex -0.00508 -4.33681e-19 0.0025
         vertex 0 -4.33681e-19 0.0025
      endloop
   endfacet
   facet normal 0 0 1
      outer loop
         vertex -5.65008e-19 0.00214 0.0025
         vertex -0.00095 0.00159 0.0025
         vertex -0.00095 0.00095 0.0025
      endloop
   endfacet
   facet normal 0 0 1
      outer loop
         vertex -0.00095 0.00095 0.0025
         vertex 0 -4.33681e-19 0.0025
         vertex -5.65008e-19 0.00214 0.0025
      endloop
   endfacet
   facet normal 0 0 1
      outer loop
         vertex -0.00603 0.00159 0.0025
         vertex -0.00508 0.00214 0.0025
         vertex -0.00548 0.00254 0.0025
      endloop
   endfacet
   facet normal 0 0 1
      outer loop
         vertex -0.00667 0.00159 0.0025
         vertex -0.00722 0.00254 0.0025
         vertex -0.00762 0.00214 0.0025
      endloop
   endfacet
   facet normal 0 0 1
      outer loop
         vertex -0.00722 0.00254 0.0025
         vertex -0.00667 0.00159 0.0025
         vertex -0.00603 0.00159 0.0025
      endloop
   endfacet
   facet normal 0 0 1
      outer loop
         vertex -0.00762 -4.33681e-19 0.0025
         vertex -0.00667 0.00095 0.0025
         vertex -0.00667 0.00159 0.0025
      endloop
   endfacet
   facet normal 0 0 1
      outer loop
         vertex -0.00762 0.00214 0.0025
         vertex -0.00762 -4.33681e-19 0.0025
         vertex -0.00667 0.00159 0.0025
      endloop
   endfacet
   facet normal 0 0 1
      outer loop
         vertex -0.00762 -4.33681e-19 0.0025
         vertex -0.00508 -4.33681e-19 0.0025
         vertex -0.00603 0.00095 0.0025
      endloop
   endfacet
   facet normal 0 0 1
      outer loop
         vertex -0.00603 0.00095 0.0025
         vertex -0.00667 0.00095 0.0025
         vertex -0.00762 -4.33681e-19 0.0025
      endloop
   endfacet
   facet normal 0 0 1
      outer loop
         vertex -0.00508 0.00214 0.0025
         vertex -0.00603 0.00159 0.0025
         vertex -0.00603 0.00095 0.0025
      endloop
   endfacet
   facet normal 0 0 1
      outer loop
         vertex -0.00603 0.00095 0.0025
         vertex -0.00508 -4.33681e-19 0.0025
         vertex -0.00508 0.00214 0.0025
      endloop
   endfacet
   facet normal 0 0 1
      outer loop
         vertex -0.00857 0.00159 0.0025
         vertex -0.00762 0.00214 0.0025
         vertex -0.00802 0.00254 0.0025
      endloop
   endfacet
   facet normal 0 0 1
      outer loop
         vertex -0.00921 0.00159 0.0025
         vertex -0.00976 0.00254 0.0025
         vertex -0.01016 0.00214 0.0025
      endloop
   endfacet
   facet normal 0 0 1
      outer loop
         vertex -0.00976 0.00254 0.0025
         vertex -0.00921 0.00159 0.0025
         vertex -0.00857 0.00159 0.0025
      endloop
   endfacet
   facet normal 0 0 1
      outer loop
         vertex -0.01016 -4.33681e-19 0.0025
         vertex -0.00921 0.00095 0.0025
         vertex -0.00921 0.00159 0.0025
      endloop
   endfacet
   facet normal 0 0 1
      outer loop
         vertex -0.01016 0.00214 0.0025
         vertex -0.01016 -4.33681e-19 0.0025
         vertex -0.00921 0.00159 0.0025
      endloop
   endfacet
   facet normal 0 0 1
      outer loop
         vertex -0.01016 -4.33681e-19 0.0025
         vertex -0.00762 -4.33681e-19 0.0025
         vertex -0.00857 0.00095 0.0025
      endloop
   endfacet
   facet normal 0 0 1
      outer loop
         vertex -0.00857 0.00095 0.0025
         vertex -0.00921 0.00095 0.0025
         vertex -0.01016 -4.33681e-19 0.0025
      endloop
   endfacet
   facet normal 0 0 1
      outer loop
         vertex -0.00762 0.00214 0.0025
         vertex -0.00857 0.00159 0.0025
         vertex -0.00857 0.00095 0.0025
      endloop
   endfacet
   facet normal 0 0 1
      outer loop
         vertex -0.00857 0.00095 0.0025
         vertex -0.00762 -4.33681e-19 0.0025
         vertex -0.00762 0.00214 0.0025
      endloop
   endfacet
   facet normal 0 0 1
      outer loop
         vertex -0.01056 0.00254 0.0025
         vertex -0.01175 0.00159 0.0025
         vertex -0.01111 0.00159 0.0025
      endloop
   endfacet
   facet normal 0 0 1
      outer loop
         vertex -0.01175 0.00159 0.0025
         vertex -0.01056 0.00254 0.0025
         vertex -0.0123 0.00254 0.0025
      endloop
   endfacet
   facet normal 0 0 1
      outer loop
         vertex -0.0123 0.00254 0.0025
         vertex -0.0127 0.00214 0.0025
         vertex -0.01175 0.00159 0.0025
      endloop
   endfacet
   facet normal 0 0 1
      outer loop
         vertex -0.0127 0.00214 0.0025
         vertex -0.0127 -4.33681e-19 0.0025
         vertex -0.01175 0.00095 0.0025
      endloop
   endfacet
   facet normal 0 0 1
      outer loop
         vertex -0.01175 0.00095 0.0025
         vertex -0.01175 0.00159 0.0025
         vertex -0.0127 0.00214 0.0025
      endloop
   endfacet
   facet normal 0 0 1
      outer loop
         vertex -0.0127 -4.33681e-19 0.0025
         vertex -0.01016 -4.33681e-19 0.0025
         vertex -0.01111 0.00095 0.0025
      endloop
   endfacet
   facet normal 0 0 1
      outer loop
         vertex -0.01111 0.00095 0.0025
         vertex -0.01175 0.00095 0.0025
         vertex -0.0127 -4.33681e-19 0.0025
      endloop
   endfacet
   facet normal 0 0 1
      outer loop
         vertex -0.01016 0.00214 0.0025
         vertex -0.01111 0.00159 0.0025
         vertex -0.01111 0.00095 0.0025
      endloop
   endfacet
   facet normal 0 0 1
      outer loop
         vertex -0.01111 0.00095 0.0025
         vertex -0.01016 -4.33681e-19 0.0025
         vertex -0.01016 0.00214 0.0025
      endloop
   endfacet
   facet normal 0 0 1
      outer loop
         vertex -0.01564 0.00254 0.0025
         vertex -0.01683 0.00159 0.0025
         vertex -0.01619 0.00159 0.0025
      endloop
   endfacet
   facet normal 0 0 1
      outer loop
         vertex -0.01683 0.00159 0.0025
         vertex -0.01564 0.00254 0.0025
         vertex -0.01738 0.00254 0.0025
      endloop
   endfacet
   facet normal 0 0 1
      outer loop
         vertex -0.01738 0.00254 0.0025
         vertex -0.01778 0.00214 0.0025
         vertex -0.01683 0.00159 0.0025
      endloop
   endfacet
   facet normal 0 0 1
      outer loop
         vertex -0.01778 0.00214 0.0025
         vertex -0.01778 -4.33681e-19 0.0025
         vertex -0.01683 0.00095 0.0025
      endloop
   endfacet
   facet normal 0 0 1
      outer loop
         vertex -0.01429 0.00159 0.0025
         vertex -0.0131 0.00254 0.0025
         vertex -0.01484 0.00254 0.0025
      endloop
   endfacet
   facet normal 0 0 1
      outer loop
         vertex -0.01683 0.00095 0.0025
         vertex -0.01683 0.00159 0.0025
         vertex -0.01778 0.00214 0.0025
      endloop
   endfacet
   facet normal 0 0 1
      outer loop
         vertex -0.01778 -4.33681e-19 0.0025
         vertex -0.01429 0.00095 0.0025
         vertex -0.01619 0.00095 0.0025
      endloop
   endfacet
   facet normal 0 0 1
      outer loop
         vertex -0.01484 0.00254 0.0025
         vertex -0.01524 0.00214 0.0025
         vertex -0.01429 0.00159 0.0025
      endloop
   endfacet
   facet normal 0 0 1
      outer loop
         vertex -0.01619 0.00095 0.0025
         vertex -0.01683 0.00095 0.0025
         vertex -0.01778 -4.33681e-19 0.0025
      endloop
   endfacet
   facet normal 0 0 1
      outer loop
         vertex -0.01619 0.00159 0.0025
         vertex -0.01619 0.00095 0.0025
         vertex -0.01429 0.00095 0.0025
      endloop
   endfacet
   facet normal 0 0 1
      outer loop
         vertex -0.01429 0.00159 0.0025
         vertex -0.01365 0.00159 0.0025
         vertex -0.0131 0.00254 0.0025
      endloop
   endfacet
   facet normal 0 0 1
      outer loop
         vertex -0.01429 0.00095 0.0025
         vertex -0.01429 0.00159 0.0025
         vertex -0.01619 0.00159 0.0025
      endloop
   endfacet
   facet normal 0 0 1
      outer loop
         vertex -0.01619 0.00159 0.0025
         vertex -0.01524 0.00214 0.0025
         vertex -0.01564 0.00254 0.0025
      endloop
   endfacet
   facet normal 0 0 1
      outer loop
         vertex -0.0127 -4.33681e-19 0.0025
         vertex -0.01365 0.00095 0.0025
         vertex -0.01429 0.00095 0.0025
      endloop
   endfacet
   facet normal 0 0 1
      outer loop
         vertex -0.01365 0.00159 0.0025
         vertex -0.0127 -4.33681e-19 0.0025
         vertex -0.0127 0.00214 0.0025
      endloop
   endfacet
   facet normal 0 0 1
      outer loop
         vertex -0.01429 0.00095 0.0025
         vertex -0.01778 -4.33681e-19 0.0025
         vertex -0.0127 -4.33681e-19 0.0025
      endloop
   endfacet
   facet normal 0 0 1
      outer loop
         vertex -0.0127 0.00214 0.0025
         vertex -0.0131 0.00254 0.0025
         vertex -0.01365 0.00159 0.0025
      endloop
   endfacet
   facet normal 0 0 1
      outer loop
         vertex -0.01365 0.00159 0.0025
         vertex -0.01365 0.00095 0.0025
         vertex -0.0127 -4.33681e-19 0.0025
      endloop
   endfacet
   facet normal 0 0 1
      outer loop
         vertex -0.01873 0.00159 0.0025
         vertex -0.01778 0.00214 0.0025
         vertex -0.01818 0.00254 0.0025
      endloop
   endfacet
   facet normal 0 0 1
      outer loop
         vertex -0.01937 0.00159 0.0025
         vertex -0.01992 0.00254 0.0025
         vertex -0.02032 0.00214 0.0025
      endloop
   endfacet
   facet normal 0 0 1
      outer loop
         vertex -0.01992 0.00254 0.0025
         vertex -0.01937 0.00159 0.0025
         vertex -0.01873 0.00159 0.0025
      endloop
   endfacet
   facet normal 0 0 1
      outer loop
         vertex -0.02032 -4.33681e-19 0.0025
         vertex -0.01937 0.00095 0.0025
         vertex -0.01937 0.00159 0.0025
      endloop
   endfacet
   facet normal 0 0 1
      outer loop
         vertex -0.02032 0.00214 0.0025
         vertex -0.02032 -4.33681e-19 0.0025
         vertex -0.01937 0.00159 0.0025
      endloop
   endfacet
   facet normal 0 0 1
      outer loop
         vertex -0.02032 -4.33681e-19 0.0025
         vertex -0.01778 -4.33681e-19 0.0025
         vertex -0.01873 0.00095 0.0025
      endloop
   endfacet
   facet normal 0 0 1
      outer loop
         vertex -0.01873 0.00095 0.0025
         vertex -0.01937 0.00095 0.0025
         vertex -0.02032 -4.33681e-19 0.0025
      endloop
   endfacet
   facet normal 0 0 1
      outer loop
         vertex -0.01778 0.00214 0.0025
         vertex -0.01873 0.00159 0.0025
         vertex -0.01873 0.00095 0.0025
      endloop
   endfacet
   facet normal 0 0 1
      outer loop
         vertex -0.01873 0.00095 0.0025
         vertex -0.01778 -4.33681e-19 0.0025
         vertex -0.01778 0.00214 0.0025
      endloop
   endfacet
   facet normal 0 0 1
      outer loop
         vertex -0.02191 0.00159 0.0025
         vertex -0.02246 0.00254 0.0025
         vertex -0.02286 0.00214 0.0025
      endloop
   endfacet
   facet normal 0 0 1
      outer loop
         vertex -0.02072 0.00254 0.0025
         vertex -0.02246 0.00254 0.0025
         vertex -0.02191 0.00159 0.0025
      endloop
   endfacet
   facet normal 0 0 1
      outer loop
         vertex -0.02286 -4.33681e-19 0.0025
         vertex -0.02191 0.00095 0.0025
         vertex -0.02191 0.00159 0.0025
      endloop
   endfacet
   facet normal 0 0 1
      outer loop
         vertex -0.02286 0.00214 0.0025
         vertex -0.02286 -4.33681e-19 0.0025
         vertex -0.02191 0.00159 0.0025
      endloop
   endfacet
   facet normal 0 0 1
      outer loop
         vertex -0.02286 -4.33681e-19 0.0025
         vertex -0.02032 -4.33681e-19 0.0025
         vertex -0.02127 0.00095 0.0025
      endloop
   endfacet
   facet normal 0 0 1
      outer loop
         vertex -0.02127 0.00159 0.0025
         vertex -0.02032 -4.33681e-19 0.0025
         vertex -0.02032 0.00214 0.0025
      endloop
   endfacet
   facet normal 0 0 1
      outer loop
         vertex -0.02127 0.00095 0.0025
         vertex -0.02191 0.00095 0.0025
         vertex -0.02286 -4.33681e-19 0.0025
      endloop
   endfacet
   facet normal 0 0 1
      outer loop
         vertex -0.02032 0.00214 0.0025
         vertex -0.02072 0.00254 0.0025
         vertex -0.02127 0.00159 0.0025
      endloop
   endfacet
   facet normal 0 0 1
      outer loop
         vertex -0.02127 0.00159 0.0025
         vertex -0.02127 0.00095 0.0025
         vertex -0.02032 -4.33681e-19 0.0025
      endloop
   endfacet
   facet normal 0 0 1
      outer loop
         vertex -0.024925 0.00254 0.0025
         vertex -0.02445 0.00159 0.0025
         vertex -0.02381 0.00159 0.0025
      endloop
   endfacet
   facet normal 0 0 1
      outer loop
         vertex -0.024925 0.00254 0.0025
         vertex -0.024925 -4.33681e-19 0.0025
         vertex -0.02445 0.00095 0.0025
      endloop
   endfacet
   facet normal 0 0 1
      outer loop
         vertex -0.02445 0.00095 0.0025
         vertex -0.02445 0.00159 0.0025
         vertex -0.024925 0.00254 0.0025
      endloop
   endfacet
   facet normal 0 0 1
      outer loop
         vertex -0.024925 -4.33681e-19 0.0025
         vertex -0.02286 -4.33681e-19 0.0025
         vertex -0.02381 0.00095 0.0025
      endloop
   endfacet
   facet normal 0 0 1
      outer loop
         vertex -0.02381 0.00159 0.0025
         vertex -0.02286 -4.33681e-19 0.0025
         vertex -0.02286 0.00214 0.0025
      endloop
   endfacet
   facet normal 0 0 1
      outer loop
         vertex -0.02381 0.00095 0.0025
         vertex -0.02445 0.00095 0.0025
         vertex -0.024925 -4.33681e-19 0.0025
      endloop
   endfacet
   facet normal 0 0 1
      outer loop
         vertex -0.02286 0.00214 0.0025
         vertex -0.02326 0.00254 0.0025
         vertex -0.02381 0.00159 0.0025
      endloop
   endfacet
   facet normal 0 0 1
      outer loop
         vertex -0.02381 0.00159 0.0025
         vertex -0.02381 0.00095 0.0025
         vertex -0.02286 -4.33681e-19 0.0025
      endloop
   endfacet
   facet normal 0 0 1
      outer loop
         vertex -0.024925 0.00254 0.0025
         vertex -0.0254 0.0004 0.0025
         vertex -0.025 -2.98156e-18 0.0025
      endloop
   endfacet
   facet normal 0 0 1
      outer loop
         vertex -0.024925 0.00254 0.0025
         vertex -0.025 0.00254 0.0025
         vertex -0.0254 0.00214 0.0025
      endloop
   endfacet
   facet normal 0 0 1
      outer loop
         vertex -0.0254 0.00214 0.0025
         vertex -0.0254 0.0004 0.0025
         vertex -0.024925 0.00254 0.0025
      endloop
   endfacet
   facet normal 0 0 1
      outer loop
         vertex -0.025 -2.98156e-18 0.0025
         vertex -0.024925 -4.33681e-19 0.0025
         vertex -0.024925 0.00254 0.0025
      endloop
   endfacet
   facet normal 0 0 1
      outer loop
         vertex -0.02381 0.00159 0.0025
         vertex -0.02326 0.00254 0.0025
         vertex -0.024925 0.00254 0.0025
      endloop
   endfacet
   facet normal 0 0 1
      outer loop
         vertex -0.02191 0.00159 0.0025
         vertex -0.02127 0.00159 0.0025
         vertex -0.02072 0.00254 0.0025
      endloop
   endfacet
   facet normal 0 0 1
      outer loop
         vertex -0.01818 0.00254 0.0025
         vertex -0.01992 0.00254 0.0025
         vertex -0.01873 0.00159 0.0025
      endloop
   endfacet
   facet normal 0 0 1
      outer loop
         vertex -0.01524 0.00214 0.0025
         vertex -0.01619 0.00159 0.0025
         vertex -0.01429 0.00159 0.0025
      endloop
   endfacet
   facet normal 0 0 1
      outer loop
         vertex -0.01111 0.00159 0.0025
         vertex -0.01016 0.00214 0.0025
         vertex -0.01056 0.00254 0.0025
      endloop
   endfacet
   facet normal 0 0 1
      outer loop
         vertex -0.00802 0.00254 0.0025
         vertex -0.00976 0.00254 0.0025
         vertex -0.00857 0.00159 0.0025
      endloop
   endfacet
   facet normal 0 0 1
      outer loop
         vertex -0.00548 0.00254 0.0025
         vertex -0.00722 0.00254 0.0025
         vertex -0.00603 0.00159 0.0025
      endloop
   endfacet
   facet normal 0 0 1
      outer loop
         vertex -0.00254 0.00214 0.0025
         vertex -0.00349 0.00159 0.0025
         vertex -0.00159 0.00159 0.0025
      endloop
   endfacet
   facet normal 0 0 1
      outer loop
         vertex 0.00214 0.00254 0.0025
         vertex 0.0004 0.00254 0.0025
         vertex 0.00159 0.00159 0.0025
      endloop
   endfacet
   facet normal 0 0 1
      outer loop
         vertex 0.00349 0.00159 0.0025
         vertex 0.00413 0.00159 0.0025
         vertex 0.00468 0.00254 0.0025
      endloop
   endfacet
   facet normal 0 0 1
      outer loop
         vertex 0.00603 0.00159 0.0025
         vertex 0.00667 0.00159 0.0025
         vertex 0.00722 0.00254 0.0025
      endloop
   endfacet
   facet normal 0 0 1
      outer loop
         vertex 0.01016 0.00214 0.0025
         vertex 0.00921 0.00159 0.0025
         vertex 0.01111 0.00159 0.0025
      endloop
   endfacet
   facet normal 0 0 1
      outer loop
         vertex 0.01484 0.00254 0.0025
         vertex 0.0131 0.00254 0.0025
         vertex 0.01429 0.00159 0.0025
      endloop
   endfacet
   facet normal 0 0 1
      outer loop
         vertex 0.01683 0.00159 0.0025
         vertex 0.01778 0.00214 0.0025
         vertex 0.01738 0.00254 0.0025
      endloop
   endfacet
   facet normal 0 0 1
      outer loop
         vertex 0.01873 0.00159 0.0025
         vertex 0.01937 0.00159 0.0025
         vertex 0.01992 0.00254 0.0025
      endloop
   endfacet
   facet normal 0 0 1
      outer loop
         vertex 0.02246 0.00254 0.0025
         vertex 0.02072 0.00254 0.0025
         vertex 0.02191 0.00159 0.0025
      endloop
   endfacet
   facet normal 0 0 1
      outer loop
         vertex 0.02445 -0.00095 0.0025
         vertex 0.0254 -0.0004 0.0025
         vertex 0.025 3.43331e-18 0.0025
      endloop
   endfacet
   facet normal 0 0 1
      outer loop
         vertex 0.0254 -0.00214 0.0025
         vertex 0.0254 -0.002065 0.0025
         vertex 0.02286 -0.00214 0.0025
      endloop
   endfacet
   facet normal 0 0 1
      outer loop
         vertex 0.01992 -0.00254 0.0025
         vertex 0.02032 -0.00214 0.0025
         vertex 0.02032 -0.002065 0.0025
      endloop
   endfacet
   facet normal 0 0 1
      outer loop
         vertex 0.01738 -0.00254 0.0025
         vertex 0.01778 -0.00214 0.0025
         vertex 0.01778 -0.002065 0.0025
      endloop
   endfacet
   facet normal 0 0 1
      outer loop
         vertex 0.01484 -0.00254 0.0025
         vertex 0.01524 -0.00214 0.0025
         vertex 0.01524 -0.002065 0.0025
      endloop
   endfacet
   facet normal 0 0 1
      outer loop
         vertex 0.0127 -0.00214 0.0025
         vertex 0.0127 -0.002065 0.0025
         vertex 0.01016 -0.00214 0.0025
      endloop
   endfacet
   facet normal 0 0 1
      outer loop
         vertex 0.00762 -0.00214 0.0025
         vertex 0.00762 -0.002065 0.0025
         vertex 0.00508 -0.002065 0.0025
      endloop
   endfacet
   facet normal 0 0 1
      outer loop
         vertex 0.00508 -0.00214 0.0025
         vertex 0.00508 -0.002065 0.0025
         vertex 0.00254 -0.002065 0.0025
      endloop
   endfacet
   facet normal 0 0 1
      outer loop
         vertex 0.00254 -0.00214 0.0025
         vertex 0.00254 -0.002065 0.0025
         vertex 0 -0.002065 0.0025
      endloop
   endfacet
   facet normal 0 0 1
      outer loop
         vertex -1.4456e-19 -0.00214 0.0025
         vertex 0 -0.002065 0.0025
         vertex -0.00254 -0.00214 0.0025
      endloop
   endfacet
   facet normal 0 0 1
      outer loop
         vertex -0.00548 -0.00254 0.0025
         vertex -0.00508 -0.00214 0.0025
         vertex -0.00508 -0.002065 0.0025
      endloop
   endfacet
   facet normal 0 0 1
      outer loop
         vertex -0.00762 -0.00214 0.0025
         vertex -0.00762 -0.002065 0.0025
         vertex -0.01016 -0.002065 0.0025
      endloop
   endfacet
   facet normal 0 0 1
      outer loop
         vertex -0.01016 -0.00214 0.0025
         vertex -0.01016 -0.002065 0.0025
         vertex -0.0127 -0.002065 0.0025
      endloop
   endfacet
   facet normal 0 0 1
      outer loop
         vertex -0.0127 -0.00214 0.0025
         vertex -0.0127 -0.002065 0.0025
         vertex -0.01524 -0.00214 0.0025
      endloop
   endfacet
   facet normal 0 0 1
      outer loop
         vertex -0.01818 -0.00254 0.0025
         vertex -0.01778 -0.00214 0.0025
         vertex -0.01778 -0.002065 0.0025
      endloop
   endfacet
   facet normal 0 0 1
      outer loop
         vertex -0.02032 -0.00214 0.0025
         vertex -0.02032 -0.002065 0.0025
         vertex -0.02286 -0.002065 0.0025
      endloop
   endfacet
   facet normal 0 0 1
      outer loop
         vertex -0.02286 -0.00214 0.0025
         vertex -0.02286 -0.002065 0.0025
         vertex -0.024925 -0.002065 0.0025
      endloop
   endfacet
   facet normal 0 0 1
      outer loop
         vertex -0.025 -0.00254 0.0025
         vertex -0.024925 -0.00254 0.0025
         vertex -0.024925 -0.002065 0.0025
      endloop
   endfacet
   facet normal 0 0 1
      outer loop
         vertex -0.0254 -0.0004 0.0025
         vertex -0.0254 -0.002065 0.0025
         vertex -0.024925 -0.002065 0.0025
      endloop
   endfacet
   facet normal 0 0 1
      outer loop
         vertex -0.02381 -0.00095 0.0025
         vertex -0.02286 -4.33681e-19 0.0025
         vertex -0.024925 -4.33681e-19 0.0025
      endloop
   endfacet
   facet normal 0 0 1
      outer loop
         vertex -0.02127 -0.00095 0.0025
         vertex -0.02032 -4.33681e-19 0.0025
         vertex -0.02286 -4.33681e-19 0.0025
      endloop
   endfacet
   facet normal 0 0 1
      outer loop
         vertex -0.01937 -0.00095 0.0025
         vertex -0.01873 -0.00095 0.0025
         vertex -0.01778 -4.33681e-19 0.0025
      endloop
   endfacet
   facet normal 0 0 1
      outer loop
         vertex -0.01619 -0.00095 0.0025
         vertex -0.0127 -4.33681e-19 0.0025
         vertex -0.01778 -4.33681e-19 0.0025
      endloop
   endfacet
   facet normal 0 0 1
      outer loop
         vertex -0.01111 -0.00095 0.0025
         vertex -0.01016 -4.33681e-19 0.0025
         vertex -0.0127 -4.33681e-19 0.0025
      endloop
   endfacet
   facet normal 0 0 1
      outer loop
         vertex -0.00857 -0.00095 0.0025
         vertex -0.00762 -4.33681e-19 0.0025
         vertex -0.01016 -4.33681e-19 0.0025
      endloop
   endfacet
   facet normal 0 0 1
      outer loop
         vertex -0.00667 -0.00095 0.0025
         vertex -0.00603 -0.00095 0.0025
         vertex -0.00508 -4.33681e-19 0.0025
      endloop
   endfacet
   facet normal 0 0 1
      outer loop
         vertex -0.00349 -0.00095 0.0025
         vertex 0 -4.33681e-19 0.0025
         vertex -0.00508 -4.33681e-19 0.0025
      endloop
   endfacet
   facet normal 0 0 1
      outer loop
         vertex 0.00095 -0.00095 0.0025
         vertex 0.00159 -0.00095 0.0025
         vertex 0.00254 -4.33681e-19 0.0025
      endloop
   endfacet
   facet normal 0 0 1
      outer loop
         vertex 0.00413 -0.00095 0.0025
         vertex 0.00508 -4.33681e-19 0.0025
         vertex 0.00254 -4.33681e-19 0.0025
      endloop
   endfacet
   facet normal 0 0 1
      outer loop
         vertex 0.00667 -0.00095 0.0025
         vertex 0.00762 -4.33681e-19 0.0025
         vertex 0.00508 -4.33681e-19 0.0025
      endloop
   endfacet
   facet normal 0 0 1
      outer loop
         vertex 0.00921 -0.00095 0.0025
         vertex 0.0127 -4.33681e-19 0.0025
         vertex 0.00762 -4.33681e-19 0.0025
      endloop
   endfacet
   facet normal 0 0 1
      outer loop
         vertex 0.01365 -0.00095 0.0025
         vertex 0.01429 -0.00095 0.0025
         vertex 0.01524 -4.33681e-19 0.0025
      endloop
   endfacet
   facet normal 0 0 1
      outer loop
         vertex 0.01619 -0.00095 0.0025
         vertex 0.01683 -0.00095 0.0025
         vertex 0.01778 -4.33681e-19 0.0025
      endloop
   endfacet
   facet normal 0 0 1
      outer loop
         vertex 0.01873 -0.00095 0.0025
         vertex 0.01937 -0.00095 0.0025
         vertex 0.02032 -4.33681e-19 0.0025
      endloop
   endfacet
   facet normal 0 0 -1
      outer loop
         vertex -0.024925 0.00045 0.0006
         vertex -0.0254 0.00045 0.0006
         vertex -0.0254 0.0007 0.0006
      endloop
   endfacet
   facet normal 0 0 -1
      outer loop
         vertex -0.024925 0.0007 0.0006
         vertex -0.0254 0.0007 0.0006
         vertex -0.0254 0.00209 0.0006
      endloop
   endfacet
   facet normal 0 0 -1
      outer loop
         vertex -0.02286 0.00045 0.0006
         vertex -0.024925 0.00045 0.0006
         vertex -0.024925 0.0007 0.0006
      endloop
   endfacet
   facet normal 0 0 -1
      outer loop
         vertex -0.02286 0.0007 0.0006
         vertex -0.02381 0.00095 0.0006
         vertex -0.02381 0.00159 0.0006
      endloop
   endfacet
   facet normal 0 0 -1
      outer loop
         vertex -0.024925 0.0007 0.0006
         vertex -0.02445 0.00095 0.0006
         vertex -0.02381 0.00095 0.0006
      endloop
   endfacet
   facet normal 0 0 -1
      outer loop
         vertex -0.02381 0.00095 0.0006
         vertex -0.02286 0.0007 0.0006
         vertex -0.024925 0.0007 0.0006
      endloop
   endfacet
   facet normal 0 0 -1
      outer loop
         vertex -0.024925 0.0007 0.0006
         vertex -0.024925 0.00209 0.0006
         vertex -0.02445 0.00159 0.0006
      endloop
   endfacet
   facet normal 0 0 -1
      outer loop
         vertex -0.024925 0.00209 0.0006
         vertex -0.02286 0.00209 0.0006
         vertex -0.02381 0.00159 0.0006
      endloop
   endfacet
   facet normal 0 0 -1
      outer loop
         vertex -0.02445 0.00159 0.0006
         vertex -0.02445 0.00095 0.0006
         vertex -0.024925 0.0007 0.0006
      endloop
   endfacet
   facet normal 0 0 -1
      outer loop
         vertex -0.02381 0.00159 0.0006
         vertex -0.02286 0.00209 0.0006
         vertex -0.02286 0.0007 0.0006
      endloop
   endfacet
   facet normal 0 0 -1
      outer loop
         vertex -0.02032 0.00045 0.0006
         vertex -0.02286 0.00045 0.0006
         vertex -0.02286 0.0007 0.0006
      endloop
   endfacet
   facet normal 0 0 -1
      outer loop
         vertex -0.02032 0.0007 0.0006
         vertex -0.02127 0.00095 0.0006
         vertex -0.02127 0.00159 0.0006
      endloop
   endfacet
   facet normal 0 0 -1
      outer loop
         vertex -0.02286 0.0007 0.0006
         vertex -0.02191 0.00095 0.0006
         vertex -0.02127 0.00095 0.0006
      endloop
   endfacet
   facet normal 0 0 -1
      outer loop
         vertex -0.02127 0.00095 0.0006
         vertex -0.02032 0.0007 0.0006
         vertex -0.02286 0.0007 0.0006
      endloop
   endfacet
   facet normal 0 0 -1
      outer loop
         vertex -0.02286 0.0007 0.0006
         vertex -0.02286 0.00209 0.0006
         vertex -0.02191 0.00159 0.0006
      endloop
   endfacet
   facet normal 0 0 -1
      outer loop
         vertex -0.02286 0.00209 0.0006
         vertex -0.02032 0.00209 0.0006
         vertex -0.02127 0.00159 0.0006
      endloop
   endfacet
   facet normal 0 0 -1
      outer loop
         vertex -0.02191 0.00159 0.0006
         vertex -0.02191 0.00095 0.0006
         vertex -0.02286 0.0007 0.0006
      endloop
   endfacet
   facet normal 0 0 -1
      outer loop
         vertex -0.02127 0.00159 0.0006
         vertex -0.02032 0.00209 0.0006
         vertex -0.02032 0.0007 0.0006
      endloop
   endfacet
   facet normal 0 0 -1
      outer loop
         vertex -0.01778 0.00045 0.0006
         vertex -0.02032 0.00045 0.0006
         vertex -0.02032 0.0007 0.0006
      endloop
   endfacet
   facet normal 0 0 -1
      outer loop
         vertex -0.01778 0.0007 0.0006
         vertex -0.01873 0.00095 0.0006
         vertex -0.01873 0.00159 0.0006
      endloop
   endfacet
   facet normal 0 0 -1
      outer loop
         vertex -0.01778 0.0007 0.0006
         vertex -0.02032 0.0007 0.0006
         vertex -0.01937 0.00095 0.0006
      endloop
   endfacet
   facet normal 0 0 -1
      outer loop
         vertex -0.01937 0.00095 0.0006
         vertex -0.01873 0.00095 0.0006
         vertex -0.01778 0.0007 0.0006
      endloop
   endfacet
   facet normal 0 0 -1
      outer loop
         vertex -0.02032 0.0007 0.0006
         vertex -0.02032 0.00209 0.0006
         vertex -0.01937 0.00159 0.0006
      endloop
   endfacet
   facet normal 0 0 -1
      outer loop
         vertex -0.02032 0.00209 0.0006
         vertex -0.01778 0.00209 0.0006
         vertex -0.01873 0.00159 0.0006
      endloop
   endfacet
   facet normal 0 0 -1
      outer loop
         vertex -0.01937 0.00159 0.0006
         vertex -0.01937 0.00095 0.0006
         vertex -0.02032 0.0007 0.0006
      endloop
   endfacet
   facet normal 0 0 -1
      outer loop
         vertex -0.01873 0.00159 0.0006
         vertex -0.01778 0.00209 0.0006
         vertex -0.01778 0.0007 0.0006
      endloop
   endfacet
   facet normal 0 0 -1
      outer loop
         vertex -0.0127 0.00045 0.0006
         vertex -0.01778 0.00045 0.0006
         vertex -0.01778 0.0007 0.0006
      endloop
   endfacet
   facet normal 0 0 -1
      outer loop
         vertex -0.0127 0.00209 0.0006
         vertex -0.01365 0.00159 0.0006
         vertex -0.01429 0.00159 0.0006
      endloop
   endfacet
   facet normal 0 0 -1
      outer loop
         vertex -0.01429 0.00159 0.0006
         vertex -0.01619 0.00159 0.0006
         vertex -0.0127 0.00209 0.0006
      endloop
   endfacet
   facet normal 0 0 -1
      outer loop
         vertex -0.0127 0.0007 0.0006
         vertex -0.01365 0.00095 0.0006
         vertex -0.01365 0.00159 0.0006
      endloop
   endfacet
   facet normal 0 0 -1
      outer loop
         vertex -0.01365 0.00159 0.0006
         vertex -0.0127 0.00209 0.0006
         vertex -0.0127 0.0007 0.0006
      endloop
   endfacet
   facet normal 0 0 -1
      outer loop
         vertex -0.0127 0.0007 0.0006
         vertex -0.01778 0.0007 0.0006
         vertex -0.01429 0.00095 0.0006
      endloop
   endfacet
   facet normal 0 0 -1
      outer loop
         vertex -0.01778 0.0007 0.0006
         vertex -0.01683 0.00095 0.0006
         vertex -0.01619 0.00095 0.0006
      endloop
   endfacet
   facet normal 0 0 -1
      outer loop
         vertex -0.01429 0.00095 0.0006
         vertex -0.01365 0.00095 0.0006
         vertex -0.0127 0.0007 0.0006
      endloop
   endfacet
   facet normal 0 0 -1
      outer loop
         vertex -0.01619 0.00095 0.0006
         vertex -0.01429 0.00095 0.0006
         vertex -0.01778 0.0007 0.0006
      endloop
   endfacet
   facet normal 0 0 -1
      outer loop
         vertex -0.01619 0.00095 0.0006
         vertex -0.01429 0.00159 0.0006
         vertex -0.01429 0.00095 0.0006
      endloop
   endfacet
   facet normal 0 0 -1
      outer loop
         vertex -0.01778 0.0007 0.0006
         vertex -0.01778 0.00209 0.0006
         vertex -0.01683 0.00159 0.0006
      endloop
   endfacet
   facet normal 0 0 -1
      outer loop
         vertex -0.01778 0.00209 0.0006
         vertex -0.0127 0.00209 0.0006
         vertex -0.01619 0.00159 0.0006
      endloop
   endfacet
   facet normal 0 0 -1
      outer loop
         vertex -0.01683 0.00159 0.0006
         vertex -0.01683 0.00095 0.0006
         vertex -0.01778 0.0007 0.0006
      endloop
   endfacet
   facet normal 0 0 -1
      outer loop
         vertex -0.01429 0.00159 0.0006
         vertex -0.01619 0.00095 0.0006
         vertex -0.01619 0.00159 0.0006
      endloop
   endfacet
   facet normal 0 0 -1
      outer loop
         vertex -0.01016 0.00045 0.0006
         vertex -0.0127 0.00045 0.0006
         vertex -0.0127 0.0007 0.0006
      endloop
   endfacet
   facet normal 0 0 -1
      outer loop
         vertex -0.01016 0.0007 0.0006
         vertex -0.01111 0.00095 0.0006
         vertex -0.01111 0.00159 0.0006
      endloop
   endfacet
   facet normal 0 0 -1
      outer loop
         vertex -0.0127 0.0007 0.0006
         vertex -0.01175 0.00095 0.0006
         vertex -0.01111 0.00095 0.0006
      endloop
   endfacet
   facet normal 0 0 -1
      outer loop
         vertex -0.01111 0.00095 0.0006
         vertex -0.01016 0.0007 0.0006
         vertex -0.0127 0.0007 0.0006
      endloop
   endfacet
   facet normal 0 0 -1
      outer loop
         vertex -0.0127 0.0007 0.0006
         vertex -0.0127 0.00209 0.0006
         vertex -0.01175 0.00159 0.0006
      endloop
   endfacet
   facet normal 0 0 -1
      outer loop
         vertex -0.0127 0.00209 0.0006
         vertex -0.01016 0.00209 0.0006
         vertex -0.01111 0.00159 0.0006
      endloop
   endfacet
   facet normal 0 0 -1
      outer loop
         vertex -0.01175 0.00159 0.0006
         vertex -0.01175 0.00095 0.0006
         vertex -0.0127 0.0007 0.0006
      endloop
   endfacet
   facet normal 0 0 -1
      outer loop
         vertex -0.01111 0.00159 0.0006
         vertex -0.01016 0.00209 0.0006
         vertex -0.01016 0.0007 0.0006
      endloop
   endfacet
   facet normal 0 0 -1
      outer loop
         vertex -0.00762 0.00045 0.0006
         vertex -0.01016 0.00045 0.0006
         vertex -0.01016 0.0007 0.0006
      endloop
   endfacet
   facet normal 0 0 -1
      outer loop
         vertex -0.00762 0.0007 0.0006
         vertex -0.00857 0.00095 0.0006
         vertex -0.00857 0.00159 0.0006
      endloop
   endfacet
   facet normal 0 0 -1
      outer loop
         vertex -0.01016 0.0007 0.0006
         vertex -0.00921 0.00095 0.0006
         vertex -0.00857 0.00095 0.0006
      endloop
   endfacet
   facet normal 0 0 -1
      outer loop
         vertex -0.00857 0.00095 0.0006
         vertex -0.00762 0.0007 0.0006
         vertex -0.01016 0.0007 0.0006
      endloop
   endfacet
   facet normal 0 0 -1
      outer loop
         vertex -0.01016 0.0007 0.0006
         vertex -0.01016 0.00209 0.0006
         vertex -0.00921 0.00159 0.0006
      endloop
   endfacet
   facet normal 0 0 -1
      outer loop
         vertex -0.01016 0.00209 0.0006
         vertex -0.00762 0.00209 0.0006
         vertex -0.00857 0.00159 0.0006
      endloop
   endfacet
   facet normal 0 0 -1
      outer loop
         vertex -0.00921 0.00159 0.0006
         vertex -0.00921 0.00095 0.0006
         vertex -0.01016 0.0007 0.0006
      endloop
   endfacet
   facet normal 0 0 -1
      outer loop
         vertex -0.00857 0.00159 0.0006
         vertex -0.00762 0.00209 0.0006
         vertex -0.00762 0.0007 0.0006
      endloop
   endfacet
   facet normal 0 0 -1
      outer loop
         vertex -0.00508 0.00045 0.0006
         vertex -0.00762 0.00045 0.0006
         vertex -0.00762 0.0007 0.0006
      endloop
   endfacet
   facet normal 0 0 -1
      outer loop
         vertex -0.00508 0.0007 0.0006
         vertex -0.00603 0.00095 0.0006
         vertex -0.00603 0.00159 0.0006
      endloop
   endfacet
   facet normal 0 0 -1
      outer loop
         vertex -0.00508 0.0007 0.0006
         vertex -0.00762 0.0007 0.0006
         vertex -0.00667 0.00095 0.0006
      endloop
   endfacet
   facet normal 0 0 -1
      outer loop
         vertex -0.00667 0.00095 0.0006
         vertex -0.00603 0.00095 0.0006
         vertex -0.00508 0.0007 0.0006
      endloop
   endfacet
   facet normal 0 0 -1
      outer loop
         vertex -0.00762 0.0007 0.0006
         vertex -0.00762 0.00209 0.0006
         vertex -0.00667 0.00159 0.0006
      endloop
   endfacet
   facet normal 0 0 -1
      outer loop
         vertex -0.00762 0.00209 0.0006
         vertex -0.00508 0.00209 0.0006
         vertex -0.00603 0.00159 0.0006
      endloop
   endfacet
   facet normal 0 0 -1
      outer loop
         vertex -0.00667 0.00159 0.0006
         vertex -0.00667 0.00095 0.0006
         vertex -0.00762 0.0007 0.0006
      endloop
   endfacet
   facet normal 0 0 -1
      outer loop
         vertex -0.00603 0.00159 0.0006
         vertex -0.00508 0.00209 0.0006
         vertex -0.00508 0.0007 0.0006
      endloop
   endfacet
   facet normal 0 0 -1
      outer loop
         vertex 0 0.00045 0.0006
         vertex -0.00508 0.00045 0.0006
         vertex -0.00508 0.0007 0.0006
      endloop
   endfacet
   facet normal 0 0 -1
      outer loop
         vertex 0 0.00209 0.0006
         vertex -0.00095 0.00159 0.0006
         vertex -0.00159 0.00159 0.0006
      endloop
   endfacet
   facet normal 0 0 -1
      outer loop
         vertex -0.00159 0.00159 0.0006
         vertex -0.00349 0.00159 0.0006
         vertex 0 0.00209 0.0006
      endloop
   endfacet
   facet normal 0 0 -1
      outer loop
         vertex 0 0.0007 0.0006
         vertex -0.00095 0.00095 0.0006
         vertex -0.00095 0.00159 0.0006
      endloop
   endfacet
   facet normal 0 0 -1
      outer loop
         vertex -0.00095 0.00159 0.0006
         vertex 0 0.00209 0.0006
         vertex 0 0.0007 0.0006
      endloop
   endfacet
   facet normal 0 0 -1
      outer loop
         vertex 0 0.0007 0.0006
         vertex -0.00508 0.0007 0.0006
         vertex -0.00159 0.00095 0.0006
      endloop
   endfacet
   facet normal 0 0 -1
      outer loop
         vertex -0.00508 0.0007 0.0006
         vertex -0.00413 0.00095 0.0006
         vertex -0.00349 0.00095 0.0006
      endloop
   endfacet
   facet normal 0 0 -1
      outer loop
         vertex -0.00159 0.00095 0.0006
         vertex -0.00095 0.00095 0.0006
         vertex 0 0.0007 0.0006
      endloop
   endfacet
   facet normal 0 0 -1
      outer loop
         vertex -0.00349 0.00095 0.0006
         vertex -0.00159 0.00095 0.0006
         vertex -0.00508 0.0007 0.0006
      endloop
   endfacet
   facet normal 0 0 -1
      outer loop
         vertex -0.00349 0.00095 0.0006
         vertex -0.00159 0.00159 0.0006
         vertex -0.00159 0.00095 0.0006
      endloop
   endfacet
   facet normal 0 0 -1
      outer loop
         vertex -0.00508 0.0007 0.0006
         vertex -0.00508 0.00209 0.0006
         vertex -0.00413 0.00159 0.0006
      endloop
   endfacet
   facet normal 0 0 -1
      outer loop
         vertex -0.00508 0.00209 0.0006
         vertex 0 0.00209 0.0006
         vertex -0.00349 0.00159 0.0006
      endloop
   endfacet
   facet normal 0 0 -1
      outer loop
         vertex -0.00413 0.00159 0.0006
         vertex -0.00413 0.00095 0.0006
         vertex -0.00508 0.0007 0.0006
      endloop
   endfacet
   facet normal 0 0 -1
      outer loop
         vertex -0.00159 0.00159 0.0006
         vertex -0.00349 0.00095 0.0006
         vertex -0.00349 0.00159 0.0006
      endloop
   endfacet
   facet normal 0 0 -1
      outer loop
         vertex 0.00254 0.00045 0.0006
         vertex 0 0.00045 0.0006
         vertex 0 0.0007 0.0006
      endloop
   endfacet
   facet normal 0 0 -1
      outer loop
         vertex 0.00254 0.0007 0.0006
         vertex 0.00159 0.00095 0.0006
         vertex 0.00159 0.00159 0.0006
      endloop
   endfacet
   facet normal 0 0 -1
      outer loop
         vertex 0.00254 0.0007 0.0006
         vertex 0 0.0007 0.0006
         vertex 0.00095 0.00095 0.0006
      endloop
   endfacet
   facet normal 0 0 -1
      outer loop
         vertex 0.00095 0.00095 0.0006
         vertex 0.00159 0.00095 0.0006
         vertex 0.00254 0.0007 0.0006
      endloop
   endfacet
   facet normal 0 0 -1
      outer loop
         vertex 0 0.0007 0.0006
         vertex 0 0.00209 0.0006
         vertex 0.00095 0.00159 0.0006
      endloop
   endfacet
   facet normal 0 0 -1
      outer loop
         vertex 0 0.00209 0.0006
         vertex 0.00254 0.00209 0.0006
         vertex 0.00159 0.00159 0.0006
      endloop
   endfacet
   facet normal 0 0 -1
      outer loop
         vertex 0.00095 0.00159 0.0006
         vertex 0.00095 0.00095 0.0006
         vertex 0 0.0007 0.0006
      endloop
   endfacet
   facet normal 0 0 -1
      outer loop
         vertex 0.00159 0.00159 0.0006
         vertex 0.00254 0.00209 0.0006
         vertex 0.00254 0.0007 0.0006
      endloop
   endfacet
   facet normal 0 0 -1
      outer loop
         vertex 0.00508 0.00045 0.0006
         vertex 0.00254 0.00045 0.0006
         vertex 0.00254 0.0007 0.0006
      endloop
   endfacet
   facet normal 0 0 -1
      outer loop
         vertex 0.00508 0.0007 0.0006
         vertex 0.00413 0.00095 0.0006
         vertex 0.00413 0.00159 0.0006
      endloop
   endfacet
   facet normal 0 0 -1
      outer loop
         vertex 0.00254 0.0007 0.0006
         vertex 0.00349 0.00095 0.0006
         vertex 0.00413 0.00095 0.0006
      endloop
   endfacet
   facet normal 0 0 -1
      outer loop
         vertex 0.00413 0.00095 0.0006
         vertex 0.00508 0.0007 0.0006
         vertex 0.00254 0.0007 0.0006
      endloop
   endfacet
   facet normal 0 0 -1
      outer loop
         vertex 0.00254 0.0007 0.0006
         vertex 0.00254 0.00209 0.0006
         vertex 0.00349 0.00159 0.0006
      endloop
   endfacet
   facet normal 0 0 -1
      outer loop
         vertex 0.00254 0.00209 0.0006
         vertex 0.00508 0.00209 0.0006
         vertex 0.00413 0.00159 0.0006
      endloop
   endfacet
   facet normal 0 0 -1
      outer loop
         vertex 0.00349 0.00159 0.0006
         vertex 0.00349 0.00095 0.0006
         vertex 0.00254 0.0007 0.0006
      endloop
   endfacet
   facet normal 0 0 -1
      outer loop
         vertex 0.00413 0.00159 0.0006
         vertex 0.00508 0.00209 0.0006
         vertex 0.00508 0.0007 0.0006
      endloop
   endfacet
   facet normal 0 0 -1
      outer loop
         vertex 0.00762 0.00045 0.0006
         vertex 0.00508 0.00045 0.0006
         vertex 0.00508 0.0007 0.0006
      endloop
   endfacet
   facet normal 0 0 -1
      outer loop
         vertex 0.00762 0.0007 0.0006
         vertex 0.00667 0.00095 0.0006
         vertex 0.00667 0.00159 0.0006
      endloop
   endfacet
   facet normal 0 0 -1
      outer loop
         vertex 0.00508 0.0007 0.0006
         vertex 0.00603 0.00095 0.0006
         vertex 0.00667 0.00095 0.0006
      endloop
   endfacet
   facet normal 0 0 -1
      outer loop
         vertex 0.00667 0.00095 0.0006
         vertex 0.00762 0.0007 0.0006
         vertex 0.00508 0.0007 0.0006
      endloop
   endfacet
   facet normal 0 0 -1
      outer loop
         vertex 0.00508 0.0007 0.0006
         vertex 0.00508 0.00209 0.0006
         vertex 0.00603 0.00159 0.0006
      endloop
   endfacet
   facet normal 0 0 -1
      outer loop
         vertex 0.00508 0.00209 0.0006
         vertex 0.00762 0.00209 0.0006
         vertex 0.00667 0.00159 0.0006
      endloop
   endfacet
   facet normal 0 0 -1
      outer loop
         vertex 0.00603 0.00159 0.0006
         vertex 0.00603 0.00095 0.0006
         vertex 0.00508 0.0007 0.0006
      endloop
   endfacet
   facet normal 0 0 -1
      outer loop
         vertex 0.00667 0.00159 0.0006
         vertex 0.00762 0.00209 0.0006
         vertex 0.00762 0.0007 0.0006
      endloop
   endfacet
   facet normal 0 0 -1
      outer loop
         vertex 0.0127 0.00045 0.0006
         vertex 0.00762 0.00045 0.0006
         vertex 0.00762 0.0007 0.0006
      endloop
   endfacet
   facet normal 0 0 -1
      outer loop
         vertex 0.0127 0.00209 0.0006
         vertex 0.01175 0.00159 0.0006
         vertex 0.01111 0.00159 0.0006
      endloop
   endfacet
   facet normal 0 0 -1
      outer loop
         vertex 0.01111 0.00159 0.0006
         vertex 0.00921 0.00159 0.0006
         vertex 0.0127 0.00209 0.0006
      endloop
   endfacet
   facet normal 0 0 -1
      outer loop
         vertex 0.0127 0.0007 0.0006
         vertex 0.01175 0.00095 0.0006
         vertex 0.01175 0.00159 0.0006
      endloop
   endfacet
   facet normal 0 0 -1
      outer loop
         vertex 0.01175 0.00159 0.0006
         vertex 0.0127 0.00209 0.0006
         vertex 0.0127 0.0007 0.0006
      endloop
   endfacet
   facet normal 0 0 -1
      outer loop
         vertex 0.0127 0.0007 0.0006
         vertex 0.00762 0.0007 0.0006
         vertex 0.01111 0.00095 0.0006
      endloop
   endfacet
   facet normal 0 0 -1
      outer loop
         vertex 0.00762 0.0007 0.0006
         vertex 0.00857 0.00095 0.0006
         vertex 0.00921 0.00095 0.0006
      endloop
   endfacet
   facet normal 0 0 -1
      outer loop
         vertex 0.01111 0.00095 0.0006
         vertex 0.01175 0.00095 0.0006
         vertex 0.0127 0.0007 0.0006
      endloop
   endfacet
   facet normal 0 0 -1
      outer loop
         vertex 0.00921 0.00095 0.0006
         vertex 0.01111 0.00095 0.0006
         vertex 0.00762 0.0007 0.0006
      endloop
   endfacet
   facet normal 0 0 -1
      outer loop
         vertex 0.00921 0.00095 0.0006
         vertex 0.01111 0.00159 0.0006
         vertex 0.01111 0.00095 0.0006
      endloop
   endfacet
   facet normal 0 0 -1
      outer loop
         vertex 0.00762 0.0007 0.0006
         vertex 0.00762 0.00209 0.0006
         vertex 0.00857 0.00159 0.0006
      endloop
   endfacet
   facet normal 0 0 -1
      outer loop
         vertex 0.00762 0.00209 0.0006
         vertex 0.0127 0.00209 0.0006
         vertex 0.00921 0.00159 0.0006
      endloop
   endfacet
   facet normal 0 0 -1
      outer loop
         vertex 0.00857 0.00159 0.0006
         vertex 0.00857 0.00095 0.0006
         vertex 0.00762 0.0007 0.0006
      endloop
   endfacet
   facet normal 0 0 -1
      outer loop
         vertex 0.01111 0.00159 0.0006
         vertex 0.00921 0.00095 0.0006
         vertex 0.00921 0.00159 0.0006
      endloop
   endfacet
   facet normal 0 0 -1
      outer loop
         vertex 0.01524 0.00045 0.0006
         vertex 0.0127 0.00045 0.0006
         vertex 0.0127 0.0007 0.0006
      endloop
   endfacet
   facet normal 0 0 -1
      outer loop
         vertex 0.01524 0.0007 0.0006
         vertex 0.01429 0.00095 0.0006
         vertex 0.01429 0.00159 0.0006
      endloop
   endfacet
   facet normal 0 0 -1
      outer loop
         vertex 0.01524 0.0007 0.0006
         vertex 0.0127 0.0007 0.0006
         vertex 0.01365 0.00095 0.0006
      endloop
   endfacet
   facet normal 0 0 -1
      outer loop
         vertex 0.01365 0.00095 0.0006
         vertex 0.01429 0.00095 0.0006
         vertex 0.01524 0.0007 0.0006
      endloop
   endfacet
   facet normal 0 0 -1
      outer loop
         vertex 0.0127 0.0007 0.0006
         vertex 0.0127 0.00209 0.0006
         vertex 0.01365 0.00159 0.0006
      endloop
   endfacet
   facet normal 0 0 -1
      outer loop
         vertex 0.01524 0.00209 0.0006
         vertex 0.01429 0.00159 0.0006
         vertex 0.01365 0.00159 0.0006
      endloop
   endfacet
   facet normal 0 0 -1
      outer loop
         vertex 0.01365 0.00159 0.0006
         vertex 0.01365 0.00095 0.0006
         vertex 0.0127 0.0007 0.0006
      endloop
   endfacet
   facet normal 0 0 -1
      outer loop
         vertex 0.01429 0.00159 0.0006
         vertex 0.01524 0.00209 0.0006
         vertex 0.01524 0.0007 0.0006
      endloop
   endfacet
   facet normal 0 0 -1
      outer loop
         vertex 0.01778 0.00045 0.0006
         vertex 0.01524 0.00045 0.0006
         vertex 0.01524 0.0007 0.0006
      endloop
   endfacet
   facet normal 0 0 -1
      outer loop
         vertex 0.01778 0.0007 0.0006
         vertex 0.01683 0.00095 0.0006
         vertex 0.01683 0.00159 0.0006
      endloop
   endfacet
   facet normal 0 0 -1
      outer loop
         vertex 0.01778 0.0007 0.0006
         vertex 0.01524 0.0007 0.0006
         vertex 0.01619 0.00095 0.0006
      endloop
   endfacet
   facet normal 0 0 -1
      outer loop
         vertex 0.01619 0.00095 0.0006
         vertex 0.01683 0.00095 0.0006
         vertex 0.01778 0.0007 0.0006
      endloop
   endfacet
   facet normal 0 0 -1
      outer loop
         vertex 0.01524 0.0007 0.0006
         vertex 0.01524 0.00209 0.0006
         vertex 0.01619 0.00159 0.0006
      endloop
   endfacet
   facet normal 0 0 -1
      outer loop
         vertex 0.01778 0.00209 0.0006
         vertex 0.01683 0.00159 0.0006
         vertex 0.01619 0.00159 0.0006
      endloop
   endfacet
   facet normal 0 0 -1
      outer loop
         vertex 0.01619 0.00159 0.0006
         vertex 0.01619 0.00095 0.0006
         vertex 0.01524 0.0007 0.0006
      endloop
   endfacet
   facet normal 0 0 -1
      outer loop
         vertex 0.01683 0.00159 0.0006
         vertex 0.01778 0.00209 0.0006
         vertex 0.01778 0.0007 0.0006
      endloop
   endfacet
   facet normal 0 0 -1
      outer loop
         vertex 0.02032 0.00045 0.0006
         vertex 0.01778 0.00045 0.0006
         vertex 0.01778 0.0007 0.0006
      endloop
   endfacet
   facet normal 0 0 -1
      outer loop
         vertex 0.02032 0.0007 0.0006
         vertex 0.01937 0.00095 0.0006
         vertex 0.01937 0.00159 0.0006
      endloop
   endfacet
   facet normal 0 0 -1
      outer loop
         vertex 0.02032 0.0007 0.0006
         vertex 0.01778 0.0007 0.0006
         vertex 0.01873 0.00095 0.0006
      endloop
   endfacet
   facet normal 0 0 -1
      outer loop
         vertex 0.01873 0.00095 0.0006
         vertex 0.01937 0.00095 0.0006
         vertex 0.02032 0.0007 0.0006
      endloop
   endfacet
   facet normal 0 0 -1
      outer loop
         vertex 0.01778 0.0007 0.0006
         vertex 0.01778 0.00209 0.0006
         vertex 0.01873 0.00159 0.0006
      endloop
   endfacet
   facet normal 0 0 -1
      outer loop
         vertex 0.02032 0.00209 0.0006
         vertex 0.01937 0.00159 0.0006
         vertex 0.01873 0.00159 0.0006
      endloop
   endfacet
   facet normal 0 0 -1
      outer loop
         vertex 0.01873 0.00159 0.0006
         vertex 0.01873 0.00095 0.0006
         vertex 0.01778 0.0007 0.0006
      endloop
   endfacet
   facet normal 0 0 -1
      outer loop
         vertex 0.01937 0.00159 0.0006
         vertex 0.02032 0.00209 0.0006
         vertex 0.02032 0.0007 0.0006
      endloop
   endfacet
   facet normal 0 0 -1
      outer loop
         vertex 0.0254 0.00045 0.0006
         vertex 0.02032 0.00045 0.0006
         vertex 0.02032 0.0007 0.0006
      endloop
   endfacet
   facet normal 0 0 -1
      outer loop
         vertex 0.0254 0.00209 0.0006
         vertex 0.02445 0.00159 0.0006
         vertex 0.02381 0.00159 0.0006
      endloop
   endfacet
   facet normal 0 0 -1
      outer loop
         vertex 0.02381 0.00159 0.0006
         vertex 0.02191 0.00159 0.0006
         vertex 0.0254 0.00209 0.0006
      endloop
   endfacet
   facet normal 0 0 -1
      outer loop
         vertex 0.0254 0.0007 0.0006
         vertex 0.02445 0.00095 0.0006
         vertex 0.02445 0.00159 0.0006
      endloop
   endfacet
   facet normal 0 0 -1
      outer loop
         vertex 0.02445 0.00159 0.0006
         vertex 0.0254 0.00209 0.0006
         vertex 0.0254 0.0007 0.0006
      endloop
   endfacet
   facet normal 0 0 -1
      outer loop
         vertex 0.0254 0.0007 0.0006
         vertex 0.02032 0.0007 0.0006
         vertex 0.02381 0.00095 0.0006
      endloop
   endfacet
   facet normal 0 0 -1
      outer loop
         vertex 0.02032 0.0007 0.0006
         vertex 0.02127 0.00095 0.0006
         vertex 0.02191 0.00095 0.0006
      endloop
   endfacet
   facet normal 0 0 -1
      outer loop
         vertex 0.02381 0.00095 0.0006
         vertex 0.02445 0.00095 0.0006
         vertex 0.0254 0.0007 0.0006
      endloop
   endfacet
   facet normal 0 0 -1
      outer loop
         vertex 0.02191 0.00095 0.0006
         vertex 0.02381 0.00095 0.0006
         vertex 0.02032 0.0007 0.0006
      endloop
   endfacet
   facet normal 0 0 -1
      outer loop
         vertex 0.02191 0.00095 0.0006
         vertex 0.02381 0.00159 0.0006
         vertex 0.02381 0.00095 0.0006
      endloop
   endfacet
   facet normal 0 0 -1
      outer loop
         vertex 0.02032 0.0007 0.0006
         vertex 0.02032 0.00209 0.0006
         vertex 0.02127 0.00159 0.0006
      endloop
   endfacet
   facet normal 0 0 -1
      outer loop
         vertex 0.02032 0.00209 0.0006
         vertex 0.0254 0.00209 0.0006
         vertex 0.02191 0.00159 0.0006
      endloop
   endfacet
   facet normal 0 0 -1
      outer loop
         vertex 0.02127 0.00159 0.0006
         vertex 0.02127 0.00095 0.0006
         vertex 0.02032 0.0007 0.0006
      endloop
   endfacet
   facet normal 0 0 -1
      outer loop
         vertex 0.02381 0.00159 0.0006
         vertex 0.02191 0.00095 0.0006
         vertex 0.02191 0.00159 0.0006
      endloop
   endfacet
   facet normal 0 0 -1
      outer loop
         vertex 0.02191 0.00159 0.0006
         vertex 0.02127 0.00159 0.0006
         vertex 0.02032 0.00209 0.0006
      endloop
   endfacet
   facet normal 0 0 -1
      outer loop
         vertex 0.02032 0.0007 0.0006
         vertex 0.0254 0.0007 0.0006
         vertex 0.0254 0.00045 0.0006
      endloop
   endfacet
   facet normal 0 0 -1
      outer loop
         vertex 0.01873 0.00159 0.0006
         vertex 0.01778 0.00209 0.0006
         vertex 0.02032 0.00209 0.0006
      endloop
   endfacet
   facet normal 0 0 -1
      outer loop
         vertex 0.01778 0.0007 0.0006
         vertex 0.02032 0.0007 0.0006
         vertex 0.02032 0.00045 0.0006
      endloop
   endfacet
   facet normal 0 0 -1
      outer loop
         vertex 0.01619 0.00159 0.0006
         vertex 0.01524 0.00209 0.0006
         vertex 0.01778 0.00209 0.0006
      endloop
   endfacet
   facet normal 0 0 -1
      outer loop
         vertex 0.01524 0.0007 0.0006
         vertex 0.01778 0.0007 0.0006
         vertex 0.01778 0.00045 0.0006
      endloop
   endfacet
   facet normal 0 0 -1
      outer loop
         vertex 0.01365 0.00159 0.0006
         vertex 0.0127 0.00209 0.0006
         vertex 0.01524 0.00209 0.0006
      endloop
   endfacet
   facet normal 0 0 -1
      outer loop
         vertex 0.0127 0.0007 0.0006
         vertex 0.01524 0.0007 0.0006
         vertex 0.01524 0.00045 0.0006
      endloop
   endfacet
   facet normal 0 0 -1
      outer loop
         vertex 0.00921 0.00159 0.0006
         vertex 0.00857 0.00159 0.0006
         vertex 0.00762 0.00209 0.0006
      endloop
   endfacet
   facet normal 0 0 -1
      outer loop
         vertex 0.00762 0.0007 0.0006
         vertex 0.0127 0.0007 0.0006
         vertex 0.0127 0.00045 0.0006
      endloop
   endfacet
   facet normal 0 0 -1
      outer loop
         vertex 0.00667 0.00159 0.0006
         vertex 0.00603 0.00159 0.0006
         vertex 0.00508 0.00209 0.0006
      endloop
   endfacet
   facet normal 0 0 -1
      outer loop
         vertex 0.00508 0.0007 0.0006
         vertex 0.00762 0.0007 0.0006
         vertex 0.00762 0.00045 0.0006
      endloop
   endfacet
   facet normal 0 0 -1
      outer loop
         vertex 0.00413 0.00159 0.0006
         vertex 0.00349 0.00159 0.0006
         vertex 0.00254 0.00209 0.0006
      endloop
   endfacet
   facet normal 0 0 -1
      outer loop
         vertex 0.00254 0.0007 0.0006
         vertex 0.00508 0.0007 0.0006
         vertex 0.00508 0.00045 0.0006
      endloop
   endfacet
   facet normal 0 0 -1
      outer loop
         vertex 0.00159 0.00159 0.0006
         vertex 0.00095 0.00159 0.0006
         vertex 0 0.00209 0.0006
      endloop
   endfacet
   facet normal 0 0 -1
      outer loop
         vertex 0 0.0007 0.0006
         vertex 0.00254 0.0007 0.0006
         vertex 0.00254 0.00045 0.0006
      endloop
   endfacet
   facet normal 0 0 -1
      outer loop
         vertex -0.00349 0.00159 0.0006
         vertex -0.00413 0.00159 0.0006
         vertex -0.00508 0.00209 0.0006
      endloop
   endfacet
   facet normal 0 0 -1
      outer loop
         vertex -0.00508 0.0007 0.0006
         vertex 0 0.0007 0.0006
         vertex 0 0.00045 0.0006
      endloop
   endfacet
   facet normal 0 0 -1
      outer loop
         vertex -0.00603 0.00159 0.0006
         vertex -0.00667 0.00159 0.0006
         vertex -0.00762 0.00209 0.0006
      endloop
   endfacet
   facet normal 0 0 -1
      outer loop
         vertex -0.00762 0.0007 0.0006
         vertex -0.00508 0.0007 0.0006
         vertex -0.00508 0.00045 0.0006
      endloop
   endfacet
   facet normal 0 0 -1
      outer loop
         vertex -0.00857 0.00159 0.0006
         vertex -0.00921 0.00159 0.0006
         vertex -0.01016 0.00209 0.0006
      endloop
   endfacet
   facet normal 0 0 -1
      outer loop
         vertex -0.01016 0.0007 0.0006
         vertex -0.00762 0.0007 0.0006
         vertex -0.00762 0.00045 0.0006
      endloop
   endfacet
   facet normal 0 0 -1
      outer loop
         vertex -0.01111 0.00159 0.0006
         vertex -0.01175 0.00159 0.0006
         vertex -0.0127 0.00209 0.0006
      endloop
   endfacet
   facet normal 0 0 -1
      outer loop
         vertex -0.0127 0.0007 0.0006
         vertex -0.01016 0.0007 0.0006
         vertex -0.01016 0.00045 0.0006
      endloop
   endfacet
   facet normal 0 0 -1
      outer loop
         vertex -0.01619 0.00159 0.0006
         vertex -0.01683 0.00159 0.0006
         vertex -0.01778 0.00209 0.0006
      endloop
   endfacet
   facet normal 0 0 -1
      outer loop
         vertex -0.01778 0.0007 0.0006
         vertex -0.0127 0.0007 0.0006
         vertex -0.0127 0.00045 0.0006
      endloop
   endfacet
   facet normal 0 0 -1
      outer loop
         vertex -0.01873 0.00159 0.0006
         vertex -0.01937 0.00159 0.0006
         vertex -0.02032 0.00209 0.0006
      endloop
   endfacet
   facet normal 0 0 -1
      outer loop
         vertex -0.02032 0.0007 0.0006
         vertex -0.01778 0.0007 0.0006
         vertex -0.01778 0.00045 0.0006
      endloop
   endfacet
   facet normal 0 0 -1
      outer loop
         vertex -0.02127 0.00159 0.0006
         vertex -0.02191 0.00159 0.0006
         vertex -0.02286 0.00209 0.0006
      endloop
   endfacet
   facet normal 0 0 -1
      outer loop
         vertex -0.02286 0.0007 0.0006
         vertex -0.02032 0.0007 0.0006
         vertex -0.02032 0.00045 0.0006
      endloop
   endfacet
   facet normal 0 0 -1
      outer loop
         vertex -0.02381 0.00159 0.0006
         vertex -0.02445 0.00159 0.0006
         vertex -0.024925 0.00209 0.0006
      endloop
   endfacet
   facet normal 0 0 -1
      outer loop
         vertex -0.024925 0.0007 0.0006
         vertex -0.02286 0.0007 0.0006
         vertex -0.02286 0.00045 0.0006
      endloop
   endfacet
   facet normal 0 0 -1
      outer loop
         vertex -0.0254 0.00209 0.0006
         vertex -0.024925 0.00209 0.0006
         vertex -0.024925 0.0007 0.0006
      endloop
   endfacet
   facet normal 0 0 -1
      outer loop
         vertex -0.0254 0.0007 0.0006
         vertex -0.024925 0.0007 0.0006
         vertex -0.024925 0.00045 0.0006
      endloop
   endfacet
   facet normal 0 1 0
      outer loop
         vertex -0.02445 0.00095 0.0025
         vertex -0.02381 0.00095 0.0025
         vertex -0.02381 0.00095 0.0006
      endloop
   endfacet
   facet normal 0 1 0
      outer loop
         vertex -0.02381 0.00095 0.0006
         vertex -0.02445 0.00095 0.0006
         vertex -0.02445 0.00095 0.0025
      endloop
   endfacet
   facet normal 1 0 0
      outer loop
         vertex -0.02445 0.00159 0.0025
         vertex -0.02445 0.00095 0.0025
         vertex -0.02445 0.00095 0.0006
      endloop
   endfacet
   facet normal 1 0 0
      outer loop
         vertex -0.02445 0.00095 0.0006
         vertex -0.02445 0.00159 0.0006
         vertex -0.02445 0.00159 0.0025
      endloop
   endfacet
   facet normal 0 -1 0
      outer loop
         vertex -0.02381 0.00159 0.0025
         vertex -0.02445 0.00159 0.0025
         vertex -0.02445 0.00159 0.0006
      endloop
   endfacet
   facet normal 0 -1 0
      outer loop
         vertex -0.02445 0.00159 0.0006
         vertex -0.02381 0.00159 0.0006
         vertex -0.02381 0.00159 0.0025
      endloop
   endfacet
   facet normal -1 0 0
      outer loop
         vertex -0.02381 0.00095 0.0025
         vertex -0.02381 0.00159 0.0025
         vertex -0.02381 0.00159 0.0006
      endloop
   endfacet
   facet normal -1 0 0
      outer loop
         vertex -0.02381 0.00159 0.0006
         vertex -0.02381 0.00095 0.0006
         vertex -0.02381 0.00095 0.0025
      endloop
   endfacet
   facet normal 0 1 0
      outer loop
         vertex 0.02381 0.00095 0.0025
         vertex 0.02445 0.00095 0.0025
         vertex 0.02445 0.00095 0.0006
      endloop
   endfacet
   facet normal 0 1 0
      outer loop
         vertex 0.02445 0.00095 0.0006
         vertex 0.02381 0.00095 0.0006
         vertex 0.02381 0.00095 0.0025
      endloop
   endfacet
   facet normal 1 0 0
      outer loop
         vertex 0.02381 0.00159 0.0025
         vertex 0.02381 0.00095 0.0025
         vertex 0.02381 0.00095 0.0006
      endloop
   endfacet
   facet normal 1 0 0
      outer loop
         vertex 0.02381 0.00095 0.0006
         vertex 0.02381 0.00159 0.0006
         vertex 0.02381 0.00159 0.0025
      endloop
   endfacet
   facet normal 0 -1 0
      outer loop
         vertex 0.02445 0.00159 0.0025
         vertex 0.02381 0.00159 0.0025
         vertex 0.02381 0.00159 0.0006
      endloop
   endfacet
   facet normal 0 -1 0
      outer loop
         vertex 0.02381 0.00159 0.0006
         vertex 0.02445 0.00159 0.0006
         vertex 0.02445 0.00159 0.0025
      endloop
   endfacet
   facet normal -1 0 0
      outer loop
         vertex 0.02445 0.00095 0.0025
         vertex 0.02445 0.00159 0.0025
         vertex 0.02445 0.00159 0.0006
      endloop
   endfacet
   facet normal -1 0 0
      outer loop
         vertex 0.02445 0.00159 0.0006
         vertex 0.02445 0.00095 0.0006
         vertex 0.02445 0.00095 0.0025
      endloop
   endfacet
   facet normal 0 1 0
      outer loop
         vertex 0.02127 0.00095 0.0025
         vertex 0.02191 0.00095 0.0025
         vertex 0.02191 0.00095 0.0006
      endloop
   endfacet
   facet normal 0 1 0
      outer loop
         vertex 0.02191 0.00095 0.0006
         vertex 0.02127 0.00095 0.0006
         vertex 0.02127 0.00095 0.0025
      endloop
   endfacet
   facet normal 1 0 0
      outer loop
         vertex 0.02127 0.00159 0.0025
         vertex 0.02127 0.00095 0.0025
         vertex 0.02127 0.00095 0.0006
      endloop
   endfacet
   facet normal 1 0 0
      outer loop
         vertex 0.02127 0.00095 0.0006
         vertex 0.02127 0.00159 0.0006
         vertex 0.02127 0.00159 0.0025
      endloop
   endfacet
   facet normal 0 -1 0
      outer loop
         vertex 0.02191 0.00159 0.0025
         vertex 0.02127 0.00159 0.0025
         vertex 0.02127 0.00159 0.0006
      endloop
   endfacet
   facet normal 0 -1 0
      outer loop
         vertex 0.02127 0.00159 0.0006
         vertex 0.02191 0.00159 0.0006
         vertex 0.02191 0.00159 0.0025
      endloop
   endfacet
   facet normal -1 0 0
      outer loop
         vertex 0.02191 0.00095 0.0025
         vertex 0.02191 0.00159 0.0025
         vertex 0.02191 0.00159 0.0006
      endloop
   endfacet
   facet normal -1 0 0
      outer loop
         vertex 0.02191 0.00159 0.0006
         vertex 0.02191 0.00095 0.0006
         vertex 0.02191 0.00095 0.0025
      endloop
   endfacet
   facet normal 0 1 0
      outer loop
         vertex 0.01873 0.00095 0.0025
         vertex 0.01937 0.00095 0.0025
         vertex 0.01937 0.00095 0.0006
      endloop
   endfacet
   facet normal 0 1 0
      outer loop
         vertex 0.01937 0.00095 0.0006
         vertex 0.01873 0.00095 0.0006
         vertex 0.01873 0.00095 0.0025
      endloop
   endfacet
   facet normal 1 0 0
      outer loop
         vertex 0.01873 0.00159 0.0025
         vertex 0.01873 0.00095 0.0025
         vertex 0.01873 0.00095 0.0006
      endloop
   endfacet
   facet normal 1 0 0
      outer loop
         vertex 0.01873 0.00095 0.0006
         vertex 0.01873 0.00159 0.0006
         vertex 0.01873 0.00159 0.0025
      endloop
   endfacet
   facet normal 0 -1 0
      outer loop
         vertex 0.01937 0.00159 0.0025
         vertex 0.01873 0.00159 0.0025
         vertex 0.01873 0.00159 0.0006
      endloop
   endfacet
   facet normal 0 -1 0
      outer loop
         vertex 0.01873 0.00159 0.0006
         vertex 0.01937 0.00159 0.0006
         vertex 0.01937 0.00159 0.0025
      endloop
   endfacet
   facet normal -1 0 0
      outer loop
         vertex 0.01937 0.00095 0.0025
         vertex 0.01937 0.00159 0.0025
         vertex 0.01937 0.00159 0.0006
      endloop
   endfacet
   facet normal -1 0 0
      outer loop
         vertex 0.01937 0.00159 0.0006
         vertex 0.01937 0.00095 0.0006
         vertex 0.01937 0.00095 0.0025
      endloop
   endfacet
   facet normal 0 1 0
      outer loop
         vertex 0.01619 0.00095 0.0025
         vertex 0.01683 0.00095 0.0025
         vertex 0.01683 0.00095 0.0006
      endloop
   endfacet
   facet normal 0 1 0
      outer loop
         vertex 0.01683 0.00095 0.0006
         vertex 0.01619 0.00095 0.0006
         vertex 0.01619 0.00095 0.0025
      endloop
   endfacet
   facet normal 1 0 0
      outer loop
         vertex 0.01619 0.00159 0.0025
         vertex 0.01619 0.00095 0.0025
         vertex 0.01619 0.00095 0.0006
      endloop
   endfacet
   facet normal 1 0 0
      outer loop
         vertex 0.01619 0.00095 0.0006
         vertex 0.01619 0.00159 0.0006
         vertex 0.01619 0.00159 0.0025
      endloop
   endfacet
   facet normal 0 -1 0
      outer loop
         vertex 0.01683 0.00159 0.0025
         vertex 0.01619 0.00159 0.0025
         vertex 0.01619 0.00159 0.0006
      endloop
   endfacet
   facet normal 0 -1 0
      outer loop
         vertex 0.01619 0.00159 0.0006
         vertex 0.01683 0.00159 0.0006
         vertex 0.01683 0.00159 0.0025
      endloop
   endfacet
   facet normal -1 0 0
      outer loop
         vertex 0.01683 0.00095 0.0025
         vertex 0.01683 0.00159 0.0025
         vertex 0.01683 0.00159 0.0006
      endloop
   endfacet
   facet normal -1 0 0
      outer loop
         vertex 0.01683 0.00159 0.0006
         vertex 0.01683 0.00095 0.0006
         vertex 0.01683 0.00095 0.0025
      endloop
   endfacet
   facet normal 0 1 0
      outer loop
         vertex 0.01365 0.00095 0.0025
         vertex 0.01429 0.00095 0.0025
         vertex 0.01429 0.00095 0.0006
      endloop
   endfacet
   facet normal 0 1 0
      outer loop
         vertex 0.01429 0.00095 0.0006
         vertex 0.01365 0.00095 0.0006
         vertex 0.01365 0.00095 0.0025
      endloop
   endfacet
   facet normal 1 0 0
      outer loop
         vertex 0.01365 0.00159 0.0025
         vertex 0.01365 0.00095 0.0025
         vertex 0.01365 0.00095 0.0006
      endloop
   endfacet
   facet normal 1 0 0
      outer loop
         vertex 0.01365 0.00095 0.0006
         vertex 0.01365 0.00159 0.0006
         vertex 0.01365 0.00159 0.0025
      endloop
   endfacet
   facet normal 0 -1 0
      outer loop
         vertex 0.01429 0.00159 0.0025
         vertex 0.01365 0.00159 0.0025
         vertex 0.01365 0.00159 0.0006
      endloop
   endfacet
   facet normal 0 -1 0
      outer loop
         vertex 0.01365 0.00159 0.0006
         vertex 0.01429 0.00159 0.0006
         vertex 0.01429 0.00159 0.0025
      endloop
   endfacet
   facet normal -1 0 0
      outer loop
         vertex 0.01429 0.00095 0.0025
         vertex 0.01429 0.00159 0.0025
         vertex 0.01429 0.00159 0.0006
      endloop
   endfacet
   facet normal -1 0 0
      outer loop
         vertex 0.01429 0.00159 0.0006
         vertex 0.01429 0.00095 0.0006
         vertex 0.01429 0.00095 0.0025
      endloop
   endfacet
   facet normal 0 1 0
      outer loop
         vertex 0.01111 0.00095 0.0025
         vertex 0.01175 0.00095 0.0025
         vertex 0.01175 0.00095 0.0006
      endloop
   endfacet
   facet normal 0 1 0
      outer loop
         vertex 0.01175 0.00095 0.0006
         vertex 0.01111 0.00095 0.0006
         vertex 0.01111 0.00095 0.0025
      endloop
   endfacet
   facet normal 1 0 0
      outer loop
         vertex 0.01111 0.00159 0.0025
         vertex 0.01111 0.00095 0.0025
         vertex 0.01111 0.00095 0.0006
      endloop
   endfacet
   facet normal 1 0 0
      outer loop
         vertex 0.01111 0.00095 0.0006
         vertex 0.01111 0.00159 0.0006
         vertex 0.01111 0.00159 0.0025
      endloop
   endfacet
   facet normal 0 -1 0
      outer loop
         vertex 0.01175 0.00159 0.0025
         vertex 0.01111 0.00159 0.0025
         vertex 0.01111 0.00159 0.0006
      endloop
   endfacet
   facet normal 0 -1 0
      outer loop
         vertex 0.01111 0.00159 0.0006
         vertex 0.01175 0.00159 0.0006
         vertex 0.01175 0.00159 0.0025
      endloop
   endfacet
   facet normal -1 0 0
      outer loop
         vertex 0.01175 0.00095 0.0025
         vertex 0.01175 0.00159 0.0025
         vertex 0.01175 0.00159 0.0006
      endloop
   endfacet
   facet normal -1 0 0
      outer loop
         vertex 0.01175 0.00159 0.0006
         vertex 0.01175 0.00095 0.0006
         vertex 0.01175 0.00095 0.0025
      endloop
   endfacet
   facet normal 0 1 0
      outer loop
         vertex 0.00857 0.00095 0.0025
         vertex 0.00921 0.00095 0.0025
         vertex 0.00921 0.00095 0.0006
      endloop
   endfacet
   facet normal 0 1 0
      outer loop
         vertex 0.00921 0.00095 0.0006
         vertex 0.00857 0.00095 0.0006
         vertex 0.00857 0.00095 0.0025
      endloop
   endfacet
   facet normal 1 0 0
      outer loop
         vertex 0.00857 0.00159 0.0025
         vertex 0.00857 0.00095 0.0025
         vertex 0.00857 0.00095 0.0006
      endloop
   endfacet
   facet normal 1 0 0
      outer loop
         vertex 0.00857 0.00095 0.0006
         vertex 0.00857 0.00159 0.0006
         vertex 0.00857 0.00159 0.0025
      endloop
   endfacet
   facet normal 0 -1 0
      outer loop
         vertex 0.00921 0.00159 0.0025
         vertex 0.00857 0.00159 0.0025
         vertex 0.00857 0.00159 0.0006
      endloop
   endfacet
   facet normal 0 -1 0
      outer loop
         vertex 0.00857 0.00159 0.0006
         vertex 0.00921 0.00159 0.0006
         vertex 0.00921 0.00159 0.0025
      endloop
   endfacet
   facet normal -1 0 0
      outer loop
         vertex 0.00921 0.00095 0.0025
         vertex 0.00921 0.00159 0.0025
         vertex 0.00921 0.00159 0.0006
      endloop
   endfacet
   facet normal -1 0 0
      outer loop
         vertex 0.00921 0.00159 0.0006
         vertex 0.00921 0.00095 0.0006
         vertex 0.00921 0.00095 0.0025
      endloop
   endfacet
   facet normal 0 1 0
      outer loop
         vertex 0.00603 0.00095 0.0025
         vertex 0.00667 0.00095 0.0025
         vertex 0.00667 0.00095 0.0006
      endloop
   endfacet
   facet normal 0 1 0
      outer loop
         vertex 0.00667 0.00095 0.0006
         vertex 0.00603 0.00095 0.0006
         vertex 0.00603 0.00095 0.0025
      endloop
   endfacet
   facet normal 1 0 0
      outer loop
         vertex 0.00603 0.00159 0.0025
         vertex 0.00603 0.00095 0.0025
         vertex 0.00603 0.00095 0.0006
      endloop
   endfacet
   facet normal 1 0 0
      outer loop
         vertex 0.00603 0.00095 0.0006
         vertex 0.00603 0.00159 0.0006
         vertex 0.00603 0.00159 0.0025
      endloop
   endfacet
   facet normal 0 -1 0
      outer loop
         vertex 0.00667 0.00159 0.0025
         vertex 0.00603 0.00159 0.0025
         vertex 0.00603 0.00159 0.0006
      endloop
   endfacet
   facet normal 0 -1 0
      outer loop
         vertex 0.00603 0.00159 0.0006
         vertex 0.00667 0.00159 0.0006
         vertex 0.00667 0.00159 0.0025
      endloop
   endfacet
   facet normal -1 0 0
      outer loop
         vertex 0.00667 0.00095 0.0025
         vertex 0.00667 0.00159 0.0025
         vertex 0.00667 0.00159 0.0006
      endloop
   endfacet
   facet normal -1 0 0
      outer loop
         vertex 0.00667 0.00159 0.0006
         vertex 0.00667 0.00095 0.0006
         vertex 0.00667 0.00095 0.0025
      endloop
   endfacet
   facet normal 0 1 0
      outer loop
         vertex 0.00349 0.00095 0.0025
         vertex 0.00413 0.00095 0.0025
         vertex 0.00413 0.00095 0.0006
      endloop
   endfacet
   facet normal 0 1 0
      outer loop
         vertex 0.00413 0.00095 0.0006
         vertex 0.00349 0.00095 0.0006
         vertex 0.00349 0.00095 0.0025
      endloop
   endfacet
   facet normal 1 0 0
      outer loop
         vertex 0.00349 0.00159 0.0025
         vertex 0.00349 0.00095 0.0025
         vertex 0.00349 0.00095 0.0006
      endloop
   endfacet
   facet normal 1 0 0
      outer loop
         vertex 0.00349 0.00095 0.0006
         vertex 0.00349 0.00159 0.0006
         vertex 0.00349 0.00159 0.0025
      endloop
   endfacet
   facet normal 0 -1 0
      outer loop
         vertex 0.00413 0.00159 0.0025
         vertex 0.00349 0.00159 0.0025
         vertex 0.00349 0.00159 0.0006
      endloop
   endfacet
   facet normal 0 -1 0
      outer loop
         vertex 0.00349 0.00159 0.0006
         vertex 0.00413 0.00159 0.0006
         vertex 0.00413 0.00159 0.0025
      endloop
   endfacet
   facet normal -1 0 0
      outer loop
         vertex 0.00413 0.00095 0.0025
         vertex 0.00413 0.00159 0.0025
         vertex 0.00413 0.00159 0.0006
      endloop
   endfacet
   facet normal -1 0 0
      outer loop
         vertex 0.00413 0.00159 0.0006
         vertex 0.00413 0.00095 0.0006
         vertex 0.00413 0.00095 0.0025
      endloop
   endfacet
   facet normal 0 1 0
      outer loop
         vertex 0.00095 0.00095 0.0025
         vertex 0.00159 0.00095 0.0025
         vertex 0.00159 0.00095 0.0006
      endloop
   endfacet
   facet normal 0 1 0
      outer loop
         vertex 0.00159 0.00095 0.0006
         vertex 0.00095 0.00095 0.0006
         vertex 0.00095 0.00095 0.0025
      endloop
   endfacet
   facet normal 1 0 0
      outer loop
         vertex 0.00095 0.00159 0.0025
         vertex 0.00095 0.00095 0.0025
         vertex 0.00095 0.00095 0.0006
      endloop
   endfacet
   facet normal 1 0 0
      outer loop
         vertex 0.00095 0.00095 0.0006
         vertex 0.00095 0.00159 0.0006
         vertex 0.00095 0.00159 0.0025
      endloop
   endfacet
   facet normal 0 -1 0
      outer loop
         vertex 0.00159 0.00159 0.0025
         vertex 0.00095 0.00159 0.0025
         vertex 0.00095 0.00159 0.0006
      endloop
   endfacet
   facet normal 0 -1 0
      outer loop
         vertex 0.00095 0.00159 0.0006
         vertex 0.00159 0.00159 0.0006
         vertex 0.00159 0.00159 0.0025
      endloop
   endfacet
   facet normal -1 0 0
      outer loop
         vertex 0.00159 0.00095 0.0025
         vertex 0.00159 0.00159 0.0025
         vertex 0.00159 0.00159 0.0006
      endloop
   endfacet
   facet normal -1 0 0
      outer loop
         vertex 0.00159 0.00159 0.0006
         vertex 0.00159 0.00095 0.0006
         vertex 0.00159 0.00095 0.0025
      endloop
   endfacet
   facet normal 0 1 0
      outer loop
         vertex -0.00159 0.00095 0.0025
         vertex -0.00095 0.00095 0.0025
         vertex -0.00095 0.00095 0.0006
      endloop
   endfacet
   facet normal 0 1 0
      outer loop
         vertex -0.00095 0.00095 0.0006
         vertex -0.00159 0.00095 0.0006
         vertex -0.00159 0.00095 0.0025
      endloop
   endfacet
   facet normal 1 0 0
      outer loop
         vertex -0.00159 0.00159 0.0025
         vertex -0.00159 0.00095 0.0025
         vertex -0.00159 0.00095 0.0006
      endloop
   endfacet
   facet normal 1 0 0
      outer loop
         vertex -0.00159 0.00095 0.0006
         vertex -0.00159 0.00159 0.0006
         vertex -0.00159 0.00159 0.0025
      endloop
   endfacet
   facet normal 0 -1 0
      outer loop
         vertex -0.00095 0.00159 0.0025
         vertex -0.00159 0.00159 0.0025
         vertex -0.00159 0.00159 0.0006
      endloop
   endfacet
   facet normal 0 -1 0
      outer loop
         vertex -0.00159 0.00159 0.0006
         vertex -0.00095 0.00159 0.0006
         vertex -0.00095 0.00159 0.0025
      endloop
   endfacet
   facet normal -1 0 0
      outer loop
         vertex -0.00095 0.00095 0.0025
         vertex -0.00095 0.00159 0.0025
         vertex -0.00095 0.00159 0.0006
      endloop
   endfacet
   facet normal -1 0 0
      outer loop
         vertex -0.00095 0.00159 0.0006
         vertex -0.00095 0.00095 0.0006
         vertex -0.00095 0.00095 0.0025
      endloop
   endfacet
   facet normal 0 1 0
      outer loop
         vertex -0.00413 0.00095 0.0025
         vertex -0.00349 0.00095 0.0025
         vertex -0.00349 0.00095 0.0006
      endloop
   endfacet
   facet normal 0 1 0
      outer loop
         vertex -0.00349 0.00095 0.0006
         vertex -0.00413 0.00095 0.0006
         vertex -0.00413 0.00095 0.0025
      endloop
   endfacet
   facet normal 1 0 0
      outer loop
         vertex -0.00413 0.00159 0.0025
         vertex -0.00413 0.00095 0.0025
         vertex -0.00413 0.00095 0.0006
      endloop
   endfacet
   facet normal 1 0 0
      outer loop
         vertex -0.00413 0.00095 0.0006
         vertex -0.00413 0.00159 0.0006
         vertex -0.00413 0.00159 0.0025
      endloop
   endfacet
   facet normal 0 -1 0
      outer loop
         vertex -0.00349 0.00159 0.0025
         vertex -0.00413 0.00159 0.0025
         vertex -0.00413 0.00159 0.0006
      endloop
   endfacet
   facet normal 0 -1 0
      outer loop
         vertex -0.00413 0.00159 0.0006
         vertex -0.00349 0.00159 0.0006
         vertex -0.00349 0.00159 0.0025
      endloop
   endfacet
   facet normal -1 0 0
      outer loop
         vertex -0.00349 0.00095 0.0025
         vertex -0.00349 0.00159 0.0025
         vertex -0.00349 0.00159 0.0006
      endloop
   endfacet
   facet normal -1 0 0
      outer loop
         vertex -0.00349 0.00159 0.0006
         vertex -0.00349 0.00095 0.0006
         vertex -0.00349 0.00095 0.0025
      endloop
   endfacet
   facet normal 0 1 0
      outer loop
         vertex -0.00667 0.00095 0.0025
         vertex -0.00603 0.00095 0.0025
         vertex -0.00603 0.00095 0.0006
      endloop
   endfacet
   facet normal 0 1 0
      outer loop
         vertex -0.00603 0.00095 0.0006
         vertex -0.00667 0.00095 0.0006
         vertex -0.00667 0.00095 0.0025
      endloop
   endfacet
   facet normal 1 0 0
      outer loop
         vertex -0.00667 0.00159 0.0025
         vertex -0.00667 0.00095 0.0025
         vertex -0.00667 0.00095 0.0006
      endloop
   endfacet
   facet normal 1 0 0
      outer loop
         vertex -0.00667 0.00095 0.0006
         vertex -0.00667 0.00159 0.0006
         vertex -0.00667 0.00159 0.0025
      endloop
   endfacet
   facet normal 0 -1 0
      outer loop
         vertex -0.00603 0.00159 0.0025
         vertex -0.00667 0.00159 0.0025
         vertex -0.00667 0.00159 0.0006
      endloop
   endfacet
   facet normal 0 -1 0
      outer loop
         vertex -0.00667 0.00159 0.0006
         vertex -0.00603 0.00159 0.0006
         vertex -0.00603 0.00159 0.0025
      endloop
   endfacet
   facet normal -1 0 0
      outer loop
         vertex -0.00603 0.00095 0.0025
         vertex -0.00603 0.00159 0.0025
         vertex -0.00603 0.00159 0.0006
      endloop
   endfacet
   facet normal -1 0 0
      outer loop
         vertex -0.00603 0.00159 0.0006
         vertex -0.00603 0.00095 0.0006
         vertex -0.00603 0.00095 0.0025
      endloop
   endfacet
   facet normal 0 1 0
      outer loop
         vertex -0.00921 0.00095 0.0025
         vertex -0.00857 0.00095 0.0025
         vertex -0.00857 0.00095 0.0006
      endloop
   endfacet
   facet normal 0 1 0
      outer loop
         vertex -0.00857 0.00095 0.0006
         vertex -0.00921 0.00095 0.0006
         vertex -0.00921 0.00095 0.0025
      endloop
   endfacet
   facet normal 1 0 0
      outer loop
         vertex -0.00921 0.00159 0.0025
         vertex -0.00921 0.00095 0.0025
         vertex -0.00921 0.00095 0.0006
      endloop
   endfacet
   facet normal 1 0 0
      outer loop
         vertex -0.00921 0.00095 0.0006
         vertex -0.00921 0.00159 0.0006
         vertex -0.00921 0.00159 0.0025
      endloop
   endfacet
   facet normal 0 -1 0
      outer loop
         vertex -0.00857 0.00159 0.0025
         vertex -0.00921 0.00159 0.0025
         vertex -0.00921 0.00159 0.0006
      endloop
   endfacet
   facet normal 0 -1 0
      outer loop
         vertex -0.00921 0.00159 0.0006
         vertex -0.00857 0.00159 0.0006
         vertex -0.00857 0.00159 0.0025
      endloop
   endfacet
   facet normal -1 0 0
      outer loop
         vertex -0.00857 0.00095 0.0025
         vertex -0.00857 0.00159 0.0025
         vertex -0.00857 0.00159 0.0006
      endloop
   endfacet
   facet normal -1 0 0
      outer loop
         vertex -0.00857 0.00159 0.0006
         vertex -0.00857 0.00095 0.0006
         vertex -0.00857 0.00095 0.0025
      endloop
   endfacet
   facet normal 0 1 0
      outer loop
         vertex -0.01175 0.00095 0.0025
         vertex -0.01111 0.00095 0.0025
         vertex -0.01111 0.00095 0.0006
      endloop
   endfacet
   facet normal 0 1 0
      outer loop
         vertex -0.01111 0.00095 0.0006
         vertex -0.01175 0.00095 0.0006
         vertex -0.01175 0.00095 0.0025
      endloop
   endfacet
   facet normal 1 0 0
      outer loop
         vertex -0.01175 0.00159 0.0025
         vertex -0.01175 0.00095 0.0025
         vertex -0.01175 0.00095 0.0006
      endloop
   endfacet
   facet normal 1 0 0
      outer loop
         vertex -0.01175 0.00095 0.0006
         vertex -0.01175 0.00159 0.0006
         vertex -0.01175 0.00159 0.0025
      endloop
   endfacet
   facet normal 0 -1 0
      outer loop
         vertex -0.01111 0.00159 0.0025
         vertex -0.01175 0.00159 0.0025
         vertex -0.01175 0.00159 0.0006
      endloop
   endfacet
   facet normal 0 -1 0
      outer loop
         vertex -0.01175 0.00159 0.0006
         vertex -0.01111 0.00159 0.0006
         vertex -0.01111 0.00159 0.0025
      endloop
   endfacet
   facet normal -1 0 0
      outer loop
         vertex -0.01111 0.00095 0.0025
         vertex -0.01111 0.00159 0.0025
         vertex -0.01111 0.00159 0.0006
      endloop
   endfacet
   facet normal -1 0 0
      outer loop
         vertex -0.01111 0.00159 0.0006
         vertex -0.01111 0.00095 0.0006
         vertex -0.01111 0.00095 0.0025
      endloop
   endfacet
   facet normal 0 1 0
      outer loop
         vertex -0.01429 0.00095 0.0025
         vertex -0.01365 0.00095 0.0025
         vertex -0.01365 0.00095 0.0006
      endloop
   endfacet
   facet normal 0 1 0
      outer loop
         vertex -0.01365 0.00095 0.0006
         vertex -0.01429 0.00095 0.0006
         vertex -0.01429 0.00095 0.0025
      endloop
   endfacet
   facet normal 1 0 0
      outer loop
         vertex -0.01429 0.00159 0.0025
         vertex -0.01429 0.00095 0.0025
         vertex -0.01429 0.00095 0.0006
      endloop
   endfacet
   facet normal 1 0 0
      outer loop
         vertex -0.01429 0.00095 0.0006
         vertex -0.01429 0.00159 0.0006
         vertex -0.01429 0.00159 0.0025
      endloop
   endfacet
   facet normal 0 -1 0
      outer loop
         vertex -0.01365 0.00159 0.0025
         vertex -0.01429 0.00159 0.0025
         vertex -0.01429 0.00159 0.0006
      endloop
   endfacet
   facet normal 0 -1 0
      outer loop
         vertex -0.01429 0.00159 0.0006
         vertex -0.01365 0.00159 0.0006
         vertex -0.01365 0.00159 0.0025
      endloop
   endfacet
   facet normal -1 0 0
      outer loop
         vertex -0.01365 0.00095 0.0025
         vertex -0.01365 0.00159 0.0025
         vertex -0.01365 0.00159 0.0006
      endloop
   endfacet
   facet normal -1 0 0
      outer loop
         vertex -0.01365 0.00159 0.0006
         vertex -0.01365 0.00095 0.0006
         vertex -0.01365 0.00095 0.0025
      endloop
   endfacet
   facet normal 0 1 0
      outer loop
         vertex -0.01683 0.00095 0.0025
         vertex -0.01619 0.00095 0.0025
         vertex -0.01619 0.00095 0.0006
      endloop
   endfacet
   facet normal 0 1 0
      outer loop
         vertex -0.01619 0.00095 0.0006
         vertex -0.01683 0.00095 0.0006
         vertex -0.01683 0.00095 0.0025
      endloop
   endfacet
   facet normal 1 0 0
      outer loop
         vertex -0.01683 0.00159 0.0025
         vertex -0.01683 0.00095 0.0025
         vertex -0.01683 0.00095 0.0006
      endloop
   endfacet
   facet normal 1 0 0
      outer loop
         vertex -0.01683 0.00095 0.0006
         vertex -0.01683 0.00159 0.0006
         vertex -0.01683 0.00159 0.0025
      endloop
   endfacet
   facet normal 0 -1 0
      outer loop
         vertex -0.01619 0.00159 0.0025
         vertex -0.01683 0.00159 0.0025
         vertex -0.01683 0.00159 0.0006
      endloop
   endfacet
   facet normal 0 -1 0
      outer loop
         vertex -0.01683 0.00159 0.0006
         vertex -0.01619 0.00159 0.0006
         vertex -0.01619 0.00159 0.0025
      endloop
   endfacet
   facet normal -1 0 0
      outer loop
         vertex -0.01619 0.00095 0.0025
         vertex -0.01619 0.00159 0.0025
         vertex -0.01619 0.00159 0.0006
      endloop
   endfacet
   facet normal -1 0 0
      outer loop
         vertex -0.01619 0.00159 0.0006
         vertex -0.01619 0.00095 0.0006
         vertex -0.01619 0.00095 0.0025
      endloop
   endfacet
   facet normal 0 1 0
      outer loop
         vertex -0.01937 0.00095 0.0025
         vertex -0.01873 0.00095 0.0025
         vertex -0.01873 0.00095 0.0006
      endloop
   endfacet
   facet normal 0 1 0
      outer loop
         vertex -0.01873 0.00095 0.0006
         vertex -0.01937 0.00095 0.0006
         vertex -0.01937 0.00095 0.0025
      endloop
   endfacet
   facet normal 1 0 0
      outer loop
         vertex -0.01937 0.00159 0.0025
         vertex -0.01937 0.00095 0.0025
         vertex -0.01937 0.00095 0.0006
      endloop
   endfacet
   facet normal 1 0 0
      outer loop
         vertex -0.01937 0.00095 0.0006
         vertex -0.01937 0.00159 0.0006
         vertex -0.01937 0.00159 0.0025
      endloop
   endfacet
   facet normal 0 -1 0
      outer loop
         vertex -0.01873 0.00159 0.0025
         vertex -0.01937 0.00159 0.0025
         vertex -0.01937 0.00159 0.0006
      endloop
   endfacet
   facet normal 0 -1 0
      outer loop
         vertex -0.01937 0.00159 0.0006
         vertex -0.01873 0.00159 0.0006
         vertex -0.01873 0.00159 0.0025
      endloop
   endfacet
   facet normal -1 0 0
      outer loop
         vertex -0.01873 0.00095 0.0025
         vertex -0.01873 0.00159 0.0025
         vertex -0.01873 0.00159 0.0006
      endloop
   endfacet
   facet normal -1 0 0
      outer loop
         vertex -0.01873 0.00159 0.0006
         vertex -0.01873 0.00095 0.0006
         vertex -0.01873 0.00095 0.0025
      endloop
   endfacet
   facet normal 0 1 0
      outer loop
         vertex -0.02191 0.00095 0.0025
         vertex -0.02127 0.00095 0.0025
         vertex -0.02127 0.00095 0.0006
      endloop
   endfacet
   facet normal 0 1 0
      outer loop
         vertex -0.02127 0.00095 0.0006
         vertex -0.02191 0.00095 0.0006
         vertex -0.02191 0.00095 0.0025
      endloop
   endfacet
   facet normal 1 0 0
      outer loop
         vertex -0.02191 0.00159 0.0025
         vertex -0.02191 0.00095 0.0025
         vertex -0.02191 0.00095 0.0006
      endloop
   endfacet
   facet normal 1 0 0
      outer loop
         vertex -0.02191 0.00095 0.0006
         vertex -0.02191 0.00159 0.0006
         vertex -0.02191 0.00159 0.0025
      endloop
   endfacet
   facet normal 0 -1 0
      outer loop
         vertex -0.02127 0.00159 0.0025
         vertex -0.02191 0.00159 0.0025
         vertex -0.02191 0.00159 0.0006
      endloop
   endfacet
   facet normal 0 -1 0
      outer loop
         vertex -0.02191 0.00159 0.0006
         vertex -0.02127 0.00159 0.0006
         vertex -0.02127 0.00159 0.0025
      endloop
   endfacet
   facet normal -1 0 0
      outer loop
         vertex -0.02127 0.00095 0.0025
         vertex -0.02127 0.00159 0.0025
         vertex -0.02127 0.00159 0.0006
      endloop
   endfacet
   facet normal -1 0 0
      outer loop
         vertex -0.02127 0.00159 0.0006
         vertex -0.02127 0.00095 0.0006
         vertex -0.02127 0.00095 0.0025
      endloop
   endfacet
endsolid 2.54 mm DUPONT MALE PIN HEADER, IO, 2X20, RPi4ModelB. Units = meters