solid Document. STL generated by ONSHAPE BY PTC INC, 1.213. Units = meters
   facet normal 0 -1 0
      outer loop
         vertex 0.043 -0.0275 0.0205
         vertex 0.0422071 -0.0275 0.0214142
         vertex 0.0416121 -0.0275 0.0215772
      endloop
   endfacet
   facet normal 0 -1 0
      outer loop
         vertex 0.0413879 -0.0275 0.0184228
         vertex 0.042 -0.0275 0.0185
         vertex 0.042536 -0.0275 0.0188055
      endloop
   endfacet
   facet normal 0 -1 0
      outer loop
         vertex 0.0429142 -0.0275 0.0192929
         vertex 0.0403055 -0.0275 0.018964
         vertex 0.0407929 -0.0275 0.0185858
      endloop
   endfacet
   facet normal 0 -1 0
      outer loop
         vertex 0.0429142 -0.0275 0.0192929
         vertex 0.0399228 -0.0275 0.0201121
         vertex 0.04 -0.0275 0.0195
      endloop
   endfacet
   facet normal 0 -1 0
      outer loop
         vertex 0.043 -0.0275 0.0205
         vertex 0.041 -0.0275 0.0215
         vertex 0.040464 -0.0275 0.0211945
      endloop
   endfacet
   facet normal 0 -1 0
      outer loop
         vertex 0.043 -0.0275 0.0205
         vertex 0.0426945 -0.0275 0.021036
         vertex 0.0422071 -0.0275 0.0214142
      endloop
   endfacet
   facet normal 0 -1 0
      outer loop
         vertex 0.0407929 -0.0275 0.0185858
         vertex 0.0413879 -0.0275 0.0184228
         vertex 0.0429142 -0.0275 0.0192929
      endloop
   endfacet
   facet normal 0 -1 0
      outer loop
         vertex 0.0429142 -0.0275 0.0192929
         vertex 0.0400858 -0.0275 0.0207071
         vertex 0.0399228 -0.0275 0.0201121
      endloop
   endfacet
   facet normal 0 -1 0
      outer loop
         vertex 0.0416121 -0.0275 0.0215772
         vertex 0.041 -0.0275 0.0215
         vertex 0.043 -0.0275 0.0205
      endloop
   endfacet
   facet normal 0 -1 0
      outer loop
         vertex 0.0400858 -0.0275 0.0207071
         vertex 0.0429142 -0.0275 0.0192929
         vertex 0.0430772 -0.0275 0.0198879
      endloop
   endfacet
   facet normal 0 -1 0
      outer loop
         vertex 0.04 -0.0275 0.0195
         vertex 0.0403055 -0.0275 0.018964
         vertex 0.0429142 -0.0275 0.0192929
      endloop
   endfacet
   facet normal 0 -1 0
      outer loop
         vertex 0.0430772 -0.0275 0.0198879
         vertex 0.043 -0.0275 0.0205
         vertex 0.0400858 -0.0275 0.0207071
      endloop
   endfacet
   facet normal 0 -1 0
      outer loop
         vertex 0.040464 -0.0275 0.0211945
         vertex 0.0400858 -0.0275 0.0207071
         vertex 0.043 -0.0275 0.0205
      endloop
   endfacet
   facet normal 0 -1 0
      outer loop
         vertex 0.042536 -0.0275 0.0188055
         vertex 0.0429142 -0.0275 0.0192929
         vertex 0.0413879 -0.0275 0.0184228
      endloop
   endfacet
   facet normal -0.997484 0 0.070889
      outer loop
         vertex 0.0430772 -0.029 0.0198879
         vertex 0.043 -0.029 0.0205
         vertex 0.043 -0.0275 0.0205
      endloop
   endfacet
   facet normal -0.894427 0 0.447214
      outer loop
         vertex 0.0429142 -0.029 0.0192929
         vertex 0.0430772 -0.029 0.0198879
         vertex 0.0430772 -0.0275 0.0198879
      endloop
   endfacet
   facet normal -0.655202 0 0.755454
      outer loop
         vertex 0.042536 -0.029 0.0188055
         vertex 0.0429142 -0.029 0.0192929
         vertex 0.0429142 -0.0275 0.0192929
      endloop
   endfacet
   facet normal -0.316228 0 0.948683
      outer loop
         vertex 0.042 -0.029 0.0185
         vertex 0.042536 -0.029 0.0188055
         vertex 0.042536 -0.0275 0.0188055
      endloop
   endfacet
   facet normal 0.070889 0 0.997484
      outer loop
         vertex 0.0413879 -0.029 0.0184228
         vertex 0.042 -0.029 0.0185
         vertex 0.042 -0.0275 0.0185
      endloop
   endfacet
   facet normal 0.447214 0 0.894427
      outer loop
         vertex 0.0407929 -0.029 0.0185858
         vertex 0.0413879 -0.029 0.0184228
         vertex 0.0413879 -0.0275 0.0184228
      endloop
   endfacet
   facet normal 0.755454 0 0.655202
      outer loop
         vertex 0.0403055 -0.029 0.018964
         vertex 0.0407929 -0.029 0.0185858
         vertex 0.0407929 -0.0275 0.0185858
      endloop
   endfacet
   facet normal 0.948683 0 0.316228
      outer loop
         vertex 0.04 -0.029 0.0195
         vertex 0.0403055 -0.029 0.018964
         vertex 0.0403055 -0.0275 0.018964
      endloop
   endfacet
   facet normal 0.755454 0 0.655202
      outer loop
         vertex 0.0403055 -0.0275 0.018964
         vertex 0.04 -0.0275 0.0195
         vertex 0.04 -0.029 0.0195
      endloop
   endfacet
   facet normal 0.447214 0 0.894427
      outer loop
         vertex 0.0407929 -0.0275 0.0185858
         vertex 0.0403055 -0.0275 0.018964
         vertex 0.0403055 -0.029 0.018964
      endloop
   endfacet
   facet normal 0.070889 0 0.997484
      outer loop
         vertex 0.0413879 -0.0275 0.0184228
         vertex 0.0407929 -0.0275 0.0185858
         vertex 0.0407929 -0.029 0.0185858
      endloop
   endfacet
   facet normal -0.316228 0 0.948683
      outer loop
         vertex 0.042 -0.0275 0.0185
         vertex 0.0413879 -0.0275 0.0184228
         vertex 0.0413879 -0.029 0.0184228
      endloop
   endfacet
   facet normal -0.655202 0 0.755454
      outer loop
         vertex 0.042536 -0.0275 0.0188055
         vertex 0.042 -0.0275 0.0185
         vertex 0.042 -0.029 0.0185
      endloop
   endfacet
   facet normal -0.894427 0 0.447214
      outer loop
         vertex 0.0429142 -0.0275 0.0192929
         vertex 0.042536 -0.0275 0.0188055
         vertex 0.042536 -0.029 0.0188055
      endloop
   endfacet
   facet normal -0.997484 0 0.070889
      outer loop
         vertex 0.0430772 -0.0275 0.0198879
         vertex 0.0429142 -0.0275 0.0192929
         vertex 0.0429142 -0.029 0.0192929
      endloop
   endfacet
   facet normal -0.948683 0 -0.316228
      outer loop
         vertex 0.043 -0.0275 0.0205
         vertex 0.0430772 -0.0275 0.0198879
         vertex 0.0430772 -0.029 0.0198879
      endloop
   endfacet
   facet normal 0.997484 0 -0.070889
      outer loop
         vertex 0.0399228 -0.029 0.0201121
         vertex 0.04 -0.029 0.0195
         vertex 0.04 -0.0275 0.0195
      endloop
   endfacet
   facet normal 0.894427 0 -0.447214
      outer loop
         vertex 0.0400858 -0.029 0.0207071
         vertex 0.0399228 -0.029 0.0201121
         vertex 0.0399228 -0.0275 0.0201121
      endloop
   endfacet
   facet normal 0.655202 0 -0.755454
      outer loop
         vertex 0.040464 -0.029 0.0211945
         vertex 0.0400858 -0.029 0.0207071
         vertex 0.0400858 -0.0275 0.0207071
      endloop
   endfacet
   facet normal 0.316228 0 -0.948683
      outer loop
         vertex 0.041 -0.029 0.0215
         vertex 0.040464 -0.029 0.0211945
         vertex 0.040464 -0.0275 0.0211945
      endloop
   endfacet
   facet normal -0.070889 0 -0.997484
      outer loop
         vertex 0.0416121 -0.029 0.0215772
         vertex 0.041 -0.029 0.0215
         vertex 0.041 -0.0275 0.0215
      endloop
   endfacet
   facet normal -0.447214 0 -0.894427
      outer loop
         vertex 0.0422071 -0.029 0.0214142
         vertex 0.0416121 -0.029 0.0215772
         vertex 0.0416121 -0.0275 0.0215772
      endloop
   endfacet
   facet normal -0.755454 0 -0.655202
      outer loop
         vertex 0.0426945 -0.029 0.021036
         vertex 0.0422071 -0.029 0.0214142
         vertex 0.0422071 -0.0275 0.0214142
      endloop
   endfacet
   facet normal -0.948683 0 -0.316228
      outer loop
         vertex 0.043 -0.029 0.0205
         vertex 0.0426945 -0.029 0.021036
         vertex 0.0426945 -0.0275 0.021036
      endloop
   endfacet
   facet normal -0.755454 0 -0.655202
      outer loop
         vertex 0.0426945 -0.0275 0.021036
         vertex 0.043 -0.0275 0.0205
         vertex 0.043 -0.029 0.0205
      endloop
   endfacet
   facet normal -0.447214 0 -0.894427
      outer loop
         vertex 0.0422071 -0.0275 0.0214142
         vertex 0.0426945 -0.0275 0.021036
         vertex 0.0426945 -0.029 0.021036
      endloop
   endfacet
   facet normal -0.070889 0 -0.997484
      outer loop
         vertex 0.0416121 -0.0275 0.0215772
         vertex 0.0422071 -0.0275 0.0214142
         vertex 0.0422071 -0.029 0.0214142
      endloop
   endfacet
   facet normal 0.316228 0 -0.948683
      outer loop
         vertex 0.041 -0.0275 0.0215
         vertex 0.0416121 -0.0275 0.0215772
         vertex 0.0416121 -0.029 0.0215772
      endloop
   endfacet
   facet normal 0.655202 0 -0.755454
      outer loop
         vertex 0.040464 -0.0275 0.0211945
         vertex 0.041 -0.0275 0.0215
         vertex 0.041 -0.029 0.0215
      endloop
   endfacet
   facet normal 0.894427 0 -0.447214
      outer loop
         vertex 0.0400858 -0.0275 0.0207071
         vertex 0.040464 -0.0275 0.0211945
         vertex 0.040464 -0.029 0.0211945
      endloop
   endfacet
   facet normal 0.997484 0 -0.070889
      outer loop
         vertex 0.0399228 -0.0275 0.0201121
         vertex 0.0400858 -0.0275 0.0207071
         vertex 0.0400858 -0.029 0.0207071
      endloop
   endfacet
   facet normal 0.948683 0 0.316228
      outer loop
         vertex 0.04 -0.0275 0.0195
         vertex 0.0399228 -0.0275 0.0201121
         vertex 0.0399228 -0.029 0.0201121
      endloop
   endfacet
   facet normal 0 -1 0
      outer loop
         vertex 0.0416121 -0.029 0.000577161
         vertex 0.0422071 -0.029 0.000414214
         vertex 0.045 -0.029 0.019
      endloop
   endfacet
   facet normal 0 -1 0
      outer loop
         vertex 0.045 -0.029 0.019
         vertex 0.043 -0.029 0.0205
         vertex 0.0430772 -0.029 0.0198879
      endloop
   endfacet
   facet normal 0 -1 0
      outer loop
         vertex 0.045 -0.029 -1.72085e-18
         vertex 0.0426945 -0.029 3.59649e-05
         vertex 0.043 -0.029 -0.0005
      endloop
   endfacet
   facet normal 0 -1 0
      outer loop
         vertex 0.045 -0.029 0.019
         vertex 0.0422071 -0.029 0.000414214
         vertex 0.0426945 -0.029 3.59649e-05
      endloop
   endfacet
   facet normal 0 -1 0
      outer loop
         vertex 0.045 -0.029 0.019
         vertex 0.0426945 -0.029 0.021036
         vertex 0.043 -0.029 0.0205
      endloop
   endfacet
   facet normal 0 -1 0
      outer loop
         vertex 0.042 -0.029 0.022
         vertex 0.0422071 -0.029 0.0214142
         vertex 0.0426945 -0.029 0.021036
      endloop
   endfacet
   facet normal 0 -1 0
      outer loop
         vertex 0.042 -0.029 0.022
         vertex 0.03 -0.029 0.022
         vertex 0.041 -0.029 0.0215
      endloop
   endfacet
   facet normal 0 -1 0
      outer loop
         vertex 0.0413879 -0.029 0.0184228
         vertex 0.041 -0.029 0.0005
         vertex 0.0416121 -0.029 0.000577161
      endloop
   endfacet
   facet normal 0 -1 0
      outer loop
         vertex 0.04 -0.029 -0.0015
         vertex 0.0369134 -0.029 0.0048806
         vertex 0.035 -0.029 0.0045
      endloop
   endfacet
   facet normal 0 -1 0
      outer loop
         vertex 0.0369134 -0.029 0.0048806
         vertex 0.04 -0.029 -0.0015
         vertex 0.0399228 -0.029 -0.000887915
      endloop
   endfacet
   facet normal 0 -1 0
      outer loop
         vertex 0.043 -0.029 -0.0005
         vertex 0.0430772 -0.029 -0.00111209
         vertex 0.045 -0.029 -1.72085e-18
      endloop
   endfacet
   facet normal 0 -1 0
      outer loop
         vertex 0.045 -0.029 0.019
         vertex 0.0430772 -0.029 0.0198879
         vertex 0.0416121 -0.029 0.000577161
      endloop
   endfacet
   facet normal 0 -1 0
      outer loop
         vertex 0.042 -0.029 0.022
         vertex 0.0416121 -0.029 0.0215772
         vertex 0.0422071 -0.029 0.0214142
      endloop
   endfacet
   facet normal 0 -1 0
      outer loop
         vertex 0.03 -0.029 0.022
         vertex 0.040464 -0.029 0.0211945
         vertex 0.041 -0.029 0.0215
      endloop
   endfacet
   facet normal 0 -1 0
      outer loop
         vertex 0.0413879 -0.029 0.0184228
         vertex 0.040464 -0.029 0.000194478
         vertex 0.041 -0.029 0.0005
      endloop
   endfacet
   facet normal 0 -1 0
      outer loop
         vertex 0.0416121 -0.029 0.000577161
         vertex 0.0429142 -0.029 0.0192929
         vertex 0.042536 -0.029 0.0188055
      endloop
   endfacet
   facet normal 0 -1 0
      outer loop
         vertex 0.0399228 -0.029 -0.000887915
         vertex 0.0385355 -0.029 0.00596447
         vertex 0.0369134 -0.029 0.0048806
      endloop
   endfacet
   facet normal 0 -1 0
      outer loop
         vertex 0.0426945 -0.029 3.59649e-05
         vertex 0.045 -0.029 -1.72085e-18
         vertex 0.045 -0.029 0.019
      endloop
   endfacet
   facet normal 0 -1 0
      outer loop
         vertex 0.041 -0.029 0.0215
         vertex 0.0416121 -0.029 0.0215772
         vertex 0.042 -0.029 0.022
      endloop
   endfacet
   facet normal 0 -1 0
      outer loop
         vertex 0.03 -0.029 0.022
         vertex 0.0399228 -0.029 0.0201121
         vertex 0.0400858 -0.029 0.0207071
      endloop
   endfacet
   facet normal 0 -1 0
      outer loop
         vertex 0.03 -0.029 0.0189472
         vertex 0.04 -0.029 0.0195
         vertex 0.0399228 -0.029 0.0201121
      endloop
   endfacet
   facet normal 0 -1 0
      outer loop
         vertex 0.042536 -0.029 0.0188055
         vertex 0.042 -0.029 0.0185
         vertex 0.0416121 -0.029 0.000577161
      endloop
   endfacet
   facet normal 0 -1 0
      outer loop
         vertex 0.0399228 -0.029 -0.000887915
         vertex 0.0396194 -0.029 0.00758658
         vertex 0.0385355 -0.029 0.00596447
      endloop
   endfacet
   facet normal 0 -1 0
      outer loop
         vertex 0.0399228 -0.029 -0.000887915
         vertex 0.0413879 -0.029 0.0184228
         vertex 0.04 -0.029 0.0095
      endloop
   endfacet
   facet normal 0 -1 0
      outer loop
         vertex 0.03 -0.029 0.0189472
         vertex 0.0385355 -0.029 0.0130355
         vertex 0.0403055 -0.029 0.018964
      endloop
   endfacet
   facet normal 0 -1 0
      outer loop
         vertex 0.0426945 -0.029 0.021036
         vertex 0.045 -0.029 0.019
         vertex 0.042 -0.029 0.022
      endloop
   endfacet
   facet normal 0 -1 0
      outer loop
         vertex 0.0399228 -0.029 0.0201121
         vertex 0.03 -0.029 0.022
         vertex 0.03 -0.029 0.0189472
      endloop
   endfacet
   facet normal 0 -1 0
      outer loop
         vertex 0.0416121 -0.029 0.000577161
         vertex 0.0430772 -0.029 0.0198879
         vertex 0.0429142 -0.029 0.0192929
      endloop
   endfacet
   facet normal 0 -1 0
      outer loop
         vertex 0.0413879 -0.029 0.0184228
         vertex 0.0399228 -0.029 -0.000887915
         vertex 0.0400858 -0.029 -0.000292893
      endloop
   endfacet
   facet normal 0 -1 0
      outer loop
         vertex 0.03 -0.029 -0.003
         vertex 0.0403055 -0.029 -0.00203596
         vertex 0.04 -0.029 -0.0015
      endloop
   endfacet
   facet normal 0 -1 0
      outer loop
         vertex 0.0413879 -0.029 0.0184228
         vertex 0.0396194 -0.029 0.0114134
         vertex 0.04 -0.029 0.0095
      endloop
   endfacet
   facet normal 0 -1 0
      outer loop
         vertex 0.0385355 -0.029 0.0130355
         vertex 0.0407929 -0.029 0.0185858
         vertex 0.0403055 -0.029 0.018964
      endloop
   endfacet
   facet normal 0 -1 0
      outer loop
         vertex 0.0413879 -0.029 0.0184228
         vertex 0.0407929 -0.029 0.0185858
         vertex 0.0385355 -0.029 0.0130355
      endloop
   endfacet
   facet normal 0 -1 0
      outer loop
         vertex 0.03 -0.029 0.0189472
         vertex 0.0271499 -0.029 0.0167544
         vertex 0.0314645 -0.029 0.0130355
      endloop
   endfacet
   facet normal 0 -1 0
      outer loop
         vertex 0.045 -0.029 -1.72085e-18
         vertex 0.0429142 -0.029 -0.00170711
         vertex 0.042536 -0.029 -0.00219448
      endloop
   endfacet
   facet normal 0 -1 0
      outer loop
         vertex 0.0400858 -0.029 0.0207071
         vertex 0.040464 -0.029 0.0211945
         vertex 0.03 -0.029 0.022
      endloop
   endfacet
   facet normal 0 -1 0
      outer loop
         vertex 0.0400858 -0.029 -0.000292893
         vertex 0.040464 -0.029 0.000194478
         vertex 0.0413879 -0.029 0.0184228
      endloop
   endfacet
   facet normal 0 -1 0
      outer loop
         vertex 0.04 -0.029 0.0095
         vertex 0.0396194 -0.029 0.00758658
         vertex 0.0399228 -0.029 -0.000887915
      endloop
   endfacet
   facet normal 0 -1 0
      outer loop
         vertex 0.0385355 -0.029 0.0130355
         vertex 0.0396194 -0.029 0.0114134
         vertex 0.0413879 -0.029 0.0184228
      endloop
   endfacet
   facet normal 0 -1 0
      outer loop
         vertex 0.042 -0.029 -0.003
         vertex 0.0413879 -0.029 -0.00257716
         vertex 0.0407929 -0.029 -0.00241421
      endloop
   endfacet
   facet normal 0 -1 0
      outer loop
         vertex 0.03 -0.029 0.0189472
         vertex 0.035 -0.029 0.0145
         vertex 0.0369134 -0.029 0.0141194
      endloop
   endfacet
   facet normal 0 -1 0
      outer loop
         vertex 0.0314645 -0.029 0.0130355
         vertex 0.0330866 -0.029 0.0141194
         vertex 0.03 -0.029 0.0189472
      endloop
   endfacet
   facet normal 0 -1 0
      outer loop
         vertex 0.0271499 -0.029 0.0167544
         vertex 0.0250462 -0.029 0.013395
         vertex 0.0303806 -0.029 0.0114134
      endloop
   endfacet
   facet normal 0 -1 0
      outer loop
         vertex 0.0250462 -0.029 0.013395
         vertex 0.0243112 -0.029 0.0095
         vertex 0.03 -0.029 0.0095
      endloop
   endfacet
   facet normal 0 -1 0
      outer loop
         vertex 0.0250462 -0.029 0.00560501
         vertex 0.0303806 -0.029 0.00758658
         vertex 0.03 -0.029 0.0095
      endloop
   endfacet
   facet normal 0 -1 0
      outer loop
         vertex 0.0271499 -0.029 0.00224564
         vertex 0.0314645 -0.029 0.00596447
         vertex 0.0303806 -0.029 0.00758658
      endloop
   endfacet
   facet normal 0 -1 0
      outer loop
         vertex 0.03 -0.029 5.27782e-05
         vertex 0.0330866 -0.029 0.0048806
         vertex 0.0314645 -0.029 0.00596447
      endloop
   endfacet
   facet normal 0 -1 0
      outer loop
         vertex 0.042536 -0.029 -0.00219448
         vertex 0.042 -0.029 -0.003
         vertex 0.045 -0.029 -1.72085e-18
      endloop
   endfacet
   facet normal 0 -1 0
      outer loop
         vertex 0.0416121 -0.029 0.000577161
         vertex 0.042 -0.029 0.0185
         vertex 0.0413879 -0.029 0.0184228
      endloop
   endfacet
   facet normal 0 -1 0
      outer loop
         vertex 0.0403055 -0.029 0.018964
         vertex 0.04 -0.029 0.0195
         vertex 0.03 -0.029 0.0189472
      endloop
   endfacet
   facet normal 0 -1 0
      outer loop
         vertex 0.0407929 -0.029 -0.00241421
         vertex 0.03 -0.029 -0.003
         vertex 0.042 -0.029 -0.003
      endloop
   endfacet
   facet normal 0 -1 0
      outer loop
         vertex 0.0330866 -0.029 0.0141194
         vertex 0.035 -0.029 0.0145
         vertex 0.03 -0.029 0.0189472
      endloop
   endfacet
   facet normal 0 -1 0
      outer loop
         vertex 0.03 -0.029 0.0095
         vertex 0.0303806 -0.029 0.0114134
         vertex 0.0250462 -0.029 0.013395
      endloop
   endfacet
   facet normal 0 -1 0
      outer loop
         vertex 0.0303806 -0.029 0.00758658
         vertex 0.0250462 -0.029 0.00560501
         vertex 0.0271499 -0.029 0.00224564
      endloop
   endfacet
   facet normal 0 -1 0
      outer loop
         vertex 0.03 -0.029 5.27782e-05
         vertex 0.035 -0.029 0.0045
         vertex 0.0330866 -0.029 0.0048806
      endloop
   endfacet
   facet normal 0 -1 0
      outer loop
         vertex 0.0430772 -0.029 -0.00111209
         vertex 0.0429142 -0.029 -0.00170711
         vertex 0.045 -0.029 -1.72085e-18
      endloop
   endfacet
   facet normal 0 -1 0
      outer loop
         vertex 0.0407929 -0.029 -0.00241421
         vertex 0.0403055 -0.029 -0.00203596
         vertex 0.03 -0.029 -0.003
      endloop
   endfacet
   facet normal 0 -1 0
      outer loop
         vertex 0.0303806 -0.029 0.0114134
         vertex 0.0314645 -0.029 0.0130355
         vertex 0.0271499 -0.029 0.0167544
      endloop
   endfacet
   facet normal 0 -1 0
      outer loop
         vertex 0.0314645 -0.029 0.00596447
         vertex 0.0271499 -0.029 0.00224564
         vertex 0.03 -0.029 5.27782e-05
      endloop
   endfacet
   facet normal 0 -1 0
      outer loop
         vertex 0.035 -0.029 0.0045
         vertex 0.03 -0.029 -0.003
         vertex 0.04 -0.029 -0.0015
      endloop
   endfacet
   facet normal 0 -1 0
      outer loop
         vertex 0.03 -0.029 0.0095
         vertex 0.0243112 -0.029 0.0095
         vertex 0.0250462 -0.029 0.00560501
      endloop
   endfacet
   facet normal 0 -1 0
      outer loop
         vertex 0.042536 -0.029 -0.00219448
         vertex 0.042 -0.029 -0.0025
         vertex 0.042 -0.029 -0.003
      endloop
   endfacet
   facet normal 0 -1 0
      outer loop
         vertex 0.042 -0.029 -0.0025
         vertex 0.0413879 -0.029 -0.00257716
         vertex 0.042 -0.029 -0.003
      endloop
   endfacet
   facet normal 0 -1 0
      outer loop
         vertex 0.0369134 -0.029 0.0141194
         vertex 0.0385355 -0.029 0.0130355
         vertex 0.03 -0.029 0.0189472
      endloop
   endfacet
   facet normal 0 -1 0
      outer loop
         vertex 0.03 -0.029 5.27782e-05
         vertex 0.03 -0.029 -0.003
         vertex 0.035 -0.029 0.0045
      endloop
   endfacet
   facet normal 0.707107 0 -0.707107
      outer loop
         vertex 0.045 0 -1.6237e-18
         vertex 0.045 -0.029 -1.72085e-18
         vertex 0.042 -0.029 -0.003
      endloop
   endfacet
   facet normal 0.707107 0 -0.707107
      outer loop
         vertex 0.042 -0.029 -0.003
         vertex 0.042 0 -0.003
         vertex 0.045 0 -1.6237e-18
      endloop
   endfacet
   facet normal 0.707107 0 0.707107
      outer loop
         vertex 0.045 -0.029 0.019
         vertex 0.045 0 0.019
         vertex 0.042 0 0.022
      endloop
   endfacet
   facet normal 0.707107 0 0.707107
      outer loop
         vertex 0.042 0 0.022
         vertex 0.042 -0.029 0.022
         vertex 0.045 -0.029 0.019
      endloop
   endfacet
   facet normal 1 0 0
      outer loop
         vertex 0.045 -0.029 0.019
         vertex 0.045 -0.029 -1.72085e-18
         vertex 0.045 0 -1.6237e-18
      endloop
   endfacet
   facet normal 1 0 0
      outer loop
         vertex 0.045 0 -1.6237e-18
         vertex 0.045 0 0.019
         vertex 0.045 -0.029 0.019
      endloop
   endfacet
   facet normal 1 0 0
      outer loop
         vertex 0.03 -0.029 -0.003
         vertex 0.03 -0.029 5.27782e-05
         vertex 0.03 -0.0305 -0.000463788
      endloop
   endfacet
   facet normal 1 0 0
      outer loop
         vertex 0.03 -0.0305 -0.000463788
         vertex 0.03 -0.0305 -0.003
         vertex 0.03 -0.029 -0.003
      endloop
   endfacet
   facet normal 1 0 0
      outer loop
         vertex 0.03 -0.029 0.022
         vertex 0.03 -0.0305 0.022
         vertex 0.03 -0.0305 0.0194638
      endloop
   endfacet
   facet normal 1 0 0
      outer loop
         vertex 0.03 -0.0305 0.0194638
         vertex 0.03 -0.029 0.0189472
         vertex 0.03 -0.029 0.022
      endloop
   endfacet
   facet normal -0.997484 0 0.070889
      outer loop
         vertex 0.0430772 -0.029 -0.00111209
         vertex 0.043 -0.029 -0.0005
         vertex 0.043 -0.0275 -0.0005
      endloop
   endfacet
   facet normal -0.894427 0 0.447214
      outer loop
         vertex 0.0429142 -0.029 -0.00170711
         vertex 0.0430772 -0.029 -0.00111209
         vertex 0.0430772 -0.0275 -0.00111209
      endloop
   endfacet
   facet normal -0.655202 0 0.755454
      outer loop
         vertex 0.042536 -0.029 -0.00219448
         vertex 0.0429142 -0.029 -0.00170711
         vertex 0.0429142 -0.0275 -0.00170711
      endloop
   endfacet
   facet normal -0.316228 0 0.948683
      outer loop
         vertex 0.042 -0.029 -0.0025
         vertex 0.042536 -0.029 -0.00219448
         vertex 0.042536 -0.0275 -0.00219448
      endloop
   endfacet
   facet normal 0.070889 0 0.997484
      outer loop
         vertex 0.0413879 -0.029 -0.00257716
         vertex 0.042 -0.029 -0.0025
         vertex 0.042 -0.0275 -0.0025
      endloop
   endfacet
   facet normal 0.447214 0 0.894427
      outer loop
         vertex 0.0407929 -0.029 -0.00241421
         vertex 0.0413879 -0.029 -0.00257716
         vertex 0.0413879 -0.0275 -0.00257716
      endloop
   endfacet
   facet normal 0.755454 0 0.655202
      outer loop
         vertex 0.0403055 -0.029 -0.00203596
         vertex 0.0407929 -0.029 -0.00241421
         vertex 0.0407929 -0.0275 -0.00241421
      endloop
   endfacet
   facet normal 0.948683 0 0.316228
      outer loop
         vertex 0.04 -0.029 -0.0015
         vertex 0.0403055 -0.029 -0.00203596
         vertex 0.0403055 -0.0275 -0.00203596
      endloop
   endfacet
   facet normal 0.755454 0 0.655202
      outer loop
         vertex 0.0403055 -0.0275 -0.00203596
         vertex 0.04 -0.0275 -0.0015
         vertex 0.04 -0.029 -0.0015
      endloop
   endfacet
   facet normal 0.447214 0 0.894427
      outer loop
         vertex 0.0407929 -0.0275 -0.00241421
         vertex 0.0403055 -0.0275 -0.00203596
         vertex 0.0403055 -0.029 -0.00203596
      endloop
   endfacet
   facet normal 0.070889 0 0.997484
      outer loop
         vertex 0.0413879 -0.0275 -0.00257716
         vertex 0.0407929 -0.0275 -0.00241421
         vertex 0.0407929 -0.029 -0.00241421
      endloop
   endfacet
   facet normal -0.316228 0 0.948683
      outer loop
         vertex 0.042 -0.0275 -0.0025
         vertex 0.0413879 -0.0275 -0.00257716
         vertex 0.0413879 -0.029 -0.00257716
      endloop
   endfacet
   facet normal -0.655202 0 0.755454
      outer loop
         vertex 0.042536 -0.0275 -0.00219448
         vertex 0.042 -0.0275 -0.0025
         vertex 0.042 -0.029 -0.0025
      endloop
   endfacet
   facet normal -0.894427 0 0.447214
      outer loop
         vertex 0.0429142 -0.0275 -0.00170711
         vertex 0.042536 -0.0275 -0.00219448
         vertex 0.042536 -0.029 -0.00219448
      endloop
   endfacet
   facet normal -0.997484 0 0.070889
      outer loop
         vertex 0.0430772 -0.0275 -0.00111209
         vertex 0.0429142 -0.0275 -0.00170711
         vertex 0.0429142 -0.029 -0.00170711
      endloop
   endfacet
   facet normal -0.948683 0 -0.316228
      outer loop
         vertex 0.043 -0.0275 -0.0005
         vertex 0.0430772 -0.0275 -0.00111209
         vertex 0.0430772 -0.029 -0.00111209
      endloop
   endfacet
   facet normal 0.997484 0 -0.070889
      outer loop
         vertex 0.0399228 -0.029 -0.000887915
         vertex 0.04 -0.029 -0.0015
         vertex 0.04 -0.0275 -0.0015
      endloop
   endfacet
   facet normal 0.894427 0 -0.447214
      outer loop
         vertex 0.0400858 -0.029 -0.000292893
         vertex 0.0399228 -0.029 -0.000887915
         vertex 0.0399228 -0.0275 -0.000887915
      endloop
   endfacet
   facet normal 0.655202 0 -0.755454
      outer loop
         vertex 0.040464 -0.029 0.000194478
         vertex 0.0400858 -0.029 -0.000292893
         vertex 0.0400858 -0.0275 -0.000292893
      endloop
   endfacet
   facet normal 0.316228 0 -0.948683
      outer loop
         vertex 0.041 -0.029 0.0005
         vertex 0.040464 -0.029 0.000194478
         vertex 0.040464 -0.0275 0.000194478
      endloop
   endfacet
   facet normal -0.070889 0 -0.997484
      outer loop
         vertex 0.0416121 -0.029 0.000577161
         vertex 0.041 -0.029 0.0005
         vertex 0.041 -0.0275 0.0005
      endloop
   endfacet
   facet normal -0.447214 0 -0.894427
      outer loop
         vertex 0.0422071 -0.029 0.000414214
         vertex 0.0416121 -0.029 0.000577161
         vertex 0.0416121 -0.0275 0.000577161
      endloop
   endfacet
   facet normal -0.755454 0 -0.655202
      outer loop
         vertex 0.0426945 -0.029 3.59649e-05
         vertex 0.0422071 -0.029 0.000414214
         vertex 0.0422071 -0.0275 0.000414214
      endloop
   endfacet
   facet normal -0.948683 0 -0.316228
      outer loop
         vertex 0.043 -0.029 -0.0005
         vertex 0.0426945 -0.029 3.59649e-05
         vertex 0.0426945 -0.0275 3.59649e-05
      endloop
   endfacet
   facet normal -0.755454 0 -0.655202
      outer loop
         vertex 0.0426945 -0.0275 3.59649e-05
         vertex 0.043 -0.0275 -0.0005
         vertex 0.043 -0.029 -0.0005
      endloop
   endfacet
   facet normal -0.447214 0 -0.894427
      outer loop
         vertex 0.0422071 -0.0275 0.000414214
         vertex 0.0426945 -0.0275 3.59649e-05
         vertex 0.0426945 -0.029 3.59649e-05
      endloop
   endfacet
   facet normal -0.070889 0 -0.997484
      outer loop
         vertex 0.0416121 -0.0275 0.000577161
         vertex 0.0422071 -0.0275 0.000414214
         vertex 0.0422071 -0.029 0.000414214
      endloop
   endfacet
   facet normal 0.316228 0 -0.948683
      outer loop
         vertex 0.041 -0.0275 0.0005
         vertex 0.0416121 -0.0275 0.000577161
         vertex 0.0416121 -0.029 0.000577161
      endloop
   endfacet
   facet normal 0.655202 0 -0.755454
      outer loop
         vertex 0.040464 -0.0275 0.000194478
         vertex 0.041 -0.0275 0.0005
         vertex 0.041 -0.029 0.0005
      endloop
   endfacet
   facet normal 0.894427 0 -0.447214
      outer loop
         vertex 0.0400858 -0.0275 -0.000292893
         vertex 0.040464 -0.0275 0.000194478
         vertex 0.040464 -0.029 0.000194478
      endloop
   endfacet
   facet normal 0.997484 0 -0.070889
      outer loop
         vertex 0.0399228 -0.0275 -0.000887915
         vertex 0.0400858 -0.0275 -0.000292893
         vertex 0.0400858 -0.029 -0.000292893
      endloop
   endfacet
   facet normal 0.948683 0 0.316228
      outer loop
         vertex 0.04 -0.0275 -0.0015
         vertex 0.0399228 -0.0275 -0.000887915
         vertex 0.0399228 -0.029 -0.000887915
      endloop
   endfacet
   facet normal 0 -1 0
      outer loop
         vertex 0.043 -0.0275 -0.0005
         vertex 0.0426945 -0.0275 3.59649e-05
         vertex 0.0422071 -0.0275 0.000414214
      endloop
   endfacet
   facet normal 0 -1 0
      outer loop
         vertex 0.043 -0.0275 -0.0005
         vertex 0.041 -0.0275 0.0005
         vertex 0.040464 -0.0275 0.000194478
      endloop
   endfacet
   facet normal 0 -1 0
      outer loop
         vertex 0.0422071 -0.0275 0.000414214
         vertex 0.0416121 -0.0275 0.000577161
         vertex 0.043 -0.0275 -0.0005
      endloop
   endfacet
   facet normal 0 -1 0
      outer loop
         vertex 0.04 -0.0275 -0.0015
         vertex 0.042536 -0.0275 -0.00219448
         vertex 0.0429142 -0.0275 -0.00170711
      endloop
   endfacet
   facet normal 0 -1 0
      outer loop
         vertex 0.042536 -0.0275 -0.00219448
         vertex 0.0407929 -0.0275 -0.00241421
         vertex 0.0413879 -0.0275 -0.00257716
      endloop
   endfacet
   facet normal 0 -1 0
      outer loop
         vertex 0.042536 -0.0275 -0.00219448
         vertex 0.04 -0.0275 -0.0015
         vertex 0.0403055 -0.0275 -0.00203596
      endloop
   endfacet
   facet normal 0 -1 0
      outer loop
         vertex 0.043 -0.0275 -0.0005
         vertex 0.0400858 -0.0275 -0.000292893
         vertex 0.0399228 -0.0275 -0.000887915
      endloop
   endfacet
   facet normal 0 -1 0
      outer loop
         vertex 0.0416121 -0.0275 0.000577161
         vertex 0.041 -0.0275 0.0005
         vertex 0.043 -0.0275 -0.0005
      endloop
   endfacet
   facet normal 0 -1 0
      outer loop
         vertex 0.0429142 -0.0275 -0.00170711
         vertex 0.0430772 -0.0275 -0.00111209
         vertex 0.04 -0.0275 -0.0015
      endloop
   endfacet
   facet normal 0 -1 0
      outer loop
         vertex 0.0403055 -0.0275 -0.00203596
         vertex 0.0407929 -0.0275 -0.00241421
         vertex 0.042536 -0.0275 -0.00219448
      endloop
   endfacet
   facet normal 0 -1 0
      outer loop
         vertex 0.040464 -0.0275 0.000194478
         vertex 0.0400858 -0.0275 -0.000292893
         vertex 0.043 -0.0275 -0.0005
      endloop
   endfacet
   facet normal 0 -1 0
      outer loop
         vertex 0.0413879 -0.0275 -0.00257716
         vertex 0.042 -0.0275 -0.0025
         vertex 0.042536 -0.0275 -0.00219448
      endloop
   endfacet
   facet normal 0 -1 0
      outer loop
         vertex 0.0430772 -0.0275 -0.00111209
         vertex 0.043 -0.0275 -0.0005
         vertex 0.04 -0.0275 -0.0015
      endloop
   endfacet
   facet normal 0 -1 0
      outer loop
         vertex 0.0399228 -0.0275 -0.000887915
         vertex 0.04 -0.0275 -0.0015
         vertex 0.043 -0.0275 -0.0005
      endloop
   endfacet
   facet normal -0.92388 0 -0.382683
      outer loop
         vertex 0.0396194 -0.0285 0.0114134
         vertex 0.04 -0.0285 0.0095
         vertex 0.04 -0.029 0.0095
      endloop
   endfacet
   facet normal -0.707107 0 -0.707107
      outer loop
         vertex 0.0385355 -0.0285 0.0130355
         vertex 0.0396194 -0.0285 0.0114134
         vertex 0.0396194 -0.029 0.0114134
      endloop
   endfacet
   facet normal -0.382683 0 -0.92388
      outer loop
         vertex 0.0369134 -0.0285 0.0141194
         vertex 0.0385355 -0.0285 0.0130355
         vertex 0.0385355 -0.029 0.0130355
      endloop
   endfacet
   facet normal 6.12323e-17 0 -1
      outer loop
         vertex 0.035 -0.0285 0.0145
         vertex 0.0369134 -0.0285 0.0141194
         vertex 0.0369134 -0.029 0.0141194
      endloop
   endfacet
   facet normal 0.382683 0 -0.92388
      outer loop
         vertex 0.0330866 -0.0285 0.0141194
         vertex 0.035 -0.0285 0.0145
         vertex 0.035 -0.029 0.0145
      endloop
   endfacet
   facet normal 0.707107 0 -0.707107
      outer loop
         vertex 0.0314645 -0.0285 0.0130355
         vertex 0.0330866 -0.0285 0.0141194
         vertex 0.0330866 -0.029 0.0141194
      endloop
   endfacet
   facet normal 0.92388 0 -0.382683
      outer loop
         vertex 0.0303806 -0.0285 0.0114134
         vertex 0.0314645 -0.0285 0.0130355
         vertex 0.0314645 -0.029 0.0130355
      endloop
   endfacet
   facet normal 1 0 0
      outer loop
         vertex 0.03 -0.0285 0.0095
         vertex 0.0303806 -0.0285 0.0114134
         vertex 0.0303806 -0.029 0.0114134
      endloop
   endfacet
   facet normal 0.92388 0 -0.382683
      outer loop
         vertex 0.0303806 -0.029 0.0114134
         vertex 0.03 -0.029 0.0095
         vertex 0.03 -0.0285 0.0095
      endloop
   endfacet
   facet normal 0.707107 0 -0.707107
      outer loop
         vertex 0.0314645 -0.029 0.0130355
         vertex 0.0303806 -0.029 0.0114134
         vertex 0.0303806 -0.0285 0.0114134
      endloop
   endfacet
   facet normal 0.382683 0 -0.92388
      outer loop
         vertex 0.0330866 -0.029 0.0141194
         vertex 0.0314645 -0.029 0.0130355
         vertex 0.0314645 -0.0285 0.0130355
      endloop
   endfacet
   facet normal 6.12323e-17 0 -1
      outer loop
         vertex 0.035 -0.029 0.0145
         vertex 0.0330866 -0.029 0.0141194
         vertex 0.0330866 -0.0285 0.0141194
      endloop
   endfacet
   facet normal -0.382683 0 -0.92388
      outer loop
         vertex 0.0369134 -0.029 0.0141194
         vertex 0.035 -0.029 0.0145
         vertex 0.035 -0.0285 0.0145
      endloop
   endfacet
   facet normal -0.707107 0 -0.707107
      outer loop
         vertex 0.0385355 -0.029 0.0130355
         vertex 0.0369134 -0.029 0.0141194
         vertex 0.0369134 -0.0285 0.0141194
      endloop
   endfacet
   facet normal -0.92388 0 -0.382683
      outer loop
         vertex 0.0396194 -0.029 0.0114134
         vertex 0.0385355 -0.029 0.0130355
         vertex 0.0385355 -0.0285 0.0130355
      endloop
   endfacet
   facet normal -1 0 0
      outer loop
         vertex 0.04 -0.029 0.0095
         vertex 0.0396194 -0.029 0.0114134
         vertex 0.0396194 -0.0285 0.0114134
      endloop
   endfacet
   facet normal 0.92388 0 0.382683
      outer loop
         vertex 0.0303806 -0.0285 0.00758658
         vertex 0.03 -0.0285 0.0095
         vertex 0.03 -0.029 0.0095
      endloop
   endfacet
   facet normal 0.707107 0 0.707107
      outer loop
         vertex 0.0314645 -0.0285 0.00596447
         vertex 0.0303806 -0.0285 0.00758658
         vertex 0.0303806 -0.029 0.00758658
      endloop
   endfacet
   facet normal 0.382683 0 0.92388
      outer loop
         vertex 0.0330866 -0.0285 0.0048806
         vertex 0.0314645 -0.0285 0.00596447
         vertex 0.0314645 -0.029 0.00596447
      endloop
   endfacet
   facet normal -1.83697e-16 0 1
      outer loop
         vertex 0.035 -0.0285 0.0045
         vertex 0.0330866 -0.0285 0.0048806
         vertex 0.0330866 -0.029 0.0048806
      endloop
   endfacet
   facet normal -0.382683 0 0.92388
      outer loop
         vertex 0.0369134 -0.0285 0.0048806
         vertex 0.035 -0.0285 0.0045
         vertex 0.035 -0.029 0.0045
      endloop
   endfacet
   facet normal -0.707107 0 0.707107
      outer loop
         vertex 0.0385355 -0.0285 0.00596447
         vertex 0.0369134 -0.0285 0.0048806
         vertex 0.0369134 -0.029 0.0048806
      endloop
   endfacet
   facet normal -0.92388 0 0.382683
      outer loop
         vertex 0.0396194 -0.0285 0.00758658
         vertex 0.0385355 -0.0285 0.00596447
         vertex 0.0385355 -0.029 0.00596447
      endloop
   endfacet
   facet normal -1 0 0
      outer loop
         vertex 0.04 -0.0285 0.0095
         vertex 0.0396194 -0.0285 0.00758658
         vertex 0.0396194 -0.029 0.00758658
      endloop
   endfacet
   facet normal -0.92388 0 0.382683
      outer loop
         vertex 0.0396194 -0.029 0.00758658
         vertex 0.04 -0.029 0.0095
         vertex 0.04 -0.0285 0.0095
      endloop
   endfacet
   facet normal -0.707107 0 0.707107
      outer loop
         vertex 0.0385355 -0.029 0.00596447
         vertex 0.0396194 -0.029 0.00758658
         vertex 0.0396194 -0.0285 0.00758658
      endloop
   endfacet
   facet normal -0.382683 0 0.92388
      outer loop
         vertex 0.0369134 -0.029 0.0048806
         vertex 0.0385355 -0.029 0.00596447
         vertex 0.0385355 -0.0285 0.00596447
      endloop
   endfacet
   facet normal -1.83697e-16 0 1
      outer loop
         vertex 0.035 -0.029 0.0045
         vertex 0.0369134 -0.029 0.0048806
         vertex 0.0369134 -0.0285 0.0048806
      endloop
   endfacet
   facet normal 0.382683 0 0.92388
      outer loop
         vertex 0.0330866 -0.029 0.0048806
         vertex 0.035 -0.029 0.0045
         vertex 0.035 -0.0285 0.0045
      endloop
   endfacet
   facet normal 0.707107 0 0.707107
      outer loop
         vertex 0.0314645 -0.029 0.00596447
         vertex 0.0330866 -0.029 0.0048806
         vertex 0.0330866 -0.0285 0.0048806
      endloop
   endfacet
   facet normal 0.92388 0 0.382683
      outer loop
         vertex 0.0303806 -0.029 0.00758658
         vertex 0.0314645 -0.029 0.00596447
         vertex 0.0314645 -0.0285 0.00596447
      endloop
   endfacet
   facet normal 1 0 0
      outer loop
         vertex 0.03 -0.029 0.0095
         vertex 0.0303806 -0.029 0.00758658
         vertex 0.0303806 -0.0285 0.00758658
      endloop
   endfacet
   facet normal 0 -1 0
      outer loop
         vertex 0.0385355 -0.0285 0.0130355
         vertex 0.0367678 -0.0285 0.0112678
         vertex 0.0373097 -0.0285 0.0104567
      endloop
   endfacet
   facet normal 0 -1 0
      outer loop
         vertex 0.0385355 -0.0285 0.0130355
         vertex 0.0369134 -0.0285 0.0141194
         vertex 0.0359567 -0.0285 0.0118097
      endloop
   endfacet
   facet normal 0 -1 0
      outer loop
         vertex 0.0314645 -0.0285 0.0130355
         vertex 0.0303806 -0.0285 0.0114134
         vertex 0.0326903 -0.0285 0.0104567
      endloop
   endfacet
   facet normal 0 -1 0
      outer loop
         vertex 0.0303806 -0.0285 0.0114134
         vertex 0.03 -0.0285 0.0095
         vertex 0.0325 -0.0285 0.0095
      endloop
   endfacet
   facet normal 0 -1 0
      outer loop
         vertex 0.0359567 -0.0285 0.0118097
         vertex 0.0367678 -0.0285 0.0112678
         vertex 0.0385355 -0.0285 0.0130355
      endloop
   endfacet
   facet normal 0 -1 0
      outer loop
         vertex 0.0369134 -0.0285 0.0141194
         vertex 0.035 -0.0285 0.0145
         vertex 0.035 -0.0285 0.012
      endloop
   endfacet
   facet normal 0 -1 0
      outer loop
         vertex 0.0325 -0.0285 0.0095
         vertex 0.0326903 -0.0285 0.0104567
         vertex 0.0303806 -0.0285 0.0114134
      endloop
   endfacet
   facet normal 0 -1 0
      outer loop
         vertex 0.03 -0.0285 0.0095
         vertex 0.0303806 -0.0285 0.00758658
         vertex 0.0326903 -0.0285 0.00854329
      endloop
   endfacet
   facet normal 0 -1 0
      outer loop
         vertex 0.0396194 -0.0285 0.00758658
         vertex 0.04 -0.0285 0.0095
         vertex 0.0375 -0.0285 0.0095
      endloop
   endfacet
   facet normal 0 -1 0
      outer loop
         vertex 0.04 -0.0285 0.0095
         vertex 0.0396194 -0.0285 0.0114134
         vertex 0.0373097 -0.0285 0.0104567
      endloop
   endfacet
   facet normal 0 -1 0
      outer loop
         vertex 0.035 -0.0285 0.012
         vertex 0.0359567 -0.0285 0.0118097
         vertex 0.0369134 -0.0285 0.0141194
      endloop
   endfacet
   facet normal 0 -1 0
      outer loop
         vertex 0.035 -0.0285 0.0145
         vertex 0.0330866 -0.0285 0.0141194
         vertex 0.0340433 -0.0285 0.0118097
      endloop
   endfacet
   facet normal 0 -1 0
      outer loop
         vertex 0.0330866 -0.0285 0.0141194
         vertex 0.0314645 -0.0285 0.0130355
         vertex 0.0332322 -0.0285 0.0112678
      endloop
   endfacet
   facet normal 0 -1 0
      outer loop
         vertex 0.0326903 -0.0285 0.00854329
         vertex 0.0325 -0.0285 0.0095
         vertex 0.03 -0.0285 0.0095
      endloop
   endfacet
   facet normal 0 -1 0
      outer loop
         vertex 0.0314645 -0.0285 0.00596447
         vertex 0.0332322 -0.0285 0.00773223
         vertex 0.0326903 -0.0285 0.00854329
      endloop
   endfacet
   facet normal 0 -1 0
      outer loop
         vertex 0.0314645 -0.0285 0.00596447
         vertex 0.0330866 -0.0285 0.0048806
         vertex 0.0340433 -0.0285 0.0071903
      endloop
   endfacet
   facet normal 0 -1 0
      outer loop
         vertex 0.035 -0.0285 0.0045
         vertex 0.0369134 -0.0285 0.0048806
         vertex 0.0359567 -0.0285 0.0071903
      endloop
   endfacet
   facet normal 0 -1 0
      outer loop
         vertex 0.0369134 -0.0285 0.0048806
         vertex 0.0385355 -0.0285 0.00596447
         vertex 0.0367678 -0.0285 0.00773223
      endloop
   endfacet
   facet normal 0 -1 0
      outer loop
         vertex 0.0385355 -0.0285 0.00596447
         vertex 0.0396194 -0.0285 0.00758658
         vertex 0.0373097 -0.0285 0.00854329
      endloop
   endfacet
   facet normal 0 -1 0
      outer loop
         vertex 0.0373097 -0.0285 0.0104567
         vertex 0.0375 -0.0285 0.0095
         vertex 0.04 -0.0285 0.0095
      endloop
   endfacet
   facet normal 0 -1 0
      outer loop
         vertex 0.0340433 -0.0285 0.0118097
         vertex 0.035 -0.0285 0.012
         vertex 0.035 -0.0285 0.0145
      endloop
   endfacet
   facet normal 0 -1 0
      outer loop
         vertex 0.0326903 -0.0285 0.0104567
         vertex 0.0332322 -0.0285 0.0112678
         vertex 0.0314645 -0.0285 0.0130355
      endloop
   endfacet
   facet normal 0 -1 0
      outer loop
         vertex 0.0340433 -0.0285 0.0071903
         vertex 0.0332322 -0.0285 0.00773223
         vertex 0.0314645 -0.0285 0.00596447
      endloop
   endfacet
   facet normal 0 -1 0
      outer loop
         vertex 0.0330866 -0.0285 0.0048806
         vertex 0.035 -0.0285 0.0045
         vertex 0.035 -0.0285 0.007
      endloop
   endfacet
   facet normal 0 -1 0
      outer loop
         vertex 0.0367678 -0.0285 0.00773223
         vertex 0.0359567 -0.0285 0.0071903
         vertex 0.0369134 -0.0285 0.0048806
      endloop
   endfacet
   facet normal 0 -1 0
      outer loop
         vertex 0.0375 -0.0285 0.0095
         vertex 0.0373097 -0.0285 0.00854329
         vertex 0.0396194 -0.0285 0.00758658
      endloop
   endfacet
   facet normal 0 -1 0
      outer loop
         vertex 0.0332322 -0.0285 0.0112678
         vertex 0.0340433 -0.0285 0.0118097
         vertex 0.0330866 -0.0285 0.0141194
      endloop
   endfacet
   facet normal 0 -1 0
      outer loop
         vertex 0.035 -0.0285 0.007
         vertex 0.0340433 -0.0285 0.0071903
         vertex 0.0330866 -0.0285 0.0048806
      endloop
   endfacet
   facet normal 0 -1 0
      outer loop
         vertex 0.0373097 -0.0285 0.00854329
         vertex 0.0367678 -0.0285 0.00773223
         vertex 0.0385355 -0.0285 0.00596447
      endloop
   endfacet
   facet normal 0 -1 0
      outer loop
         vertex 0.0326903 -0.0285 0.00854329
         vertex 0.0303806 -0.0285 0.00758658
         vertex 0.0314645 -0.0285 0.00596447
      endloop
   endfacet
   facet normal 0 -1 0
      outer loop
         vertex 0.0373097 -0.0285 0.0104567
         vertex 0.0396194 -0.0285 0.0114134
         vertex 0.0385355 -0.0285 0.0130355
      endloop
   endfacet
   facet normal 0 -1 0
      outer loop
         vertex 0.0359567 -0.0285 0.0071903
         vertex 0.035 -0.0285 0.007
         vertex 0.035 -0.0285 0.0045
      endloop
   endfacet
   facet normal -0.92388 0 0.382683
      outer loop
         vertex 0.0373097 -0.0285 0.00854329
         vertex 0.0375 -0.0285 0.0095
         vertex 0.0375 -0.0225 0.0095
      endloop
   endfacet
   facet normal -0.707107 -1.84889e-30 0.707107
      outer loop
         vertex 0.0367678 -0.0285 0.00773223
         vertex 0.0373097 -0.0285 0.00854329
         vertex 0.0373097 -0.0225 0.00854329
      endloop
   endfacet
   facet normal -0.382683 -7.5106e-16 0.92388
      outer loop
         vertex 0.0359567 -0.0285 0.0071903
         vertex 0.0367678 -0.0285 0.00773223
         vertex 0.0367678 -0.0225 0.00773223
      endloop
   endfacet
   facet normal 2.44929e-16 -1.38778e-15 1
      outer loop
         vertex 0.035 -0.0285 0.007
         vertex 0.0359567 -0.0285 0.0071903
         vertex 0.0359567 -0.0225 0.0071903
      endloop
   endfacet
   facet normal 0.382683 -1.81322e-15 0.92388
      outer loop
         vertex 0.0340433 -0.0285 0.0071903
         vertex 0.035 -0.0285 0.007
         vertex 0.035 -0.0225 0.007
      endloop
   endfacet
   facet normal 0.707107 -1.96262e-15 0.707107
      outer loop
         vertex 0.0332322 -0.0285 0.00773223
         vertex 0.0340433 -0.0285 0.0071903
         vertex 0.0340433 -0.0225 0.0071903
      endloop
   endfacet
   facet normal 0.92388 -1.81322e-15 0.382683
      outer loop
         vertex 0.0326903 -0.0285 0.00854329
         vertex 0.0332322 -0.0285 0.00773223
         vertex 0.0332322 -0.0225 0.00773223
      endloop
   endfacet
   facet normal 1 -1.38778e-15 -3.33067e-15
      outer loop
         vertex 0.0325 -0.0285 0.0095
         vertex 0.0326903 -0.0285 0.00854329
         vertex 0.0326903 -0.0225 0.00854329
      endloop
   endfacet
   facet normal 0.92388 -1.81322e-15 0.382683
      outer loop
         vertex 0.0326903 -0.0225 0.00854329
         vertex 0.0325 -0.0225 0.0095
         vertex 0.0325 -0.0285 0.0095
      endloop
   endfacet
   facet normal 0.707107 -1.96262e-15 0.707107
      outer loop
         vertex 0.0332322 -0.0225 0.00773223
         vertex 0.0326903 -0.0225 0.00854329
         vertex 0.0326903 -0.0285 0.00854329
      endloop
   endfacet
   facet normal 0.382683 -1.81322e-15 0.92388
      outer loop
         vertex 0.0340433 -0.0225 0.0071903
         vertex 0.0332322 -0.0225 0.00773223
         vertex 0.0332322 -0.0285 0.00773223
      endloop
   endfacet
   facet normal 2.44929e-16 -1.38778e-15 1
      outer loop
         vertex 0.035 -0.0225 0.007
         vertex 0.0340433 -0.0225 0.0071903
         vertex 0.0340433 -0.0285 0.0071903
      endloop
   endfacet
   facet normal -0.382683 -7.5106e-16 0.92388
      outer loop
         vertex 0.0359567 -0.0225 0.0071903
         vertex 0.035 -0.0225 0.007
         vertex 0.035 -0.0285 0.007
      endloop
   endfacet
   facet normal -0.707107 -1.84889e-30 0.707107
      outer loop
         vertex 0.0367678 -0.0225 0.00773223
         vertex 0.0359567 -0.0225 0.0071903
         vertex 0.0359567 -0.0285 0.0071903
      endloop
   endfacet
   facet normal -0.92388 7.5106e-16 0.382683
      outer loop
         vertex 0.0373097 -0.0225 0.00854329
         vertex 0.0367678 -0.0225 0.00773223
         vertex 0.0367678 -0.0285 0.00773223
      endloop
   endfacet
   facet normal -1 1.38778e-15 -3.33067e-15
      outer loop
         vertex 0.0375 -0.0225 0.0095
         vertex 0.0373097 -0.0225 0.00854329
         vertex 0.0373097 -0.0285 0.00854329
      endloop
   endfacet
   facet normal 0.92388 7.5106e-16 -0.382683
      outer loop
         vertex 0.0326903 -0.0285 0.0104567
         vertex 0.0325 -0.0285 0.0095
         vertex 0.0325 -0.0225 0.0095
      endloop
   endfacet
   facet normal 0.707107 3.54371e-30 -0.707107
      outer loop
         vertex 0.0332322 -0.0285 0.0112678
         vertex 0.0326903 -0.0285 0.0104567
         vertex 0.0326903 -0.0225 0.0104567
      endloop
   endfacet
   facet normal 0.382683 -7.5106e-16 -0.92388
      outer loop
         vertex 0.0340433 -0.0285 0.0118097
         vertex 0.0332322 -0.0285 0.0112678
         vertex 0.0332322 -0.0225 0.0112678
      endloop
   endfacet
   facet normal -6.12323e-17 -1.38778e-15 -1
      outer loop
         vertex 0.035 -0.0285 0.012
         vertex 0.0340433 -0.0285 0.0118097
         vertex 0.0340433 -0.0225 0.0118097
      endloop
   endfacet
   facet normal -0.382683 -1.81322e-15 -0.92388
      outer loop
         vertex 0.0359567 -0.0285 0.0118097
         vertex 0.035 -0.0285 0.012
         vertex 0.035 -0.0225 0.012
      endloop
   endfacet
   facet normal -0.707107 -1.96262e-15 -0.707107
      outer loop
         vertex 0.0367678 -0.0285 0.0112678
         vertex 0.0359567 -0.0285 0.0118097
         vertex 0.0359567 -0.0225 0.0118097
      endloop
   endfacet
   facet normal -0.92388 -1.81322e-15 -0.382683
      outer loop
         vertex 0.0373097 -0.0285 0.0104567
         vertex 0.0367678 -0.0285 0.0112678
         vertex 0.0367678 -0.0225 0.0112678
      endloop
   endfacet
   facet normal -1 -1.38778e-15 3.33067e-15
      outer loop
         vertex 0.0375 -0.0285 0.0095
         vertex 0.0373097 -0.0285 0.0104567
         vertex 0.0373097 -0.0225 0.0104567
      endloop
   endfacet
   facet normal -0.92388 -1.81322e-15 -0.382683
      outer loop
         vertex 0.0373097 -0.0225 0.0104567
         vertex 0.0375 -0.0225 0.0095
         vertex 0.0375 -0.0285 0.0095
      endloop
   endfacet
   facet normal -0.707107 -1.96262e-15 -0.707107
      outer loop
         vertex 0.0367678 -0.0225 0.0112678
         vertex 0.0373097 -0.0225 0.0104567
         vertex 0.0373097 -0.0285 0.0104567
      endloop
   endfacet
   facet normal -0.382683 -1.81322e-15 -0.92388
      outer loop
         vertex 0.0359567 -0.0225 0.0118097
         vertex 0.0367678 -0.0225 0.0112678
         vertex 0.0367678 -0.0285 0.0112678
      endloop
   endfacet
   facet normal -6.12323e-17 -1.38778e-15 -1
      outer loop
         vertex 0.035 -0.0225 0.012
         vertex 0.0359567 -0.0225 0.0118097
         vertex 0.0359567 -0.0285 0.0118097
      endloop
   endfacet
   facet normal 0.382683 -7.5106e-16 -0.92388
      outer loop
         vertex 0.0340433 -0.0225 0.0118097
         vertex 0.035 -0.0225 0.012
         vertex 0.035 -0.0285 0.012
      endloop
   endfacet
   facet normal 0.707107 3.54371e-30 -0.707107
      outer loop
         vertex 0.0332322 -0.0225 0.0112678
         vertex 0.0340433 -0.0225 0.0118097
         vertex 0.0340433 -0.0285 0.0118097
      endloop
   endfacet
   facet normal 0.92388 7.5106e-16 -0.382683
      outer loop
         vertex 0.0326903 -0.0225 0.0104567
         vertex 0.0332322 -0.0225 0.0112678
         vertex 0.0332322 -0.0285 0.0112678
      endloop
   endfacet
   facet normal 1 1.38778e-15 2.63678e-15
      outer loop
         vertex 0.0325 -0.0225 0.0095
         vertex 0.0326903 -0.0225 0.0104567
         vertex 0.0326903 -0.0285 0.0104567
      endloop
   endfacet
   facet normal 0 -1 0
      outer loop
         vertex 0.0375 -0.0225 0.0095
         vertex 0.0340433 -0.0225 0.0071903
         vertex 0.035 -0.0225 0.007
      endloop
   endfacet
   facet normal 0 -1 0
      outer loop
         vertex 0.0375 -0.0225 0.0095
         vertex 0.0332322 -0.0225 0.0112678
         vertex 0.0326903 -0.0225 0.0104567
      endloop
   endfacet
   facet normal 0 -1 0
      outer loop
         vertex 0.0340433 -0.0225 0.0118097
         vertex 0.0367678 -0.0225 0.0112678
         vertex 0.0359567 -0.0225 0.0118097
      endloop
   endfacet
   facet normal 0 -1 0
      outer loop
         vertex 0.0340433 -0.0225 0.0118097
         vertex 0.0375 -0.0225 0.0095
         vertex 0.0373097 -0.0225 0.0104567
      endloop
   endfacet
   facet normal 0 -1 0
      outer loop
         vertex 0.0375 -0.0225 0.0095
         vertex 0.0359567 -0.0225 0.0071903
         vertex 0.0367678 -0.0225 0.00773223
      endloop
   endfacet
   facet normal 0 -1 0
      outer loop
         vertex 0.0375 -0.0225 0.0095
         vertex 0.0332322 -0.0225 0.00773223
         vertex 0.0340433 -0.0225 0.0071903
      endloop
   endfacet
   facet normal 0 -1 0
      outer loop
         vertex 0.0375 -0.0225 0.0095
         vertex 0.0340433 -0.0225 0.0118097
         vertex 0.0332322 -0.0225 0.0112678
      endloop
   endfacet
   facet normal 0 -1 0
      outer loop
         vertex 0.0373097 -0.0225 0.0104567
         vertex 0.0367678 -0.0225 0.0112678
         vertex 0.0340433 -0.0225 0.0118097
      endloop
   endfacet
   facet normal 0 -1 0
      outer loop
         vertex 0.035 -0.0225 0.007
         vertex 0.0359567 -0.0225 0.0071903
         vertex 0.0375 -0.0225 0.0095
      endloop
   endfacet
   facet normal 0 -1 0
      outer loop
         vertex 0.0375 -0.0225 0.0095
         vertex 0.0325 -0.0225 0.0095
         vertex 0.0326903 -0.0225 0.00854329
      endloop
   endfacet
   facet normal 0 -1 0
      outer loop
         vertex 0.0359567 -0.0225 0.0118097
         vertex 0.035 -0.0225 0.012
         vertex 0.0340433 -0.0225 0.0118097
      endloop
   endfacet
   facet normal 0 -1 0
      outer loop
         vertex 0.0326903 -0.0225 0.00854329
         vertex 0.0332322 -0.0225 0.00773223
         vertex 0.0375 -0.0225 0.0095
      endloop
   endfacet
   facet normal 0 -1 0
      outer loop
         vertex 0.0367678 -0.0225 0.00773223
         vertex 0.0373097 -0.0225 0.00854329
         vertex 0.0375 -0.0225 0.0095
      endloop
   endfacet
   facet normal 0 -1 0
      outer loop
         vertex 0.0326903 -0.0225 0.0104567
         vertex 0.0325 -0.0225 0.0095
         vertex 0.0375 -0.0225 0.0095
      endloop
   endfacet
   facet normal 0.890454 -0.292714 -0.348439
      outer loop
         vertex 0.0243335 -0.0315 0.0136739
         vertex 0.0235459 -0.0315 0.0095
         vertex 0.0243112 -0.029 0.0095
      endloop
   endfacet
   facet normal 0.9562 -0.292714 -2.61813e-16
      outer loop
         vertex 0.0235459 -0.0315 0.0095
         vertex 0.0243335 -0.0315 0.00532613
         vertex 0.0250462 -0.029 0.00560501
      endloop
   endfacet
   facet normal 0.702258 -0.292714 0.648963
      outer loop
         vertex 0.0271499 -0.029 0.00224564
         vertex 0.0250462 -0.029 0.00560501
         vertex 0.0267521 -0.0305 0.002
      endloop
   endfacet
   facet normal 0.890454 -0.292714 0.348439
      outer loop
         vertex 0.0250462 -0.029 0.00560501
         vertex 0.0243335 -0.0315 0.00532613
         vertex 0.0263429 -0.0315 0.002
      endloop
   endfacet
   facet normal 0.722708 -0.292714 0.626109
      outer loop
         vertex 0.0263429 -0.0315 0.002
         vertex 0.0267521 -0.0305 0.002
         vertex 0.0250462 -0.029 0.00560501
      endloop
   endfacet
   facet normal 0.702258 -0.292714 0.648963
      outer loop
         vertex 0.0268127 -0.0305 0.001934
         vertex 0.03 -0.0305 -0.000463788
         vertex 0.03 -0.029 5.27782e-05
      endloop
   endfacet
   facet normal 0.702258 -0.292714 -0.648963
      outer loop
         vertex 0.0268127 -0.0305 0.017066
         vertex 0.0271499 -0.029 0.0167544
         vertex 0.03 -0.029 0.0189472
      endloop
   endfacet
   facet normal 0.890454 -0.292714 -0.348439
      outer loop
         vertex 0.0250462 -0.029 0.013395
         vertex 0.0267521 -0.0305 0.017
         vertex 0.0263429 -0.0315 0.017
      endloop
   endfacet
   facet normal 0.702258 -0.292714 -0.648963
      outer loop
         vertex 0.0271499 -0.029 0.0167544
         vertex 0.0268127 -0.0305 0.017066
         vertex 0.0267521 -0.0305 0.017
      endloop
   endfacet
   facet normal 0.707447 -0.292714 -0.643301
      outer loop
         vertex 0.0267521 -0.0305 0.017
         vertex 0.0250462 -0.029 0.013395
         vertex 0.0271499 -0.029 0.0167544
      endloop
   endfacet
   facet normal 0.722708 -0.292714 -0.626109
      outer loop
         vertex 0.0263429 -0.0315 0.017
         vertex 0.0243335 -0.0315 0.0136739
         vertex 0.0250462 -0.029 0.013395
      endloop
   endfacet
   facet normal 0.447292 -0.292714 -0.845132
      outer loop
         vertex 0.03 -0.029 0.0189472
         vertex 0.03 -0.0305 0.0194638
         vertex 0.0268127 -0.0305 0.017066
      endloop
   endfacet
   facet normal 0.447292 -0.292714 0.845132
      outer loop
         vertex 0.03 -0.029 5.27782e-05
         vertex 0.0271499 -0.029 0.00224564
         vertex 0.0268127 -0.0305 0.001934
      endloop
   endfacet
   facet normal 0.707447 -0.292714 0.643301
      outer loop
         vertex 0.0267521 -0.0305 0.002
         vertex 0.0268127 -0.0305 0.001934
         vertex 0.0271499 -0.029 0.00224564
      endloop
   endfacet
   facet normal 0.890454 -0.292714 0.348439
      outer loop
         vertex 0.0250462 -0.029 0.00560501
         vertex 0.0243112 -0.029 0.0095
         vertex 0.0235459 -0.0315 0.0095
      endloop
   endfacet
   facet normal 0.9562 -0.292714 -2.61813e-16
      outer loop
         vertex 0.0243112 -0.029 0.0095
         vertex 0.0250462 -0.029 0.013395
         vertex 0.0243335 -0.0315 0.0136739
      endloop
   endfacet
   facet normal 0 0 1
      outer loop
         vertex 0.024 -0.0305 0.017
         vertex 0.024 -0.0315 0.017
         vertex 0.0263429 -0.0315 0.017
      endloop
   endfacet
   facet normal 0 0 1
      outer loop
         vertex 0.0263429 -0.0315 0.017
         vertex 0.0267521 -0.0305 0.017
         vertex 0.024 -0.0305 0.017
      endloop
   endfacet
   facet normal 1 0 0
      outer loop
         vertex 0.024 -0.0315 0.021
         vertex 0.024 -0.0315 0.017
         vertex 0.024 -0.0305 0.017
      endloop
   endfacet
   facet normal 1 0 0
      outer loop
         vertex 0.024 -0.0305 0.017
         vertex 0.024 -0.0305 0.021
         vertex 0.024 -0.0315 0.021
      endloop
   endfacet
   facet normal 0 0 -1
      outer loop
         vertex 0.024 -0.0305 0.002
         vertex 0.0267521 -0.0305 0.002
         vertex 0.0263429 -0.0315 0.002
      endloop
   endfacet
   facet normal 0 0 -1
      outer loop
         vertex 0.0263429 -0.0315 0.002
         vertex 0.024 -0.0315 0.002
         vertex 0.024 -0.0305 0.002
      endloop
   endfacet
   facet normal 1 0 0
      outer loop
         vertex 0.024 -0.0315 0.002
         vertex 0.024 -0.0315 -0.002
         vertex 0.024 -0.0305 -0.002
      endloop
   endfacet
   facet normal 1 0 0
      outer loop
         vertex 0.024 -0.0305 -0.002
         vertex 0.024 -0.0305 0.002
         vertex 0.024 -0.0315 0.002
      endloop
   endfacet
   facet normal 0 0 1
      outer loop
         vertex 0.009 -0.0315 0.021
         vertex 0.024 -0.0315 0.021
         vertex 0.024 -0.0305 0.021
      endloop
   endfacet
   facet normal 0 0 1
      outer loop
         vertex 0.024 -0.0305 0.021
         vertex 0.009 -0.0305 0.021
         vertex 0.009 -0.0315 0.021
      endloop
   endfacet
   facet normal -1 0 0
      outer loop
         vertex 0.009 -0.0315 0.021
         vertex 0.009 -0.0305 0.021
         vertex 0.009 -0.0305 0.017
      endloop
   endfacet
   facet normal -1 0 0
      outer loop
         vertex 0.009 -0.0305 0.017
         vertex 0.009 -0.0315 0.017
         vertex 0.009 -0.0315 0.021
      endloop
   endfacet
   facet normal 0 0 1
      outer loop
         vertex 0 -0.0305 0.017
         vertex 0 -0.0315 0.017
         vertex 0.009 -0.0315 0.017
      endloop
   endfacet
   facet normal 0 0 1
      outer loop
         vertex 0.009 -0.0315 0.017
         vertex 0.009 -0.0305 0.017
         vertex 0 -0.0305 0.017
      endloop
   endfacet
   facet normal 0 0 -1
      outer loop
         vertex 0.009 -0.0305 -0.002
         vertex 0.024 -0.0305 -0.002
         vertex 0.024 -0.0315 -0.002
      endloop
   endfacet
   facet normal 0 0 -1
      outer loop
         vertex 0.024 -0.0315 -0.002
         vertex 0.009 -0.0315 -0.002
         vertex 0.009 -0.0305 -0.002
      endloop
   endfacet
   facet normal -1 0 0
      outer loop
         vertex 0.009 -0.0305 -0.002
         vertex 0.009 -0.0315 -0.002
         vertex 0.009 -0.0315 0.002
      endloop
   endfacet
   facet normal -1 0 0
      outer loop
         vertex 0.009 -0.0315 0.002
         vertex 0.009 -0.0305 0.002
         vertex 0.009 -0.0305 -0.002
      endloop
   endfacet
   facet normal 0 0 -1
      outer loop
         vertex 0 -0.0315 0.002
         vertex 0 -0.0305 0.002
         vertex 0.009 -0.0305 0.002
      endloop
   endfacet
   facet normal 0 0 -1
      outer loop
         vertex 0.009 -0.0305 0.002
         vertex 0.009 -0.0315 0.002
         vertex 0 -0.0315 0.002
      endloop
   endfacet
   facet normal 0 0 1
      outer loop
         vertex 0.002 0.0015 0.022
         vertex 0.03 -0.029 0.022
         vertex 0.03 0 0.022
      endloop
   endfacet
   facet normal 0 0 1
      outer loop
         vertex 0.042 0 0.022
         vertex 0.03 0 0.022
         vertex 0.03 -0.029 0.022
      endloop
   endfacet
   facet normal 0 0 1
      outer loop
         vertex 0.03 -0.0305 0.022
         vertex 0.03 -0.029 0.022
         vertex 0.003 -0.029 0.022
      endloop
   endfacet
   facet normal 0 0 1
      outer loop
         vertex 0.002 0.0015 0.022
         vertex 0.002 -0.029 0.022
         vertex 0.003 -0.029 0.022
      endloop
   endfacet
   facet normal 0 0 1
      outer loop
         vertex 0.03 -0.029 0.022
         vertex 0.042 -0.029 0.022
         vertex 0.042 0 0.022
      endloop
   endfacet
   facet normal 0 0 1
      outer loop
         vertex 0.003 -0.029 0.022
         vertex 0.03 -0.029 0.022
         vertex 0.002 0.0015 0.022
      endloop
   endfacet
   facet normal 0 0 1
      outer loop
         vertex 0.003 -0.029 0.022
         vertex 0.003 -0.0305 0.022
         vertex 0.03 -0.0305 0.022
      endloop
   endfacet
   facet normal 0 0 1
      outer loop
         vertex 0.03 0 0.022
         vertex 0.03 0.0015 0.022
         vertex 0.002 0.0015 0.022
      endloop
   endfacet
   facet normal -0.92388 -6.34627e-14 0.382683
      outer loop
         vertex 0.000152241 0.0015 0.0207654
         vertex 0.000152241 -0.029 0.0207654
         vertex 0.000585786 -0.029 0.0214142
      endloop
   endfacet
   facet normal -0.707107 -6.86915e-14 0.707107
      outer loop
         vertex 0.000585786 0.0015 0.0214142
         vertex 0.000585786 -0.029 0.0214142
         vertex 0.00123463 -0.029 0.0218478
      endloop
   endfacet
   facet normal -0.382683 -6.34627e-14 0.92388
      outer loop
         vertex 0.00123463 0.0015 0.0218478
         vertex 0.00123463 -0.029 0.0218478
         vertex 0.002 -0.029 0.022
      endloop
   endfacet
   facet normal -0.92388 -6.34627e-14 0.382683
      outer loop
         vertex 0.000152241 -0.029 0.0207654
         vertex 1.24079e-05 0.00142122 0.0202224
         vertex 6.38427e-19 0.00139286 0.02
      endloop
   endfacet
   facet normal -0.92388 -6.34627e-14 0.382683
      outer loop
         vertex 0.000152241 -0.029 0.0207654
         vertex 0.000152241 0.0015 0.0207654
         vertex 4.6875e-05 0.0015 0.0204305
      endloop
   endfacet
   facet normal -0.976563 -5.89806e-14 0.215234
      outer loop
         vertex 4.6875e-05 0.0015 0.0204305
         vertex 1.24079e-05 0.00142122 0.0202224
         vertex 0.000152241 -0.029 0.0207654
      endloop
   endfacet
   facet normal -1 -4.85723e-14 -8.23126e-13
      outer loop
         vertex 6.38427e-19 0.00139286 0.02
         vertex 2.77556e-20 -0.029 0.02
         vertex 0.000152241 -0.029 0.0207654
      endloop
   endfacet
   facet normal 8.50015e-14 -4.85723e-14 1
      outer loop
         vertex 0.002 -0.029 0.022
         vertex 0.002 0.0015 0.022
         vertex 0.00123463 0.0015 0.0218478
      endloop
   endfacet
   facet normal -0.382683 -6.34627e-14 0.92388
      outer loop
         vertex 0.00123463 -0.029 0.0218478
         vertex 0.00123463 0.0015 0.0218478
         vertex 0.000585786 0.0015 0.0214142
      endloop
   endfacet
   facet normal -0.707107 -6.86915e-14 0.707107
      outer loop
         vertex 0.000585786 -0.029 0.0214142
         vertex 0.000585786 0.0015 0.0214142
         vertex 0.000152241 0.0015 0.0207654
      endloop
   endfacet
   facet normal -1 0 0
      outer loop
         vertex 0.003 -0.0305 0.0205
         vertex 0.003 -0.0305 0.022
         vertex 0.003 -0.029 0.022
      endloop
   endfacet
   facet normal -1 0 0
      outer loop
         vertex 0.003 -0.029 0.022
         vertex 0.003 -0.029 0.0205
         vertex 0.003 -0.0305 0.0205
      endloop
   endfacet
   facet normal 0 -1 0
      outer loop
         vertex 0.00207403 -0.029 0.0191142
         vertex 0.00123463 -0.029 0.0218478
         vertex 0.000585786 -0.029 0.0214142
      endloop
   endfacet
   facet normal 0 -1 0
      outer loop
         vertex 0.00207403 -0.029 0.0191142
         vertex 0.002 -0.029 0.022
         vertex 0.00123463 -0.029 0.0218478
      endloop
   endfacet
   facet normal 0 -1 0
      outer loop
         vertex 0.002 -0.029 0.022
         vertex 0.00256066 -0.029 0.0194393
         vertex 0.00288582 -0.029 0.019926
      endloop
   endfacet
   facet normal 0 -1 0
      outer loop
         vertex 2.77556e-20 -0.029 0.02
         vertex -2.00618e-36 -0.029 0.019
         vertex 0.0015 -0.029 0.019
      endloop
   endfacet
   facet normal 0 -1 0
      outer loop
         vertex 0.000585786 -0.029 0.0214142
         vertex 0.000152241 -0.029 0.0207654
         vertex 0.00207403 -0.029 0.0191142
      endloop
   endfacet
   facet normal 0 -1 0
      outer loop
         vertex 0.002 -0.029 0.022
         vertex 0.00207403 -0.029 0.0191142
         vertex 0.00256066 -0.029 0.0194393
      endloop
   endfacet
   facet normal 0 -1 0
      outer loop
         vertex 0.000152241 -0.029 0.0207654
         vertex 2.77556e-20 -0.029 0.02
         vertex 0.00207403 -0.029 0.0191142
      endloop
   endfacet
   facet normal 0 -1 0
      outer loop
         vertex 0.00288582 -0.029 0.019926
         vertex 0.003 -0.029 0.0205
         vertex 0.002 -0.029 0.022
      endloop
   endfacet
   facet normal 0 -1 0
      outer loop
         vertex 0.003 -0.029 0.0205
         vertex 0.003 -0.029 0.022
         vertex 0.002 -0.029 0.022
      endloop
   endfacet
   facet normal 0 -1 0
      outer loop
         vertex 0.0015 -0.029 0.019
         vertex 0.00207403 -0.029 0.0191142
         vertex 2.77556e-20 -0.029 0.02
      endloop
   endfacet
   facet normal -0.382683 0 0.92388
      outer loop
         vertex 0.00207403 -0.029 0.0191142
         vertex 0.0015 -0.029 0.019
         vertex 0.0015 -0.0305 0.019
      endloop
   endfacet
   facet normal -0.707107 0 0.707107
      outer loop
         vertex 0.00256066 -0.029 0.0194393
         vertex 0.00207403 -0.029 0.0191142
         vertex 0.00207403 -0.0305 0.0191142
      endloop
   endfacet
   facet normal -0.92388 0 0.382683
      outer loop
         vertex 0.00288582 -0.029 0.019926
         vertex 0.00256066 -0.029 0.0194393
         vertex 0.00256066 -0.0305 0.0194393
      endloop
   endfacet
   facet normal -1 0 0
      outer loop
         vertex 0.003 -0.029 0.0205
         vertex 0.00288582 -0.029 0.019926
         vertex 0.00288582 -0.0305 0.019926
      endloop
   endfacet
   facet normal -0.92388 0 0.382683
      outer loop
         vertex 0.00288582 -0.0305 0.019926
         vertex 0.003 -0.0305 0.0205
         vertex 0.003 -0.029 0.0205
      endloop
   endfacet
   facet normal -0.707107 0 0.707107
      outer loop
         vertex 0.00256066 -0.0305 0.0194393
         vertex 0.00288582 -0.0305 0.019926
         vertex 0.00288582 -0.029 0.019926
      endloop
   endfacet
   facet normal -0.382683 0 0.92388
      outer loop
         vertex 0.00207403 -0.0305 0.0191142
         vertex 0.00256066 -0.0305 0.0194393
         vertex 0.00256066 -0.029 0.0194393
      endloop
   endfacet
   facet normal -1.4456e-16 0 1
      outer loop
         vertex 0.0015 -0.0305 0.019
         vertex 0.00207403 -0.0305 0.0191142
         vertex 0.00207403 -0.029 0.0191142
      endloop
   endfacet
   facet normal 0 0 1
      outer loop
         vertex -2.00618e-36 -0.029 0.019
         vertex 9.25186e-21 -0.0305 0.019
         vertex 0.0015 -0.0305 0.019
      endloop
   endfacet
   facet normal 0 0 1
      outer loop
         vertex 0.0015 -0.0305 0.019
         vertex 0.0015 -0.029 0.019
         vertex -2.00618e-36 -0.029 0.019
      endloop
   endfacet
   facet normal 1 0 0
      outer loop
         vertex 0.03 0.0015 0.022
         vertex 0.03 0 0.022
         vertex 0.03 0 0.0189472
      endloop
   endfacet
   facet normal 1 0 0
      outer loop
         vertex 0.03 0 0.0189472
         vertex 0.03 0.0015 0.0189472
         vertex 0.03 0.0015 0.022
      endloop
   endfacet
   facet normal 0.634253 8.11547e-17 -0.773126
      outer loop
         vertex 0.0282206 8.67279e-19 0.0177638
         vertex 0.0267122 0 0.01625
         vertex 0.0267122 0.0015 0.01625
      endloop
   endfacet
   facet normal 0.46778 1.62294e-16 -0.883845
      outer loop
         vertex 0.03 0 0.0189472
         vertex 0.0282206 8.67279e-19 0.0177638
         vertex 0.0282206 0.0015 0.0177638
      endloop
   endfacet
   facet normal 0.634253 8.11547e-17 -0.773126
      outer loop
         vertex 0.0282206 0.0015 0.0177638
         vertex 0.03 0.0015 0.0189472
         vertex 0.03 0 0.0189472
      endloop
   endfacet
   facet normal 0.775373 0 -0.631503
      outer loop
         vertex 0.0267122 0.0015 0.01625
         vertex 0.0282206 0.0015 0.0177638
         vertex 0.0282206 8.67279e-19 0.0177638
      endloop
   endfacet
   facet normal 0 0 -1
      outer loop
         vertex 0.0235 0.0015 0.01625
         vertex 0.0267122 0.0015 0.01625
         vertex 0.0267122 0 0.01625
      endloop
   endfacet
   facet normal 0 0 -1
      outer loop
         vertex 0.0267122 0 0.01625
         vertex 0.0235 0 0.01625
         vertex 0.0235 0.0015 0.01625
      endloop
   endfacet
   facet normal -1 0 0
      outer loop
         vertex -2.00618e-36 -0.029 0.019
         vertex 0 -0.0305 0.002
         vertex 0 -0.0305 0.017
      endloop
   endfacet
   facet normal -1 0 0
      outer loop
         vertex 0 -0.0305 0.017
         vertex 9.25186e-21 -0.0305 0.019
         vertex -2.00618e-36 -0.029 0.019
      endloop
   endfacet
   facet normal -1 0 0
      outer loop
         vertex -2.00618e-36 -0.029 0.019
         vertex 6.38427e-19 0.00139286 0.02
         vertex 0 -0.0305 0.002
      endloop
   endfacet
   facet normal -1 0 0
      outer loop
         vertex 0 -0.0315 0.017
         vertex 0 -0.0305 0.017
         vertex 0 -0.0305 0.002
      endloop
   endfacet
   facet normal -1 0 0
      outer loop
         vertex 0 -0.0305 0.002
         vertex 0 -0.0315 0.002
         vertex 0 -0.0315 0.017
      endloop
   endfacet
   facet normal -1 0 0
      outer loop
         vertex 0 -0.0305 0.002
         vertex 6.38427e-19 0.00139286 0.02
         vertex 0 -0.029 3.52496e-18
      endloop
   endfacet
   facet normal -1 0 0
      outer loop
         vertex 0 -0.029 3.52496e-18
         vertex -1.85037e-20 -0.0305 -1.11022e-19
         vertex 0 -0.0305 0.002
      endloop
   endfacet
   facet normal -1 0 0
      outer loop
         vertex 1.03596e-20 0.00139286 -0.001
         vertex -2.77556e-20 -0.029 -0.001
         vertex 0 -0.029 3.52496e-18
      endloop
   endfacet
   facet normal -1 0 0
      outer loop
         vertex 0 -0.029 3.52496e-18
         vertex 6.38427e-19 0.00139286 0.02
         vertex 1.03596e-20 0.00139286 -0.001
      endloop
   endfacet
   facet normal -1 0 0
      outer loop
         vertex -2.00618e-36 -0.029 0.019
         vertex 2.77556e-20 -0.029 0.02
         vertex 6.38427e-19 0.00139286 0.02
      endloop
   endfacet
   facet normal -0.92388 -6.51626e-15 -0.382683
      outer loop
         vertex 0.000152241 -0.029 -0.00176537
         vertex 0.000152241 0.0015 -0.00176537
         vertex 0.000585786 0.0015 -0.00241421
      endloop
   endfacet
   facet normal -0.707107 -7.05315e-15 -0.707107
      outer loop
         vertex 0.000585786 -0.029 -0.00241421
         vertex 0.000585786 0.0015 -0.00241421
         vertex 0.00123463 0.0015 -0.00284776
      endloop
   endfacet
   facet normal -0.382683 -6.51626e-15 -0.92388
      outer loop
         vertex 0.00123463 -0.029 -0.00284776
         vertex 0.00123463 0.0015 -0.00284776
         vertex 0.002 0.0015 -0.003
      endloop
   endfacet
   facet normal -0.92388 -6.51626e-15 -0.382683
      outer loop
         vertex 0.000152241 -0.029 -0.00176537
         vertex 2.32144e-05 0.00144592 -0.00130384
         vertex 4.6875e-05 0.0015 -0.00143047
      endloop
   endfacet
   facet normal -0.92388 -6.51626e-15 -0.382683
      outer loop
         vertex 0.000152241 -0.029 -0.00176537
         vertex -2.77556e-20 -0.029 -0.001
         vertex 1.03596e-20 0.00139286 -0.001
      endloop
   endfacet
   facet normal -1 -3.46945e-15 -8.07189e-14
      outer loop
         vertex 1.03596e-20 0.00139286 -0.001
         vertex 2.32144e-05 0.00144592 -0.00130384
         vertex 0.000152241 -0.029 -0.00176537
      endloop
   endfacet
   facet normal -0.976563 -5.85469e-15 -0.215234
      outer loop
         vertex 4.6875e-05 0.0015 -0.00143047
         vertex 0.000152241 0.0015 -0.00176537
         vertex 0.000152241 -0.029 -0.00176537
      endloop
   endfacet
   facet normal -5.63785e-15 -4.98733e-15 -1
      outer loop
         vertex 0.002 0.0015 -0.003
         vertex 0.002 -0.029 -0.003
         vertex 0.00123463 -0.029 -0.00284776
      endloop
   endfacet
   facet normal -0.382683 -6.51626e-15 -0.92388
      outer loop
         vertex 0.00123463 0.0015 -0.00284776
         vertex 0.00123463 -0.029 -0.00284776
         vertex 0.000585786 -0.029 -0.00241421
      endloop
   endfacet
   facet normal -0.707107 -7.05315e-15 -0.707107
      outer loop
         vertex 0.000585786 0.0015 -0.00241421
         vertex 0.000585786 -0.029 -0.00241421
         vertex 0.000152241 -0.029 -0.00176537
      endloop
   endfacet
   facet normal -8.10441e-14 -3.46945e-15 -1
      outer loop
         vertex 0.0015 -0.0305 0
         vertex -1.85037e-20 -0.0305 -1.11022e-19
         vertex 0 -0.029 3.52496e-18
      endloop
   endfacet
   facet normal -8.10441e-14 -3.46945e-15 -1
      outer loop
         vertex 0 -0.029 3.52496e-18
         vertex 0.0015 -0.029 0
         vertex 0.0015 -0.0305 0
      endloop
   endfacet
   facet normal 0 -1 0
      outer loop
         vertex 0.000152241 -0.029 -0.00176537
         vertex 0.00256066 -0.029 -0.00043934
         vertex 0.00207403 -0.029 -0.000114181
      endloop
   endfacet
   facet normal 0 -1 0
      outer loop
         vertex 0.000152241 -0.029 -0.00176537
         vertex 0.003 -0.029 -0.0015
         vertex 0.00288582 -0.029 -0.000925975
      endloop
   endfacet
   facet normal 0 -1 0
      outer loop
         vertex 0.003 -0.029 -0.0015
         vertex 0.000152241 -0.029 -0.00176537
         vertex 0.000585786 -0.029 -0.00241421
      endloop
   endfacet
   facet normal 0 -1 0
      outer loop
         vertex 0.0015 -0.029 0
         vertex 0 -0.029 3.52496e-18
         vertex -2.77556e-20 -0.029 -0.001
      endloop
   endfacet
   facet normal 0 -1 0
      outer loop
         vertex 0.00288582 -0.029 -0.000925975
         vertex 0.00256066 -0.029 -0.00043934
         vertex 0.000152241 -0.029 -0.00176537
      endloop
   endfacet
   facet normal 0 -1 0
      outer loop
         vertex 0.000585786 -0.029 -0.00241421
         vertex 0.00123463 -0.029 -0.00284776
         vertex 0.003 -0.029 -0.0015
      endloop
   endfacet
   facet normal 0 -1 0
      outer loop
         vertex 0.00207403 -0.029 -0.000114181
         vertex 0.0015 -0.029 0
         vertex 0.000152241 -0.029 -0.00176537
      endloop
   endfacet
   facet normal 0 -1 0
      outer loop
         vertex 0.00123463 -0.029 -0.00284776
         vertex 0.002 -0.029 -0.003
         vertex 0.003 -0.029 -0.0015
      endloop
   endfacet
   facet normal 0 -1 0
      outer loop
         vertex 0.002 -0.029 -0.003
         vertex 0.003 -0.029 -0.003
         vertex 0.003 -0.029 -0.0015
      endloop
   endfacet
   facet normal 0 -1 0
      outer loop
         vertex -2.77556e-20 -0.029 -0.001
         vertex 0.000152241 -0.029 -0.00176537
         vertex 0.0015 -0.029 0
      endloop
   endfacet
   facet normal -0.92388 0 -0.382683
      outer loop
         vertex 0.00288582 -0.029 -0.000925975
         vertex 0.003 -0.029 -0.0015
         vertex 0.003 -0.0305 -0.0015
      endloop
   endfacet
   facet normal -0.707107 0 -0.707107
      outer loop
         vertex 0.00256066 -0.029 -0.00043934
         vertex 0.00288582 -0.029 -0.000925975
         vertex 0.00288582 -0.0305 -0.000925975
      endloop
   endfacet
   facet normal -0.382683 0 -0.92388
      outer loop
         vertex 0.00207403 -0.029 -0.000114181
         vertex 0.00256066 -0.029 -0.00043934
         vertex 0.00256066 -0.0305 -0.00043934
      endloop
   endfacet
   facet normal 0 0 -1
      outer loop
         vertex 0.0015 -0.029 0
         vertex 0.00207403 -0.029 -0.000114181
         vertex 0.00207403 -0.0305 -0.000114181
      endloop
   endfacet
   facet normal -0.382683 0 -0.92388
      outer loop
         vertex 0.00207403 -0.0305 -0.000114181
         vertex 0.0015 -0.0305 0
         vertex 0.0015 -0.029 0
      endloop
   endfacet
   facet normal -0.707107 0 -0.707107
      outer loop
         vertex 0.00256066 -0.0305 -0.00043934
         vertex 0.00207403 -0.0305 -0.000114181
         vertex 0.00207403 -0.029 -0.000114181
      endloop
   endfacet
   facet normal -0.92388 0 -0.382683
      outer loop
         vertex 0.00288582 -0.0305 -0.000925975
         vertex 0.00256066 -0.0305 -0.00043934
         vertex 0.00256066 -0.029 -0.00043934
      endloop
   endfacet
   facet normal -1 0 -1.4456e-16
      outer loop
         vertex 0.003 -0.0305 -0.0015
         vertex 0.00288582 -0.0305 -0.000925975
         vertex 0.00288582 -0.029 -0.000925975
      endloop
   endfacet
   facet normal -1 0 0
      outer loop
         vertex 0.003 -0.029 -0.003
         vertex 0.003 -0.0305 -0.003
         vertex 0.003 -0.0305 -0.0015
      endloop
   endfacet
   facet normal -1 0 0
      outer loop
         vertex 0.003 -0.0305 -0.0015
         vertex 0.003 -0.029 -0.0015
         vertex 0.003 -0.029 -0.003
      endloop
   endfacet
   facet normal 0 0 -1
      outer loop
         vertex 0.003 -0.0305 -0.003
         vertex 0.003 -0.029 -0.003
         vertex 0.03 -0.029 -0.003
      endloop
   endfacet
   facet normal 0 0 -1
      outer loop
         vertex 0.003 -0.029 -0.003
         vertex 0.03 0 -0.003
         vertex 0.03 -0.029 -0.003
      endloop
   endfacet
   facet normal 0 0 -1
      outer loop
         vertex 0.03 -0.029 -0.003
         vertex 0.03 -0.0305 -0.003
         vertex 0.003 -0.0305 -0.003
      endloop
   endfacet
   facet normal 0 0 -1
      outer loop
         vertex 0.042 -0.029 -0.003
         vertex 0.03 -0.029 -0.003
         vertex 0.03 0 -0.003
      endloop
   endfacet
   facet normal 0 0 -1
      outer loop
         vertex 0.03 0 -0.003
         vertex 0.042 0 -0.003
         vertex 0.042 -0.029 -0.003
      endloop
   endfacet
   facet normal 0 0 -1
      outer loop
         vertex 0.002 0.0015 -0.003
         vertex 0.03 0.0015 -0.003
         vertex 0.03 0 -0.003
      endloop
   endfacet
   facet normal 0 0 -1
      outer loop
         vertex 0.03 0 -0.003
         vertex 0.002 -0.029 -0.003
         vertex 0.002 0.0015 -0.003
      endloop
   endfacet
   facet normal 0 0 -1
      outer loop
         vertex 0.003 -0.029 -0.003
         vertex 0.002 -0.029 -0.003
         vertex 0.03 0 -0.003
      endloop
   endfacet
   facet normal 1 0 0
      outer loop
         vertex 0.03 0 -0.003
         vertex 0.03 0.0015 -0.003
         vertex 0.03 0.0015 5.27782e-05
      endloop
   endfacet
   facet normal 1 0 0
      outer loop
         vertex 0.03 0.0015 5.27782e-05
         vertex 0.03 0 5.27782e-05
         vertex 0.03 0 -0.003
      endloop
   endfacet
   facet normal 0.634253 -8.2143e-17 0.773126
      outer loop
         vertex 0.0282206 8.78008e-19 0.00123623
         vertex 0.03 0 5.27782e-05
         vertex 0.03 0.0015 5.27782e-05
      endloop
   endfacet
   facet normal 0.775373 0 0.631503
      outer loop
         vertex 0.0267122 0 0.00275
         vertex 0.0282206 8.78008e-19 0.00123623
         vertex 0.0282206 0.0015 0.00123623
      endloop
   endfacet
   facet normal 0.634253 -8.2143e-17 0.773126
      outer loop
         vertex 0.0282206 0.0015 0.00123623
         vertex 0.0267122 0.0015 0.00275
         vertex 0.0267122 0 0.00275
      endloop
   endfacet
   facet normal 0.46778 -1.62294e-16 0.883845
      outer loop
         vertex 0.03 0.0015 5.27782e-05
         vertex 0.0282206 0.0015 0.00123623
         vertex 0.0282206 8.78008e-19 0.00123623
      endloop
   endfacet
   facet normal 0 0 1
      outer loop
         vertex 0.0267122 0 0.00275
         vertex 0.0267122 0.0015 0.00275
         vertex 0.0235 0.0015 0.00275
      endloop
   endfacet
   facet normal 0 0 1
      outer loop
         vertex 0.0235 0.0015 0.00275
         vertex 0.0235 0 0.00275
         vertex 0.0267122 0 0.00275
      endloop
   endfacet
   facet normal 0 1 0
      outer loop
         vertex 0.0282206 8.78008e-19 0.00123623
         vertex 0.0328787 0 0.00737868
         vertex 0.0338519 0 0.00672836
      endloop
   endfacet
   facet normal 0 1 0
      outer loop
         vertex 0.0267122 0 0.00275
         vertex 0.0322284 0 0.00835195
         vertex 0.0328787 0 0.00737868
      endloop
   endfacet
   facet normal 0 1 0
      outer loop
         vertex 0.0267122 0 0.00275
         vertex 0.03 0 0.0189472
         vertex 0.0322284 0 0.0106481
      endloop
   endfacet
   facet normal 0 1 0
      outer loop
         vertex 0.0328787 0 0.00737868
         vertex 0.0282206 8.78008e-19 0.00123623
         vertex 0.0267122 0 0.00275
      endloop
   endfacet
   facet normal 0 1 0
      outer loop
         vertex 0.03 0 0.0189472
         vertex 0.0328787 0 0.0116213
         vertex 0.0322284 0 0.0106481
      endloop
   endfacet
   facet normal 0 1 0
      outer loop
         vertex 0.03 0 5.27782e-05
         vertex 0.035 0 0.0065
         vertex 0.0361481 0 0.00672836
      endloop
   endfacet
   facet normal 0 1 0
      outer loop
         vertex 0.0267122 0 0.00275
         vertex 0.032 0 0.0095
         vertex 0.0322284 0 0.00835195
      endloop
   endfacet
   facet normal 0 1 0
      outer loop
         vertex 0.03 0 0.0189472
         vertex 0.0338519 0 0.0122716
         vertex 0.0328787 0 0.0116213
      endloop
   endfacet
   facet normal 0 1 0
      outer loop
         vertex 0.03 0 5.27782e-05
         vertex 0.0338519 0 0.00672836
         vertex 0.035 0 0.0065
      endloop
   endfacet
   facet normal 0 1 0
      outer loop
         vertex 0.0322284 0 0.0106481
         vertex 0.032 0 0.0095
         vertex 0.0267122 0 0.00275
      endloop
   endfacet
   facet normal 0 1 0
      outer loop
         vertex 0.042 0 0.022
         vertex 0.045 0 0.019
         vertex 0.0371213 0 0.0116213
      endloop
   endfacet
   facet normal 0 1 0
      outer loop
         vertex 0.0267122 0 0.00275
         vertex 0.0267122 0 0.01625
         vertex 0.0282206 8.67279e-19 0.0177638
      endloop
   endfacet
   facet normal 0 1 0
      outer loop
         vertex 0.0235 0 0.00275
         vertex 0.0235 0 0.01625
         vertex 0.0267122 0 0.01625
      endloop
   endfacet
   facet normal 0 1 0
      outer loop
         vertex 0.0338519 0 0.00672836
         vertex 0.03 0 5.27782e-05
         vertex 0.0282206 8.78008e-19 0.00123623
      endloop
   endfacet
   facet normal 0 1 0
      outer loop
         vertex 0.042 0 0.022
         vertex 0.0361481 0 0.0122716
         vertex 0.035 0 0.0125
      endloop
   endfacet
   facet normal 0 1 0
      outer loop
         vertex 0.045 0 0.019
         vertex 0.0377716 0 0.0106481
         vertex 0.0371213 0 0.0116213
      endloop
   endfacet
   facet normal 0 1 0
      outer loop
         vertex 0.045 0 -1.6237e-18
         vertex 0.0377716 0 0.00835195
         vertex 0.038 0 0.0095
      endloop
   endfacet
   facet normal 0 1 0
      outer loop
         vertex 0.0371213 0 0.00737868
         vertex 0.045 0 -1.6237e-18
         vertex 0.042 0 -0.003
      endloop
   endfacet
   facet normal 0 1 0
      outer loop
         vertex 0.0267122 0 0.01625
         vertex 0.0267122 0 0.00275
         vertex 0.0235 0 0.00275
      endloop
   endfacet
   facet normal 0 1 0
      outer loop
         vertex 0.03 0 0.0189472
         vertex 0.035 0 0.0125
         vertex 0.0338519 0 0.0122716
      endloop
   endfacet
   facet normal 0 1 0
      outer loop
         vertex 0.0371213 0 0.0116213
         vertex 0.0361481 0 0.0122716
         vertex 0.042 0 0.022
      endloop
   endfacet
   facet normal 0 1 0
      outer loop
         vertex 0.038 0 0.0095
         vertex 0.045 0 0.019
         vertex 0.045 0 -1.6237e-18
      endloop
   endfacet
   facet normal 0 1 0
      outer loop
         vertex 0.042 0 -0.003
         vertex 0.03 0 -0.003
         vertex 0.03 0 5.27782e-05
      endloop
   endfacet
   facet normal 0 1 0
      outer loop
         vertex 0.0361481 0 0.00672836
         vertex 0.0371213 0 0.00737868
         vertex 0.03 0 5.27782e-05
      endloop
   endfacet
   facet normal 0 1 0
      outer loop
         vertex 0.038 0 0.0095
         vertex 0.0377716 0 0.0106481
         vertex 0.045 0 0.019
      endloop
   endfacet
   facet normal 0 1 0
      outer loop
         vertex 0.042 0 -0.003
         vertex 0.03 0 5.27782e-05
         vertex 0.0371213 0 0.00737868
      endloop
   endfacet
   facet normal 0 1 0
      outer loop
         vertex 0.0282206 8.67279e-19 0.0177638
         vertex 0.03 0 0.0189472
         vertex 0.0267122 0 0.00275
      endloop
   endfacet
   facet normal 0 1 0
      outer loop
         vertex 0.0371213 0 0.00737868
         vertex 0.0377716 0 0.00835195
         vertex 0.045 0 -1.6237e-18
      endloop
   endfacet
   facet normal 0 1 0
      outer loop
         vertex 0.035 0 0.0125
         vertex 0.03 0 0.022
         vertex 0.042 0 0.022
      endloop
   endfacet
   facet normal 0 1 0
      outer loop
         vertex 0.03 0 0.0189472
         vertex 0.03 0 0.022
         vertex 0.035 0 0.0125
      endloop
   endfacet
   facet normal -1 0 0
      outer loop
         vertex 0.032 0 0.0095
         vertex 0.032 0.00375 0.0095
         vertex 0.0322284 0.00375 0.00835195
      endloop
   endfacet
   facet normal -0.92388 0 -0.382683
      outer loop
         vertex 0.0322284 0 0.00835195
         vertex 0.0322284 0.00375 0.00835195
         vertex 0.0328787 0.00375 0.00737868
      endloop
   endfacet
   facet normal -0.707107 0 -0.707107
      outer loop
         vertex 0.0328787 0 0.00737868
         vertex 0.0328787 0.00375 0.00737868
         vertex 0.0338519 0.00375 0.00672836
      endloop
   endfacet
   facet normal -0.382683 0 -0.92388
      outer loop
         vertex 0.0338519 0 0.00672836
         vertex 0.0338519 0.00375 0.00672836
         vertex 0.035 0.00375 0.0065
      endloop
   endfacet
   facet normal -1.83697e-16 0 -1
      outer loop
         vertex 0.035 0 0.0065
         vertex 0.035 0.00375 0.0065
         vertex 0.0361481 0.00375 0.00672836
      endloop
   endfacet
   facet normal 0.382683 0 -0.92388
      outer loop
         vertex 0.0361481 0 0.00672836
         vertex 0.0361481 0.00375 0.00672836
         vertex 0.0371213 0.00375 0.00737868
      endloop
   endfacet
   facet normal 0.707107 0 -0.707107
      outer loop
         vertex 0.0371213 0 0.00737868
         vertex 0.0371213 0.00375 0.00737868
         vertex 0.0377716 0.00375 0.00835195
      endloop
   endfacet
   facet normal 0.92388 0 -0.382683
      outer loop
         vertex 0.0377716 0 0.00835195
         vertex 0.0377716 0.00375 0.00835195
         vertex 0.038 0.00375 0.0095
      endloop
   endfacet
   facet normal 1 0 0
      outer loop
         vertex 0.038 0.00375 0.0095
         vertex 0.038 0 0.0095
         vertex 0.0377716 0 0.00835195
      endloop
   endfacet
   facet normal 0.92388 0 -0.382683
      outer loop
         vertex 0.0377716 0.00375 0.00835195
         vertex 0.0377716 0 0.00835195
         vertex 0.0371213 0 0.00737868
      endloop
   endfacet
   facet normal 0.707107 0 -0.707107
      outer loop
         vertex 0.0371213 0.00375 0.00737868
         vertex 0.0371213 0 0.00737868
         vertex 0.0361481 0 0.00672836
      endloop
   endfacet
   facet normal 0.382683 0 -0.92388
      outer loop
         vertex 0.0361481 0.00375 0.00672836
         vertex 0.0361481 0 0.00672836
         vertex 0.035 0 0.0065
      endloop
   endfacet
   facet normal -1.83697e-16 0 -1
      outer loop
         vertex 0.035 0.00375 0.0065
         vertex 0.035 0 0.0065
         vertex 0.0338519 0 0.00672836
      endloop
   endfacet
   facet normal -0.382683 0 -0.92388
      outer loop
         vertex 0.0338519 0.00375 0.00672836
         vertex 0.0338519 0 0.00672836
         vertex 0.0328787 0 0.00737868
      endloop
   endfacet
   facet normal -0.707107 0 -0.707107
      outer loop
         vertex 0.0328787 0.00375 0.00737868
         vertex 0.0328787 0 0.00737868
         vertex 0.0322284 0 0.00835195
      endloop
   endfacet
   facet normal -0.92388 0 -0.382683
      outer loop
         vertex 0.0322284 0.00375 0.00835195
         vertex 0.0322284 0 0.00835195
         vertex 0.032 0 0.0095
      endloop
   endfacet
   facet normal 1 0 0
      outer loop
         vertex 0.038 0 0.0095
         vertex 0.038 0.00375 0.0095
         vertex 0.0377716 0.00375 0.0106481
      endloop
   endfacet
   facet normal 0.92388 0 0.382683
      outer loop
         vertex 0.0377716 0 0.0106481
         vertex 0.0377716 0.00375 0.0106481
         vertex 0.0371213 0.00375 0.0116213
      endloop
   endfacet
   facet normal 0.707107 0 0.707107
      outer loop
         vertex 0.0371213 0 0.0116213
         vertex 0.0371213 0.00375 0.0116213
         vertex 0.0361481 0.00375 0.0122716
      endloop
   endfacet
   facet normal 0.382683 0 0.92388
      outer loop
         vertex 0.0361481 0 0.0122716
         vertex 0.0361481 0.00375 0.0122716
         vertex 0.035 0.00375 0.0125
      endloop
   endfacet
   facet normal 6.12323e-17 0 1
      outer loop
         vertex 0.035 0 0.0125
         vertex 0.035 0.00375 0.0125
         vertex 0.0338519 0.00375 0.0122716
      endloop
   endfacet
   facet normal -0.382683 0 0.92388
      outer loop
         vertex 0.0338519 0 0.0122716
         vertex 0.0338519 0.00375 0.0122716
         vertex 0.0328787 0.00375 0.0116213
      endloop
   endfacet
   facet normal -0.707107 0 0.707107
      outer loop
         vertex 0.0328787 0 0.0116213
         vertex 0.0328787 0.00375 0.0116213
         vertex 0.0322284 0.00375 0.0106481
      endloop
   endfacet
   facet normal -0.92388 0 0.382683
      outer loop
         vertex 0.0322284 0 0.0106481
         vertex 0.0322284 0.00375 0.0106481
         vertex 0.032 0.00375 0.0095
      endloop
   endfacet
   facet normal -1 0 0
      outer loop
         vertex 0.032 0.00375 0.0095
         vertex 0.032 0 0.0095
         vertex 0.0322284 0 0.0106481
      endloop
   endfacet
   facet normal -0.92388 0 0.382683
      outer loop
         vertex 0.0322284 0.00375 0.0106481
         vertex 0.0322284 0 0.0106481
         vertex 0.0328787 0 0.0116213
      endloop
   endfacet
   facet normal -0.707107 0 0.707107
      outer loop
         vertex 0.0328787 0.00375 0.0116213
         vertex 0.0328787 0 0.0116213
         vertex 0.0338519 0 0.0122716
      endloop
   endfacet
   facet normal -0.382683 0 0.92388
      outer loop
         vertex 0.0338519 0.00375 0.0122716
         vertex 0.0338519 0 0.0122716
         vertex 0.035 0 0.0125
      endloop
   endfacet
   facet normal 6.12323e-17 0 1
      outer loop
         vertex 0.035 0.00375 0.0125
         vertex 0.035 0 0.0125
         vertex 0.0361481 0 0.0122716
      endloop
   endfacet
   facet normal 0.382683 0 0.92388
      outer loop
         vertex 0.0361481 0.00375 0.0122716
         vertex 0.0361481 0 0.0122716
         vertex 0.0371213 0 0.0116213
      endloop
   endfacet
   facet normal 0.707107 0 0.707107
      outer loop
         vertex 0.0371213 0.00375 0.0116213
         vertex 0.0371213 0 0.0116213
         vertex 0.0377716 0 0.0106481
      endloop
   endfacet
   facet normal 0.92388 0 0.382683
      outer loop
         vertex 0.0377716 0.00375 0.0106481
         vertex 0.0377716 0 0.0106481
         vertex 0.038 0 0.0095
      endloop
   endfacet
   facet normal 0 1 0
      outer loop
         vertex 0.0361481 0.00375 0.0122716
         vertex 0.0371213 0.00375 0.0116213
         vertex 0.0358839 0.00375 0.0103839
      endloop
   endfacet
   facet normal 0 1 0
      outer loop
         vertex 0.0371213 0.00375 0.0116213
         vertex 0.0377716 0.00375 0.0106481
         vertex 0.0361548 0.00375 0.00997835
      endloop
   endfacet
   facet normal 0 1 0
      outer loop
         vertex 0.0371213 0.00375 0.00737868
         vertex 0.0358839 0.00375 0.00861612
         vertex 0.0361548 0.00375 0.00902165
      endloop
   endfacet
   facet normal 0 1 0
      outer loop
         vertex 0.0361481 0.00375 0.00672836
         vertex 0.0354784 0.00375 0.00834515
         vertex 0.0358839 0.00375 0.00861612
      endloop
   endfacet
   facet normal 0 1 0
      outer loop
         vertex 0.035 0.00375 0.0065
         vertex 0.035 0.00375 0.00825
         vertex 0.0354784 0.00375 0.00834515
      endloop
   endfacet
   facet normal 0 1 0
      outer loop
         vertex 0.035 0.00375 0.0065
         vertex 0.0338519 0.00375 0.00672836
         vertex 0.0345216 0.00375 0.00834515
      endloop
   endfacet
   facet normal 0 1 0
      outer loop
         vertex 0.0328787 0.00375 0.00737868
         vertex 0.0322284 0.00375 0.00835195
         vertex 0.0338452 0.00375 0.00902165
      endloop
   endfacet
   facet normal 0 1 0
      outer loop
         vertex 0.0322284 0.00375 0.00835195
         vertex 0.032 0.00375 0.0095
         vertex 0.03375 0.00375 0.0095
      endloop
   endfacet
   facet normal 0 1 0
      outer loop
         vertex 0.035 0.00375 0.0125
         vertex 0.0361481 0.00375 0.0122716
         vertex 0.0354784 0.00375 0.0106548
      endloop
   endfacet
   facet normal 0 1 0
      outer loop
         vertex 0.0361548 0.00375 0.00997835
         vertex 0.0358839 0.00375 0.0103839
         vertex 0.0371213 0.00375 0.0116213
      endloop
   endfacet
   facet normal 0 1 0
      outer loop
         vertex 0.038 0.00375 0.0095
         vertex 0.03625 0.00375 0.0095
         vertex 0.0361548 0.00375 0.00997835
      endloop
   endfacet
   facet normal 0 1 0
      outer loop
         vertex 0.038 0.00375 0.0095
         vertex 0.0377716 0.00375 0.00835195
         vertex 0.0361548 0.00375 0.00902165
      endloop
   endfacet
   facet normal 0 1 0
      outer loop
         vertex 0.0358839 0.00375 0.00861612
         vertex 0.0371213 0.00375 0.00737868
         vertex 0.0361481 0.00375 0.00672836
      endloop
   endfacet
   facet normal 0 1 0
      outer loop
         vertex 0.0345216 0.00375 0.00834515
         vertex 0.035 0.00375 0.00825
         vertex 0.035 0.00375 0.0065
      endloop
   endfacet
   facet normal 0 1 0
      outer loop
         vertex 0.0338519 0.00375 0.00672836
         vertex 0.0328787 0.00375 0.00737868
         vertex 0.0341161 0.00375 0.00861612
      endloop
   endfacet
   facet normal 0 1 0
      outer loop
         vertex 0.03375 0.00375 0.0095
         vertex 0.0338452 0.00375 0.00902165
         vertex 0.0322284 0.00375 0.00835195
      endloop
   endfacet
   facet normal 0 1 0
      outer loop
         vertex 0.0322284 0.00375 0.0106481
         vertex 0.0338452 0.00375 0.00997835
         vertex 0.03375 0.00375 0.0095
      endloop
   endfacet
   facet normal 0 1 0
      outer loop
         vertex 0.0328787 0.00375 0.0116213
         vertex 0.0341161 0.00375 0.0103839
         vertex 0.0338452 0.00375 0.00997835
      endloop
   endfacet
   facet normal 0 1 0
      outer loop
         vertex 0.0358839 0.00375 0.0103839
         vertex 0.0354784 0.00375 0.0106548
         vertex 0.0361481 0.00375 0.0122716
      endloop
   endfacet
   facet normal 0 1 0
      outer loop
         vertex 0.0361548 0.00375 0.00902165
         vertex 0.03625 0.00375 0.0095
         vertex 0.038 0.00375 0.0095
      endloop
   endfacet
   facet normal 0 1 0
      outer loop
         vertex 0.0354784 0.00375 0.00834515
         vertex 0.0361481 0.00375 0.00672836
         vertex 0.035 0.00375 0.0065
      endloop
   endfacet
   facet normal 0 1 0
      outer loop
         vertex 0.0338452 0.00375 0.00902165
         vertex 0.0341161 0.00375 0.00861612
         vertex 0.0328787 0.00375 0.00737868
      endloop
   endfacet
   facet normal 0 1 0
      outer loop
         vertex 0.0338452 0.00375 0.00997835
         vertex 0.0322284 0.00375 0.0106481
         vertex 0.0328787 0.00375 0.0116213
      endloop
   endfacet
   facet normal 0 1 0
      outer loop
         vertex 0.0338519 0.00375 0.0122716
         vertex 0.0345216 0.00375 0.0106548
         vertex 0.0341161 0.00375 0.0103839
      endloop
   endfacet
   facet normal 0 1 0
      outer loop
         vertex 0.0361548 0.00375 0.00997835
         vertex 0.0377716 0.00375 0.0106481
         vertex 0.038 0.00375 0.0095
      endloop
   endfacet
   facet normal 0 1 0
      outer loop
         vertex 0.0341161 0.00375 0.00861612
         vertex 0.0345216 0.00375 0.00834515
         vertex 0.0338519 0.00375 0.00672836
      endloop
   endfacet
   facet normal 0 1 0
      outer loop
         vertex 0.0341161 0.00375 0.0103839
         vertex 0.0328787 0.00375 0.0116213
         vertex 0.0338519 0.00375 0.0122716
      endloop
   endfacet
   facet normal 0 1 0
      outer loop
         vertex 0.035 0.00375 0.0125
         vertex 0.035 0.00375 0.01075
         vertex 0.0345216 0.00375 0.0106548
      endloop
   endfacet
   facet normal 0 1 0
      outer loop
         vertex 0.0361548 0.00375 0.00902165
         vertex 0.0377716 0.00375 0.00835195
         vertex 0.0371213 0.00375 0.00737868
      endloop
   endfacet
   facet normal 0 1 0
      outer loop
         vertex 0.0345216 0.00375 0.0106548
         vertex 0.0338519 0.00375 0.0122716
         vertex 0.035 0.00375 0.0125
      endloop
   endfacet
   facet normal 0 1 0
      outer loop
         vertex 0.03375 0.00375 0.0095
         vertex 0.032 0.00375 0.0095
         vertex 0.0322284 0.00375 0.0106481
      endloop
   endfacet
   facet normal 0 1 0
      outer loop
         vertex 0.0354784 0.00375 0.0106548
         vertex 0.035 0.00375 0.01075
         vertex 0.035 0.00375 0.0125
      endloop
   endfacet
   facet normal 0.92388 0 -0.382683
      outer loop
         vertex 0.0338452 0 0.00997835
         vertex 0.03375 0 0.0095
         vertex 0.03375 0.00375 0.0095
      endloop
   endfacet
   facet normal 0.707107 0 -0.707107
      outer loop
         vertex 0.0341161 0 0.0103839
         vertex 0.0338452 0 0.00997835
         vertex 0.0338452 0.00375 0.00997835
      endloop
   endfacet
   facet normal 0.382683 0 -0.92388
      outer loop
         vertex 0.0345216 0 0.0106548
         vertex 0.0341161 0 0.0103839
         vertex 0.0341161 0.00375 0.0103839
      endloop
   endfacet
   facet normal -6.12323e-17 0 -1
      outer loop
         vertex 0.035 0 0.01075
         vertex 0.0345216 0 0.0106548
         vertex 0.0345216 0.00375 0.0106548
      endloop
   endfacet
   facet normal -0.382683 0 -0.92388
      outer loop
         vertex 0.0354784 0 0.0106548
         vertex 0.035 0 0.01075
         vertex 0.035 0.00375 0.01075
      endloop
   endfacet
   facet normal -0.707107 0 -0.707107
      outer loop
         vertex 0.0358839 0 0.0103839
         vertex 0.0354784 0 0.0106548
         vertex 0.0354784 0.00375 0.0106548
      endloop
   endfacet
   facet normal -0.92388 0 -0.382683
      outer loop
         vertex 0.0361548 0 0.00997835
         vertex 0.0358839 0 0.0103839
         vertex 0.0358839 0.00375 0.0103839
      endloop
   endfacet
   facet normal -1 0 0
      outer loop
         vertex 0.03625 0 0.0095
         vertex 0.0361548 0 0.00997835
         vertex 0.0361548 0.00375 0.00997835
      endloop
   endfacet
   facet normal -0.92388 0 -0.382683
      outer loop
         vertex 0.0361548 0.00375 0.00997835
         vertex 0.03625 0.00375 0.0095
         vertex 0.03625 0 0.0095
      endloop
   endfacet
   facet normal -0.707107 0 -0.707107
      outer loop
         vertex 0.0358839 0.00375 0.0103839
         vertex 0.0361548 0.00375 0.00997835
         vertex 0.0361548 0 0.00997835
      endloop
   endfacet
   facet normal -0.382683 0 -0.92388
      outer loop
         vertex 0.0354784 0.00375 0.0106548
         vertex 0.0358839 0.00375 0.0103839
         vertex 0.0358839 0 0.0103839
      endloop
   endfacet
   facet normal -6.12323e-17 0 -1
      outer loop
         vertex 0.035 0.00375 0.01075
         vertex 0.0354784 0.00375 0.0106548
         vertex 0.0354784 0 0.0106548
      endloop
   endfacet
   facet normal 0.382683 0 -0.92388
      outer loop
         vertex 0.0345216 0.00375 0.0106548
         vertex 0.035 0.00375 0.01075
         vertex 0.035 0 0.01075
      endloop
   endfacet
   facet normal 0.707107 0 -0.707107
      outer loop
         vertex 0.0341161 0.00375 0.0103839
         vertex 0.0345216 0.00375 0.0106548
         vertex 0.0345216 0 0.0106548
      endloop
   endfacet
   facet normal 0.92388 0 -0.382683
      outer loop
         vertex 0.0338452 0.00375 0.00997835
         vertex 0.0341161 0.00375 0.0103839
         vertex 0.0341161 0 0.0103839
      endloop
   endfacet
   facet normal 1 0 0
      outer loop
         vertex 0.03375 0.00375 0.0095
         vertex 0.0338452 0.00375 0.00997835
         vertex 0.0338452 0 0.00997835
      endloop
   endfacet
   facet normal -0.92388 0 0.382683
      outer loop
         vertex 0.0361548 0 0.00902165
         vertex 0.03625 0 0.0095
         vertex 0.03625 0.00375 0.0095
      endloop
   endfacet
   facet normal -0.707107 0 0.707107
      outer loop
         vertex 0.0358839 0 0.00861612
         vertex 0.0361548 0 0.00902165
         vertex 0.0361548 0.00375 0.00902165
      endloop
   endfacet
   facet normal -0.382683 0 0.92388
      outer loop
         vertex 0.0354784 0 0.00834515
         vertex 0.0358839 0 0.00861612
         vertex 0.0358839 0.00375 0.00861612
      endloop
   endfacet
   facet normal 1.83697e-16 0 1
      outer loop
         vertex 0.035 0 0.00825
         vertex 0.0354784 0 0.00834515
         vertex 0.0354784 0.00375 0.00834515
      endloop
   endfacet
   facet normal 0.382683 0 0.92388
      outer loop
         vertex 0.0345216 0 0.00834515
         vertex 0.035 0 0.00825
         vertex 0.035 0.00375 0.00825
      endloop
   endfacet
   facet normal 0.707107 0 0.707107
      outer loop
         vertex 0.0341161 0 0.00861612
         vertex 0.0345216 0 0.00834515
         vertex 0.0345216 0.00375 0.00834515
      endloop
   endfacet
   facet normal 0.92388 0 0.382683
      outer loop
         vertex 0.0338452 0 0.00902165
         vertex 0.0341161 0 0.00861612
         vertex 0.0341161 0.00375 0.00861612
      endloop
   endfacet
   facet normal 1 0 0
      outer loop
         vertex 0.03375 0 0.0095
         vertex 0.0338452 0 0.00902165
         vertex 0.0338452 0.00375 0.00902165
      endloop
   endfacet
   facet normal 0.92388 0 0.382683
      outer loop
         vertex 0.0338452 0.00375 0.00902165
         vertex 0.03375 0.00375 0.0095
         vertex 0.03375 0 0.0095
      endloop
   endfacet
   facet normal 0.707107 0 0.707107
      outer loop
         vertex 0.0341161 0.00375 0.00861612
         vertex 0.0338452 0.00375 0.00902165
         vertex 0.0338452 0 0.00902165
      endloop
   endfacet
   facet normal 0.382683 0 0.92388
      outer loop
         vertex 0.0345216 0.00375 0.00834515
         vertex 0.0341161 0.00375 0.00861612
         vertex 0.0341161 0 0.00861612
      endloop
   endfacet
   facet normal 1.83697e-16 0 1
      outer loop
         vertex 0.035 0.00375 0.00825
         vertex 0.0345216 0.00375 0.00834515
         vertex 0.0345216 0 0.00834515
      endloop
   endfacet
   facet normal -0.382683 0 0.92388
      outer loop
         vertex 0.0354784 0.00375 0.00834515
         vertex 0.035 0.00375 0.00825
         vertex 0.035 0 0.00825
      endloop
   endfacet
   facet normal -0.707107 0 0.707107
      outer loop
         vertex 0.0358839 0.00375 0.00861612
         vertex 0.0354784 0.00375 0.00834515
         vertex 0.0354784 0 0.00834515
      endloop
   endfacet
   facet normal -0.92388 0 0.382683
      outer loop
         vertex 0.0361548 0.00375 0.00902165
         vertex 0.0358839 0.00375 0.00861612
         vertex 0.0358839 0 0.00861612
      endloop
   endfacet
   facet normal -1 0 0
      outer loop
         vertex 0.03625 0.00375 0.0095
         vertex 0.0361548 0.00375 0.00902165
         vertex 0.0361548 0 0.00902165
      endloop
   endfacet
   facet normal 0 1 0
      outer loop
         vertex 0.0354784 0 0.00834515
         vertex 0.0354784 0 0.0106548
         vertex 0.0358839 0 0.0103839
      endloop
   endfacet
   facet normal 0 1 0
      outer loop
         vertex 0.0338452 0 0.00997835
         vertex 0.0341161 0 0.00861612
         vertex 0.0338452 0 0.00902165
      endloop
   endfacet
   facet normal 0 1 0
      outer loop
         vertex 0.0338452 0 0.00997835
         vertex 0.035 0 0.00825
         vertex 0.0345216 0 0.00834515
      endloop
   endfacet
   facet normal 0 1 0
      outer loop
         vertex 0.03625 0 0.0095
         vertex 0.0361548 0 0.00902165
         vertex 0.0358839 0 0.00861612
      endloop
   endfacet
   facet normal 0 1 0
      outer loop
         vertex 0.0358839 0 0.0103839
         vertex 0.0361548 0 0.00997835
         vertex 0.0354784 0 0.00834515
      endloop
   endfacet
   facet normal 0 1 0
      outer loop
         vertex 0.0345216 0 0.00834515
         vertex 0.0341161 0 0.00861612
         vertex 0.0338452 0 0.00997835
      endloop
   endfacet
   facet normal 0 1 0
      outer loop
         vertex 0.0361548 0 0.00997835
         vertex 0.03625 0 0.0095
         vertex 0.0354784 0 0.00834515
      endloop
   endfacet
   facet normal 0 1 0
      outer loop
         vertex 0.0354784 0 0.00834515
         vertex 0.0345216 0 0.0106548
         vertex 0.035 0 0.01075
      endloop
   endfacet
   facet normal 0 1 0
      outer loop
         vertex 0.0354784 0 0.00834515
         vertex 0.0338452 0 0.00997835
         vertex 0.0341161 0 0.0103839
      endloop
   endfacet
   facet normal 0 1 0
      outer loop
         vertex 0.0338452 0 0.00997835
         vertex 0.0354784 0 0.00834515
         vertex 0.035 0 0.00825
      endloop
   endfacet
   facet normal 0 1 0
      outer loop
         vertex 0.035 0 0.01075
         vertex 0.0354784 0 0.0106548
         vertex 0.0354784 0 0.00834515
      endloop
   endfacet
   facet normal 0 1 0
      outer loop
         vertex 0.0338452 0 0.00902165
         vertex 0.03375 0 0.0095
         vertex 0.0338452 0 0.00997835
      endloop
   endfacet
   facet normal 0 1 0
      outer loop
         vertex 0.0341161 0 0.0103839
         vertex 0.0345216 0 0.0106548
         vertex 0.0354784 0 0.00834515
      endloop
   endfacet
   facet normal 0 1 0
      outer loop
         vertex 0.0358839 0 0.00861612
         vertex 0.0354784 0 0.00834515
         vertex 0.03625 0 0.0095
      endloop
   endfacet
   facet normal -0.916157 0.400819 0
      outer loop
         vertex 4.6875e-05 0.0015 0.0204305
         vertex 4.6875e-05 0.0015 0.017
         vertex 6.38427e-19 0.00139286 0.02
      endloop
   endfacet
   facet normal -0.916157 0.400819 0
      outer loop
         vertex 4.6875e-05 0.0015 -0.00143047
         vertex 2.32144e-05 0.00144592 -0.00130384
         vertex 1.03596e-20 0.00139286 -0.001
      endloop
   endfacet
   facet normal -0.916157 0.400819 0
      outer loop
         vertex 0.0008125 0.00325 0.002
         vertex 4.6875e-05 0.0015 0.002
         vertex 4.6875e-05 0.0015 0.017
      endloop
   endfacet
   facet normal -0.916157 0.400819 0
      outer loop
         vertex 6.38427e-19 0.00139286 0.02
         vertex 1.24079e-05 0.00142122 0.0202224
         vertex 4.6875e-05 0.0015 0.0204305
      endloop
   endfacet
   facet normal -0.916157 0.400819 0
      outer loop
         vertex 1.03596e-20 0.00139286 -0.001
         vertex 6.38427e-19 0.00139286 0.02
         vertex 4.6875e-05 0.0015 0.002
      endloop
   endfacet
   facet normal -0.916157 0.400819 0
      outer loop
         vertex 4.6875e-05 0.0015 0.017
         vertex 4.6875e-05 0.0015 0.002
         vertex 6.38427e-19 0.00139286 0.02
      endloop
   endfacet
   facet normal -0.916157 0.400819 0
      outer loop
         vertex 4.6875e-05 0.0015 0.017
         vertex 0.0008125 0.00325 0.017
         vertex 0.0008125 0.00325 0.002
      endloop
   endfacet
   facet normal -0.916157 0.400819 0
      outer loop
         vertex 1.03596e-20 0.00139286 -0.001
         vertex 4.6875e-05 0.0015 0.002
         vertex 4.6875e-05 0.0015 -0.00143047
      endloop
   endfacet
   facet normal 0 0 -1
      outer loop
         vertex 0.005 0.0015 0.002
         vertex 4.6875e-05 0.0015 0.002
         vertex 0.0008125 0.00325 0.002
      endloop
   endfacet
   facet normal 0 0 -1
      outer loop
         vertex 0.0008125 0.00325 0.002
         vertex 0.005 0.00325 0.002
         vertex 0.005 0.0015 0.002
      endloop
   endfacet
   facet normal -1 0 0
      outer loop
         vertex 0.005 0.00325 3.70074e-20
         vertex 0.005 0.0015 -3.70074e-20
         vertex 0.005 0.0015 0.002
      endloop
   endfacet
   facet normal -1 0 0
      outer loop
         vertex 0.005 0.0015 0.002
         vertex 0.005 0.00325 0.002
         vertex 0.005 0.00325 3.70074e-20
      endloop
   endfacet
   facet normal 0 0 1
      outer loop
         vertex 0.005 0.0015 0.017
         vertex 0.005 0.00325 0.017
         vertex 0.0008125 0.00325 0.017
      endloop
   endfacet
   facet normal 0 0 1
      outer loop
         vertex 0.0008125 0.00325 0.017
         vertex 4.6875e-05 0.0015 0.017
         vertex 0.005 0.0015 0.017
      endloop
   endfacet
   facet normal -1 0 0
      outer loop
         vertex 0.005 0.0015 0.019
         vertex 0.005 0.00325 0.019
         vertex 0.005 0.00325 0.017
      endloop
   endfacet
   facet normal -1 0 0
      outer loop
         vertex 0.005 0.00325 0.017
         vertex 0.005 0.0015 0.017
         vertex 0.005 0.0015 0.019
      endloop
   endfacet
   facet normal 0 1 0
      outer loop
         vertex 0.0008125 0.00325 0.017
         vertex 0.005 0.00325 0.017
         vertex 0.005 0.00325 0.002
      endloop
   endfacet
   facet normal 0 1 0
      outer loop
         vertex 0.016 0.00325 -4.95635e-20
         vertex 0.005 0.00325 3.70074e-20
         vertex 0.005 0.00325 0.002
      endloop
   endfacet
   facet normal 0 1 0
      outer loop
         vertex 0.016 0.00325 0.019
         vertex 0.016 0.00325 -4.95635e-20
         vertex 0.005 0.00325 0.017
      endloop
   endfacet
   facet normal 0 1 0
      outer loop
         vertex 0.005 0.00325 0.002
         vertex 0.005 0.00325 0.017
         vertex 0.016 0.00325 -4.95635e-20
      endloop
   endfacet
   facet normal 0 1 0
      outer loop
         vertex 0.005 0.00325 0.002
         vertex 0.0008125 0.00325 0.002
         vertex 0.0008125 0.00325 0.017
      endloop
   endfacet
   facet normal 0 1 0
      outer loop
         vertex 0.005 0.00325 0.017
         vertex 0.005 0.00325 0.019
         vertex 0.016 0.00325 0.019
      endloop
   endfacet
   facet normal 0 0 1
      outer loop
         vertex 0.005 0.0015 0.019
         vertex 0.0176154 0.0015 0.019
         vertex 0.016 0.00325 0.019
      endloop
   endfacet
   facet normal 0 0 1
      outer loop
         vertex 0.016 0.00325 0.019
         vertex 0.005 0.00325 0.019
         vertex 0.005 0.0015 0.019
      endloop
   endfacet
   facet normal 0 0 -1
      outer loop
         vertex 0.005 0.0015 -3.70074e-20
         vertex 0.005 0.00325 3.70074e-20
         vertex 0.016 0.00325 -4.95635e-20
      endloop
   endfacet
   facet normal 0 0 -1
      outer loop
         vertex 0.016 0.00325 -4.95635e-20
         vertex 0.0176154 0.0015 -3.05006e-20
         vertex 0.005 0.0015 -3.70074e-20
      endloop
   endfacet
   facet normal 0.734803 0.67828 0
      outer loop
         vertex 0.019 0 0.0195
         vertex 0.0176154 0.0015 -3.05006e-20
         vertex 0.0176154 0.0015 0.019
      endloop
   endfacet
   facet normal 0.734803 0.67828 0
      outer loop
         vertex 0.016 0.00325 0.019
         vertex 0.0176154 0.0015 0.019
         vertex 0.0176154 0.0015 -3.05006e-20
      endloop
   endfacet
   facet normal 0.734803 0.67828 0
      outer loop
         vertex 0.0176154 0.0015 -3.05006e-20
         vertex 0.016 0.00325 -4.95635e-20
         vertex 0.016 0.00325 0.019
      endloop
   endfacet
   facet normal 0.734803 0.67828 0
      outer loop
         vertex 0.019 0 -0.0005
         vertex 0.0176154 0.0015 -0.0005
         vertex 0.0176154 0.0015 -3.05006e-20
      endloop
   endfacet
   facet normal 0.734803 0.67828 0
      outer loop
         vertex 0.0176154 0.0015 -3.05006e-20
         vertex 0.019 0 0.0195
         vertex 0.019 0 -0.0005
      endloop
   endfacet
   facet normal 0.734803 0.67828 0
      outer loop
         vertex 0.0176154 0.0015 0.019
         vertex 0.0176154 0.0015 0.0195
         vertex 0.019 0 0.0195
      endloop
   endfacet
   facet normal -1 0 0
      outer loop
         vertex 0.0235 0.0015 -0.0005
         vertex 0.0235 -0.01 -0.0005
         vertex 0.0235 0 0.00275
      endloop
   endfacet
   facet normal -1 0 0
      outer loop
         vertex 0.0235 -0.01 -0.0005
         vertex 0.0235 -0.01 0.0195
         vertex 0.0235 0 0.01625
      endloop
   endfacet
   facet normal -1 0 0
      outer loop
         vertex 0.0235 0 0.01625
         vertex 0.0235 0 0.00275
         vertex 0.0235 -0.01 -0.0005
      endloop
   endfacet
   facet normal -1 0 0
      outer loop
         vertex 0.0235 0.0015 0.0195
         vertex 0.0235 0.0015 0.01625
         vertex 0.0235 0 0.01625
      endloop
   endfacet
   facet normal -1 0 0
      outer loop
         vertex 0.0235 0 0.01625
         vertex 0.0235 -0.01 0.0195
         vertex 0.0235 0.0015 0.0195
      endloop
   endfacet
   facet normal -1 0 0
      outer loop
         vertex 0.0235 0 0.00275
         vertex 0.0235 0.0015 0.00275
         vertex 0.0235 0.0015 -0.0005
      endloop
   endfacet
   facet normal 0 0 -1
      outer loop
         vertex 0.0235 -0.01 0.0195
         vertex 0.019 -0.01 0.0195
         vertex 0.019 0 0.0195
      endloop
   endfacet
   facet normal 0 0 -1
      outer loop
         vertex 0.019 0 0.0195
         vertex 0.0235 0.0015 0.0195
         vertex 0.0235 -0.01 0.0195
      endloop
   endfacet
   facet normal 0 0 -1
      outer loop
         vertex 0.019 0 0.0195
         vertex 0.0176154 0.0015 0.0195
         vertex 0.0235 0.0015 0.0195
      endloop
   endfacet
   facet normal 0 0 1
      outer loop
         vertex 0.0235 -0.01 -0.0005
         vertex 0.0235 0.0015 -0.0005
         vertex 0.019 0 -0.0005
      endloop
   endfacet
   facet normal 0 0 1
      outer loop
         vertex 0.0235 0.0015 -0.0005
         vertex 0.0176154 0.0015 -0.0005
         vertex 0.019 0 -0.0005
      endloop
   endfacet
   facet normal 0 0 1
      outer loop
         vertex 0.019 0 -0.0005
         vertex 0.019 -0.01 -0.0005
         vertex 0.0235 -0.01 -0.0005
      endloop
   endfacet
   facet normal 1 0 0
      outer loop
         vertex 0.019 -0.01 -0.0005
         vertex 0.019 0 -0.0005
         vertex 0.019 0 0.0195
      endloop
   endfacet
   facet normal 1 0 0
      outer loop
         vertex 0.019 0 0.0195
         vertex 0.019 -0.01 0.0195
         vertex 0.019 -0.01 -0.0005
      endloop
   endfacet
   facet normal 0 1 0
      outer loop
         vertex 0.0235 -0.01 -0.0005
         vertex 0.019 -0.01 -0.0005
         vertex 0.019 -0.01 0.0195
      endloop
   endfacet
   facet normal 0 1 0
      outer loop
         vertex 0.019 -0.01 0.0195
         vertex 0.0235 -0.01 0.0195
         vertex 0.0235 -0.01 -0.0005
      endloop
   endfacet
   facet normal 0 -1 0
      outer loop
         vertex 0.00288582 -0.0305 -0.000925975
         vertex 0.003 -0.0305 -0.0015
         vertex 0.00507612 -0.0305 -0.000882683
      endloop
   endfacet
   facet normal 0 -1 0
      outer loop
         vertex 0.003 -0.0305 -0.003
         vertex 0.00529289 -0.0305 -0.00120711
         vertex 0.00507612 -0.0305 -0.000882683
      endloop
   endfacet
   facet normal 0 -1 0
      outer loop
         vertex 0.00507612 -0.0305 -0.000882683
         vertex 0.003 -0.0305 -0.0015
         vertex 0.003 -0.0305 -0.003
      endloop
   endfacet
   facet normal 0 -1 0
      outer loop
         vertex 0.03 -0.0305 -0.000463788
         vertex 0.0268127 -0.0305 0.001934
         vertex 0.0267071 -0.0305 0.000207107
      endloop
   endfacet
   facet normal 0 -1 0
      outer loop
         vertex 0.024 -0.0305 0.002
         vertex 0.0256173 -0.0305 0.00042388
         vertex 0.026 -0.0305 0.0005
      endloop
   endfacet
   facet normal 0 -1 0
      outer loop
         vertex 0 -0.0305 0.002
         vertex 0.00561732 -0.0305 0.00042388
         vertex 0.006 -0.0305 0.0005
      endloop
   endfacet
   facet normal 0 -1 0
      outer loop
         vertex 0.00507612 -0.0305 -0.000117317
         vertex 0.00207403 -0.0305 -0.000114181
         vertex 0.00256066 -0.0305 -0.00043934
      endloop
   endfacet
   facet normal 0 -1 0
      outer loop
         vertex 0.003 -0.0305 -0.003
         vertex 0.00561732 -0.0305 -0.00142388
         vertex 0.00529289 -0.0305 -0.00120711
      endloop
   endfacet
   facet normal 0 -1 0
      outer loop
         vertex 0.009 -0.0305 -0.002
         vertex 0.00638268 -0.0305 -0.00142388
         vertex 0.006 -0.0305 -0.0015
      endloop
   endfacet
   facet normal 0 -1 0
      outer loop
         vertex 0.0267071 -0.0305 0.000207107
         vertex 0.0269239 -0.0305 -0.000117317
         vertex 0.03 -0.0305 -0.000463788
      endloop
   endfacet
   facet normal 0 -1 0
      outer loop
         vertex 0.026 -0.0305 0.0005
         vertex 0.0263827 -0.0305 0.00042388
         vertex 0.0268127 -0.0305 0.001934
      endloop
   endfacet
   facet normal 0 -1 0
      outer loop
         vertex 0.024 -0.0305 0.002
         vertex 0.0252929 -0.0305 0.000207107
         vertex 0.0256173 -0.0305 0.00042388
      endloop
   endfacet
   facet normal 0 -1 0
      outer loop
         vertex 0.009 -0.0305 0.002
         vertex 0.00638268 -0.0305 0.00042388
         vertex 0.00670711 -0.0305 0.000207107
      endloop
   endfacet
   facet normal 0 -1 0
      outer loop
         vertex 0.006 -0.0305 0.0005
         vertex 0.009 -0.0305 0.002
         vertex 0 -0.0305 0.002
      endloop
   endfacet
   facet normal 0 -1 0
      outer loop
         vertex 0.00507612 -0.0305 -0.000117317
         vertex 0 -0.0305 0.002
         vertex 0.00207403 -0.0305 -0.000114181
      endloop
   endfacet
   facet normal 0 -1 0
      outer loop
         vertex 0 -0.0305 0.002
         vertex -1.85037e-20 -0.0305 -1.11022e-19
         vertex 0.0015 -0.0305 0
      endloop
   endfacet
   facet normal 0 -1 0
      outer loop
         vertex 0.003 -0.0305 -0.003
         vertex 0.006 -0.0305 -0.0015
         vertex 0.00561732 -0.0305 -0.00142388
      endloop
   endfacet
   facet normal 0 -1 0
      outer loop
         vertex 0.009 -0.0305 -0.002
         vertex 0.00670711 -0.0305 -0.00120711
         vertex 0.00638268 -0.0305 -0.00142388
      endloop
   endfacet
   facet normal 0 -1 0
      outer loop
         vertex 0.009 -0.0305 -0.002
         vertex 0.00670711 -0.0305 0.000207107
         vertex 0.00692388 -0.0305 -0.000117317
      endloop
   endfacet
   facet normal 0 -1 0
      outer loop
         vertex 0.03 -0.0305 -0.003
         vertex 0.0267071 -0.0305 -0.00120711
         vertex 0.0263827 -0.0305 -0.00142388
      endloop
   endfacet
   facet normal 0 -1 0
      outer loop
         vertex 0.0268127 -0.0305 0.001934
         vertex 0.0263827 -0.0305 0.00042388
         vertex 0.0267071 -0.0305 0.000207107
      endloop
   endfacet
   facet normal 0 -1 0
      outer loop
         vertex 0.026 -0.0305 0.0005
         vertex 0.0267521 -0.0305 0.002
         vertex 0.024 -0.0305 0.002
      endloop
   endfacet
   facet normal 0 -1 0
      outer loop
         vertex 0.024 -0.0305 -0.002
         vertex 0.0252929 -0.0305 -0.00120711
         vertex 0.0250761 -0.0305 -0.000882683
      endloop
   endfacet
   facet normal 0 -1 0
      outer loop
         vertex 0.006 -0.0305 0.0005
         vertex 0.00638268 -0.0305 0.00042388
         vertex 0.009 -0.0305 0.002
      endloop
   endfacet
   facet normal 0 -1 0
      outer loop
         vertex 0 -0.0305 0.002
         vertex 0.00507612 -0.0305 -0.000117317
         vertex 0.00529289 -0.0305 0.000207107
      endloop
   endfacet
   facet normal 0 -1 0
      outer loop
         vertex 0.0015 -0.0305 0
         vertex 0.00207403 -0.0305 -0.000114181
         vertex 0 -0.0305 0.002
      endloop
   endfacet
   facet normal 0 -1 0
      outer loop
         vertex 0.005 -0.0305 -0.0005
         vertex 0.00256066 -0.0305 -0.00043934
         vertex 0.00288582 -0.0305 -0.000925975
      endloop
   endfacet
   facet normal 0 -1 0
      outer loop
         vertex 0.009 -0.0305 -0.002
         vertex 0.00692388 -0.0305 -0.000882683
         vertex 0.00670711 -0.0305 -0.00120711
      endloop
   endfacet
   facet normal 0 -1 0
      outer loop
         vertex 0.00692388 -0.0305 -0.000117317
         vertex 0.007 -0.0305 -0.0005
         vertex 0.009 -0.0305 -0.002
      endloop
   endfacet
   facet normal 0 -1 0
      outer loop
         vertex 0.03 -0.0305 -0.003
         vertex 0.0269239 -0.0305 -0.000882683
         vertex 0.0267071 -0.0305 -0.00120711
      endloop
   endfacet
   facet normal 0 -1 0
      outer loop
         vertex 0.03 -0.0305 -0.000463788
         vertex 0.027 -0.0305 -0.0005
         vertex 0.0269239 -0.0305 -0.000882683
      endloop
   endfacet
   facet normal 0 -1 0
      outer loop
         vertex 0.0268127 -0.0305 0.001934
         vertex 0.0267521 -0.0305 0.002
         vertex 0.026 -0.0305 0.0005
      endloop
   endfacet
   facet normal 0 -1 0
      outer loop
         vertex 0.024 -0.0305 -0.002
         vertex 0.0256173 -0.0305 -0.00142388
         vertex 0.0252929 -0.0305 -0.00120711
      endloop
   endfacet
   facet normal 0 -1 0
      outer loop
         vertex 0.024 -0.0305 -0.002
         vertex 0.03 -0.0305 -0.003
         vertex 0.026 -0.0305 -0.0015
      endloop
   endfacet
   facet normal 0 -1 0
      outer loop
         vertex 0.00529289 -0.0305 0.000207107
         vertex 0.00561732 -0.0305 0.00042388
         vertex 0 -0.0305 0.002
      endloop
   endfacet
   facet normal 0 -1 0
      outer loop
         vertex 0.00507612 -0.0305 -0.000882683
         vertex 0.005 -0.0305 -0.0005
         vertex 0.00288582 -0.0305 -0.000925975
      endloop
   endfacet
   facet normal 0 -1 0
      outer loop
         vertex 0.007 -0.0305 -0.0005
         vertex 0.00692388 -0.0305 -0.000882683
         vertex 0.009 -0.0305 -0.002
      endloop
   endfacet
   facet normal 0 -1 0
      outer loop
         vertex 0.003 -0.0305 -0.003
         vertex 0.03 -0.0305 -0.003
         vertex 0.024 -0.0305 -0.002
      endloop
   endfacet
   facet normal 0 -1 0
      outer loop
         vertex 0.0269239 -0.0305 -0.000882683
         vertex 0.03 -0.0305 -0.003
         vertex 0.03 -0.0305 -0.000463788
      endloop
   endfacet
   facet normal 0 -1 0
      outer loop
         vertex 0.024 -0.0305 0.002
         vertex 0.0250761 -0.0305 -0.000117317
         vertex 0.0252929 -0.0305 0.000207107
      endloop
   endfacet
   facet normal 0 -1 0
      outer loop
         vertex 0.024 -0.0305 0.002
         vertex 0.024 -0.0305 -0.002
         vertex 0.025 -0.0305 -0.0005
      endloop
   endfacet
   facet normal 0 -1 0
      outer loop
         vertex 0.026 -0.0305 -0.0015
         vertex 0.0256173 -0.0305 -0.00142388
         vertex 0.024 -0.0305 -0.002
      endloop
   endfacet
   facet normal 0 -1 0
      outer loop
         vertex 0.00256066 -0.0305 -0.00043934
         vertex 0.005 -0.0305 -0.0005
         vertex 0.00507612 -0.0305 -0.000117317
      endloop
   endfacet
   facet normal 0 -1 0
      outer loop
         vertex 0.024 -0.0305 -0.002
         vertex 0.009 -0.0305 -0.002
         vertex 0.003 -0.0305 -0.003
      endloop
   endfacet
   facet normal 0 -1 0
      outer loop
         vertex 0.0269239 -0.0305 -0.000117317
         vertex 0.027 -0.0305 -0.0005
         vertex 0.03 -0.0305 -0.000463788
      endloop
   endfacet
   facet normal 0 -1 0
      outer loop
         vertex 0.0250761 -0.0305 -0.000882683
         vertex 0.025 -0.0305 -0.0005
         vertex 0.024 -0.0305 -0.002
      endloop
   endfacet
   facet normal 0 -1 0
      outer loop
         vertex 0.006 -0.0305 -0.0015
         vertex 0.003 -0.0305 -0.003
         vertex 0.009 -0.0305 -0.002
      endloop
   endfacet
   facet normal 0 -1 0
      outer loop
         vertex 0.025 -0.0305 -0.0005
         vertex 0.0250761 -0.0305 -0.000117317
         vertex 0.024 -0.0305 0.002
      endloop
   endfacet
   facet normal 0 -1 0
      outer loop
         vertex 0.0263827 -0.0305 -0.00142388
         vertex 0.026 -0.0305 -0.0015
         vertex 0.03 -0.0305 -0.003
      endloop
   endfacet
   facet normal 0 -1 0
      outer loop
         vertex 0.00670711 -0.0305 0.000207107
         vertex 0.009 -0.0305 -0.002
         vertex 0.009 -0.0305 0.002
      endloop
   endfacet
   facet normal -0.92388 -1.87765e-15 0.382683
      outer loop
         vertex 0.0269239 -0.0305 -0.000882683
         vertex 0.027 -0.0305 -0.0005
         vertex 0.027 -0.026 -0.0005
      endloop
   endfacet
   facet normal -0.707107 1.54074e-29 0.707107
      outer loop
         vertex 0.0267071 -0.0305 -0.00120711
         vertex 0.0269239 -0.0305 -0.000882683
         vertex 0.0269239 -0.026 -0.000882683
      endloop
   endfacet
   facet normal -0.382683 1.87765e-15 0.92388
      outer loop
         vertex 0.0263827 -0.0305 -0.00142388
         vertex 0.0267071 -0.0305 -0.00120711
         vertex 0.0267071 -0.026 -0.00120711
      endloop
   endfacet
   facet normal 1.83697e-16 3.46945e-15 1
      outer loop
         vertex 0.026 -0.0305 -0.0015
         vertex 0.0263827 -0.0305 -0.00142388
         vertex 0.0263827 -0.026 -0.00142388
      endloop
   endfacet
   facet normal 0.382683 4.53305e-15 0.92388
      outer loop
         vertex 0.0256173 -0.0305 -0.00142388
         vertex 0.026 -0.0305 -0.0015
         vertex 0.026 -0.026 -0.0015
      endloop
   endfacet
   facet normal 0.707107 4.90654e-15 0.707107
      outer loop
         vertex 0.0252929 -0.0305 -0.00120711
         vertex 0.0256173 -0.0305 -0.00142388
         vertex 0.0256173 -0.026 -0.00142388
      endloop
   endfacet
   facet normal 0.92388 4.53305e-15 0.382683
      outer loop
         vertex 0.0250761 -0.0305 -0.000882683
         vertex 0.0252929 -0.0305 -0.00120711
         vertex 0.0252929 -0.026 -0.00120711
      endloop
   endfacet
   facet normal 1 3.46945e-15 1.53957e-14
      outer loop
         vertex 0.025 -0.0305 -0.0005
         vertex 0.0250761 -0.0305 -0.000882683
         vertex 0.0250761 -0.026 -0.000882683
      endloop
   endfacet
   facet normal 0.92388 4.53305e-15 0.382683
      outer loop
         vertex 0.0250761 -0.026 -0.000882683
         vertex 0.025 -0.026 -0.0005
         vertex 0.025 -0.0305 -0.0005
      endloop
   endfacet
   facet normal 0.707107 4.90654e-15 0.707107
      outer loop
         vertex 0.0252929 -0.026 -0.00120711
         vertex 0.0250761 -0.026 -0.000882683
         vertex 0.0250761 -0.0305 -0.000882683
      endloop
   endfacet
   facet normal 0.382683 4.53305e-15 0.92388
      outer loop
         vertex 0.0256173 -0.026 -0.00142388
         vertex 0.0252929 -0.026 -0.00120711
         vertex 0.0252929 -0.0305 -0.00120711
      endloop
   endfacet
   facet normal 1.83697e-16 3.46945e-15 1
      outer loop
         vertex 0.026 -0.026 -0.0015
         vertex 0.0256173 -0.026 -0.00142388
         vertex 0.0256173 -0.0305 -0.00142388
      endloop
   endfacet
   facet normal -0.382683 1.87765e-15 0.92388
      outer loop
         vertex 0.0263827 -0.026 -0.00142388
         vertex 0.026 -0.026 -0.0015
         vertex 0.026 -0.0305 -0.0015
      endloop
   endfacet
   facet normal -0.707107 1.54074e-29 0.707107
      outer loop
         vertex 0.0267071 -0.026 -0.00120711
         vertex 0.0263827 -0.026 -0.00142388
         vertex 0.0263827 -0.0305 -0.00142388
      endloop
   endfacet
   facet normal -0.92388 -1.87765e-15 0.382683
      outer loop
         vertex 0.0269239 -0.026 -0.000882683
         vertex 0.0267071 -0.026 -0.00120711
         vertex 0.0267071 -0.0305 -0.00120711
      endloop
   endfacet
   facet normal -1 -3.46945e-15 1.6263e-14
      outer loop
         vertex 0.027 -0.026 -0.0005
         vertex 0.0269239 -0.026 -0.000882683
         vertex 0.0269239 -0.0305 -0.000882683
      endloop
   endfacet
   facet normal 0.92388 -1.87765e-15 -0.382683
      outer loop
         vertex 0.0250761 -0.0305 -0.000117317
         vertex 0.025 -0.0305 -0.0005
         vertex 0.025 -0.026 -0.0005
      endloop
   endfacet
   facet normal 0.707107 2.04149e-29 -0.707107
      outer loop
         vertex 0.0252929 -0.0305 0.000207107
         vertex 0.0250761 -0.0305 -0.000117317
         vertex 0.0250761 -0.026 -0.000117317
      endloop
   endfacet
   facet normal 0.382683 1.87765e-15 -0.92388
      outer loop
         vertex 0.0256173 -0.0305 0.00042388
         vertex 0.0252929 -0.0305 0.000207107
         vertex 0.0252929 -0.026 0.000207107
      endloop
   endfacet
   facet normal -1.22465e-16 3.46945e-15 -1
      outer loop
         vertex 0.026 -0.0305 0.0005
         vertex 0.0256173 -0.0305 0.00042388
         vertex 0.0256173 -0.026 0.00042388
      endloop
   endfacet
   facet normal -0.382683 4.53305e-15 -0.92388
      outer loop
         vertex 0.0263827 -0.0305 0.00042388
         vertex 0.026 -0.0305 0.0005
         vertex 0.026 -0.026 0.0005
      endloop
   endfacet
   facet normal -0.707107 4.90654e-15 -0.707107
      outer loop
         vertex 0.0267071 -0.0305 0.000207107
         vertex 0.0263827 -0.0305 0.00042388
         vertex 0.0263827 -0.026 0.00042388
      endloop
   endfacet
   facet normal -0.92388 4.53305e-15 -0.382683
      outer loop
         vertex 0.0269239 -0.0305 -0.000117317
         vertex 0.0267071 -0.0305 0.000207107
         vertex 0.0267071 -0.026 0.000207107
      endloop
   endfacet
   facet normal -1 3.46945e-15 -1.57209e-14
      outer loop
         vertex 0.027 -0.0305 -0.0005
         vertex 0.0269239 -0.0305 -0.000117317
         vertex 0.0269239 -0.026 -0.000117317
      endloop
   endfacet
   facet normal -0.92388 4.53305e-15 -0.382683
      outer loop
         vertex 0.0269239 -0.026 -0.000117317
         vertex 0.027 -0.026 -0.0005
         vertex 0.027 -0.0305 -0.0005
      endloop
   endfacet
   facet normal -0.707107 4.90654e-15 -0.707107
      outer loop
         vertex 0.0267071 -0.026 0.000207107
         vertex 0.0269239 -0.026 -0.000117317
         vertex 0.0269239 -0.0305 -0.000117317
      endloop
   endfacet
   facet normal -0.382683 4.53305e-15 -0.92388
      outer loop
         vertex 0.0263827 -0.026 0.00042388
         vertex 0.0267071 -0.026 0.000207107
         vertex 0.0267071 -0.0305 0.000207107
      endloop
   endfacet
   facet normal -1.22465e-16 3.46945e-15 -1
      outer loop
         vertex 0.026 -0.026 0.0005
         vertex 0.0263827 -0.026 0.00042388
         vertex 0.0263827 -0.0305 0.00042388
      endloop
   endfacet
   facet normal 0.382683 1.87765e-15 -0.92388
      outer loop
         vertex 0.0256173 -0.026 0.00042388
         vertex 0.026 -0.026 0.0005
         vertex 0.026 -0.0305 0.0005
      endloop
   endfacet
   facet normal 0.707107 2.04149e-29 -0.707107
      outer loop
         vertex 0.0252929 -0.026 0.000207107
         vertex 0.0256173 -0.026 0.00042388
         vertex 0.0256173 -0.0305 0.00042388
      endloop
   endfacet
   facet normal 0.92388 -1.87765e-15 -0.382683
      outer loop
         vertex 0.0250761 -0.026 -0.000117317
         vertex 0.0252929 -0.026 0.000207107
         vertex 0.0252929 -0.0305 0.000207107
      endloop
   endfacet
   facet normal 1 -3.46945e-15 -1.61546e-14
      outer loop
         vertex 0.025 -0.026 -0.0005
         vertex 0.0250761 -0.026 -0.000117317
         vertex 0.0250761 -0.0305 -0.000117317
      endloop
   endfacet
   facet normal 0 -1 0
      outer loop
         vertex 0.025 -0.026 -0.0005
         vertex 0.0263827 -0.026 -0.00142388
         vertex 0.0267071 -0.026 -0.00120711
      endloop
   endfacet
   facet normal 0 -1 0
      outer loop
         vertex 0.0263827 -0.026 -0.00142388
         vertex 0.0252929 -0.026 -0.00120711
         vertex 0.0256173 -0.026 -0.00142388
      endloop
   endfacet
   facet normal 0 -1 0
      outer loop
         vertex 0.0263827 -0.026 -0.00142388
         vertex 0.025 -0.026 -0.0005
         vertex 0.0250761 -0.026 -0.000882683
      endloop
   endfacet
   facet normal 0 -1 0
      outer loop
         vertex 0.027 -0.026 -0.0005
         vertex 0.0252929 -0.026 0.000207107
         vertex 0.0250761 -0.026 -0.000117317
      endloop
   endfacet
   facet normal 0 -1 0
      outer loop
         vertex 0.0256173 -0.026 0.00042388
         vertex 0.0267071 -0.026 0.000207107
         vertex 0.0263827 -0.026 0.00042388
      endloop
   endfacet
   facet normal 0 -1 0
      outer loop
         vertex 0.0256173 -0.026 0.00042388
         vertex 0.027 -0.026 -0.0005
         vertex 0.0269239 -0.026 -0.000117317
      endloop
   endfacet
   facet normal 0 -1 0
      outer loop
         vertex 0.0267071 -0.026 -0.00120711
         vertex 0.0269239 -0.026 -0.000882683
         vertex 0.025 -0.026 -0.0005
      endloop
   endfacet
   facet normal 0 -1 0
      outer loop
         vertex 0.0250761 -0.026 -0.000882683
         vertex 0.0252929 -0.026 -0.00120711
         vertex 0.0263827 -0.026 -0.00142388
      endloop
   endfacet
   facet normal 0 -1 0
      outer loop
         vertex 0.027 -0.026 -0.0005
         vertex 0.0256173 -0.026 0.00042388
         vertex 0.0252929 -0.026 0.000207107
      endloop
   endfacet
   facet normal 0 -1 0
      outer loop
         vertex 0.0269239 -0.026 -0.000117317
         vertex 0.0267071 -0.026 0.000207107
         vertex 0.0256173 -0.026 0.00042388
      endloop
   endfacet
   facet normal 0 -1 0
      outer loop
         vertex 0.0256173 -0.026 -0.00142388
         vertex 0.026 -0.026 -0.0015
         vertex 0.0263827 -0.026 -0.00142388
      endloop
   endfacet
   facet normal 0 -1 0
      outer loop
         vertex 0.0263827 -0.026 0.00042388
         vertex 0.026 -0.026 0.0005
         vertex 0.0256173 -0.026 0.00042388
      endloop
   endfacet
   facet normal 0 -1 0
      outer loop
         vertex 0.0250761 -0.026 -0.000117317
         vertex 0.025 -0.026 -0.0005
         vertex 0.027 -0.026 -0.0005
      endloop
   endfacet
   facet normal 0 -1 0
      outer loop
         vertex 0.0269239 -0.026 -0.000882683
         vertex 0.027 -0.026 -0.0005
         vertex 0.025 -0.026 -0.0005
      endloop
   endfacet
   facet normal -0.92388 -1.87765e-15 0.382683
      outer loop
         vertex 0.00692388 -0.0305 -0.000882683
         vertex 0.007 -0.0305 -0.0005
         vertex 0.007 -0.026 -0.0005
      endloop
   endfacet
   facet normal -0.707107 2.2726e-29 0.707107
      outer loop
         vertex 0.00670711 -0.0305 -0.00120711
         vertex 0.00692388 -0.0305 -0.000882683
         vertex 0.00692388 -0.026 -0.000882683
      endloop
   endfacet
   facet normal -0.382683 1.87765e-15 0.92388
      outer loop
         vertex 0.00638268 -0.0305 -0.00142388
         vertex 0.00670711 -0.0305 -0.00120711
         vertex 0.00670711 -0.026 -0.00120711
      endloop
   endfacet
   facet normal 1.07188e-15 3.46945e-15 1
      outer loop
         vertex 0.006 -0.0305 -0.0015
         vertex 0.00638268 -0.0305 -0.00142388
         vertex 0.00638268 -0.026 -0.00142388
      endloop
   endfacet
   facet normal 0.382683 4.53305e-15 0.92388
      outer loop
         vertex 0.00561732 -0.0305 -0.00142388
         vertex 0.006 -0.0305 -0.0015
         vertex 0.006 -0.026 -0.0015
      endloop
   endfacet
   facet normal 0.707107 4.90654e-15 0.707107
      outer loop
         vertex 0.00529289 -0.0305 -0.00120711
         vertex 0.00561732 -0.0305 -0.00142388
         vertex 0.00561732 -0.026 -0.00142388
      endloop
   endfacet
   facet normal 0.92388 4.53305e-15 0.382683
      outer loop
         vertex 0.00507612 -0.0305 -0.000882683
         vertex 0.00529289 -0.0305 -0.00120711
         vertex 0.00529289 -0.026 -0.00120711
      endloop
   endfacet
   facet normal 1 3.46945e-15 1.53957e-14
      outer loop
         vertex 0.005 -0.0305 -0.0005
         vertex 0.00507612 -0.0305 -0.000882683
         vertex 0.00507612 -0.026 -0.000882683
      endloop
   endfacet
   facet normal 0.92388 4.53305e-15 0.382683
      outer loop
         vertex 0.00507612 -0.026 -0.000882683
         vertex 0.005 -0.026 -0.0005
         vertex 0.005 -0.0305 -0.0005
      endloop
   endfacet
   facet normal 0.707107 4.90654e-15 0.707107
      outer loop
         vertex 0.00529289 -0.026 -0.00120711
         vertex 0.00507612 -0.026 -0.000882683
         vertex 0.00507612 -0.0305 -0.000882683
      endloop
   endfacet
   facet normal 0.382683 4.53305e-15 0.92388
      outer loop
         vertex 0.00561732 -0.026 -0.00142388
         vertex 0.00529289 -0.026 -0.00120711
         vertex 0.00529289 -0.0305 -0.00120711
      endloop
   endfacet
   facet normal 1.07188e-15 3.46945e-15 1
      outer loop
         vertex 0.006 -0.026 -0.0015
         vertex 0.00561732 -0.026 -0.00142388
         vertex 0.00561732 -0.0305 -0.00142388
      endloop
   endfacet
   facet normal -0.382683 1.87765e-15 0.92388
      outer loop
         vertex 0.00638268 -0.026 -0.00142388
         vertex 0.006 -0.026 -0.0015
         vertex 0.006 -0.0305 -0.0015
      endloop
   endfacet
   facet normal -0.707107 2.2726e-29 0.707107
      outer loop
         vertex 0.00670711 -0.026 -0.00120711
         vertex 0.00638268 -0.026 -0.00142388
         vertex 0.00638268 -0.0305 -0.00142388
      endloop
   endfacet
   facet normal -0.92388 -1.87765e-15 0.382683
      outer loop
         vertex 0.00692388 -0.026 -0.000882683
         vertex 0.00670711 -0.026 -0.00120711
         vertex 0.00670711 -0.0305 -0.00120711
      endloop
   endfacet
   facet normal -1 -3.46945e-15 1.6263e-14
      outer loop
         vertex 0.007 -0.026 -0.0005
         vertex 0.00692388 -0.026 -0.000882683
         vertex 0.00692388 -0.0305 -0.000882683
      endloop
   endfacet
   facet normal 0.92388 -1.87765e-15 -0.382683
      outer loop
         vertex 0.00507612 -0.0305 -0.000117317
         vertex 0.005 -0.0305 -0.0005
         vertex 0.005 -0.026 -0.0005
      endloop
   endfacet
   facet normal 0.707107 2.19556e-29 -0.707107
      outer loop
         vertex 0.00529289 -0.0305 0.000207107
         vertex 0.00507612 -0.0305 -0.000117317
         vertex 0.00507612 -0.026 -0.000117317
      endloop
   endfacet
   facet normal 0.382683 1.87765e-15 -0.92388
      outer loop
         vertex 0.00561732 -0.0305 0.00042388
         vertex 0.00529289 -0.0305 0.000207107
         vertex 0.00529289 -0.026 0.000207107
      endloop
   endfacet
   facet normal -6.12323e-17 3.46945e-15 -1
      outer loop
         vertex 0.006 -0.0305 0.0005
         vertex 0.00561732 -0.0305 0.00042388
         vertex 0.00561732 -0.026 0.00042388
      endloop
   endfacet
   facet normal -0.382683 4.53305e-15 -0.92388
      outer loop
         vertex 0.00638268 -0.0305 0.00042388
         vertex 0.006 -0.0305 0.0005
         vertex 0.006 -0.026 0.0005
      endloop
   endfacet
   facet normal -0.707107 4.90654e-15 -0.707107
      outer loop
         vertex 0.00670711 -0.0305 0.000207107
         vertex 0.00638268 -0.0305 0.00042388
         vertex 0.00638268 -0.026 0.00042388
      endloop
   endfacet
   facet normal -0.92388 4.53305e-15 -0.382683
      outer loop
         vertex 0.00692388 -0.0305 -0.000117317
         vertex 0.00670711 -0.0305 0.000207107
         vertex 0.00670711 -0.026 0.000207107
      endloop
   endfacet
   facet normal -1 3.46945e-15 -1.56125e-14
      outer loop
         vertex 0.007 -0.0305 -0.0005
         vertex 0.00692388 -0.0305 -0.000117317
         vertex 0.00692388 -0.026 -0.000117317
      endloop
   endfacet
   facet normal -0.92388 4.53305e-15 -0.382683
      outer loop
         vertex 0.00692388 -0.026 -0.000117317
         vertex 0.007 -0.026 -0.0005
         vertex 0.007 -0.0305 -0.0005
      endloop
   endfacet
   facet normal -0.707107 4.90654e-15 -0.707107
      outer loop
         vertex 0.00670711 -0.026 0.000207107
         vertex 0.00692388 -0.026 -0.000117317
         vertex 0.00692388 -0.0305 -0.000117317
      endloop
   endfacet
   facet normal -0.382683 4.53305e-15 -0.92388
      outer loop
         vertex 0.00638268 -0.026 0.00042388
         vertex 0.00670711 -0.026 0.000207107
         vertex 0.00670711 -0.0305 0.000207107
      endloop
   endfacet
   facet normal -6.12323e-17 3.46945e-15 -1
      outer loop
         vertex 0.006 -0.026 0.0005
         vertex 0.00638268 -0.026 0.00042388
         vertex 0.00638268 -0.0305 0.00042388
      endloop
   endfacet
   facet normal 0.382683 1.87765e-15 -0.92388
      outer loop
         vertex 0.00561732 -0.026 0.00042388
         vertex 0.006 -0.026 0.0005
         vertex 0.006 -0.0305 0.0005
      endloop
   endfacet
   facet normal 0.707107 2.19556e-29 -0.707107
      outer loop
         vertex 0.00529289 -0.026 0.000207107
         vertex 0.00561732 -0.026 0.00042388
         vertex 0.00561732 -0.0305 0.00042388
      endloop
   endfacet
   facet normal 0.92388 -1.87765e-15 -0.382683
      outer loop
         vertex 0.00507612 -0.026 -0.000117317
         vertex 0.00529289 -0.026 0.000207107
         vertex 0.00529289 -0.0305 0.000207107
      endloop
   endfacet
   facet normal 1 -3.46945e-15 -1.56125e-14
      outer loop
         vertex 0.005 -0.026 -0.0005
         vertex 0.00507612 -0.026 -0.000117317
         vertex 0.00507612 -0.0305 -0.000117317
      endloop
   endfacet
   facet normal 0 -1 0
      outer loop
         vertex 0.00692388 -0.026 -0.000882683
         vertex 0.007 -0.026 -0.0005
         vertex 0.00692388 -0.026 -0.000117317
      endloop
   endfacet
   facet normal 0 -1 0
      outer loop
         vertex 0.00507612 -0.026 -0.000117317
         vertex 0.005 -0.026 -0.0005
         vertex 0.00507612 -0.026 -0.000882683
      endloop
   endfacet
   facet normal 0 -1 0
      outer loop
         vertex 0.00529289 -0.026 -0.00120711
         vertex 0.00638268 -0.026 0.00042388
         vertex 0.006 -0.026 0.0005
      endloop
   endfacet
   facet normal 0 -1 0
      outer loop
         vertex 0.00670711 -0.026 0.000207107
         vertex 0.00670711 -0.026 -0.00120711
         vertex 0.00692388 -0.026 -0.000882683
      endloop
   endfacet
   facet normal 0 -1 0
      outer loop
         vertex 0.00670711 -0.026 0.000207107
         vertex 0.00529289 -0.026 -0.00120711
         vertex 0.00561732 -0.026 -0.00142388
      endloop
   endfacet
   facet normal 0 -1 0
      outer loop
         vertex 0.00529289 -0.026 -0.00120711
         vertex 0.00529289 -0.026 0.000207107
         vertex 0.00507612 -0.026 -0.000117317
      endloop
   endfacet
   facet normal 0 -1 0
      outer loop
         vertex 0.006 -0.026 0.0005
         vertex 0.00561732 -0.026 0.00042388
         vertex 0.00529289 -0.026 -0.00120711
      endloop
   endfacet
   facet normal 0 -1 0
      outer loop
         vertex 0.00670711 -0.026 0.000207107
         vertex 0.00638268 -0.026 -0.00142388
         vertex 0.00670711 -0.026 -0.00120711
      endloop
   endfacet
   facet normal 0 -1 0
      outer loop
         vertex 0.00561732 -0.026 -0.00142388
         vertex 0.006 -0.026 -0.0015
         vertex 0.00670711 -0.026 0.000207107
      endloop
   endfacet
   facet normal 0 -1 0
      outer loop
         vertex 0.00561732 -0.026 0.00042388
         vertex 0.00529289 -0.026 0.000207107
         vertex 0.00529289 -0.026 -0.00120711
      endloop
   endfacet
   facet normal 0 -1 0
      outer loop
         vertex 0.006 -0.026 -0.0015
         vertex 0.00638268 -0.026 -0.00142388
         vertex 0.00670711 -0.026 0.000207107
      endloop
   endfacet
   facet normal 0 -1 0
      outer loop
         vertex 0.00529289 -0.026 -0.00120711
         vertex 0.00670711 -0.026 0.000207107
         vertex 0.00638268 -0.026 0.00042388
      endloop
   endfacet
   facet normal 0 -1 0
      outer loop
         vertex 0.00507612 -0.026 -0.000882683
         vertex 0.00529289 -0.026 -0.00120711
         vertex 0.00507612 -0.026 -0.000117317
      endloop
   endfacet
   facet normal 0 -1 0
      outer loop
         vertex 0.00692388 -0.026 -0.000117317
         vertex 0.00670711 -0.026 0.000207107
         vertex 0.00692388 -0.026 -0.000882683
      endloop
   endfacet
   facet normal 0 -1 0
      outer loop
         vertex 0.00507612 -0.0305 0.0191173
         vertex 0.005 -0.0305 0.0195
         vertex 0.00256066 -0.0305 0.0194393
      endloop
   endfacet
   facet normal 0 -1 0
      outer loop
         vertex 0.026 -0.0305 0.0185
         vertex 0.0267521 -0.0305 0.017
         vertex 0.0268127 -0.0305 0.017066
      endloop
   endfacet
   facet normal 0 -1 0
      outer loop
         vertex 0.03 -0.0305 0.0194638
         vertex 0.03 -0.0305 0.022
         vertex 0.0269239 -0.0305 0.0198827
      endloop
   endfacet
   facet normal 0 -1 0
      outer loop
         vertex 0.024 -0.0305 0.021
         vertex 0.0256173 -0.0305 0.0204239
         vertex 0.026 -0.0305 0.0205
      endloop
   endfacet
   facet normal 0 -1 0
      outer loop
         vertex 0.024 -0.0305 0.017
         vertex 0.0250761 -0.0305 0.0191173
         vertex 0.025 -0.0305 0.0195
      endloop
   endfacet
   facet normal 0 -1 0
      outer loop
         vertex 0.009 -0.0305 0.021
         vertex 0.00670711 -0.0305 0.0202071
         vertex 0.00692388 -0.0305 0.0198827
      endloop
   endfacet
   facet normal 0 -1 0
      outer loop
         vertex 0.003 -0.0305 0.022
         vertex 0.003 -0.0305 0.0205
         vertex 0.00507612 -0.0305 0.0198827
      endloop
   endfacet
   facet normal 0 -1 0
      outer loop
         vertex 0.00207403 -0.0305 0.0191142
         vertex 0.00529289 -0.0305 0.0187929
         vertex 0.00507612 -0.0305 0.0191173
      endloop
   endfacet
   facet normal 0 -1 0
      outer loop
         vertex 0.0268127 -0.0305 0.017066
         vertex 0.0267071 -0.0305 0.0187929
         vertex 0.0263827 -0.0305 0.0185761
      endloop
   endfacet
   facet normal 0 -1 0
      outer loop
         vertex 0.03 -0.0305 0.0194638
         vertex 0.0269239 -0.0305 0.0191173
         vertex 0.0267071 -0.0305 0.0187929
      endloop
   endfacet
   facet normal 0 -1 0
      outer loop
         vertex 0.03 -0.0305 0.022
         vertex 0.0267071 -0.0305 0.0202071
         vertex 0.0269239 -0.0305 0.0198827
      endloop
   endfacet
   facet normal 0 -1 0
      outer loop
         vertex 0.03 -0.0305 0.022
         vertex 0.026 -0.0305 0.0205
         vertex 0.0263827 -0.0305 0.0204239
      endloop
   endfacet
   facet normal 0 -1 0
      outer loop
         vertex 0.024 -0.0305 0.021
         vertex 0.0252929 -0.0305 0.0202071
         vertex 0.0256173 -0.0305 0.0204239
      endloop
   endfacet
   facet normal 0 -1 0
      outer loop
         vertex 0.024 -0.0305 0.017
         vertex 0.0252929 -0.0305 0.0187929
         vertex 0.0250761 -0.0305 0.0191173
      endloop
   endfacet
   facet normal 0 -1 0
      outer loop
         vertex 0.009 -0.0305 0.021
         vertex 0.00638268 -0.0305 0.0204239
         vertex 0.00670711 -0.0305 0.0202071
      endloop
   endfacet
   facet normal 0 -1 0
      outer loop
         vertex 0.009 -0.0305 0.021
         vertex 0.003 -0.0305 0.022
         vertex 0.006 -0.0305 0.0205
      endloop
   endfacet
   facet normal 0 -1 0
      outer loop
         vertex 0.00507612 -0.0305 0.0198827
         vertex 0.00529289 -0.0305 0.0202071
         vertex 0.003 -0.0305 0.022
      endloop
   endfacet
   facet normal 0 -1 0
      outer loop
         vertex 0 -0.0305 0.017
         vertex 0.009 -0.0305 0.017
         vertex 0.00207403 -0.0305 0.0191142
      endloop
   endfacet
   facet normal 0 -1 0
      outer loop
         vertex 0.00207403 -0.0305 0.0191142
         vertex 0.00561732 -0.0305 0.0185761
         vertex 0.00529289 -0.0305 0.0187929
      endloop
   endfacet
   facet normal 0 -1 0
      outer loop
         vertex 0.009 -0.0305 0.017
         vertex 0.006 -0.0305 0.0185
         vertex 0.00561732 -0.0305 0.0185761
      endloop
   endfacet
   facet normal 0 -1 0
      outer loop
         vertex 0.0267071 -0.0305 0.0187929
         vertex 0.0268127 -0.0305 0.017066
         vertex 0.03 -0.0305 0.0194638
      endloop
   endfacet
   facet normal 0 -1 0
      outer loop
         vertex 0.0263827 -0.0305 0.0204239
         vertex 0.0267071 -0.0305 0.0202071
         vertex 0.03 -0.0305 0.022
      endloop
   endfacet
   facet normal 0 -1 0
      outer loop
         vertex 0.024 -0.0305 0.021
         vertex 0.0250761 -0.0305 0.0198827
         vertex 0.0252929 -0.0305 0.0202071
      endloop
   endfacet
   facet normal 0 -1 0
      outer loop
         vertex 0.024 -0.0305 0.017
         vertex 0.0256173 -0.0305 0.0185761
         vertex 0.0252929 -0.0305 0.0187929
      endloop
   endfacet
   facet normal 0 -1 0
      outer loop
         vertex 0.024 -0.0305 0.017
         vertex 0.0267521 -0.0305 0.017
         vertex 0.026 -0.0305 0.0185
      endloop
   endfacet
   facet normal 0 -1 0
      outer loop
         vertex 0.006 -0.0305 0.0205
         vertex 0.00638268 -0.0305 0.0204239
         vertex 0.009 -0.0305 0.021
      endloop
   endfacet
   facet normal 0 -1 0
      outer loop
         vertex 0.00529289 -0.0305 0.0202071
         vertex 0.00561732 -0.0305 0.0204239
         vertex 0.003 -0.0305 0.022
      endloop
   endfacet
   facet normal 0 -1 0
      outer loop
         vertex 0.00288582 -0.0305 0.019926
         vertex 0.005 -0.0305 0.0195
         vertex 0.00507612 -0.0305 0.0198827
      endloop
   endfacet
   facet normal 0 -1 0
      outer loop
         vertex 0.00207403 -0.0305 0.0191142
         vertex 0.0015 -0.0305 0.019
         vertex 0 -0.0305 0.017
      endloop
   endfacet
   facet normal 0 -1 0
      outer loop
         vertex 0.00561732 -0.0305 0.0185761
         vertex 0.00207403 -0.0305 0.0191142
         vertex 0.009 -0.0305 0.017
      endloop
   endfacet
   facet normal 0 -1 0
      outer loop
         vertex 0.03 -0.0305 0.0194638
         vertex 0.027 -0.0305 0.0195
         vertex 0.0269239 -0.0305 0.0191173
      endloop
   endfacet
   facet normal 0 -1 0
      outer loop
         vertex 0.026 -0.0305 0.0205
         vertex 0.03 -0.0305 0.022
         vertex 0.024 -0.0305 0.021
      endloop
   endfacet
   facet normal 0 -1 0
      outer loop
         vertex 0.026 -0.0305 0.0185
         vertex 0.0256173 -0.0305 0.0185761
         vertex 0.024 -0.0305 0.017
      endloop
   endfacet
   facet normal 0 -1 0
      outer loop
         vertex 0.009 -0.0305 0.017
         vertex 0.009 -0.0305 0.021
         vertex 0.007 -0.0305 0.0195
      endloop
   endfacet
   facet normal 0 -1 0
      outer loop
         vertex 0.00561732 -0.0305 0.0204239
         vertex 0.006 -0.0305 0.0205
         vertex 0.003 -0.0305 0.022
      endloop
   endfacet
   facet normal 0 -1 0
      outer loop
         vertex 0.00507612 -0.0305 0.0198827
         vertex 0.003 -0.0305 0.0205
         vertex 0.00288582 -0.0305 0.019926
      endloop
   endfacet
   facet normal 0 -1 0
      outer loop
         vertex 0.00256066 -0.0305 0.0194393
         vertex 0.00207403 -0.0305 0.0191142
         vertex 0.00507612 -0.0305 0.0191173
      endloop
   endfacet
   facet normal 0 -1 0
      outer loop
         vertex 0.0269239 -0.0305 0.0198827
         vertex 0.027 -0.0305 0.0195
         vertex 0.03 -0.0305 0.0194638
      endloop
   endfacet
   facet normal 0 -1 0
      outer loop
         vertex 0.025 -0.0305 0.0195
         vertex 0.024 -0.0305 0.021
         vertex 0.024 -0.0305 0.017
      endloop
   endfacet
   facet normal 0 -1 0
      outer loop
         vertex 0.009 -0.0305 0.017
         vertex 0.00692388 -0.0305 0.0191173
         vertex 0.00670711 -0.0305 0.0187929
      endloop
   endfacet
   facet normal 0 -1 0
      outer loop
         vertex 0.00692388 -0.0305 0.0198827
         vertex 0.007 -0.0305 0.0195
         vertex 0.009 -0.0305 0.021
      endloop
   endfacet
   facet normal 0 -1 0
      outer loop
         vertex 0.0015 -0.0305 0.019
         vertex 9.25186e-21 -0.0305 0.019
         vertex 0 -0.0305 0.017
      endloop
   endfacet
   facet normal 0 -1 0
      outer loop
         vertex 0.025 -0.0305 0.0195
         vertex 0.0250761 -0.0305 0.0198827
         vertex 0.024 -0.0305 0.021
      endloop
   endfacet
   facet normal 0 -1 0
      outer loop
         vertex 0.03 -0.0305 0.022
         vertex 0.003 -0.0305 0.022
         vertex 0.009 -0.0305 0.021
      endloop
   endfacet
   facet normal 0 -1 0
      outer loop
         vertex 0.00670711 -0.0305 0.0187929
         vertex 0.00638268 -0.0305 0.0185761
         vertex 0.009 -0.0305 0.017
      endloop
   endfacet
   facet normal 0 -1 0
      outer loop
         vertex 0.00288582 -0.0305 0.019926
         vertex 0.00256066 -0.0305 0.0194393
         vertex 0.005 -0.0305 0.0195
      endloop
   endfacet
   facet normal 0 -1 0
      outer loop
         vertex 0.009 -0.0305 0.021
         vertex 0.024 -0.0305 0.021
         vertex 0.03 -0.0305 0.022
      endloop
   endfacet
   facet normal 0 -1 0
      outer loop
         vertex 0.007 -0.0305 0.0195
         vertex 0.00692388 -0.0305 0.0191173
         vertex 0.009 -0.0305 0.017
      endloop
   endfacet
   facet normal 0 -1 0
      outer loop
         vertex 0.00638268 -0.0305 0.0185761
         vertex 0.006 -0.0305 0.0185
         vertex 0.009 -0.0305 0.017
      endloop
   endfacet
   facet normal 0 -1 0
      outer loop
         vertex 0.0268127 -0.0305 0.017066
         vertex 0.0263827 -0.0305 0.0185761
         vertex 0.026 -0.0305 0.0185
      endloop
   endfacet
   facet normal -0.92388 -1.87765e-15 0.382683
      outer loop
         vertex 0.0269239 -0.0305 0.0191173
         vertex 0.027 -0.0305 0.0195
         vertex 0.027 -0.026 0.0195
      endloop
   endfacet
   facet normal -0.707107 6.93335e-30 0.707107
      outer loop
         vertex 0.0267071 -0.0305 0.0187929
         vertex 0.0269239 -0.0305 0.0191173
         vertex 0.0269239 -0.026 0.0191173
      endloop
   endfacet
   facet normal -0.382683 1.87765e-15 0.92388
      outer loop
         vertex 0.0263827 -0.0305 0.0185761
         vertex 0.0267071 -0.0305 0.0187929
         vertex 0.0267071 -0.026 0.0187929
      endloop
   endfacet
   facet normal 1.83697e-16 3.46945e-15 1
      outer loop
         vertex 0.026 -0.0305 0.0185
         vertex 0.0263827 -0.0305 0.0185761
         vertex 0.0263827 -0.026 0.0185761
      endloop
   endfacet
   facet normal 0.382683 4.53305e-15 0.92388
      outer loop
         vertex 0.0256173 -0.0305 0.0185761
         vertex 0.026 -0.0305 0.0185
         vertex 0.026 -0.026 0.0185
      endloop
   endfacet
   facet normal 0.707107 4.90654e-15 0.707107
      outer loop
         vertex 0.0252929 -0.0305 0.0187929
         vertex 0.0256173 -0.0305 0.0185761
         vertex 0.0256173 -0.026 0.0185761
      endloop
   endfacet
   facet normal 0.92388 4.53305e-15 0.382683
      outer loop
         vertex 0.0250761 -0.0305 0.0191173
         vertex 0.0252929 -0.0305 0.0187929
         vertex 0.0252929 -0.026 0.0187929
      endloop
   endfacet
   facet normal 1 3.46945e-15 1.56125e-14
      outer loop
         vertex 0.025 -0.0305 0.0195
         vertex 0.0250761 -0.0305 0.0191173
         vertex 0.0250761 -0.026 0.0191173
      endloop
   endfacet
   facet normal 0.92388 4.53305e-15 0.382683
      outer loop
         vertex 0.0250761 -0.026 0.0191173
         vertex 0.025 -0.026 0.0195
         vertex 0.025 -0.0305 0.0195
      endloop
   endfacet
   facet normal 0.707107 4.90654e-15 0.707107
      outer loop
         vertex 0.0252929 -0.026 0.0187929
         vertex 0.0250761 -0.026 0.0191173
         vertex 0.0250761 -0.0305 0.0191173
      endloop
   endfacet
   facet normal 0.382683 4.53305e-15 0.92388
      outer loop
         vertex 0.0256173 -0.026 0.0185761
         vertex 0.0252929 -0.026 0.0187929
         vertex 0.0252929 -0.0305 0.0187929
      endloop
   endfacet
   facet normal 1.83697e-16 3.46945e-15 1
      outer loop
         vertex 0.026 -0.026 0.0185
         vertex 0.0256173 -0.026 0.0185761
         vertex 0.0256173 -0.0305 0.0185761
      endloop
   endfacet
   facet normal -0.382683 1.87765e-15 0.92388
      outer loop
         vertex 0.0263827 -0.026 0.0185761
         vertex 0.026 -0.026 0.0185
         vertex 0.026 -0.0305 0.0185
      endloop
   endfacet
   facet normal -0.707107 6.93335e-30 0.707107
      outer loop
         vertex 0.0267071 -0.026 0.0187929
         vertex 0.0263827 -0.026 0.0185761
         vertex 0.0263827 -0.0305 0.0185761
      endloop
   endfacet
   facet normal -0.92388 -1.87765e-15 0.382683
      outer loop
         vertex 0.0269239 -0.026 0.0191173
         vertex 0.0267071 -0.026 0.0187929
         vertex 0.0267071 -0.0305 0.0187929
      endloop
   endfacet
   facet normal -1 -3.46945e-15 1.9082e-14
      outer loop
         vertex 0.027 -0.026 0.0195
         vertex 0.0269239 -0.026 0.0191173
         vertex 0.0269239 -0.0305 0.0191173
      endloop
   endfacet
   facet normal 0.92388 -1.87765e-15 -0.382683
      outer loop
         vertex 0.0250761 -0.0305 0.0198827
         vertex 0.025 -0.0305 0.0195
         vertex 0.025 -0.026 0.0195
      endloop
   endfacet
   facet normal 0.707107 1.11704e-29 -0.707107
      outer loop
         vertex 0.0252929 -0.0305 0.0202071
         vertex 0.0250761 -0.0305 0.0198827
         vertex 0.0250761 -0.026 0.0198827
      endloop
   endfacet
   facet normal 0.382683 1.87765e-15 -0.92388
      outer loop
         vertex 0.0256173 -0.0305 0.0204239
         vertex 0.0252929 -0.0305 0.0202071
         vertex 0.0252929 -0.026 0.0202071
      endloop
   endfacet
   facet normal -6.12323e-17 3.46945e-15 -1
      outer loop
         vertex 0.026 -0.0305 0.0205
         vertex 0.0256173 -0.0305 0.0204239
         vertex 0.0256173 -0.026 0.0204239
      endloop
   endfacet
   facet normal -0.382683 4.53305e-15 -0.92388
      outer loop
         vertex 0.0263827 -0.0305 0.0204239
         vertex 0.026 -0.0305 0.0205
         vertex 0.026 -0.026 0.0205
      endloop
   endfacet
   facet normal -0.707107 4.90654e-15 -0.707107
      outer loop
         vertex 0.0267071 -0.0305 0.0202071
         vertex 0.0263827 -0.0305 0.0204239
         vertex 0.0263827 -0.026 0.0204239
      endloop
   endfacet
   facet normal -0.92388 4.53305e-15 -0.382683
      outer loop
         vertex 0.0269239 -0.0305 0.0198827
         vertex 0.0267071 -0.0305 0.0202071
         vertex 0.0267071 -0.026 0.0202071
      endloop
   endfacet
   facet normal -1 3.46945e-15 -1.56125e-14
      outer loop
         vertex 0.027 -0.0305 0.0195
         vertex 0.0269239 -0.0305 0.0198827
         vertex 0.0269239 -0.026 0.0198827
      endloop
   endfacet
   facet normal -0.92388 4.53305e-15 -0.382683
      outer loop
         vertex 0.0269239 -0.026 0.0198827
         vertex 0.027 -0.026 0.0195
         vertex 0.027 -0.0305 0.0195
      endloop
   endfacet
   facet normal -0.707107 4.90654e-15 -0.707107
      outer loop
         vertex 0.0267071 -0.026 0.0202071
         vertex 0.0269239 -0.026 0.0198827
         vertex 0.0269239 -0.0305 0.0198827
      endloop
   endfacet
   facet normal -0.382683 4.53305e-15 -0.92388
      outer loop
         vertex 0.0263827 -0.026 0.0204239
         vertex 0.0267071 -0.026 0.0202071
         vertex 0.0267071 -0.0305 0.0202071
      endloop
   endfacet
   facet normal -6.12323e-17 3.46945e-15 -1
      outer loop
         vertex 0.026 -0.026 0.0205
         vertex 0.0263827 -0.026 0.0204239
         vertex 0.0263827 -0.0305 0.0204239
      endloop
   endfacet
   facet normal 0.382683 1.87765e-15 -0.92388
      outer loop
         vertex 0.0256173 -0.026 0.0204239
         vertex 0.026 -0.026 0.0205
         vertex 0.026 -0.0305 0.0205
      endloop
   endfacet
   facet normal 0.707107 1.11704e-29 -0.707107
      outer loop
         vertex 0.0252929 -0.026 0.0202071
         vertex 0.0256173 -0.026 0.0204239
         vertex 0.0256173 -0.0305 0.0204239
      endloop
   endfacet
   facet normal 0.92388 -1.87765e-15 -0.382683
      outer loop
         vertex 0.0250761 -0.026 0.0198827
         vertex 0.0252929 -0.026 0.0202071
         vertex 0.0252929 -0.0305 0.0202071
      endloop
   endfacet
   facet normal 1 -3.46945e-15 -1.56125e-14
      outer loop
         vertex 0.025 -0.026 0.0195
         vertex 0.0250761 -0.026 0.0198827
         vertex 0.0250761 -0.0305 0.0198827
      endloop
   endfacet
   facet normal 0 -1 0
      outer loop
         vertex 0.0256173 -0.026 0.0204239
         vertex 0.025 -0.026 0.0195
         vertex 0.0250761 -0.026 0.0191173
      endloop
   endfacet
   facet normal 0 -1 0
      outer loop
         vertex 0.025 -0.026 0.0195
         vertex 0.0256173 -0.026 0.0204239
         vertex 0.0252929 -0.026 0.0202071
      endloop
   endfacet
   facet normal 0 -1 0
      outer loop
         vertex 0.0252929 -0.026 0.0187929
         vertex 0.0269239 -0.026 0.0191173
         vertex 0.027 -0.026 0.0195
      endloop
   endfacet
   facet normal 0 -1 0
      outer loop
         vertex 0.0252929 -0.026 0.0187929
         vertex 0.0263827 -0.026 0.0185761
         vertex 0.0267071 -0.026 0.0187929
      endloop
   endfacet
   facet normal 0 -1 0
      outer loop
         vertex 0.0252929 -0.026 0.0187929
         vertex 0.0256173 -0.026 0.0185761
         vertex 0.026 -0.026 0.0185
      endloop
   endfacet
   facet normal 0 -1 0
      outer loop
         vertex 0.0252929 -0.026 0.0202071
         vertex 0.0250761 -0.026 0.0198827
         vertex 0.025 -0.026 0.0195
      endloop
   endfacet
   facet normal 0 -1 0
      outer loop
         vertex 0.0252929 -0.026 0.0187929
         vertex 0.0263827 -0.026 0.0204239
         vertex 0.026 -0.026 0.0205
      endloop
   endfacet
   facet normal 0 -1 0
      outer loop
         vertex 0.027 -0.026 0.0195
         vertex 0.0269239 -0.026 0.0198827
         vertex 0.0252929 -0.026 0.0187929
      endloop
   endfacet
   facet normal 0 -1 0
      outer loop
         vertex 0.026 -0.026 0.0185
         vertex 0.0263827 -0.026 0.0185761
         vertex 0.0252929 -0.026 0.0187929
      endloop
   endfacet
   facet normal 0 -1 0
      outer loop
         vertex 0.026 -0.026 0.0205
         vertex 0.0256173 -0.026 0.0204239
         vertex 0.0252929 -0.026 0.0187929
      endloop
   endfacet
   facet normal 0 -1 0
      outer loop
         vertex 0.0267071 -0.026 0.0187929
         vertex 0.0269239 -0.026 0.0191173
         vertex 0.0252929 -0.026 0.0187929
      endloop
   endfacet
   facet normal 0 -1 0
      outer loop
         vertex 0.0252929 -0.026 0.0187929
         vertex 0.0267071 -0.026 0.0202071
         vertex 0.0263827 -0.026 0.0204239
      endloop
   endfacet
   facet normal 0 -1 0
      outer loop
         vertex 0.0250761 -0.026 0.0191173
         vertex 0.0252929 -0.026 0.0187929
         vertex 0.0256173 -0.026 0.0204239
      endloop
   endfacet
   facet normal 0 -1 0
      outer loop
         vertex 0.0269239 -0.026 0.0198827
         vertex 0.0267071 -0.026 0.0202071
         vertex 0.0252929 -0.026 0.0187929
      endloop
   endfacet
   facet normal -0.92388 -1.87765e-15 0.382683
      outer loop
         vertex 0.00692388 -0.0305 0.0191173
         vertex 0.007 -0.0305 0.0195
         vertex 0.007 -0.026 0.0195
      endloop
   endfacet
   facet normal -0.707107 1.42519e-29 0.707107
      outer loop
         vertex 0.00670711 -0.0305 0.0187929
         vertex 0.00692388 -0.0305 0.0191173
         vertex 0.00692388 -0.026 0.0191173
      endloop
   endfacet
   facet normal -0.382683 1.87765e-15 0.92388
      outer loop
         vertex 0.00638268 -0.0305 0.0185761
         vertex 0.00670711 -0.0305 0.0187929
         vertex 0.00670711 -0.026 0.0187929
      endloop
   endfacet
   facet normal 1.83697e-16 3.46945e-15 1
      outer loop
         vertex 0.006 -0.0305 0.0185
         vertex 0.00638268 -0.0305 0.0185761
         vertex 0.00638268 -0.026 0.0185761
      endloop
   endfacet
   facet normal 0.382683 4.53305e-15 0.92388
      outer loop
         vertex 0.00561732 -0.0305 0.0185761
         vertex 0.006 -0.0305 0.0185
         vertex 0.006 -0.026 0.0185
      endloop
   endfacet
   facet normal 0.707107 4.90654e-15 0.707107
      outer loop
         vertex 0.00529289 -0.0305 0.0187929
         vertex 0.00561732 -0.0305 0.0185761
         vertex 0.00561732 -0.026 0.0185761
      endloop
   endfacet
   facet normal 0.92388 4.53305e-15 0.382683
      outer loop
         vertex 0.00507612 -0.0305 0.0191173
         vertex 0.00529289 -0.0305 0.0187929
         vertex 0.00529289 -0.026 0.0187929
      endloop
   endfacet
   facet normal 1 3.46945e-15 1.56125e-14
      outer loop
         vertex 0.005 -0.0305 0.0195
         vertex 0.00507612 -0.0305 0.0191173
         vertex 0.00507612 -0.026 0.0191173
      endloop
   endfacet
   facet normal 0.92388 4.53305e-15 0.382683
      outer loop
         vertex 0.00507612 -0.026 0.0191173
         vertex 0.005 -0.026 0.0195
         vertex 0.005 -0.0305 0.0195
      endloop
   endfacet
   facet normal 0.707107 4.90654e-15 0.707107
      outer loop
         vertex 0.00529289 -0.026 0.0187929
         vertex 0.00507612 -0.026 0.0191173
         vertex 0.00507612 -0.0305 0.0191173
      endloop
   endfacet
   facet normal 0.382683 4.53305e-15 0.92388
      outer loop
         vertex 0.00561732 -0.026 0.0185761
         vertex 0.00529289 -0.026 0.0187929
         vertex 0.00529289 -0.0305 0.0187929
      endloop
   endfacet
   facet normal 1.83697e-16 3.46945e-15 1
      outer loop
         vertex 0.006 -0.026 0.0185
         vertex 0.00561732 -0.026 0.0185761
         vertex 0.00561732 -0.0305 0.0185761
      endloop
   endfacet
   facet normal -0.382683 1.87765e-15 0.92388
      outer loop
         vertex 0.00638268 -0.026 0.0185761
         vertex 0.006 -0.026 0.0185
         vertex 0.006 -0.0305 0.0185
      endloop
   endfacet
   facet normal -0.707107 1.42519e-29 0.707107
      outer loop
         vertex 0.00670711 -0.026 0.0187929
         vertex 0.00638268 -0.026 0.0185761
         vertex 0.00638268 -0.0305 0.0185761
      endloop
   endfacet
   facet normal -0.92388 -1.87765e-15 0.382683
      outer loop
         vertex 0.00692388 -0.026 0.0191173
         vertex 0.00670711 -0.026 0.0187929
         vertex 0.00670711 -0.0305 0.0187929
      endloop
   endfacet
   facet normal -1 -3.46945e-15 1.9082e-14
      outer loop
         vertex 0.007 -0.026 0.0195
         vertex 0.00692388 -0.026 0.0191173
         vertex 0.00692388 -0.0305 0.0191173
      endloop
   endfacet
   facet normal 0.92388 -1.87765e-15 -0.382683
      outer loop
         vertex 0.00507612 -0.0305 0.0198827
         vertex 0.005 -0.0305 0.0195
         vertex 0.005 -0.026 0.0195
      endloop
   endfacet
   facet normal 0.707107 7.70372e-30 -0.707107
      outer loop
         vertex 0.00529289 -0.0305 0.0202071
         vertex 0.00507612 -0.0305 0.0198827
         vertex 0.00507612 -0.026 0.0198827
      endloop
   endfacet
   facet normal 0.382683 1.87765e-15 -0.92388
      outer loop
         vertex 0.00561732 -0.0305 0.0204239
         vertex 0.00529289 -0.0305 0.0202071
         vertex 0.00529289 -0.026 0.0202071
      endloop
   endfacet
   facet normal -6.12323e-17 3.46945e-15 -1
      outer loop
         vertex 0.006 -0.0305 0.0205
         vertex 0.00561732 -0.0305 0.0204239
         vertex 0.00561732 -0.026 0.0204239
      endloop
   endfacet
   facet normal -0.382683 4.53305e-15 -0.92388
      outer loop
         vertex 0.00638268 -0.0305 0.0204239
         vertex 0.006 -0.0305 0.0205
         vertex 0.006 -0.026 0.0205
      endloop
   endfacet
   facet normal -0.707107 4.90654e-15 -0.707107
      outer loop
         vertex 0.00670711 -0.0305 0.0202071
         vertex 0.00638268 -0.0305 0.0204239
         vertex 0.00638268 -0.026 0.0204239
      endloop
   endfacet
   facet normal -0.92388 4.53305e-15 -0.382683
      outer loop
         vertex 0.00692388 -0.0305 0.0198827
         vertex 0.00670711 -0.0305 0.0202071
         vertex 0.00670711 -0.026 0.0202071
      endloop
   endfacet
   facet normal -1 3.46945e-15 -1.56125e-14
      outer loop
         vertex 0.007 -0.0305 0.0195
         vertex 0.00692388 -0.0305 0.0198827
         vertex 0.00692388 -0.026 0.0198827
      endloop
   endfacet
   facet normal -0.92388 4.53305e-15 -0.382683
      outer loop
         vertex 0.00692388 -0.026 0.0198827
         vertex 0.007 -0.026 0.0195
         vertex 0.007 -0.0305 0.0195
      endloop
   endfacet
   facet normal -0.707107 4.90654e-15 -0.707107
      outer loop
         vertex 0.00670711 -0.026 0.0202071
         vertex 0.00692388 -0.026 0.0198827
         vertex 0.00692388 -0.0305 0.0198827
      endloop
   endfacet
   facet normal -0.382683 4.53305e-15 -0.92388
      outer loop
         vertex 0.00638268 -0.026 0.0204239
         vertex 0.00670711 -0.026 0.0202071
         vertex 0.00670711 -0.0305 0.0202071
      endloop
   endfacet
   facet normal -6.12323e-17 3.46945e-15 -1
      outer loop
         vertex 0.006 -0.026 0.0205
         vertex 0.00638268 -0.026 0.0204239
         vertex 0.00638268 -0.0305 0.0204239
      endloop
   endfacet
   facet normal 0.382683 1.87765e-15 -0.92388
      outer loop
         vertex 0.00561732 -0.026 0.0204239
         vertex 0.006 -0.026 0.0205
         vertex 0.006 -0.0305 0.0205
      endloop
   endfacet
   facet normal 0.707107 7.70372e-30 -0.707107
      outer loop
         vertex 0.00529289 -0.026 0.0202071
         vertex 0.00561732 -0.026 0.0204239
         vertex 0.00561732 -0.0305 0.0204239
      endloop
   endfacet
   facet normal 0.92388 -1.87765e-15 -0.382683
      outer loop
         vertex 0.00507612 -0.026 0.0198827
         vertex 0.00529289 -0.026 0.0202071
         vertex 0.00529289 -0.0305 0.0202071
      endloop
   endfacet
   facet normal 1 -3.46945e-15 -1.56125e-14
      outer loop
         vertex 0.005 -0.026 0.0195
         vertex 0.00507612 -0.026 0.0198827
         vertex 0.00507612 -0.0305 0.0198827
      endloop
   endfacet
   facet normal 0 -1 0
      outer loop
         vertex 0.00670711 -0.026 0.0202071
         vertex 0.00561732 -0.026 0.0185761
         vertex 0.006 -0.026 0.0185
      endloop
   endfacet
   facet normal 0 -1 0
      outer loop
         vertex 0.00529289 -0.026 0.0187929
         vertex 0.00638268 -0.026 0.0204239
         vertex 0.006 -0.026 0.0205
      endloop
   endfacet
   facet normal 0 -1 0
      outer loop
         vertex 0.00692388 -0.026 0.0198827
         vertex 0.00670711 -0.026 0.0187929
         vertex 0.00692388 -0.026 0.0191173
      endloop
   endfacet
   facet normal 0 -1 0
      outer loop
         vertex 0.00670711 -0.026 0.0202071
         vertex 0.00529289 -0.026 0.0187929
         vertex 0.00561732 -0.026 0.0185761
      endloop
   endfacet
   facet normal 0 -1 0
      outer loop
         vertex 0.00529289 -0.026 0.0187929
         vertex 0.00507612 -0.026 0.0198827
         vertex 0.005 -0.026 0.0195
      endloop
   endfacet
   facet normal 0 -1 0
      outer loop
         vertex 0.006 -0.026 0.0205
         vertex 0.00561732 -0.026 0.0204239
         vertex 0.00529289 -0.026 0.0187929
      endloop
   endfacet
   facet normal 0 -1 0
      outer loop
         vertex 0.00692388 -0.026 0.0191173
         vertex 0.007 -0.026 0.0195
         vertex 0.00692388 -0.026 0.0198827
      endloop
   endfacet
   facet normal 0 -1 0
      outer loop
         vertex 0.006 -0.026 0.0185
         vertex 0.00638268 -0.026 0.0185761
         vertex 0.00670711 -0.026 0.0202071
      endloop
   endfacet
   facet normal 0 -1 0
      outer loop
         vertex 0.00529289 -0.026 0.0187929
         vertex 0.00529289 -0.026 0.0202071
         vertex 0.00507612 -0.026 0.0198827
      endloop
   endfacet
   facet normal 0 -1 0
      outer loop
         vertex 0.00529289 -0.026 0.0187929
         vertex 0.00670711 -0.026 0.0202071
         vertex 0.00638268 -0.026 0.0204239
      endloop
   endfacet
   facet normal 0 -1 0
      outer loop
         vertex 0.00638268 -0.026 0.0185761
         vertex 0.00670711 -0.026 0.0187929
         vertex 0.00670711 -0.026 0.0202071
      endloop
   endfacet
   facet normal 0 -1 0
      outer loop
         vertex 0.00561732 -0.026 0.0204239
         vertex 0.00529289 -0.026 0.0202071
         vertex 0.00529289 -0.026 0.0187929
      endloop
   endfacet
   facet normal 0 -1 0
      outer loop
         vertex 0.005 -0.026 0.0195
         vertex 0.00507612 -0.026 0.0191173
         vertex 0.00529289 -0.026 0.0187929
      endloop
   endfacet
   facet normal 0 -1 0
      outer loop
         vertex 0.00692388 -0.026 0.0198827
         vertex 0.00670711 -0.026 0.0202071
         vertex 0.00670711 -0.026 0.0187929
      endloop
   endfacet
   facet normal 0 1 0
      outer loop
         vertex 0.0267122 0.0015 0.00275
         vertex 0.026 0.0015 0.0005
         vertex 0.0256173 0.0015 0.00042388
      endloop
   endfacet
   facet normal 0 1 0
      outer loop
         vertex 0.0282206 0.0015 0.00123623
         vertex 0.0267071 0.0015 0.000207107
         vertex 0.0263827 0.0015 0.00042388
      endloop
   endfacet
   facet normal 0 1 0
      outer loop
         vertex 0.0282206 0.0015 0.00123623
         vertex 0.03 0.0015 5.27782e-05
         vertex 0.0269239 0.0015 -0.000117317
      endloop
   endfacet
   facet normal 0 1 0
      outer loop
         vertex 0.002 0.0015 -0.003
         vertex 0.002 0.0015 -0.0015
         vertex 0.00238268 0.0015 -0.00142388
      endloop
   endfacet
   facet normal 0 1 0
      outer loop
         vertex 0.00123463 0.0015 -0.00284776
         vertex 0.00161732 0.0015 -0.00142388
         vertex 0.002 0.0015 -0.0015
      endloop
   endfacet
   facet normal 0 1 0
      outer loop
         vertex 0.0235 0.0015 0.00275
         vertex 0.0252929 0.0015 0.000207107
         vertex 0.0250761 0.0015 -0.000117317
      endloop
   endfacet
   facet normal 0 1 0
      outer loop
         vertex 0.0256173 0.0015 0.00042388
         vertex 0.0235 0.0015 0.00275
         vertex 0.0267122 0.0015 0.00275
      endloop
   endfacet
   facet normal 0 1 0
      outer loop
         vertex 0.0263827 0.0015 0.00042388
         vertex 0.0267122 0.0015 0.00275
         vertex 0.0282206 0.0015 0.00123623
      endloop
   endfacet
   facet normal 0 1 0
      outer loop
         vertex 0.03 0.0015 5.27782e-05
         vertex 0.027 0.0015 -0.0005
         vertex 0.0269239 0.0015 -0.000117317
      endloop
   endfacet
   facet normal 0 1 0
      outer loop
         vertex 0.03 0.0015 5.27782e-05
         vertex 0.03 0.0015 -0.003
         vertex 0.0269239 0.0015 -0.000882683
      endloop
   endfacet
   facet normal 0 1 0
      outer loop
         vertex 0.002 0.0015 -0.003
         vertex 0.0256173 0.0015 -0.00142388
         vertex 0.026 0.0015 -0.0015
      endloop
   endfacet
   facet normal 0 1 0
      outer loop
         vertex 0.0256173 0.0015 -0.00142388
         vertex 0.002 0.0015 -0.003
         vertex 0.0176154 0.0015 -0.0005
      endloop
   endfacet
   facet normal 0 1 0
      outer loop
         vertex 0.005 0.0015 0.002
         vertex 0.005 0.0015 -3.70074e-20
         vertex 0.00292388 0.0015 -0.000117317
      endloop
   endfacet
   facet normal 0 1 0
      outer loop
         vertex 0.005 0.0015 -3.70074e-20
         vertex 0.002 0.0015 -0.003
         vertex 0.00270711 0.0015 -0.00120711
      endloop
   endfacet
   facet normal 0 1 0
      outer loop
         vertex 0.002 0.0015 -0.0015
         vertex 0.002 0.0015 -0.003
         vertex 0.00123463 0.0015 -0.00284776
      endloop
   endfacet
   facet normal 0 1 0
      outer loop
         vertex 0.000585786 0.0015 -0.00241421
         vertex 0.00129289 0.0015 -0.00120711
         vertex 0.00161732 0.0015 -0.00142388
      endloop
   endfacet
   facet normal 0 1 0
      outer loop
         vertex 0.00129289 0.0015 -0.00120711
         vertex 0.000152241 0.0015 -0.00176537
         vertex 4.6875e-05 0.0015 -0.00143047
      endloop
   endfacet
   facet normal 0 1 0
      outer loop
         vertex 4.6875e-05 0.0015 0.002
         vertex 0.00107612 0.0015 -0.000117317
         vertex 0.001 0.0015 -0.0005
      endloop
   endfacet
   facet normal 0 1 0
      outer loop
         vertex 0.0235 0.0015 -0.0005
         vertex 0.0250761 0.0015 -0.000117317
         vertex 0.025 0.0015 -0.0005
      endloop
   endfacet
   facet normal 0 1 0
      outer loop
         vertex 0.0256173 0.0015 0.00042388
         vertex 0.0252929 0.0015 0.000207107
         vertex 0.0235 0.0015 0.00275
      endloop
   endfacet
   facet normal 0 1 0
      outer loop
         vertex 0.0269239 0.0015 -0.000117317
         vertex 0.0267071 0.0015 0.000207107
         vertex 0.0282206 0.0015 0.00123623
      endloop
   endfacet
   facet normal 0 1 0
      outer loop
         vertex 0.03 0.0015 -0.003
         vertex 0.0267071 0.0015 -0.00120711
         vertex 0.0269239 0.0015 -0.000882683
      endloop
   endfacet
   facet normal 0 1 0
      outer loop
         vertex 0.03 0.0015 -0.003
         vertex 0.026 0.0015 -0.0015
         vertex 0.0263827 0.0015 -0.00142388
      endloop
   endfacet
   facet normal 0 1 0
      outer loop
         vertex 0.0176154 0.0015 -0.0005
         vertex 0.0235 0.0015 -0.0005
         vertex 0.0256173 0.0015 -0.00142388
      endloop
   endfacet
   facet normal 0 1 0
      outer loop
         vertex 0.005 0.0015 0.002
         vertex 0.00238268 0.0015 0.00042388
         vertex 0.002 0.0015 0.0005
      endloop
   endfacet
   facet normal 0 1 0
      outer loop
         vertex 0.005 0.0015 -3.70074e-20
         vertex 0.003 0.0015 -0.0005
         vertex 0.00292388 0.0015 -0.000117317
      endloop
   endfacet
   facet normal 0 1 0
      outer loop
         vertex 0.00270711 0.0015 -0.00120711
         vertex 0.00292388 0.0015 -0.000882683
         vertex 0.005 0.0015 -3.70074e-20
      endloop
   endfacet
   facet normal 0 1 0
      outer loop
         vertex 0.00161732 0.0015 -0.00142388
         vertex 0.00123463 0.0015 -0.00284776
         vertex 0.000585786 0.0015 -0.00241421
      endloop
   endfacet
   facet normal 0 1 0
      outer loop
         vertex 0.00129289 0.0015 -0.00120711
         vertex 0.000585786 0.0015 -0.00241421
         vertex 0.000152241 0.0015 -0.00176537
      endloop
   endfacet
   facet normal 0 1 0
      outer loop
         vertex 0.001 0.0015 -0.0005
         vertex 4.6875e-05 0.0015 -0.00143047
         vertex 4.6875e-05 0.0015 0.002
      endloop
   endfacet
   facet normal 0 1 0
      outer loop
         vertex 0.0235 0.0015 -0.0005
         vertex 0.0250761 0.0015 -0.000882683
         vertex 0.0252929 0.0015 -0.00120711
      endloop
   endfacet
   facet normal 0 1 0
      outer loop
         vertex 0.0250761 0.0015 -0.000117317
         vertex 0.0235 0.0015 -0.0005
         vertex 0.0235 0.0015 0.00275
      endloop
   endfacet
   facet normal 0 1 0
      outer loop
         vertex 0.0269239 0.0015 -0.000882683
         vertex 0.027 0.0015 -0.0005
         vertex 0.03 0.0015 5.27782e-05
      endloop
   endfacet
   facet normal 0 1 0
      outer loop
         vertex 0.026 0.0015 -0.0015
         vertex 0.03 0.0015 -0.003
         vertex 0.002 0.0015 -0.003
      endloop
   endfacet
   facet normal 0 1 0
      outer loop
         vertex 0.005 0.0015 0.002
         vertex 0.00270711 0.0015 0.000207107
         vertex 0.00238268 0.0015 0.00042388
      endloop
   endfacet
   facet normal 0 1 0
      outer loop
         vertex 0.00292388 0.0015 -0.000882683
         vertex 0.003 0.0015 -0.0005
         vertex 0.005 0.0015 -3.70074e-20
      endloop
   endfacet
   facet normal 0 1 0
      outer loop
         vertex 4.6875e-05 0.0015 -0.00143047
         vertex 0.00107612 0.0015 -0.000882683
         vertex 0.00129289 0.0015 -0.00120711
      endloop
   endfacet
   facet normal 0 1 0
      outer loop
         vertex 4.6875e-05 0.0015 0.002
         vertex 0.00129289 0.0015 0.000207107
         vertex 0.00107612 0.0015 -0.000117317
      endloop
   endfacet
   facet normal 0 1 0
      outer loop
         vertex 0.025 0.0015 -0.0005
         vertex 0.0250761 0.0015 -0.000882683
         vertex 0.0235 0.0015 -0.0005
      endloop
   endfacet
   facet normal 0 1 0
      outer loop
         vertex 0.0263827 0.0015 -0.00142388
         vertex 0.0267071 0.0015 -0.00120711
         vertex 0.03 0.0015 -0.003
      endloop
   endfacet
   facet normal 0 1 0
      outer loop
         vertex 0.00292388 0.0015 -0.000117317
         vertex 0.00270711 0.0015 0.000207107
         vertex 0.005 0.0015 0.002
      endloop
   endfacet
   facet normal 0 1 0
      outer loop
         vertex 0.001 0.0015 -0.0005
         vertex 0.00107612 0.0015 -0.000882683
         vertex 4.6875e-05 0.0015 -0.00143047
      endloop
   endfacet
   facet normal 0 1 0
      outer loop
         vertex 0.0263827 0.0015 0.00042388
         vertex 0.026 0.0015 0.0005
         vertex 0.0267122 0.0015 0.00275
      endloop
   endfacet
   facet normal 0 1 0
      outer loop
         vertex 0.0176154 0.0015 -0.0005
         vertex 0.002 0.0015 -0.003
         vertex 0.005 0.0015 -3.70074e-20
      endloop
   endfacet
   facet normal 0 1 0
      outer loop
         vertex 0.00238268 0.0015 -0.00142388
         vertex 0.00270711 0.0015 -0.00120711
         vertex 0.002 0.0015 -0.003
      endloop
   endfacet
   facet normal 0 1 0
      outer loop
         vertex 4.6875e-05 0.0015 0.002
         vertex 0.002 0.0015 0.0005
         vertex 0.00161732 0.0015 0.00042388
      endloop
   endfacet
   facet normal 0 1 0
      outer loop
         vertex 0.005 0.0015 -3.70074e-20
         vertex 0.0176154 0.0015 -3.05006e-20
         vertex 0.0176154 0.0015 -0.0005
      endloop
   endfacet
   facet normal 0 1 0
      outer loop
         vertex 0.00161732 0.0015 0.00042388
         vertex 0.00129289 0.0015 0.000207107
         vertex 4.6875e-05 0.0015 0.002
      endloop
   endfacet
   facet normal 0 1 0
      outer loop
         vertex 0.002 0.0015 0.0005
         vertex 4.6875e-05 0.0015 0.002
         vertex 0.005 0.0015 0.002
      endloop
   endfacet
   facet normal 0 1 0
      outer loop
         vertex 0.0252929 0.0015 -0.00120711
         vertex 0.0256173 0.0015 -0.00142388
         vertex 0.0235 0.0015 -0.0005
      endloop
   endfacet
   facet normal -0.92388 0 0.382683
      outer loop
         vertex 0.00292388 -0.006 -0.000882683
         vertex 0.003 -0.006 -0.0005
         vertex 0.003 0.0015 -0.0005
      endloop
   endfacet
   facet normal -0.707107 0 0.707107
      outer loop
         vertex 0.00270711 -0.006 -0.00120711
         vertex 0.00292388 -0.006 -0.000882683
         vertex 0.00292388 0.0015 -0.000882683
      endloop
   endfacet
   facet normal -0.382683 0 0.92388
      outer loop
         vertex 0.00238268 -0.006 -0.00142388
         vertex 0.00270711 -0.006 -0.00120711
         vertex 0.00270711 0.0015 -0.00120711
      endloop
   endfacet
   facet normal 1.83697e-16 0 1
      outer loop
         vertex 0.002 -0.006 -0.0015
         vertex 0.00238268 -0.006 -0.00142388
         vertex 0.00238268 0.0015 -0.00142388
      endloop
   endfacet
   facet normal 0.382683 0 0.92388
      outer loop
         vertex 0.00161732 -0.006 -0.00142388
         vertex 0.002 -0.006 -0.0015
         vertex 0.002 0.0015 -0.0015
      endloop
   endfacet
   facet normal 0.707107 0 0.707107
      outer loop
         vertex 0.00129289 -0.006 -0.00120711
         vertex 0.00161732 -0.006 -0.00142388
         vertex 0.00161732 0.0015 -0.00142388
      endloop
   endfacet
   facet normal 0.92388 0 0.382683
      outer loop
         vertex 0.00107612 -0.006 -0.000882683
         vertex 0.00129289 -0.006 -0.00120711
         vertex 0.00129289 0.0015 -0.00120711
      endloop
   endfacet
   facet normal 1 0 -1.0842e-16
      outer loop
         vertex 0.001 -0.006 -0.0005
         vertex 0.00107612 -0.006 -0.000882683
         vertex 0.00107612 0.0015 -0.000882683
      endloop
   endfacet
   facet normal 0.92388 0 0.382683
      outer loop
         vertex 0.00107612 0.0015 -0.000882683
         vertex 0.001 0.0015 -0.0005
         vertex 0.001 -0.006 -0.0005
      endloop
   endfacet
   facet normal 0.707107 0 0.707107
      outer loop
         vertex 0.00129289 0.0015 -0.00120711
         vertex 0.00107612 0.0015 -0.000882683
         vertex 0.00107612 -0.006 -0.000882683
      endloop
   endfacet
   facet normal 0.382683 0 0.92388
      outer loop
         vertex 0.00161732 0.0015 -0.00142388
         vertex 0.00129289 0.0015 -0.00120711
         vertex 0.00129289 -0.006 -0.00120711
      endloop
   endfacet
   facet normal 1.83697e-16 0 1
      outer loop
         vertex 0.002 0.0015 -0.0015
         vertex 0.00161732 0.0015 -0.00142388
         vertex 0.00161732 -0.006 -0.00142388
      endloop
   endfacet
   facet normal -0.382683 0 0.92388
      outer loop
         vertex 0.00238268 0.0015 -0.00142388
         vertex 0.002 0.0015 -0.0015
         vertex 0.002 -0.006 -0.0015
      endloop
   endfacet
   facet normal -0.707107 0 0.707107
      outer loop
         vertex 0.00270711 0.0015 -0.00120711
         vertex 0.00238268 0.0015 -0.00142388
         vertex 0.00238268 -0.006 -0.00142388
      endloop
   endfacet
   facet normal -0.92388 0 0.382683
      outer loop
         vertex 0.00292388 0.0015 -0.000882683
         vertex 0.00270711 0.0015 -0.00120711
         vertex 0.00270711 -0.006 -0.00120711
      endloop
   endfacet
   facet normal -1 0 0
      outer loop
         vertex 0.003 0.0015 -0.0005
         vertex 0.00292388 0.0015 -0.000882683
         vertex 0.00292388 -0.006 -0.000882683
      endloop
   endfacet
   facet normal 0.92388 0 -0.382683
      outer loop
         vertex 0.00107612 -0.006 -0.000117317
         vertex 0.001 -0.006 -0.0005
         vertex 0.001 0.0015 -0.0005
      endloop
   endfacet
   facet normal 0.707107 0 -0.707107
      outer loop
         vertex 0.00129289 -0.006 0.000207107
         vertex 0.00107612 -0.006 -0.000117317
         vertex 0.00107612 0.0015 -0.000117317
      endloop
   endfacet
   facet normal 0.382683 0 -0.92388
      outer loop
         vertex 0.00161732 -0.006 0.00042388
         vertex 0.00129289 -0.006 0.000207107
         vertex 0.00129289 0.0015 0.000207107
      endloop
   endfacet
   facet normal -6.12323e-17 0 -1
      outer loop
         vertex 0.002 -0.006 0.0005
         vertex 0.00161732 -0.006 0.00042388
         vertex 0.00161732 0.0015 0.00042388
      endloop
   endfacet
   facet normal -0.382683 0 -0.92388
      outer loop
         vertex 0.00238268 -0.006 0.00042388
         vertex 0.002 -0.006 0.0005
         vertex 0.002 0.0015 0.0005
      endloop
   endfacet
   facet normal -0.707107 0 -0.707107
      outer loop
         vertex 0.00270711 -0.006 0.000207107
         vertex 0.00238268 -0.006 0.00042388
         vertex 0.00238268 0.0015 0.00042388
      endloop
   endfacet
   facet normal -0.92388 0 -0.382683
      outer loop
         vertex 0.00292388 -0.006 -0.000117317
         vertex 0.00270711 -0.006 0.000207107
         vertex 0.00270711 0.0015 0.000207107
      endloop
   endfacet
   facet normal -1 0 0
      outer loop
         vertex 0.003 -0.006 -0.0005
         vertex 0.00292388 -0.006 -0.000117317
         vertex 0.00292388 0.0015 -0.000117317
      endloop
   endfacet
   facet normal -0.92388 0 -0.382683
      outer loop
         vertex 0.00292388 0.0015 -0.000117317
         vertex 0.003 0.0015 -0.0005
         vertex 0.003 -0.006 -0.0005
      endloop
   endfacet
   facet normal -0.707107 0 -0.707107
      outer loop
         vertex 0.00270711 0.0015 0.000207107
         vertex 0.00292388 0.0015 -0.000117317
         vertex 0.00292388 -0.006 -0.000117317
      endloop
   endfacet
   facet normal -0.382683 0 -0.92388
      outer loop
         vertex 0.00238268 0.0015 0.00042388
         vertex 0.00270711 0.0015 0.000207107
         vertex 0.00270711 -0.006 0.000207107
      endloop
   endfacet
   facet normal -6.12323e-17 0 -1
      outer loop
         vertex 0.002 0.0015 0.0005
         vertex 0.00238268 0.0015 0.00042388
         vertex 0.00238268 -0.006 0.00042388
      endloop
   endfacet
   facet normal 0.382683 0 -0.92388
      outer loop
         vertex 0.00161732 0.0015 0.00042388
         vertex 0.002 0.0015 0.0005
         vertex 0.002 -0.006 0.0005
      endloop
   endfacet
   facet normal 0.707107 0 -0.707107
      outer loop
         vertex 0.00129289 0.0015 0.000207107
         vertex 0.00161732 0.0015 0.00042388
         vertex 0.00161732 -0.006 0.00042388
      endloop
   endfacet
   facet normal 0.92388 0 -0.382683
      outer loop
         vertex 0.00107612 0.0015 -0.000117317
         vertex 0.00129289 0.0015 0.000207107
         vertex 0.00129289 -0.006 0.000207107
      endloop
   endfacet
   facet normal 1 0 -1.0842e-16
      outer loop
         vertex 0.001 0.0015 -0.0005
         vertex 0.00107612 0.0015 -0.000117317
         vertex 0.00107612 -0.006 -0.000117317
      endloop
   endfacet
   facet normal 0 1 0
      outer loop
         vertex 0.001 -0.006 -0.0005
         vertex 0.00161732 -0.006 -0.00142388
         vertex 0.00129289 -0.006 -0.00120711
      endloop
   endfacet
   facet normal 0 1 0
      outer loop
         vertex 0.001 -0.006 -0.0005
         vertex 0.002 -0.006 -0.0015
         vertex 0.00161732 -0.006 -0.00142388
      endloop
   endfacet
   facet normal 0 1 0
      outer loop
         vertex 0.00161732 -0.006 0.00042388
         vertex 0.00238268 -0.006 0.00042388
         vertex 0.00270711 -0.006 0.000207107
      endloop
   endfacet
   facet normal 0 1 0
      outer loop
         vertex 0.001 -0.006 -0.0005
         vertex 0.00238268 -0.006 -0.00142388
         vertex 0.002 -0.006 -0.0015
      endloop
   endfacet
   facet normal 0 1 0
      outer loop
         vertex 0.00161732 -0.006 0.00042388
         vertex 0.00292388 -0.006 -0.000117317
         vertex 0.003 -0.006 -0.0005
      endloop
   endfacet
   facet normal 0 1 0
      outer loop
         vertex 0.00161732 -0.006 0.00042388
         vertex 0.002 -0.006 0.0005
         vertex 0.00238268 -0.006 0.00042388
      endloop
   endfacet
   facet normal 0 1 0
      outer loop
         vertex 0.00129289 -0.006 -0.00120711
         vertex 0.00107612 -0.006 -0.000882683
         vertex 0.001 -0.006 -0.0005
      endloop
   endfacet
   facet normal 0 1 0
      outer loop
         vertex 0.00107612 -0.006 -0.000117317
         vertex 0.00292388 -0.006 -0.000882683
         vertex 0.00270711 -0.006 -0.00120711
      endloop
   endfacet
   facet normal 0 1 0
      outer loop
         vertex 0.00270711 -0.006 0.000207107
         vertex 0.00292388 -0.006 -0.000117317
         vertex 0.00161732 -0.006 0.00042388
      endloop
   endfacet
   facet normal 0 1 0
      outer loop
         vertex 0.00292388 -0.006 -0.000882683
         vertex 0.00107612 -0.006 -0.000117317
         vertex 0.00129289 -0.006 0.000207107
      endloop
   endfacet
   facet normal 0 1 0
      outer loop
         vertex 0.00270711 -0.006 -0.00120711
         vertex 0.00238268 -0.006 -0.00142388
         vertex 0.00107612 -0.006 -0.000117317
      endloop
   endfacet
   facet normal 0 1 0
      outer loop
         vertex 0.00129289 -0.006 0.000207107
         vertex 0.00161732 -0.006 0.00042388
         vertex 0.00292388 -0.006 -0.000882683
      endloop
   endfacet
   facet normal 0 1 0
      outer loop
         vertex 0.003 -0.006 -0.0005
         vertex 0.00292388 -0.006 -0.000882683
         vertex 0.00161732 -0.006 0.00042388
      endloop
   endfacet
   facet normal 0 1 0
      outer loop
         vertex 0.001 -0.006 -0.0005
         vertex 0.00107612 -0.006 -0.000117317
         vertex 0.00238268 -0.006 -0.00142388
      endloop
   endfacet
   facet normal -0.92388 0 0.382683
      outer loop
         vertex 0.0269239 -0.006 -0.000882683
         vertex 0.027 -0.006 -0.0005
         vertex 0.027 0.0015 -0.0005
      endloop
   endfacet
   facet normal -0.707107 0 0.707107
      outer loop
         vertex 0.0267071 -0.006 -0.00120711
         vertex 0.0269239 -0.006 -0.000882683
         vertex 0.0269239 0.0015 -0.000882683
      endloop
   endfacet
   facet normal -0.382683 0 0.92388
      outer loop
         vertex 0.0263827 -0.006 -0.00142388
         vertex 0.0267071 -0.006 -0.00120711
         vertex 0.0267071 0.0015 -0.00120711
      endloop
   endfacet
   facet normal 1.83697e-16 0 1
      outer loop
         vertex 0.026 -0.006 -0.0015
         vertex 0.0263827 -0.006 -0.00142388
         vertex 0.0263827 0.0015 -0.00142388
      endloop
   endfacet
   facet normal 0.382683 0 0.92388
      outer loop
         vertex 0.0256173 -0.006 -0.00142388
         vertex 0.026 -0.006 -0.0015
         vertex 0.026 0.0015 -0.0015
      endloop
   endfacet
   facet normal 0.707107 0 0.707107
      outer loop
         vertex 0.0252929 -0.006 -0.00120711
         vertex 0.0256173 -0.006 -0.00142388
         vertex 0.0256173 0.0015 -0.00142388
      endloop
   endfacet
   facet normal 0.92388 0 0.382683
      outer loop
         vertex 0.0250761 -0.006 -0.000882683
         vertex 0.0252929 -0.006 -0.00120711
         vertex 0.0252929 0.0015 -0.00120711
      endloop
   endfacet
   facet normal 1 0 -1.0842e-16
      outer loop
         vertex 0.025 -0.006 -0.0005
         vertex 0.0250761 -0.006 -0.000882683
         vertex 0.0250761 0.0015 -0.000882683
      endloop
   endfacet
   facet normal 0.92388 0 0.382683
      outer loop
         vertex 0.0250761 0.0015 -0.000882683
         vertex 0.025 0.0015 -0.0005
         vertex 0.025 -0.006 -0.0005
      endloop
   endfacet
   facet normal 0.707107 0 0.707107
      outer loop
         vertex 0.0252929 0.0015 -0.00120711
         vertex 0.0250761 0.0015 -0.000882683
         vertex 0.0250761 -0.006 -0.000882683
      endloop
   endfacet
   facet normal 0.382683 0 0.92388
      outer loop
         vertex 0.0256173 0.0015 -0.00142388
         vertex 0.0252929 0.0015 -0.00120711
         vertex 0.0252929 -0.006 -0.00120711
      endloop
   endfacet
   facet normal 1.83697e-16 0 1
      outer loop
         vertex 0.026 0.0015 -0.0015
         vertex 0.0256173 0.0015 -0.00142388
         vertex 0.0256173 -0.006 -0.00142388
      endloop
   endfacet
   facet normal -0.382683 0 0.92388
      outer loop
         vertex 0.0263827 0.0015 -0.00142388
         vertex 0.026 0.0015 -0.0015
         vertex 0.026 -0.006 -0.0015
      endloop
   endfacet
   facet normal -0.707107 0 0.707107
      outer loop
         vertex 0.0267071 0.0015 -0.00120711
         vertex 0.0263827 0.0015 -0.00142388
         vertex 0.0263827 -0.006 -0.00142388
      endloop
   endfacet
   facet normal -0.92388 0 0.382683
      outer loop
         vertex 0.0269239 0.0015 -0.000882683
         vertex 0.0267071 0.0015 -0.00120711
         vertex 0.0267071 -0.006 -0.00120711
      endloop
   endfacet
   facet normal -1 0 0
      outer loop
         vertex 0.027 0.0015 -0.0005
         vertex 0.0269239 0.0015 -0.000882683
         vertex 0.0269239 -0.006 -0.000882683
      endloop
   endfacet
   facet normal 0.92388 0 -0.382683
      outer loop
         vertex 0.0250761 -0.006 -0.000117317
         vertex 0.025 -0.006 -0.0005
         vertex 0.025 0.0015 -0.0005
      endloop
   endfacet
   facet normal 0.707107 0 -0.707107
      outer loop
         vertex 0.0252929 -0.006 0.000207107
         vertex 0.0250761 -0.006 -0.000117317
         vertex 0.0250761 0.0015 -0.000117317
      endloop
   endfacet
   facet normal 0.382683 0 -0.92388
      outer loop
         vertex 0.0256173 -0.006 0.00042388
         vertex 0.0252929 -0.006 0.000207107
         vertex 0.0252929 0.0015 0.000207107
      endloop
   endfacet
   facet normal -6.12323e-17 0 -1
      outer loop
         vertex 0.026 -0.006 0.0005
         vertex 0.0256173 -0.006 0.00042388
         vertex 0.0256173 0.0015 0.00042388
      endloop
   endfacet
   facet normal -0.382683 0 -0.92388
      outer loop
         vertex 0.0263827 -0.006 0.00042388
         vertex 0.026 -0.006 0.0005
         vertex 0.026 0.0015 0.0005
      endloop
   endfacet
   facet normal -0.707107 0 -0.707107
      outer loop
         vertex 0.0267071 -0.006 0.000207107
         vertex 0.0263827 -0.006 0.00042388
         vertex 0.0263827 0.0015 0.00042388
      endloop
   endfacet
   facet normal -0.92388 0 -0.382683
      outer loop
         vertex 0.0269239 -0.006 -0.000117317
         vertex 0.0267071 -0.006 0.000207107
         vertex 0.0267071 0.0015 0.000207107
      endloop
   endfacet
   facet normal -1 0 0
      outer loop
         vertex 0.027 -0.006 -0.0005
         vertex 0.0269239 -0.006 -0.000117317
         vertex 0.0269239 0.0015 -0.000117317
      endloop
   endfacet
   facet normal -0.92388 0 -0.382683
      outer loop
         vertex 0.0269239 0.0015 -0.000117317
         vertex 0.027 0.0015 -0.0005
         vertex 0.027 -0.006 -0.0005
      endloop
   endfacet
   facet normal -0.707107 0 -0.707107
      outer loop
         vertex 0.0267071 0.0015 0.000207107
         vertex 0.0269239 0.0015 -0.000117317
         vertex 0.0269239 -0.006 -0.000117317
      endloop
   endfacet
   facet normal -0.382683 0 -0.92388
      outer loop
         vertex 0.0263827 0.0015 0.00042388
         vertex 0.0267071 0.0015 0.000207107
         vertex 0.0267071 -0.006 0.000207107
      endloop
   endfacet
   facet normal -6.12323e-17 0 -1
      outer loop
         vertex 0.026 0.0015 0.0005
         vertex 0.0263827 0.0015 0.00042388
         vertex 0.0263827 -0.006 0.00042388
      endloop
   endfacet
   facet normal 0.382683 0 -0.92388
      outer loop
         vertex 0.0256173 0.0015 0.00042388
         vertex 0.026 0.0015 0.0005
         vertex 0.026 -0.006 0.0005
      endloop
   endfacet
   facet normal 0.707107 0 -0.707107
      outer loop
         vertex 0.0252929 0.0015 0.000207107
         vertex 0.0256173 0.0015 0.00042388
         vertex 0.0256173 -0.006 0.00042388
      endloop
   endfacet
   facet normal 0.92388 0 -0.382683
      outer loop
         vertex 0.0250761 0.0015 -0.000117317
         vertex 0.0252929 0.0015 0.000207107
         vertex 0.0252929 -0.006 0.000207107
      endloop
   endfacet
   facet normal 1 0 -1.0842e-16
      outer loop
         vertex 0.025 0.0015 -0.0005
         vertex 0.0250761 0.0015 -0.000117317
         vertex 0.0250761 -0.006 -0.000117317
      endloop
   endfacet
   facet normal 0 1 0
      outer loop
         vertex 0.0256173 -0.006 0.00042388
         vertex 0.026 -0.006 0.0005
         vertex 0.0263827 -0.006 0.00042388
      endloop
   endfacet
   facet normal 0 1 0
      outer loop
         vertex 0.0267071 -0.006 0.000207107
         vertex 0.0252929 -0.006 0.000207107
         vertex 0.0256173 -0.006 0.00042388
      endloop
   endfacet
   facet normal 0 1 0
      outer loop
         vertex 0.0263827 -0.006 -0.00142388
         vertex 0.0252929 -0.006 -0.00120711
         vertex 0.0250761 -0.006 -0.000882683
      endloop
   endfacet
   facet normal 0 1 0
      outer loop
         vertex 0.0263827 -0.006 -0.00142388
         vertex 0.026 -0.006 -0.0015
         vertex 0.0256173 -0.006 -0.00142388
      endloop
   endfacet
   facet normal 0 1 0
      outer loop
         vertex 0.0263827 -0.006 0.00042388
         vertex 0.0267071 -0.006 0.000207107
         vertex 0.0256173 -0.006 0.00042388
      endloop
   endfacet
   facet normal 0 1 0
      outer loop
         vertex 0.0269239 -0.006 -0.000117317
         vertex 0.025 -0.006 -0.0005
         vertex 0.0250761 -0.006 -0.000117317
      endloop
   endfacet
   facet normal 0 1 0
      outer loop
         vertex 0.0256173 -0.006 -0.00142388
         vertex 0.0252929 -0.006 -0.00120711
         vertex 0.0263827 -0.006 -0.00142388
      endloop
   endfacet
   facet normal 0 1 0
      outer loop
         vertex 0.025 -0.006 -0.0005
         vertex 0.0269239 -0.006 -0.000882683
         vertex 0.0267071 -0.006 -0.00120711
      endloop
   endfacet
   facet normal 0 1 0
      outer loop
         vertex 0.0250761 -0.006 -0.000117317
         vertex 0.0252929 -0.006 0.000207107
         vertex 0.0269239 -0.006 -0.000117317
      endloop
   endfacet
   facet normal 0 1 0
      outer loop
         vertex 0.0267071 -0.006 -0.00120711
         vertex 0.0263827 -0.006 -0.00142388
         vertex 0.025 -0.006 -0.0005
      endloop
   endfacet
   facet normal 0 1 0
      outer loop
         vertex 0.0267071 -0.006 0.000207107
         vertex 0.0269239 -0.006 -0.000117317
         vertex 0.0252929 -0.006 0.000207107
      endloop
   endfacet
   facet normal 0 1 0
      outer loop
         vertex 0.025 -0.006 -0.0005
         vertex 0.027 -0.006 -0.0005
         vertex 0.0269239 -0.006 -0.000882683
      endloop
   endfacet
   facet normal 0 1 0
      outer loop
         vertex 0.0250761 -0.006 -0.000882683
         vertex 0.025 -0.006 -0.0005
         vertex 0.0263827 -0.006 -0.00142388
      endloop
   endfacet
   facet normal 0 1 0
      outer loop
         vertex 0.0269239 -0.006 -0.000117317
         vertex 0.027 -0.006 -0.0005
         vertex 0.025 -0.006 -0.0005
      endloop
   endfacet
   facet normal 0 1 0
      outer loop
         vertex 4.6875e-05 0.0015 0.017
         vertex 4.6875e-05 0.0015 0.0204305
         vertex 0.001 0.0015 0.0195
      endloop
   endfacet
   facet normal 0 1 0
      outer loop
         vertex 0.00129289 0.0015 0.0202071
         vertex 0.00107612 0.0015 0.0198827
         vertex 4.6875e-05 0.0015 0.0204305
      endloop
   endfacet
   facet normal 0 1 0
      outer loop
         vertex 0.00292388 0.0015 0.0198827
         vertex 0.0256173 0.0015 0.0204239
         vertex 0.0176154 0.0015 0.0195
      endloop
   endfacet
   facet normal 0 1 0
      outer loop
         vertex 0.03 0.0015 0.0189472
         vertex 0.027 0.0015 0.0195
         vertex 0.0269239 0.0015 0.0198827
      endloop
   endfacet
   facet normal 0 1 0
      outer loop
         vertex 0.0282206 0.0015 0.0177638
         vertex 0.0267071 0.0015 0.0187929
         vertex 0.0269239 0.0015 0.0191173
      endloop
   endfacet
   facet normal 0 1 0
      outer loop
         vertex 0.001 0.0015 0.0195
         vertex 0.00107612 0.0015 0.0191173
         vertex 4.6875e-05 0.0015 0.017
      endloop
   endfacet
   facet normal 0 1 0
      outer loop
         vertex 4.6875e-05 0.0015 0.0204305
         vertex 0.000152241 0.0015 0.0207654
         vertex 0.00129289 0.0015 0.0202071
      endloop
   endfacet
   facet normal 0 1 0
      outer loop
         vertex 0.000585786 0.0015 0.0214142
         vertex 0.00123463 0.0015 0.0218478
         vertex 0.00161732 0.0015 0.0204239
      endloop
   endfacet
   facet normal 0 1 0
      outer loop
         vertex 0.0256173 0.0015 0.0204239
         vertex 0.0235 0.0015 0.0195
         vertex 0.0176154 0.0015 0.0195
      endloop
   endfacet
   facet normal 0 1 0
      outer loop
         vertex 0.00292388 0.0015 0.0198827
         vertex 0.03 0.0015 0.022
         vertex 0.026 0.0015 0.0205
      endloop
   endfacet
   facet normal 0 1 0
      outer loop
         vertex 0.003 0.0015 0.0195
         vertex 0.0176154 0.0015 0.0195
         vertex 0.005 0.0015 0.019
      endloop
   endfacet
   facet normal 0 1 0
      outer loop
         vertex 0.0269239 0.0015 0.0198827
         vertex 0.03 0.0015 0.022
         vertex 0.03 0.0015 0.0189472
      endloop
   endfacet
   facet normal 0 1 0
      outer loop
         vertex 0.0269239 0.0015 0.0191173
         vertex 0.03 0.0015 0.0189472
         vertex 0.0282206 0.0015 0.0177638
      endloop
   endfacet
   facet normal 0 1 0
      outer loop
         vertex 0.0282206 0.0015 0.0177638
         vertex 0.0267122 0.0015 0.01625
         vertex 0.0263827 0.0015 0.0185761
      endloop
   endfacet
   facet normal 0 1 0
      outer loop
         vertex 0.0267122 0.0015 0.01625
         vertex 0.0235 0.0015 0.01625
         vertex 0.0256173 0.0015 0.0185761
      endloop
   endfacet
   facet normal 0 1 0
      outer loop
         vertex 0.00107612 0.0015 0.0191173
         vertex 0.00129289 0.0015 0.0187929
         vertex 4.6875e-05 0.0015 0.017
      endloop
   endfacet
   facet normal 0 1 0
      outer loop
         vertex 0.00161732 0.0015 0.0204239
         vertex 0.00129289 0.0015 0.0202071
         vertex 0.000585786 0.0015 0.0214142
      endloop
   endfacet
   facet normal 0 1 0
      outer loop
         vertex 0.00123463 0.0015 0.0218478
         vertex 0.002 0.0015 0.022
         vertex 0.002 0.0015 0.0205
      endloop
   endfacet
   facet normal 0 1 0
      outer loop
         vertex 0.026 0.0015 0.0205
         vertex 0.0256173 0.0015 0.0204239
         vertex 0.00292388 0.0015 0.0198827
      endloop
   endfacet
   facet normal 0 1 0
      outer loop
         vertex 0.005 0.0015 0.019
         vertex 0.00270711 0.0015 0.0187929
         vertex 0.00292388 0.0015 0.0191173
      endloop
   endfacet
   facet normal 0 1 0
      outer loop
         vertex 0.005 0.0015 0.019
         vertex 0.002 0.0015 0.0185
         vertex 0.00238268 0.0015 0.0185761
      endloop
   endfacet
   facet normal 0 1 0
      outer loop
         vertex 0.03 0.0015 0.022
         vertex 0.0267071 0.0015 0.0202071
         vertex 0.0263827 0.0015 0.0204239
      endloop
   endfacet
   facet normal 0 1 0
      outer loop
         vertex 0.0269239 0.0015 0.0191173
         vertex 0.027 0.0015 0.0195
         vertex 0.03 0.0015 0.0189472
      endloop
   endfacet
   facet normal 0 1 0
      outer loop
         vertex 0.0267122 0.0015 0.01625
         vertex 0.026 0.0015 0.0185
         vertex 0.0263827 0.0015 0.0185761
      endloop
   endfacet
   facet normal 0 1 0
      outer loop
         vertex 0.0235 0.0015 0.01625
         vertex 0.0252929 0.0015 0.0187929
         vertex 0.0256173 0.0015 0.0185761
      endloop
   endfacet
   facet normal 0 1 0
      outer loop
         vertex 0.005 0.0015 0.017
         vertex 4.6875e-05 0.0015 0.017
         vertex 0.002 0.0015 0.0185
      endloop
   endfacet
   facet normal 0 1 0
      outer loop
         vertex 4.6875e-05 0.0015 0.0204305
         vertex 0.00107612 0.0015 0.0198827
         vertex 0.001 0.0015 0.0195
      endloop
   endfacet
   facet normal 0 1 0
      outer loop
         vertex 0.002 0.0015 0.0205
         vertex 0.00161732 0.0015 0.0204239
         vertex 0.00123463 0.0015 0.0218478
      endloop
   endfacet
   facet normal 0 1 0
      outer loop
         vertex 0.002 0.0015 0.022
         vertex 0.03 0.0015 0.022
         vertex 0.00270711 0.0015 0.0202071
      endloop
   endfacet
   facet normal 0 1 0
      outer loop
         vertex 0.0176154 0.0015 0.0195
         vertex 0.003 0.0015 0.0195
         vertex 0.00292388 0.0015 0.0198827
      endloop
   endfacet
   facet normal 0 1 0
      outer loop
         vertex 0.00238268 0.0015 0.0185761
         vertex 0.00270711 0.0015 0.0187929
         vertex 0.005 0.0015 0.019
      endloop
   endfacet
   facet normal 0 1 0
      outer loop
         vertex 0.0269239 0.0015 0.0198827
         vertex 0.0267071 0.0015 0.0202071
         vertex 0.03 0.0015 0.022
      endloop
   endfacet
   facet normal 0 1 0
      outer loop
         vertex 0.0256173 0.0015 0.0185761
         vertex 0.026 0.0015 0.0185
         vertex 0.0267122 0.0015 0.01625
      endloop
   endfacet
   facet normal 0 1 0
      outer loop
         vertex 4.6875e-05 0.0015 0.017
         vertex 0.00161732 0.0015 0.0185761
         vertex 0.002 0.0015 0.0185
      endloop
   endfacet
   facet normal 0 1 0
      outer loop
         vertex 0.000152241 0.0015 0.0207654
         vertex 0.000585786 0.0015 0.0214142
         vertex 0.00129289 0.0015 0.0202071
      endloop
   endfacet
   facet normal 0 1 0
      outer loop
         vertex 0.00270711 0.0015 0.0202071
         vertex 0.00238268 0.0015 0.0204239
         vertex 0.002 0.0015 0.022
      endloop
   endfacet
   facet normal 0 1 0
      outer loop
         vertex 0.005 0.0015 0.019
         vertex 0.00292388 0.0015 0.0191173
         vertex 0.003 0.0015 0.0195
      endloop
   endfacet
   facet normal 0 1 0
      outer loop
         vertex 0.0263827 0.0015 0.0185761
         vertex 0.0267071 0.0015 0.0187929
         vertex 0.0282206 0.0015 0.0177638
      endloop
   endfacet
   facet normal 0 1 0
      outer loop
         vertex 0.0235 0.0015 0.01625
         vertex 0.0235 0.0015 0.0195
         vertex 0.0250761 0.0015 0.0191173
      endloop
   endfacet
   facet normal 0 1 0
      outer loop
         vertex 0.00129289 0.0015 0.0187929
         vertex 0.00161732 0.0015 0.0185761
         vertex 4.6875e-05 0.0015 0.017
      endloop
   endfacet
   facet normal 0 1 0
      outer loop
         vertex 0.00292388 0.0015 0.0198827
         vertex 0.00270711 0.0015 0.0202071
         vertex 0.03 0.0015 0.022
      endloop
   endfacet
   facet normal 0 1 0
      outer loop
         vertex 0.0250761 0.0015 0.0191173
         vertex 0.0252929 0.0015 0.0187929
         vertex 0.0235 0.0015 0.01625
      endloop
   endfacet
   facet normal 0 1 0
      outer loop
         vertex 0.0235 0.0015 0.0195
         vertex 0.0250761 0.0015 0.0198827
         vertex 0.025 0.0015 0.0195
      endloop
   endfacet
   facet normal 0 1 0
      outer loop
         vertex 0.00238268 0.0015 0.0204239
         vertex 0.002 0.0015 0.0205
         vertex 0.002 0.0015 0.022
      endloop
   endfacet
   facet normal 0 1 0
      outer loop
         vertex 0.025 0.0015 0.0195
         vertex 0.0250761 0.0015 0.0191173
         vertex 0.0235 0.0015 0.0195
      endloop
   endfacet
   facet normal 0 1 0
      outer loop
         vertex 0.0235 0.0015 0.0195
         vertex 0.0256173 0.0015 0.0204239
         vertex 0.0252929 0.0015 0.0202071
      endloop
   endfacet
   facet normal 0 1 0
      outer loop
         vertex 0.002 0.0015 0.0185
         vertex 0.005 0.0015 0.019
         vertex 0.005 0.0015 0.017
      endloop
   endfacet
   facet normal 0 1 0
      outer loop
         vertex 0.0252929 0.0015 0.0202071
         vertex 0.0250761 0.0015 0.0198827
         vertex 0.0235 0.0015 0.0195
      endloop
   endfacet
   facet normal 0 1 0
      outer loop
         vertex 0.0263827 0.0015 0.0204239
         vertex 0.026 0.0015 0.0205
         vertex 0.03 0.0015 0.022
      endloop
   endfacet
   facet normal 0 1 0
      outer loop
         vertex 0.0176154 0.0015 0.0195
         vertex 0.0176154 0.0015 0.019
         vertex 0.005 0.0015 0.019
      endloop
   endfacet
   facet normal -0.92388 0 0.382683
      outer loop
         vertex 0.00292388 -0.006 0.0191173
         vertex 0.003 -0.006 0.0195
         vertex 0.003 0.0015 0.0195
      endloop
   endfacet
   facet normal -0.707107 0 0.707107
      outer loop
         vertex 0.00270711 -0.006 0.0187929
         vertex 0.00292388 -0.006 0.0191173
         vertex 0.00292388 0.0015 0.0191173
      endloop
   endfacet
   facet normal -0.382683 0 0.92388
      outer loop
         vertex 0.00238268 -0.006 0.0185761
         vertex 0.00270711 -0.006 0.0187929
         vertex 0.00270711 0.0015 0.0187929
      endloop
   endfacet
   facet normal 1.83697e-16 0 1
      outer loop
         vertex 0.002 -0.006 0.0185
         vertex 0.00238268 -0.006 0.0185761
         vertex 0.00238268 0.0015 0.0185761
      endloop
   endfacet
   facet normal 0.382683 0 0.92388
      outer loop
         vertex 0.00161732 -0.006 0.0185761
         vertex 0.002 -0.006 0.0185
         vertex 0.002 0.0015 0.0185
      endloop
   endfacet
   facet normal 0.707107 0 0.707107
      outer loop
         vertex 0.00129289 -0.006 0.0187929
         vertex 0.00161732 -0.006 0.0185761
         vertex 0.00161732 0.0015 0.0185761
      endloop
   endfacet
   facet normal 0.92388 0 0.382683
      outer loop
         vertex 0.00107612 -0.006 0.0191173
         vertex 0.00129289 -0.006 0.0187929
         vertex 0.00129289 0.0015 0.0187929
      endloop
   endfacet
   facet normal 1 0 0
      outer loop
         vertex 0.001 -0.006 0.0195
         vertex 0.00107612 -0.006 0.0191173
         vertex 0.00107612 0.0015 0.0191173
      endloop
   endfacet
   facet normal 0.92388 0 0.382683
      outer loop
         vertex 0.00107612 0.0015 0.0191173
         vertex 0.001 0.0015 0.0195
         vertex 0.001 -0.006 0.0195
      endloop
   endfacet
   facet normal 0.707107 0 0.707107
      outer loop
         vertex 0.00129289 0.0015 0.0187929
         vertex 0.00107612 0.0015 0.0191173
         vertex 0.00107612 -0.006 0.0191173
      endloop
   endfacet
   facet normal 0.382683 0 0.92388
      outer loop
         vertex 0.00161732 0.0015 0.0185761
         vertex 0.00129289 0.0015 0.0187929
         vertex 0.00129289 -0.006 0.0187929
      endloop
   endfacet
   facet normal 1.83697e-16 0 1
      outer loop
         vertex 0.002 0.0015 0.0185
         vertex 0.00161732 0.0015 0.0185761
         vertex 0.00161732 -0.006 0.0185761
      endloop
   endfacet
   facet normal -0.382683 0 0.92388
      outer loop
         vertex 0.00238268 0.0015 0.0185761
         vertex 0.002 0.0015 0.0185
         vertex 0.002 -0.006 0.0185
      endloop
   endfacet
   facet normal -0.707107 0 0.707107
      outer loop
         vertex 0.00270711 0.0015 0.0187929
         vertex 0.00238268 0.0015 0.0185761
         vertex 0.00238268 -0.006 0.0185761
      endloop
   endfacet
   facet normal -0.92388 0 0.382683
      outer loop
         vertex 0.00292388 0.0015 0.0191173
         vertex 0.00270711 0.0015 0.0187929
         vertex 0.00270711 -0.006 0.0187929
      endloop
   endfacet
   facet normal -1 0 0
      outer loop
         vertex 0.003 0.0015 0.0195
         vertex 0.00292388 0.0015 0.0191173
         vertex 0.00292388 -0.006 0.0191173
      endloop
   endfacet
   facet normal 0.92388 0 -0.382683
      outer loop
         vertex 0.00107612 -0.006 0.0198827
         vertex 0.001 -0.006 0.0195
         vertex 0.001 0.0015 0.0195
      endloop
   endfacet
   facet normal 0.707107 0 -0.707107
      outer loop
         vertex 0.00129289 -0.006 0.0202071
         vertex 0.00107612 -0.006 0.0198827
         vertex 0.00107612 0.0015 0.0198827
      endloop
   endfacet
   facet normal 0.382683 0 -0.92388
      outer loop
         vertex 0.00161732 -0.006 0.0204239
         vertex 0.00129289 -0.006 0.0202071
         vertex 0.00129289 0.0015 0.0202071
      endloop
   endfacet
   facet normal -6.12323e-17 0 -1
      outer loop
         vertex 0.002 -0.006 0.0205
         vertex 0.00161732 -0.006 0.0204239
         vertex 0.00161732 0.0015 0.0204239
      endloop
   endfacet
   facet normal -0.382683 0 -0.92388
      outer loop
         vertex 0.00238268 -0.006 0.0204239
         vertex 0.002 -0.006 0.0205
         vertex 0.002 0.0015 0.0205
      endloop
   endfacet
   facet normal -0.707107 0 -0.707107
      outer loop
         vertex 0.00270711 -0.006 0.0202071
         vertex 0.00238268 -0.006 0.0204239
         vertex 0.00238268 0.0015 0.0204239
      endloop
   endfacet
   facet normal -0.92388 0 -0.382683
      outer loop
         vertex 0.00292388 -0.006 0.0198827
         vertex 0.00270711 -0.006 0.0202071
         vertex 0.00270711 0.0015 0.0202071
      endloop
   endfacet
   facet normal -1 0 0
      outer loop
         vertex 0.003 -0.006 0.0195
         vertex 0.00292388 -0.006 0.0198827
         vertex 0.00292388 0.0015 0.0198827
      endloop
   endfacet
   facet normal -0.92388 0 -0.382683
      outer loop
         vertex 0.00292388 0.0015 0.0198827
         vertex 0.003 0.0015 0.0195
         vertex 0.003 -0.006 0.0195
      endloop
   endfacet
   facet normal -0.707107 0 -0.707107
      outer loop
         vertex 0.00270711 0.0015 0.0202071
         vertex 0.00292388 0.0015 0.0198827
         vertex 0.00292388 -0.006 0.0198827
      endloop
   endfacet
   facet normal -0.382683 0 -0.92388
      outer loop
         vertex 0.00238268 0.0015 0.0204239
         vertex 0.00270711 0.0015 0.0202071
         vertex 0.00270711 -0.006 0.0202071
      endloop
   endfacet
   facet normal -6.12323e-17 0 -1
      outer loop
         vertex 0.002 0.0015 0.0205
         vertex 0.00238268 0.0015 0.0204239
         vertex 0.00238268 -0.006 0.0204239
      endloop
   endfacet
   facet normal 0.382683 0 -0.92388
      outer loop
         vertex 0.00161732 0.0015 0.0204239
         vertex 0.002 0.0015 0.0205
         vertex 0.002 -0.006 0.0205
      endloop
   endfacet
   facet normal 0.707107 0 -0.707107
      outer loop
         vertex 0.00129289 0.0015 0.0202071
         vertex 0.00161732 0.0015 0.0204239
         vertex 0.00161732 -0.006 0.0204239
      endloop
   endfacet
   facet normal 0.92388 0 -0.382683
      outer loop
         vertex 0.00107612 0.0015 0.0198827
         vertex 0.00129289 0.0015 0.0202071
         vertex 0.00129289 -0.006 0.0202071
      endloop
   endfacet
   facet normal 1 0 0
      outer loop
         vertex 0.001 0.0015 0.0195
         vertex 0.00107612 0.0015 0.0198827
         vertex 0.00107612 -0.006 0.0198827
      endloop
   endfacet
   facet normal 0 1 0
      outer loop
         vertex 0.00292388 -0.006 0.0198827
         vertex 0.00292388 -0.006 0.0191173
         vertex 0.00270711 -0.006 0.0187929
      endloop
   endfacet
   facet normal 0 1 0
      outer loop
         vertex 0.00238268 -0.006 0.0185761
         vertex 0.001 -0.006 0.0195
         vertex 0.00107612 -0.006 0.0198827
      endloop
   endfacet
   facet normal 0 1 0
      outer loop
         vertex 0.00292388 -0.006 0.0198827
         vertex 0.003 -0.006 0.0195
         vertex 0.00292388 -0.006 0.0191173
      endloop
   endfacet
   facet normal 0 1 0
      outer loop
         vertex 0.00238268 -0.006 0.0185761
         vertex 0.00107612 -0.006 0.0191173
         vertex 0.001 -0.006 0.0195
      endloop
   endfacet
   facet normal 0 1 0
      outer loop
         vertex 0.00129289 -0.006 0.0187929
         vertex 0.00238268 -0.006 0.0185761
         vertex 0.002 -0.006 0.0185
      endloop
   endfacet
   facet normal 0 1 0
      outer loop
         vertex 0.00238268 -0.006 0.0185761
         vertex 0.00270711 -0.006 0.0202071
         vertex 0.00292388 -0.006 0.0198827
      endloop
   endfacet
   facet normal 0 1 0
      outer loop
         vertex 0.00107612 -0.006 0.0198827
         vertex 0.00129289 -0.006 0.0202071
         vertex 0.00238268 -0.006 0.0185761
      endloop
   endfacet
   facet normal 0 1 0
      outer loop
         vertex 0.002 -0.006 0.0185
         vertex 0.00161732 -0.006 0.0185761
         vertex 0.00129289 -0.006 0.0187929
      endloop
   endfacet
   facet normal 0 1 0
      outer loop
         vertex 0.00238268 -0.006 0.0185761
         vertex 0.00238268 -0.006 0.0204239
         vertex 0.00270711 -0.006 0.0202071
      endloop
   endfacet
   facet normal 0 1 0
      outer loop
         vertex 0.00238268 -0.006 0.0185761
         vertex 0.00161732 -0.006 0.0204239
         vertex 0.002 -0.006 0.0205
      endloop
   endfacet
   facet normal 0 1 0
      outer loop
         vertex 0.00129289 -0.006 0.0187929
         vertex 0.00107612 -0.006 0.0191173
         vertex 0.00238268 -0.006 0.0185761
      endloop
   endfacet
   facet normal 0 1 0
      outer loop
         vertex 0.002 -0.006 0.0205
         vertex 0.00238268 -0.006 0.0204239
         vertex 0.00238268 -0.006 0.0185761
      endloop
   endfacet
   facet normal 0 1 0
      outer loop
         vertex 0.00270711 -0.006 0.0187929
         vertex 0.00238268 -0.006 0.0185761
         vertex 0.00292388 -0.006 0.0198827
      endloop
   endfacet
   facet normal 0 1 0
      outer loop
         vertex 0.00129289 -0.006 0.0202071
         vertex 0.00161732 -0.006 0.0204239
         vertex 0.00238268 -0.006 0.0185761
      endloop
   endfacet
   facet normal -0.92388 0 0.382683
      outer loop
         vertex 0.0269239 -0.006 0.0191173
         vertex 0.027 -0.006 0.0195
         vertex 0.027 0.0015 0.0195
      endloop
   endfacet
   facet normal -0.707107 0 0.707107
      outer loop
         vertex 0.0267071 -0.006 0.0187929
         vertex 0.0269239 -0.006 0.0191173
         vertex 0.0269239 0.0015 0.0191173
      endloop
   endfacet
   facet normal -0.382683 0 0.92388
      outer loop
         vertex 0.0263827 -0.006 0.0185761
         vertex 0.0267071 -0.006 0.0187929
         vertex 0.0267071 0.0015 0.0187929
      endloop
   endfacet
   facet normal 1.83697e-16 0 1
      outer loop
         vertex 0.026 -0.006 0.0185
         vertex 0.0263827 -0.006 0.0185761
         vertex 0.0263827 0.0015 0.0185761
      endloop
   endfacet
   facet normal 0.382683 0 0.92388
      outer loop
         vertex 0.0256173 -0.006 0.0185761
         vertex 0.026 -0.006 0.0185
         vertex 0.026 0.0015 0.0185
      endloop
   endfacet
   facet normal 0.707107 0 0.707107
      outer loop
         vertex 0.0252929 -0.006 0.0187929
         vertex 0.0256173 -0.006 0.0185761
         vertex 0.0256173 0.0015 0.0185761
      endloop
   endfacet
   facet normal 0.92388 0 0.382683
      outer loop
         vertex 0.0250761 -0.006 0.0191173
         vertex 0.0252929 -0.006 0.0187929
         vertex 0.0252929 0.0015 0.0187929
      endloop
   endfacet
   facet normal 1 0 0
      outer loop
         vertex 0.025 -0.006 0.0195
         vertex 0.0250761 -0.006 0.0191173
         vertex 0.0250761 0.0015 0.0191173
      endloop
   endfacet
   facet normal 0.92388 0 0.382683
      outer loop
         vertex 0.0250761 0.0015 0.0191173
         vertex 0.025 0.0015 0.0195
         vertex 0.025 -0.006 0.0195
      endloop
   endfacet
   facet normal 0.707107 0 0.707107
      outer loop
         vertex 0.0252929 0.0015 0.0187929
         vertex 0.0250761 0.0015 0.0191173
         vertex 0.0250761 -0.006 0.0191173
      endloop
   endfacet
   facet normal 0.382683 0 0.92388
      outer loop
         vertex 0.0256173 0.0015 0.0185761
         vertex 0.0252929 0.0015 0.0187929
         vertex 0.0252929 -0.006 0.0187929
      endloop
   endfacet
   facet normal 1.83697e-16 0 1
      outer loop
         vertex 0.026 0.0015 0.0185
         vertex 0.0256173 0.0015 0.0185761
         vertex 0.0256173 -0.006 0.0185761
      endloop
   endfacet
   facet normal -0.382683 0 0.92388
      outer loop
         vertex 0.0263827 0.0015 0.0185761
         vertex 0.026 0.0015 0.0185
         vertex 0.026 -0.006 0.0185
      endloop
   endfacet
   facet normal -0.707107 0 0.707107
      outer loop
         vertex 0.0267071 0.0015 0.0187929
         vertex 0.0263827 0.0015 0.0185761
         vertex 0.0263827 -0.006 0.0185761
      endloop
   endfacet
   facet normal -0.92388 0 0.382683
      outer loop
         vertex 0.0269239 0.0015 0.0191173
         vertex 0.0267071 0.0015 0.0187929
         vertex 0.0267071 -0.006 0.0187929
      endloop
   endfacet
   facet normal -1 0 0
      outer loop
         vertex 0.027 0.0015 0.0195
         vertex 0.0269239 0.0015 0.0191173
         vertex 0.0269239 -0.006 0.0191173
      endloop
   endfacet
   facet normal 0.92388 0 -0.382683
      outer loop
         vertex 0.0250761 -0.006 0.0198827
         vertex 0.025 -0.006 0.0195
         vertex 0.025 0.0015 0.0195
      endloop
   endfacet
   facet normal 0.707107 0 -0.707107
      outer loop
         vertex 0.0252929 -0.006 0.0202071
         vertex 0.0250761 -0.006 0.0198827
         vertex 0.0250761 0.0015 0.0198827
      endloop
   endfacet
   facet normal 0.382683 0 -0.92388
      outer loop
         vertex 0.0256173 -0.006 0.0204239
         vertex 0.0252929 -0.006 0.0202071
         vertex 0.0252929 0.0015 0.0202071
      endloop
   endfacet
   facet normal -6.12323e-17 0 -1
      outer loop
         vertex 0.026 -0.006 0.0205
         vertex 0.0256173 -0.006 0.0204239
         vertex 0.0256173 0.0015 0.0204239
      endloop
   endfacet
   facet normal -0.382683 0 -0.92388
      outer loop
         vertex 0.0263827 -0.006 0.0204239
         vertex 0.026 -0.006 0.0205
         vertex 0.026 0.0015 0.0205
      endloop
   endfacet
   facet normal -0.707107 0 -0.707107
      outer loop
         vertex 0.0267071 -0.006 0.0202071
         vertex 0.0263827 -0.006 0.0204239
         vertex 0.0263827 0.0015 0.0204239
      endloop
   endfacet
   facet normal -0.92388 0 -0.382683
      outer loop
         vertex 0.0269239 -0.006 0.0198827
         vertex 0.0267071 -0.006 0.0202071
         vertex 0.0267071 0.0015 0.0202071
      endloop
   endfacet
   facet normal -1 0 0
      outer loop
         vertex 0.027 -0.006 0.0195
         vertex 0.0269239 -0.006 0.0198827
         vertex 0.0269239 0.0015 0.0198827
      endloop
   endfacet
   facet normal -0.92388 0 -0.382683
      outer loop
         vertex 0.0269239 0.0015 0.0198827
         vertex 0.027 0.0015 0.0195
         vertex 0.027 -0.006 0.0195
      endloop
   endfacet
   facet normal -0.707107 0 -0.707107
      outer loop
         vertex 0.0267071 0.0015 0.0202071
         vertex 0.0269239 0.0015 0.0198827
         vertex 0.0269239 -0.006 0.0198827
      endloop
   endfacet
   facet normal -0.382683 0 -0.92388
      outer loop
         vertex 0.0263827 0.0015 0.0204239
         vertex 0.0267071 0.0015 0.0202071
         vertex 0.0267071 -0.006 0.0202071
      endloop
   endfacet
   facet normal -6.12323e-17 0 -1
      outer loop
         vertex 0.026 0.0015 0.0205
         vertex 0.0263827 0.0015 0.0204239
         vertex 0.0263827 -0.006 0.0204239
      endloop
   endfacet
   facet normal 0.382683 0 -0.92388
      outer loop
         vertex 0.0256173 0.0015 0.0204239
         vertex 0.026 0.0015 0.0205
         vertex 0.026 -0.006 0.0205
      endloop
   endfacet
   facet normal 0.707107 0 -0.707107
      outer loop
         vertex 0.0252929 0.0015 0.0202071
         vertex 0.0256173 0.0015 0.0204239
         vertex 0.0256173 -0.006 0.0204239
      endloop
   endfacet
   facet normal 0.92388 0 -0.382683
      outer loop
         vertex 0.0250761 0.0015 0.0198827
         vertex 0.0252929 0.0015 0.0202071
         vertex 0.0252929 -0.006 0.0202071
      endloop
   endfacet
   facet normal 1 0 0
      outer loop
         vertex 0.025 0.0015 0.0195
         vertex 0.0250761 0.0015 0.0198827
         vertex 0.0250761 -0.006 0.0198827
      endloop
   endfacet
   facet normal 0 1 0
      outer loop
         vertex 0.025 -0.006 0.0195
         vertex 0.0256173 -0.006 0.0185761
         vertex 0.0252929 -0.006 0.0187929
      endloop
   endfacet
   facet normal 0 1 0
      outer loop
         vertex 0.025 -0.006 0.0195
         vertex 0.0263827 -0.006 0.0185761
         vertex 0.026 -0.006 0.0185
      endloop
   endfacet
   facet normal 0 1 0
      outer loop
         vertex 0.0263827 -0.006 0.0204239
         vertex 0.0267071 -0.006 0.0202071
         vertex 0.0269239 -0.006 0.0198827
      endloop
   endfacet
   facet normal 0 1 0
      outer loop
         vertex 0.027 -0.006 0.0195
         vertex 0.0256173 -0.006 0.0204239
         vertex 0.026 -0.006 0.0205
      endloop
   endfacet
   facet normal 0 1 0
      outer loop
         vertex 0.027 -0.006 0.0195
         vertex 0.025 -0.006 0.0195
         vertex 0.0250761 -0.006 0.0198827
      endloop
   endfacet
   facet normal 0 1 0
      outer loop
         vertex 0.026 -0.006 0.0185
         vertex 0.0256173 -0.006 0.0185761
         vertex 0.025 -0.006 0.0195
      endloop
   endfacet
   facet normal 0 1 0
      outer loop
         vertex 0.025 -0.006 0.0195
         vertex 0.0269239 -0.006 0.0191173
         vertex 0.0267071 -0.006 0.0187929
      endloop
   endfacet
   facet normal 0 1 0
      outer loop
         vertex 0.026 -0.006 0.0205
         vertex 0.0263827 -0.006 0.0204239
         vertex 0.027 -0.006 0.0195
      endloop
   endfacet
   facet normal 0 1 0
      outer loop
         vertex 0.0250761 -0.006 0.0198827
         vertex 0.0252929 -0.006 0.0202071
         vertex 0.027 -0.006 0.0195
      endloop
   endfacet
   facet normal 0 1 0
      outer loop
         vertex 0.0267071 -0.006 0.0187929
         vertex 0.0263827 -0.006 0.0185761
         vertex 0.025 -0.006 0.0195
      endloop
   endfacet
   facet normal 0 1 0
      outer loop
         vertex 0.0252929 -0.006 0.0202071
         vertex 0.0256173 -0.006 0.0204239
         vertex 0.027 -0.006 0.0195
      endloop
   endfacet
   facet normal 0 1 0
      outer loop
         vertex 0.025 -0.006 0.0195
         vertex 0.027 -0.006 0.0195
         vertex 0.0269239 -0.006 0.0191173
      endloop
   endfacet
   facet normal 0 1 0
      outer loop
         vertex 0.0252929 -0.006 0.0187929
         vertex 0.0250761 -0.006 0.0191173
         vertex 0.025 -0.006 0.0195
      endloop
   endfacet
   facet normal 0 1 0
      outer loop
         vertex 0.0269239 -0.006 0.0198827
         vertex 0.027 -0.006 0.0195
         vertex 0.0263827 -0.006 0.0204239
      endloop
   endfacet
   facet normal 0 -1 0
      outer loop
         vertex 0 -0.0315 0.002
         vertex 0.005 -0.0315 0.0055
         vertex 0.005 -0.0315 0.0135
      endloop
   endfacet
   facet normal 0 -1 0
      outer loop
         vertex 0 -0.0315 0.002
         vertex 0.009 -0.0315 0.002
         vertex 0.0065 -0.0315 0.004
      endloop
   endfacet
   facet normal 0 -1 0
      outer loop
         vertex 0.021 -0.0315 0.0055
         vertex 0.0243335 -0.0315 0.00532613
         vertex 0.0235459 -0.0315 0.0095
      endloop
   endfacet
   facet normal 0 -1 0
      outer loop
         vertex 0.005 -0.0315 0.0135
         vertex 0 -0.0315 0.017
         vertex 0 -0.0315 0.002
      endloop
   endfacet
   facet normal 0 -1 0
      outer loop
         vertex 0 -0.0315 0.002
         vertex 0.00592597 -0.0315 0.00411418
         vertex 0.00543934 -0.0315 0.00443934
      endloop
   endfacet
   facet normal 0 -1 0
      outer loop
         vertex 0.009 -0.0315 0.002
         vertex 0.0195 -0.0315 0.004
         vertex 0.0065 -0.0315 0.004
      endloop
   endfacet
   facet normal 0 -1 0
      outer loop
         vertex 0.0243335 -0.0315 0.0136739
         vertex 0.0208858 -0.0315 0.014074
         vertex 0.021 -0.0315 0.0135
      endloop
   endfacet
   facet normal 0 -1 0
      outer loop
         vertex 0.0235459 -0.0315 0.0095
         vertex 0.021 -0.0315 0.0135
         vertex 0.021 -0.0315 0.0055
      endloop
   endfacet
   facet normal 0 -1 0
      outer loop
         vertex 0.0243335 -0.0315 0.00532613
         vertex 0.0208858 -0.0315 0.00492597
         vertex 0.024 -0.0315 0.002
      endloop
   endfacet
   facet normal 0 -1 0
      outer loop
         vertex 0 -0.0315 0.002
         vertex 0.00511418 -0.0315 0.00492597
         vertex 0.005 -0.0315 0.0055
      endloop
   endfacet
   facet normal 0 -1 0
      outer loop
         vertex 0.0065 -0.0315 0.004
         vertex 0.00592597 -0.0315 0.00411418
         vertex 0 -0.0315 0.002
      endloop
   endfacet
   facet normal 0 -1 0
      outer loop
         vertex 0.021 -0.0315 0.0135
         vertex 0.0235459 -0.0315 0.0095
         vertex 0.0243335 -0.0315 0.0136739
      endloop
   endfacet
   facet normal 0 -1 0
      outer loop
         vertex 0.024 -0.0315 0.002
         vertex 0.0263429 -0.0315 0.002
         vertex 0.0243335 -0.0315 0.00532613
      endloop
   endfacet
   facet normal 0 -1 0
      outer loop
         vertex 0.0208858 -0.0315 0.014074
         vertex 0.0263429 -0.0315 0.017
         vertex 0.024 -0.0315 0.017
      endloop
   endfacet
   facet normal 0 -1 0
      outer loop
         vertex 0 -0.0315 0.017
         vertex 0.00511418 -0.0315 0.014074
         vertex 0.00543934 -0.0315 0.0145607
      endloop
   endfacet
   facet normal 0 -1 0
      outer loop
         vertex 0.00543934 -0.0315 0.00443934
         vertex 0.00511418 -0.0315 0.00492597
         vertex 0 -0.0315 0.002
      endloop
   endfacet
   facet normal 0 -1 0
      outer loop
         vertex 0.009 -0.0315 0.017
         vertex 0.00543934 -0.0315 0.0145607
         vertex 0.00592597 -0.0315 0.0148858
      endloop
   endfacet
   facet normal 0 -1 0
      outer loop
         vertex 0.021 -0.0315 0.0055
         vertex 0.0208858 -0.0315 0.00492597
         vertex 0.0243335 -0.0315 0.00532613
      endloop
   endfacet
   facet normal 0 -1 0
      outer loop
         vertex 0.024 -0.0315 0.017
         vertex 0.020074 -0.0315 0.0148858
         vertex 0.0205607 -0.0315 0.0145607
      endloop
   endfacet
   facet normal 0 -1 0
      outer loop
         vertex 0.020074 -0.0315 0.00411418
         vertex 0.024 -0.0315 -0.002
         vertex 0.024 -0.0315 0.002
      endloop
   endfacet
   facet normal 0 -1 0
      outer loop
         vertex 0.009 -0.0315 -0.002
         vertex 0.024 -0.0315 -0.002
         vertex 0.0195 -0.0315 0.004
      endloop
   endfacet
   facet normal 0 -1 0
      outer loop
         vertex 0.005 -0.0315 0.0135
         vertex 0.00511418 -0.0315 0.014074
         vertex 0 -0.0315 0.017
      endloop
   endfacet
   facet normal 0 -1 0
      outer loop
         vertex 0.00592597 -0.0315 0.0148858
         vertex 0.0065 -0.0315 0.015
         vertex 0.009 -0.0315 0.017
      endloop
   endfacet
   facet normal 0 -1 0
      outer loop
         vertex 0.009 -0.0315 0.021
         vertex 0.009 -0.0315 0.017
         vertex 0.024 -0.0315 0.017
      endloop
   endfacet
   facet normal 0 -1 0
      outer loop
         vertex 0.024 -0.0315 0.017
         vertex 0.0205607 -0.0315 0.0145607
         vertex 0.0208858 -0.0315 0.014074
      endloop
   endfacet
   facet normal 0 -1 0
      outer loop
         vertex 0.024 -0.0315 0.017
         vertex 0.0065 -0.0315 0.015
         vertex 0.0195 -0.0315 0.015
      endloop
   endfacet
   facet normal 0 -1 0
      outer loop
         vertex 0.024 -0.0315 0.002
         vertex 0.0205607 -0.0315 0.00443934
         vertex 0.020074 -0.0315 0.00411418
      endloop
   endfacet
   facet normal 0 -1 0
      outer loop
         vertex 0.00543934 -0.0315 0.0145607
         vertex 0.009 -0.0315 0.017
         vertex 0 -0.0315 0.017
      endloop
   endfacet
   facet normal 0 -1 0
      outer loop
         vertex 0.024 -0.0315 0.017
         vertex 0.024 -0.0315 0.021
         vertex 0.009 -0.0315 0.021
      endloop
   endfacet
   facet normal 0 -1 0
      outer loop
         vertex 0.0195 -0.0315 0.015
         vertex 0.020074 -0.0315 0.0148858
         vertex 0.024 -0.0315 0.017
      endloop
   endfacet
   facet normal 0 -1 0
      outer loop
         vertex 0.024 -0.0315 0.002
         vertex 0.0208858 -0.0315 0.00492597
         vertex 0.0205607 -0.0315 0.00443934
      endloop
   endfacet
   facet normal 0 -1 0
      outer loop
         vertex 0.0065 -0.0315 0.015
         vertex 0.024 -0.0315 0.017
         vertex 0.009 -0.0315 0.017
      endloop
   endfacet
   facet normal 0 -1 0
      outer loop
         vertex 0.020074 -0.0315 0.00411418
         vertex 0.0195 -0.0315 0.004
         vertex 0.024 -0.0315 -0.002
      endloop
   endfacet
   facet normal 0 -1 0
      outer loop
         vertex 0.0243335 -0.0315 0.0136739
         vertex 0.0263429 -0.0315 0.017
         vertex 0.0208858 -0.0315 0.014074
      endloop
   endfacet
   facet normal 0 -1 0
      outer loop
         vertex 0.0195 -0.0315 0.004
         vertex 0.009 -0.0315 0.002
         vertex 0.009 -0.0315 -0.002
      endloop
   endfacet
   facet normal 0.382683 8.4617e-14 -0.92388
      outer loop
         vertex 0.00592597 -0.03125 0.0148858
         vertex 0.0065 -0.03125 0.015
         vertex 0.0065 -0.0315 0.015
      endloop
   endfacet
   facet normal 0.707107 9.15887e-14 -0.707107
      outer loop
         vertex 0.00543934 -0.03125 0.0145607
         vertex 0.00592597 -0.03125 0.0148858
         vertex 0.00592597 -0.0315 0.0148858
      endloop
   endfacet
   facet normal 0.92388 8.4617e-14 -0.382683
      outer loop
         vertex 0.00511418 -0.03125 0.014074
         vertex 0.00543934 -0.03125 0.0145607
         vertex 0.00543934 -0.0315 0.0145607
      endloop
   endfacet
   facet normal 1 6.4763e-14 4.97673e-13
      outer loop
         vertex 0.005 -0.03125 0.0135
         vertex 0.00511418 -0.03125 0.014074
         vertex 0.00511418 -0.0315 0.014074
      endloop
   endfacet
   facet normal 0.92388 8.4617e-14 -0.382683
      outer loop
         vertex 0.00511418 -0.0315 0.014074
         vertex 0.005 -0.0315 0.0135
         vertex 0.005 -0.03125 0.0135
      endloop
   endfacet
   facet normal 0.707107 9.15887e-14 -0.707107
      outer loop
         vertex 0.00543934 -0.0315 0.0145607
         vertex 0.00511418 -0.0315 0.014074
         vertex 0.00511418 -0.03125 0.014074
      endloop
   endfacet
   facet normal 0.382683 8.4617e-14 -0.92388
      outer loop
         vertex 0.00592597 -0.0315 0.0148858
         vertex 0.00543934 -0.0315 0.0145607
         vertex 0.00543934 -0.03125 0.0145607
      endloop
   endfacet
   facet normal -4.96516e-13 6.4763e-14 -1
      outer loop
         vertex 0.0065 -0.0315 0.015
         vertex 0.00592597 -0.0315 0.0148858
         vertex 0.00592597 -0.03125 0.0148858
      endloop
   endfacet
   facet normal 0 -1 0
      outer loop
         vertex 0.020074 -0.03125 0.00411418
         vertex 0.0205607 -0.03125 0.00443934
         vertex 0.0208858 -0.03125 0.00492597
      endloop
   endfacet
   facet normal 0 -1 0
      outer loop
         vertex 0.021 -0.03125 0.0055
         vertex 0.0195 -0.03125 0.004
         vertex 0.020074 -0.03125 0.00411418
      endloop
   endfacet
   facet normal 0 -1 0
      outer loop
         vertex 0.005 -0.03125 0.0055
         vertex 0.0065 -0.03125 0.004
         vertex 0.0195 -0.03125 0.004
      endloop
   endfacet
   facet normal 0 -1 0
      outer loop
         vertex 0.005 -0.03125 0.0055
         vertex 0.00543934 -0.03125 0.00443934
         vertex 0.00592597 -0.03125 0.00411418
      endloop
   endfacet
   facet normal 0 -1 0
      outer loop
         vertex 0.0195 -0.03125 0.015
         vertex 0.021 -0.03125 0.0135
         vertex 0.0208858 -0.03125 0.014074
      endloop
   endfacet
   facet normal 0 -1 0
      outer loop
         vertex 0.0195 -0.03125 0.004
         vertex 0.021 -0.03125 0.0055
         vertex 0.005 -0.03125 0.0055
      endloop
   endfacet
   facet normal 0 -1 0
      outer loop
         vertex 0.005 -0.03125 0.0055
         vertex 0.00511418 -0.03125 0.00492597
         vertex 0.00543934 -0.03125 0.00443934
      endloop
   endfacet
   facet normal 0 -1 0
      outer loop
         vertex 0.005 -0.03125 0.0135
         vertex 0.0065 -0.03125 0.015
         vertex 0.00592597 -0.03125 0.0148858
      endloop
   endfacet
   facet normal 0 -1 0
      outer loop
         vertex 0.005 -0.03125 0.0135
         vertex 0.021 -0.03125 0.0135
         vertex 0.0195 -0.03125 0.015
      endloop
   endfacet
   facet normal 0 -1 0
      outer loop
         vertex 0.0208858 -0.03125 0.014074
         vertex 0.0205607 -0.03125 0.0145607
         vertex 0.0195 -0.03125 0.015
      endloop
   endfacet
   facet normal 0 -1 0
      outer loop
         vertex 0.00592597 -0.03125 0.00411418
         vertex 0.0065 -0.03125 0.004
         vertex 0.005 -0.03125 0.0055
      endloop
   endfacet
   facet normal 0 -1 0
      outer loop
         vertex 0.005 -0.03125 0.0135
         vertex 0.005 -0.03125 0.0055
         vertex 0.021 -0.03125 0.0055
      endloop
   endfacet
   facet normal 0 -1 0
      outer loop
         vertex 0.00592597 -0.03125 0.0148858
         vertex 0.00543934 -0.03125 0.0145607
         vertex 0.005 -0.03125 0.0135
      endloop
   endfacet
   facet normal 0 -1 0
      outer loop
         vertex 0.0205607 -0.03125 0.0145607
         vertex 0.020074 -0.03125 0.0148858
         vertex 0.0195 -0.03125 0.015
      endloop
   endfacet
   facet normal 0 -1 0
      outer loop
         vertex 0.021 -0.03125 0.0055
         vertex 0.021 -0.03125 0.0135
         vertex 0.005 -0.03125 0.0135
      endloop
   endfacet
   facet normal 0 -1 0
      outer loop
         vertex 0.0195 -0.03125 0.015
         vertex 0.0065 -0.03125 0.015
         vertex 0.005 -0.03125 0.0135
      endloop
   endfacet
   facet normal 0 -1 0
      outer loop
         vertex 0.00543934 -0.03125 0.0145607
         vertex 0.00511418 -0.03125 0.014074
         vertex 0.005 -0.03125 0.0135
      endloop
   endfacet
   facet normal 0 -1 0
      outer loop
         vertex 0.0208858 -0.03125 0.00492597
         vertex 0.021 -0.03125 0.0055
         vertex 0.020074 -0.03125 0.00411418
      endloop
   endfacet
   facet normal -0.92388 7.85729e-14 -0.382683
      outer loop
         vertex 0.0208858 -0.03125 0.014074
         vertex 0.021 -0.03125 0.0135
         vertex 0.021 -0.0315 0.0135
      endloop
   endfacet
   facet normal -0.707107 8.50467e-14 -0.707107
      outer loop
         vertex 0.0205607 -0.03125 0.0145607
         vertex 0.0208858 -0.03125 0.014074
         vertex 0.0208858 -0.0315 0.014074
      endloop
   endfacet
   facet normal -0.382683 7.85729e-14 -0.92388
      outer loop
         vertex 0.020074 -0.03125 0.0148858
         vertex 0.0205607 -0.03125 0.0145607
         vertex 0.0205607 -0.0315 0.0145607
      endloop
   endfacet
   facet normal 4.61051e-13 6.01371e-14 -1
      outer loop
         vertex 0.0195 -0.03125 0.015
         vertex 0.020074 -0.03125 0.0148858
         vertex 0.020074 -0.0315 0.0148858
      endloop
   endfacet
   facet normal -0.382683 7.85729e-14 -0.92388
      outer loop
         vertex 0.020074 -0.0315 0.0148858
         vertex 0.0195 -0.0315 0.015
         vertex 0.0195 -0.03125 0.015
      endloop
   endfacet
   facet normal -0.707107 8.50467e-14 -0.707107
      outer loop
         vertex 0.0205607 -0.0315 0.0145607
         vertex 0.020074 -0.0315 0.0148858
         vertex 0.020074 -0.03125 0.0148858
      endloop
   endfacet
   facet normal -0.92388 7.85729e-14 -0.382683
      outer loop
         vertex 0.0208858 -0.0315 0.014074
         vertex 0.0205607 -0.0315 0.0145607
         vertex 0.0205607 -0.03125 0.0145607
      endloop
   endfacet
   facet normal -1 6.01371e-14 4.61051e-13
      outer loop
         vertex 0.021 -0.0315 0.0135
         vertex 0.0208858 -0.0315 0.014074
         vertex 0.0208858 -0.03125 0.014074
      endloop
   endfacet
   facet normal 0.382683 0 0.92388
      outer loop
         vertex 0.00592597 -0.0315 0.00411418
         vertex 0.0065 -0.0315 0.004
         vertex 0.0065 -0.03125 0.004
      endloop
   endfacet
   facet normal 0.707107 0 0.707107
      outer loop
         vertex 0.00543934 -0.0315 0.00443934
         vertex 0.00592597 -0.0315 0.00411418
         vertex 0.00592597 -0.03125 0.00411418
      endloop
   endfacet
   facet normal 0.92388 0 0.382683
      outer loop
         vertex 0.00511418 -0.0315 0.00492597
         vertex 0.00543934 -0.0315 0.00443934
         vertex 0.00543934 -0.03125 0.00443934
      endloop
   endfacet
   facet normal 1 0 0
      outer loop
         vertex 0.005 -0.0315 0.0055
         vertex 0.00511418 -0.0315 0.00492597
         vertex 0.00511418 -0.03125 0.00492597
      endloop
   endfacet
   facet normal 0.92388 0 0.382683
      outer loop
         vertex 0.00511418 -0.03125 0.00492597
         vertex 0.005 -0.03125 0.0055
         vertex 0.005 -0.0315 0.0055
      endloop
   endfacet
   facet normal 0.707107 0 0.707107
      outer loop
         vertex 0.00543934 -0.03125 0.00443934
         vertex 0.00511418 -0.03125 0.00492597
         vertex 0.00511418 -0.0315 0.00492597
      endloop
   endfacet
   facet normal 0.382683 0 0.92388
      outer loop
         vertex 0.00592597 -0.03125 0.00411418
         vertex 0.00543934 -0.03125 0.00443934
         vertex 0.00543934 -0.0315 0.00443934
      endloop
   endfacet
   facet normal 0 0 1
      outer loop
         vertex 0.0065 -0.03125 0.004
         vertex 0.00592597 -0.03125 0.00411418
         vertex 0.00592597 -0.0315 0.00411418
      endloop
   endfacet
   facet normal -0.382683 -6.04407e-15 0.92388
      outer loop
         vertex 0.020074 -0.03125 0.00411418
         vertex 0.0195 -0.03125 0.004
         vertex 0.0195 -0.0315 0.004
      endloop
   endfacet
   facet normal -0.707107 -6.54205e-15 0.707107
      outer loop
         vertex 0.0205607 -0.03125 0.00443934
         vertex 0.020074 -0.03125 0.00411418
         vertex 0.020074 -0.0315 0.00411418
      endloop
   endfacet
   facet normal -0.92388 -6.04407e-15 0.382683
      outer loop
         vertex 0.0208858 -0.03125 0.00492597
         vertex 0.0205607 -0.03125 0.00443934
         vertex 0.0205607 -0.0315 0.00443934
      endloop
   endfacet
   facet normal -1 -4.62593e-15 3.54655e-14
      outer loop
         vertex 0.021 -0.03125 0.0055
         vertex 0.0208858 -0.03125 0.00492597
         vertex 0.0208858 -0.0315 0.00492597
      endloop
   endfacet
   facet normal -0.92388 -6.04407e-15 0.382683
      outer loop
         vertex 0.0208858 -0.0315 0.00492597
         vertex 0.021 -0.0315 0.0055
         vertex 0.021 -0.03125 0.0055
      endloop
   endfacet
   facet normal -0.707107 -6.54205e-15 0.707107
      outer loop
         vertex 0.0205607 -0.0315 0.00443934
         vertex 0.0208858 -0.0315 0.00492597
         vertex 0.0208858 -0.03125 0.00492597
      endloop
   endfacet
   facet normal -0.382683 -6.04407e-15 0.92388
      outer loop
         vertex 0.020074 -0.0315 0.00411418
         vertex 0.0205607 -0.0315 0.00443934
         vertex 0.0205607 -0.03125 0.00443934
      endloop
   endfacet
   facet normal -3.54655e-14 -4.62593e-15 1
      outer loop
         vertex 0.0195 -0.0315 0.004
         vertex 0.020074 -0.0315 0.00411418
         vertex 0.020074 -0.03125 0.00411418
      endloop
   endfacet
   facet normal 0 0 -1
      outer loop
         vertex 0.0195 -0.0315 0.015
         vertex 0.0065 -0.0315 0.015
         vertex 0.0065 -0.03125 0.015
      endloop
   endfacet
   facet normal 0 0 -1
      outer loop
         vertex 0.0065 -0.03125 0.015
         vertex 0.0195 -0.03125 0.015
         vertex 0.0195 -0.0315 0.015
      endloop
   endfacet
   facet normal -1 0 0
      outer loop
         vertex 0.021 -0.0315 0.0055
         vertex 0.021 -0.0315 0.0135
         vertex 0.021 -0.03125 0.0135
      endloop
   endfacet
   facet normal -1 0 0
      outer loop
         vertex 0.021 -0.03125 0.0135
         vertex 0.021 -0.03125 0.0055
         vertex 0.021 -0.0315 0.0055
      endloop
   endfacet
   facet normal 0 0 1
      outer loop
         vertex 0.0065 -0.0315 0.004
         vertex 0.0195 -0.0315 0.004
         vertex 0.0195 -0.03125 0.004
      endloop
   endfacet
   facet normal 0 0 1
      outer loop
         vertex 0.0195 -0.03125 0.004
         vertex 0.0065 -0.03125 0.004
         vertex 0.0065 -0.0315 0.004
      endloop
   endfacet
   facet normal 1 0 0
      outer loop
         vertex 0.005 -0.0315 0.0135
         vertex 0.005 -0.0315 0.0055
         vertex 0.005 -0.03125 0.0055
      endloop
   endfacet
   facet normal 1 0 0
      outer loop
         vertex 0.005 -0.03125 0.0055
         vertex 0.005 -0.03125 0.0135
         vertex 0.005 -0.0315 0.0135
      endloop
   endfacet
endsolid Document. Units = meters