solid Gigabit Ethernet Port, RPi4ModelB. STL generated by ONSHAPE BY PTC INC, 1.213. Units = meters
   facet normal 0 0 -1
      outer loop
         vertex -0.00404712 0.00025 -0.00565
         vertex -0.00537 -0.00025 -0.00565
         vertex -0.00607711 -0.000120829 -0.00565
      endloop
   endfacet
   facet normal 0 0 -1
      outer loop
         vertex -0.00404712 0.00025 -0.00565
         vertex -0.00466289 -0.000120829 -0.00565
         vertex -0.00537 -0.00025 -0.00565
      endloop
   endfacet
   facet normal 0 0 -1
      outer loop
         vertex -0.00607711 -0.000120829 -0.00565
         vertex -0.00669288 0.00025 -0.00565
         vertex -0.00404712 0.00025 -0.00565
      endloop
   endfacet
   facet normal -0.661438 -0.75 0
      outer loop
         vertex -0.00669288 0.00025 -0.00375
         vertex -0.00669288 0.00025 -0.00565
         vertex -0.00607711 -0.000120829 -0.00565
      endloop
   endfacet
   facet normal -0.353553 -0.935414 0
      outer loop
         vertex -0.00607711 -0.000120829 -0.00375
         vertex -0.00607711 -0.000120829 -0.00565
         vertex -0.00537 -0.00025 -0.00565
      endloop
   endfacet
   facet normal -2.44929e-16 -1 0
      outer loop
         vertex -0.00537 -0.00025 -0.00375
         vertex -0.00537 -0.00025 -0.00565
         vertex -0.00466289 -0.000120829 -0.00565
      endloop
   endfacet
   facet normal 0.353553 -0.935414 0
      outer loop
         vertex -0.00466289 -0.000120829 -0.00375
         vertex -0.00466289 -0.000120829 -0.00565
         vertex -0.00404712 0.00025 -0.00565
      endloop
   endfacet
   facet normal 0.661438 -0.75 0
      outer loop
         vertex -0.00404712 0.00025 -0.00565
         vertex -0.00404712 0.00025 -0.00375
         vertex -0.00466289 -0.000120829 -0.00375
      endloop
   endfacet
   facet normal 0.353553 -0.935414 0
      outer loop
         vertex -0.00466289 -0.000120829 -0.00565
         vertex -0.00466289 -0.000120829 -0.00375
         vertex -0.00537 -0.00025 -0.00375
      endloop
   endfacet
   facet normal -2.44929e-16 -1 0
      outer loop
         vertex -0.00537 -0.00025 -0.00565
         vertex -0.00537 -0.00025 -0.00375
         vertex -0.00607711 -0.000120829 -0.00375
      endloop
   endfacet
   facet normal -0.353553 -0.935414 0
      outer loop
         vertex -0.00607711 -0.000120829 -0.00565
         vertex -0.00607711 -0.000120829 -0.00375
         vertex -0.00669288 0.00025 -0.00375
      endloop
   endfacet
   facet normal 0 0 1
      outer loop
         vertex -0.00404712 0.00025 -0.00375
         vertex -0.00669288 0.00025 -0.00375
         vertex -0.00607711 -0.000120829 -0.00375
      endloop
   endfacet
   facet normal 0 0 1
      outer loop
         vertex -0.00607711 -0.000120829 -0.00375
         vertex -0.00537 -0.00025 -0.00375
         vertex -0.00404712 0.00025 -0.00375
      endloop
   endfacet
   facet normal 0 0 1
      outer loop
         vertex -0.00537 -0.00025 -0.00375
         vertex -0.00466289 -0.000120829 -0.00375
         vertex -0.00404712 0.00025 -0.00375
      endloop
   endfacet
   facet normal 0 -1 0
      outer loop
         vertex 0.0062 0.00025 -0.00306
         vertex 0.0034 0.00025 -0.00306
         vertex 0.00404712 0.00025 -0.00375
      endloop
   endfacet
   facet normal 0 -1 0
      outer loop
         vertex 0.00635 0.00025 -0.001795
         vertex 0.0062 0.00025 -0.001795
         vertex 0.0062 0.00025 -0.00306
      endloop
   endfacet
   facet normal 0 -1 0
      outer loop
         vertex 0.0062 0.00025 -0.00306
         vertex 0.00635 0.00025 -0.00359
         vertex 0.00635 0.00025 -0.001795
      endloop
   endfacet
   facet normal 0 -1 0
      outer loop
         vertex 0.00669288 0.00025 -0.00375
         vertex 0.00705 0.00025 -0.00359
         vertex 0.00635 0.00025 -0.00359
      endloop
   endfacet
   facet normal 0 -1 0
      outer loop
         vertex 0.00243 0.00025 -0.00594
         vertex 0.00404712 0.00025 -0.00565
         vertex 0.0034 0.00025 -0.00475
      endloop
   endfacet
   facet normal 0 -1 0
      outer loop
         vertex 0.00705 0.00025 -0.00359
         vertex 0.00669288 0.00025 -0.00375
         vertex 0.00669288 0.00025 -0.00565
      endloop
   endfacet
   facet normal 0 -1 0
      outer loop
         vertex 0.00635 0.00025 -0.00359
         vertex 0.00404712 0.00025 -0.00375
         vertex 0.00669288 0.00025 -0.00375
      endloop
   endfacet
   facet normal 0 -1 0
      outer loop
         vertex 0.00228 0.00025 -0.00475
         vertex 0.00228 0.00025 -0.0059
         vertex 0.00243 0.00025 -0.00594
      endloop
   endfacet
   facet normal 0 -1 0
      outer loop
         vertex 0.00404712 0.00025 -0.00375
         vertex 0.0034 0.00025 -0.00306
         vertex 0.0034 0.00025 -0.00475
      endloop
   endfacet
   facet normal 0 -1 0
      outer loop
         vertex 0.00404712 0.00025 -0.00375
         vertex 0.00635 0.00025 -0.00359
         vertex 0.0062 0.00025 -0.00306
      endloop
   endfacet
   facet normal 0 -1 0
      outer loop
         vertex 0.0034 0.00025 -0.00475
         vertex 0.00404712 0.00025 -0.00565
         vertex 0.00404712 0.00025 -0.00375
      endloop
   endfacet
   facet normal 0 -1 0
      outer loop
         vertex -0.00404712 0.00025 -0.00375
         vertex -0.00404712 0.00025 -0.00565
         vertex -0.0034 0.00025 -0.00475
      endloop
   endfacet
   facet normal 0 -1 0
      outer loop
         vertex 0.00243 0.00025 -0.00675
         vertex 0.00243 0.00025 -0.00594
         vertex 0.00228 0.00025 -0.0059
      endloop
   endfacet
   facet normal 0 -1 0
      outer loop
         vertex 0.0034 0.00025 -0.00475
         vertex 0.00228 0.00025 -0.00475
         vertex 0.00243 0.00025 -0.00594
      endloop
   endfacet
   facet normal 0 -1 0
      outer loop
         vertex 0.00705 0.00025 -0.00594
         vertex 0.00669288 0.00025 -0.00565
         vertex 0.00404712 0.00025 -0.00565
      endloop
   endfacet
   facet normal 0 -1 0
      outer loop
         vertex -0.00404712 0.00025 -0.00565
         vertex -0.00228 0.00025 -0.0059
         vertex -0.0034 0.00025 -0.00475
      endloop
   endfacet
   facet normal 0 -1 0
      outer loop
         vertex 0.00228 0.00025 -0.0059
         vertex -0.00228 0.00025 -0.0059
         vertex 0.00243 0.00025 -0.00675
      endloop
   endfacet
   facet normal 0 -1 0
      outer loop
         vertex 0.00404712 0.00025 -0.00565
         vertex 0.00243 0.00025 -0.00594
         vertex 0.00705 0.00025 -0.00594
      endloop
   endfacet
   facet normal 0 -1 0
      outer loop
         vertex -0.00228 0.00025 -0.0059
         vertex -0.00404712 0.00025 -0.00565
         vertex 0.00243 0.00025 -0.00675
      endloop
   endfacet
   facet normal 0 -1 0
      outer loop
         vertex -0.00669288 0.00025 -0.00375
         vertex -0.00404712 0.00025 -0.00375
         vertex -0.00655 0.00025 -0.00359
      endloop
   endfacet
   facet normal 0 -1 0
      outer loop
         vertex -0.0062 0.00025 -0.00306
         vertex -0.00655 0.00025 -0.00359
         vertex -0.00404712 0.00025 -0.00375
      endloop
   endfacet
   facet normal 0 -1 0
      outer loop
         vertex -0.0034 0.00025 -0.00475
         vertex -0.0034 0.00025 -0.00306
         vertex -0.00404712 0.00025 -0.00375
      endloop
   endfacet
   facet normal 0 -1 0
      outer loop
         vertex -0.00404712 0.00025 -0.00375
         vertex -0.0034 0.00025 -0.00306
         vertex -0.0062 0.00025 -0.00306
      endloop
   endfacet
   facet normal 0 -1 0
      outer loop
         vertex -0.00655 0.00025 -0.00359
         vertex -0.00715 0.00025 -0.00359
         vertex -0.00669288 0.00025 -0.00375
      endloop
   endfacet
   facet normal 0 -1 0
      outer loop
         vertex -0.00715 0.00025 -0.00359
         vertex -0.00715 0.00025 -0.00594
         vertex -0.00669288 0.00025 -0.00565
      endloop
   endfacet
   facet normal 0 -1 0
      outer loop
         vertex -0.00669288 0.00025 -0.00565
         vertex -0.00669288 0.00025 -0.00375
         vertex -0.00715 0.00025 -0.00359
      endloop
   endfacet
   facet normal 0 -1 0
      outer loop
         vertex -0.00715 0.00025 -0.00594
         vertex -0.00263 0.00025 -0.00594
         vertex -0.00404712 0.00025 -0.00565
      endloop
   endfacet
   facet normal 0 -1 0
      outer loop
         vertex 0.00243 0.00025 -0.00675
         vertex -0.00404712 0.00025 -0.00565
         vertex -0.00263 0.00025 -0.00594
      endloop
   endfacet
   facet normal 0 -1 0
      outer loop
         vertex -0.00404712 0.00025 -0.00565
         vertex -0.00669288 0.00025 -0.00565
         vertex -0.00715 0.00025 -0.00594
      endloop
   endfacet
   facet normal 0 -1 0
      outer loop
         vertex -0.00655 0.00025 -0.001795
         vertex -0.00655 0.00025 -0.00359
         vertex -0.0062 0.00025 -0.00306
      endloop
   endfacet
   facet normal 0 -1 0
      outer loop
         vertex 0.00669288 0.00025 -0.00565
         vertex 0.00705 0.00025 -0.00594
         vertex 0.00705 0.00025 -0.00359
      endloop
   endfacet
   facet normal 0 -1 0
      outer loop
         vertex -0.00263 0.00025 -0.00594
         vertex -0.00263 0.00025 -0.00675
         vertex 0.00243 0.00025 -0.00675
      endloop
   endfacet
   facet normal 0 -1 0
      outer loop
         vertex -0.0062 0.00025 -0.00306
         vertex -0.0062 0.00025 -0.001795
         vertex -0.00655 0.00025 -0.001795
      endloop
   endfacet
   facet normal 0 -1 0
      outer loop
         vertex -0.00228 0.00025 -0.0059
         vertex -0.00228 0.00025 -0.00475
         vertex -0.0034 0.00025 -0.00475
      endloop
   endfacet
   facet normal -0.661438 -0.75 0
      outer loop
         vertex 0.00404712 0.00025 -0.00375
         vertex 0.00404712 0.00025 -0.00565
         vertex 0.00466289 -0.000120829 -0.00565
      endloop
   endfacet
   facet normal -0.353553 -0.935414 0
      outer loop
         vertex 0.00466289 -0.000120829 -0.00375
         vertex 0.00466289 -0.000120829 -0.00565
         vertex 0.00537 -0.00025 -0.00565
      endloop
   endfacet
   facet normal -2.44929e-16 -1 0
      outer loop
         vertex 0.00537 -0.00025 -0.00375
         vertex 0.00537 -0.00025 -0.00565
         vertex 0.00607711 -0.000120829 -0.00565
      endloop
   endfacet
   facet normal 0.353553 -0.935414 0
      outer loop
         vertex 0.00607711 -0.000120829 -0.00375
         vertex 0.00607711 -0.000120829 -0.00565
         vertex 0.00669288 0.00025 -0.00565
      endloop
   endfacet
   facet normal 0.661438 -0.75 0
      outer loop
         vertex 0.00669288 0.00025 -0.00565
         vertex 0.00669288 0.00025 -0.00375
         vertex 0.00607711 -0.000120829 -0.00375
      endloop
   endfacet
   facet normal 0.353553 -0.935414 0
      outer loop
         vertex 0.00607711 -0.000120829 -0.00565
         vertex 0.00607711 -0.000120829 -0.00375
         vertex 0.00537 -0.00025 -0.00375
      endloop
   endfacet
   facet normal -2.44929e-16 -1 0
      outer loop
         vertex 0.00537 -0.00025 -0.00565
         vertex 0.00537 -0.00025 -0.00375
         vertex 0.00466289 -0.000120829 -0.00375
      endloop
   endfacet
   facet normal -0.353553 -0.935414 0
      outer loop
         vertex 0.00466289 -0.000120829 -0.00565
         vertex 0.00466289 -0.000120829 -0.00375
         vertex 0.00404712 0.00025 -0.00375
      endloop
   endfacet
   facet normal 0 0 -1
      outer loop
         vertex 0.00404712 0.00025 -0.00565
         vertex 0.00669288 0.00025 -0.00565
         vertex 0.00607711 -0.000120829 -0.00565
      endloop
   endfacet
   facet normal 0 0 -1
      outer loop
         vertex 0.00607711 -0.000120829 -0.00565
         vertex 0.00537 -0.00025 -0.00565
         vertex 0.00404712 0.00025 -0.00565
      endloop
   endfacet
   facet normal 0 0 -1
      outer loop
         vertex 0.00537 -0.00025 -0.00565
         vertex 0.00466289 -0.000120829 -0.00565
         vertex 0.00404712 0.00025 -0.00565
      endloop
   endfacet
   facet normal 0 0 1
      outer loop
         vertex 0.00404712 0.00025 -0.00375
         vertex 0.00537 -0.00025 -0.00375
         vertex 0.00607711 -0.000120829 -0.00375
      endloop
   endfacet
   facet normal 0 0 1
      outer loop
         vertex 0.00404712 0.00025 -0.00375
         vertex 0.00466289 -0.000120829 -0.00375
         vertex 0.00537 -0.00025 -0.00375
      endloop
   endfacet
   facet normal 0 0 1
      outer loop
         vertex 0.00607711 -0.000120829 -0.00375
         vertex 0.00669288 0.00025 -0.00375
         vertex 0.00404712 0.00025 -0.00375
      endloop
   endfacet
   facet normal 0 -0.707107 0.707107
      outer loop
         vertex -0.00315 0.0005 -0.0045
         vertex -0.0034 0.00025 -0.00475
         vertex -0.00228 0.00025 -0.00475
      endloop
   endfacet
   facet normal 0 -0.707107 0.707107
      outer loop
         vertex -0.00228 0.00025 -0.00475
         vertex -0.00203 0.0005 -0.0045
         vertex -0.00315 0.0005 -0.0045
      endloop
   endfacet
   facet normal 0.707107 -0.707107 0
      outer loop
         vertex -0.0034 0.00025 -0.00306
         vertex -0.0034 0.00025 -0.00475
         vertex -0.00315 0.0005 -0.0045
      endloop
   endfacet
   facet normal 0.707107 -0.707107 0
      outer loop
         vertex -0.00315 0.0005 -0.0045
         vertex -0.00315 0.0005 -0.00281
         vertex -0.0034 0.00025 -0.00306
      endloop
   endfacet
   facet normal 0 -0.707107 0.707107
      outer loop
         vertex -0.00595 0.0005 -0.00281
         vertex -0.0062 0.00025 -0.00306
         vertex -0.0034 0.00025 -0.00306
      endloop
   endfacet
   facet normal 0 -0.707107 0.707107
      outer loop
         vertex -0.0034 0.00025 -0.00306
         vertex -0.00315 0.0005 -0.00281
         vertex -0.00595 0.0005 -0.00281
      endloop
   endfacet
   facet normal 0.707107 -0.707107 0
      outer loop
         vertex -0.00595 0.0005 -0.00281
         vertex -0.00595 0.0005 -0.001545
         vertex -0.0062 0.00025 -0.001795
      endloop
   endfacet
   facet normal 0.707107 -0.707107 0
      outer loop
         vertex -0.0062 0.00025 -0.001795
         vertex -0.0062 0.00025 -0.00306
         vertex -0.00595 0.0005 -0.00281
      endloop
   endfacet
   facet normal 0 0 1
      outer loop
         vertex -0.00315 0.0005 -0.00281
         vertex -0.00315 0.0084 -0.00281
         vertex -0.00595 0.0084 -0.00281
      endloop
   endfacet
   facet normal 0 0 1
      outer loop
         vertex -0.00595 0.0084 -0.00281
         vertex -0.00595 0.0005 -0.00281
         vertex -0.00315 0.0005 -0.00281
      endloop
   endfacet
   facet normal 0 -1 0
      outer loop
         vertex -0.00595 0.0084 -0.00161
         vertex -0.00595 0.0084 -0.00281
         vertex -0.00315 0.0084 -0.00281
      endloop
   endfacet
   facet normal 0 -1 0
      outer loop
         vertex -0.00315 0.0084 -0.00281
         vertex -0.00315 0.0084 -0.00161
         vertex -0.00595 0.0084 -0.00161
      endloop
   endfacet
   facet normal 0 0 1
      outer loop
         vertex -0.00315 0.0084 -0.00161
         vertex -0.00315 0.0099 -0.00161
         vertex -0.005295 0.0099 -0.00161
      endloop
   endfacet
   facet normal 0 0 1
      outer loop
         vertex -0.005295 0.0099 -0.00161
         vertex -0.00595 0.0084 -0.00161
         vertex -0.00315 0.0084 -0.00161
      endloop
   endfacet
   facet normal 0 0 1
      outer loop
         vertex -0.005295 0.0099 -0.00161
         vertex -0.00595 0.0099 -0.00161
         vertex -0.00595 0.0084 -0.00161
      endloop
   endfacet
   facet normal 1 0 0
      outer loop
         vertex -0.00315 0.0099 -0.0059
         vertex -0.00315 0.0084 -0.00281
         vertex -0.00315 0.00165 -0.0045
      endloop
   endfacet
   facet normal 1 0 0
      outer loop
         vertex -0.00315 0.0005 -0.00281
         vertex -0.00315 0.0005 -0.0045
         vertex -0.00315 0.00165 -0.0045
      endloop
   endfacet
   facet normal 1 0 0
      outer loop
         vertex -0.00315 0.0084 -0.00161
         vertex -0.00315 0.0084 -0.00281
         vertex -0.00315 0.0099 -0.00252707
      endloop
   endfacet
   facet normal 1 0 0
      outer loop
         vertex -0.00315 0.00165 -0.0045
         vertex -0.00315 0.0084 -0.00281
         vertex -0.00315 0.0005 -0.00281
      endloop
   endfacet
   facet normal 1 0 0
      outer loop
         vertex -0.00315 0.0084 -0.00281
         vertex -0.00315 0.0099 -0.0059
         vertex -0.00315 0.0099 -0.00252707
      endloop
   endfacet
   facet normal 1 0 0
      outer loop
         vertex -0.00315 0.0099 -0.00252707
         vertex -0.00315 0.0099 -0.00161
         vertex -0.00315 0.0084 -0.00161
      endloop
   endfacet
   facet normal 1 0 0
      outer loop
         vertex -0.00315 0.00165 -0.0045
         vertex -0.00315 0.00165 -0.0059
         vertex -0.00315 0.0099 -0.0059
      endloop
   endfacet
   facet normal 1 0 0
      outer loop
         vertex -0.00595 0.0099 -0.001545
         vertex -0.00595 0.0005 -0.001545
         vertex -0.00595 0.0084 -0.00161
      endloop
   endfacet
   facet normal 1 0 0
      outer loop
         vertex -0.00595 0.0005 -0.00281
         vertex -0.00595 0.0084 -0.00281
         vertex -0.00595 0.0084 -0.00161
      endloop
   endfacet
   facet normal 1 0 0
      outer loop
         vertex -0.00595 0.0084 -0.00161
         vertex -0.00595 0.0005 -0.001545
         vertex -0.00595 0.0005 -0.00281
      endloop
   endfacet
   facet normal 1 0 0
      outer loop
         vertex -0.00595 0.0084 -0.00161
         vertex -0.00595 0.0099 -0.00161
         vertex -0.00595 0.0099 -0.001545
      endloop
   endfacet
   facet normal 0 -0.707107 0.707107
      outer loop
         vertex -0.00655 0.0005 -0.001545
         vertex -0.00655 0.00025 -0.001795
         vertex -0.0062 0.00025 -0.001795
      endloop
   endfacet
   facet normal 0 -0.707107 0.707107
      outer loop
         vertex -0.0062 0.00025 -0.001795
         vertex -0.00595 0.0005 -0.001545
         vertex -0.00655 0.0005 -0.001545
      endloop
   endfacet
   facet normal 0 0 1
      outer loop
         vertex -0.00203 0.0005 -0.0045
         vertex -0.00203 0.00165 -0.0045
         vertex -0.00315 0.00165 -0.0045
      endloop
   endfacet
   facet normal 0 0 1
      outer loop
         vertex -0.00315 0.00165 -0.0045
         vertex -0.00315 0.0005 -0.0045
         vertex -0.00203 0.0005 -0.0045
      endloop
   endfacet
   facet normal 0 1 0
      outer loop
         vertex -0.00315 0.00165 -0.0045
         vertex -0.00203 0.00165 -0.0045
         vertex -0.00203 0.00165 -0.0059
      endloop
   endfacet
   facet normal 0 1 0
      outer loop
         vertex -0.00203 0.00165 -0.0059
         vertex -0.00315 0.00165 -0.0059
         vertex -0.00315 0.00165 -0.0045
      endloop
   endfacet
   facet normal 1 0 0
      outer loop
         vertex -0.00203 0.0005 -0.0059
         vertex -0.00203 0.00165 -0.0059
         vertex -0.00203 0.00165 -0.0045
      endloop
   endfacet
   facet normal 1 0 0
      outer loop
         vertex -0.00203 0.00165 -0.0045
         vertex -0.00203 0.0005 -0.0045
         vertex -0.00203 0.0005 -0.0059
      endloop
   endfacet
   facet normal 0.707107 -0.707107 0
      outer loop
         vertex -0.00203 0.0005 -0.0059
         vertex -0.00203 0.0005 -0.0045
         vertex -0.00228 0.00025 -0.00475
      endloop
   endfacet
   facet normal 0.707107 -0.707107 0
      outer loop
         vertex -0.00228 0.00025 -0.00475
         vertex -0.00228 0.00025 -0.0059
         vertex -0.00203 0.0005 -0.0059
      endloop
   endfacet
   facet normal -0.707107 -0.707107 0
      outer loop
         vertex 0.00595 0.0005 -0.00281
         vertex 0.0062 0.00025 -0.00306
         vertex 0.0062 0.00025 -0.001795
      endloop
   endfacet
   facet normal -0.707107 -0.707107 0
      outer loop
         vertex 0.0062 0.00025 -0.001795
         vertex 0.00595 0.0005 -0.001545
         vertex 0.00595 0.0005 -0.00281
      endloop
   endfacet
   facet normal 0 -0.707107 0.707107
      outer loop
         vertex 0.00595 0.0005 -0.00281
         vertex 0.00315 0.0005 -0.00281
         vertex 0.0034 0.00025 -0.00306
      endloop
   endfacet
   facet normal 0 -0.707107 0.707107
      outer loop
         vertex 0.0034 0.00025 -0.00306
         vertex 0.0062 0.00025 -0.00306
         vertex 0.00595 0.0005 -0.00281
      endloop
   endfacet
   facet normal -0.707107 -0.707107 0
      outer loop
         vertex 0.0034 0.00025 -0.00306
         vertex 0.00315 0.0005 -0.00281
         vertex 0.00315 0.0005 -0.0045
      endloop
   endfacet
   facet normal -0.707107 -0.707107 0
      outer loop
         vertex 0.00315 0.0005 -0.0045
         vertex 0.0034 0.00025 -0.00475
         vertex 0.0034 0.00025 -0.00306
      endloop
   endfacet
   facet normal 0 0 1
      outer loop
         vertex 0.00595 0.0005 -0.00281
         vertex 0.00595 0.0084 -0.00281
         vertex 0.00315 0.0084 -0.00281
      endloop
   endfacet
   facet normal 0 0 1
      outer loop
         vertex 0.00315 0.0084 -0.00281
         vertex 0.00315 0.0005 -0.00281
         vertex 0.00595 0.0005 -0.00281
      endloop
   endfacet
   facet normal 0 -1 0
      outer loop
         vertex 0.00315 0.0084 -0.00281
         vertex 0.00595 0.0084 -0.00281
         vertex 0.00595 0.0084 -0.00161
      endloop
   endfacet
   facet normal 0 -1 0
      outer loop
         vertex 0.00595 0.0084 -0.00161
         vertex 0.00315 0.0084 -0.00161
         vertex 0.00315 0.0084 -0.00281
      endloop
   endfacet
   facet normal 0 0 1
      outer loop
         vertex 0.00595 0.0099 -0.00161
         vertex 0.00315 0.0099 -0.00161
         vertex 0.00315 0.0084 -0.00161
      endloop
   endfacet
   facet normal 0 0 1
      outer loop
         vertex 0.00315 0.0084 -0.00161
         vertex 0.00595 0.0084 -0.00161
         vertex 0.00595 0.0099 -0.00161
      endloop
   endfacet
   facet normal -1 0 0
      outer loop
         vertex 0.00595 0.0005 -0.00281
         vertex 0.00595 0.0005 -0.001545
         vertex 0.00595 0.0084 -0.00161
      endloop
   endfacet
   facet normal -1 0 0
      outer loop
         vertex 0.00595 0.0099 -0.001545
         vertex 0.00595 0.0099 -0.00161
         vertex 0.00595 0.0084 -0.00161
      endloop
   endfacet
   facet normal -1 0 0
      outer loop
         vertex 0.00595 0.0084 -0.00161
         vertex 0.00595 0.0005 -0.001545
         vertex 0.00595 0.0099 -0.001545
      endloop
   endfacet
   facet normal -1 0 0
      outer loop
         vertex 0.00595 0.0084 -0.00161
         vertex 0.00595 0.0084 -0.00281
         vertex 0.00595 0.0005 -0.00281
      endloop
   endfacet
   facet normal 0 -0.707107 0.707107
      outer loop
         vertex 0.00635 0.0005 -0.001545
         vertex 0.00595 0.0005 -0.001545
         vertex 0.0062 0.00025 -0.001795
      endloop
   endfacet
   facet normal 0 -0.707107 0.707107
      outer loop
         vertex 0.0062 0.00025 -0.001795
         vertex 0.00635 0.00025 -0.001795
         vertex 0.00635 0.0005 -0.001545
      endloop
   endfacet
   facet normal 0 -0.707107 0.707107
      outer loop
         vertex 0.00228 0.00025 -0.00475
         vertex 0.0034 0.00025 -0.00475
         vertex 0.00315 0.0005 -0.0045
      endloop
   endfacet
   facet normal 0 -0.707107 0.707107
      outer loop
         vertex 0.00315 0.0005 -0.0045
         vertex 0.00203 0.0005 -0.0045
         vertex 0.00228 0.00025 -0.00475
      endloop
   endfacet
   facet normal -1 0 0
      outer loop
         vertex 0.00315 0.0005 -0.00281
         vertex 0.00315 0.0084 -0.00281
         vertex 0.00315 0.00165 -0.0045
      endloop
   endfacet
   facet normal -1 0 0
      outer loop
         vertex 0.00315 0.0084 -0.00161
         vertex 0.00315 0.0099 -0.00161
         vertex 0.00315 0.0099 -0.00252707
      endloop
   endfacet
   facet normal -1 0 0
      outer loop
         vertex 0.00315 0.00165 -0.0045
         vertex 0.00315 0.0005 -0.0045
         vertex 0.00315 0.0005 -0.00281
      endloop
   endfacet
   facet normal -1 0 0
      outer loop
         vertex 0.00315 0.0084 -0.00281
         vertex 0.00315 0.0099 -0.00252707
         vertex 0.00315 0.00165 -0.0045
      endloop
   endfacet
   facet normal -1 0 0
      outer loop
         vertex 0.00315 0.0099 -0.0059
         vertex 0.00315 0.00165 -0.0059
         vertex 0.00315 0.00165 -0.0045
      endloop
   endfacet
   facet normal -1 0 0
      outer loop
         vertex 0.00315 0.00165 -0.0045
         vertex 0.00315 0.0099 -0.00252707
         vertex 0.00315 0.0099 -0.0059
      endloop
   endfacet
   facet normal -1 0 0
      outer loop
         vertex 0.00315 0.0099 -0.00252707
         vertex 0.00315 0.0084 -0.00281
         vertex 0.00315 0.0084 -0.00161
      endloop
   endfacet
   facet normal 0 0 1
      outer loop
         vertex 0.00203 0.00165 -0.0059
         vertex -0.00204 0.0099 -0.0059
         vertex -0.00306 0.0099 -0.0059
      endloop
   endfacet
   facet normal 0 0 1
      outer loop
         vertex 0.00203 0.00165 -0.0059
         vertex -0.00102 0.0099 -0.0059
         vertex -0.00204 0.0099 -0.0059
      endloop
   endfacet
   facet normal 0 0 1
      outer loop
         vertex 0.00203 0.00165 -0.0059
         vertex 0 0.0099 -0.0059
         vertex -0.00102 0.0099 -0.0059
      endloop
   endfacet
   facet normal 0 0 1
      outer loop
         vertex 0.00203 0.00165 -0.0059
         vertex 0.00102 0.0099 -0.0059
         vertex 0 0.0099 -0.0059
      endloop
   endfacet
   facet normal 0 0 1
      outer loop
         vertex -0.00203 0.00165 -0.0059
         vertex -0.00203 0.0005 -0.0059
         vertex 0.00203 0.0005 -0.0059
      endloop
   endfacet
   facet normal 0 0 1
      outer loop
         vertex 0.00203 0.00165 -0.0059
         vertex 0.00204 0.0099 -0.0059
         vertex 0.00102 0.0099 -0.0059
      endloop
   endfacet
   facet normal 0 0 1
      outer loop
         vertex 0.00203 0.00165 -0.0059
         vertex 0.00315 0.00165 -0.0059
         vertex 0.00306 0.0099 -0.0059
      endloop
   endfacet
   facet normal 0 0 1
      outer loop
         vertex -0.00203 0.0005 -0.0059
         vertex 0.00228 0.00025 -0.0059
         vertex 0.00203 0.0005 -0.0059
      endloop
   endfacet
   facet normal 0 0 1
      outer loop
         vertex 0.00306 0.0099 -0.0059
         vertex 0.00204 0.0099 -0.0059
         vertex 0.00203 0.00165 -0.0059
      endloop
   endfacet
   facet normal 0 0 1
      outer loop
         vertex 0.00203 0.0005 -0.0059
         vertex 0.00203 0.00165 -0.0059
         vertex -0.00203 0.00165 -0.0059
      endloop
   endfacet
   facet normal 0 0 1
      outer loop
         vertex -0.00315 0.0099 -0.0059
         vertex -0.00315 0.00165 -0.0059
         vertex -0.00203 0.00165 -0.0059
      endloop
   endfacet
   facet normal 0 0 1
      outer loop
         vertex 0.00315 0.00165 -0.0059
         vertex 0.00315 0.0099 -0.0059
         vertex 0.00306 0.0099 -0.0059
      endloop
   endfacet
   facet normal 0 0 1
      outer loop
         vertex -0.00203 0.00165 -0.0059
         vertex 0.00203 0.00165 -0.0059
         vertex -0.00315 0.0099 -0.0059
      endloop
   endfacet
   facet normal 0 0 1
      outer loop
         vertex -0.00203 0.0005 -0.0059
         vertex -0.00228 0.00025 -0.0059
         vertex 0.00228 0.00025 -0.0059
      endloop
   endfacet
   facet normal 0 0 1
      outer loop
         vertex -0.00306 0.0099 -0.0059
         vertex -0.00315 0.0099 -0.0059
         vertex 0.00203 0.00165 -0.0059
      endloop
   endfacet
   facet normal 0 0 1
      outer loop
         vertex 0.00315 0.0005 -0.0045
         vertex 0.00315 0.00165 -0.0045
         vertex 0.00203 0.00165 -0.0045
      endloop
   endfacet
   facet normal 0 0 1
      outer loop
         vertex 0.00203 0.00165 -0.0045
         vertex 0.00203 0.0005 -0.0045
         vertex 0.00315 0.0005 -0.0045
      endloop
   endfacet
   facet normal 0 1 0
      outer loop
         vertex 0.00315 0.00165 -0.0059
         vertex 0.00203 0.00165 -0.0059
         vertex 0.00203 0.00165 -0.0045
      endloop
   endfacet
   facet normal 0 1 0
      outer loop
         vertex 0.00203 0.00165 -0.0045
         vertex 0.00315 0.00165 -0.0045
         vertex 0.00315 0.00165 -0.0059
      endloop
   endfacet
   facet normal -1 0 0
      outer loop
         vertex 0.00203 0.0005 -0.0045
         vertex 0.00203 0.00165 -0.0045
         vertex 0.00203 0.00165 -0.0059
      endloop
   endfacet
   facet normal -1 0 0
      outer loop
         vertex 0.00203 0.00165 -0.0059
         vertex 0.00203 0.0005 -0.0059
         vertex 0.00203 0.0005 -0.0045
      endloop
   endfacet
   facet normal -0.707107 -0.707107 0
      outer loop
         vertex 0.00203 0.0005 -0.0059
         vertex 0.00228 0.00025 -0.0059
         vertex 0.00228 0.00025 -0.00475
      endloop
   endfacet
   facet normal -0.707107 -0.707107 0
      outer loop
         vertex 0.00228 0.00025 -0.00475
         vertex 0.00203 0.0005 -0.0045
         vertex 0.00203 0.0005 -0.0059
      endloop
   endfacet
   facet normal 0 0 1
      outer loop
         vertex -0.00715 0 -0.00594
         vertex -0.00263 0 -0.00594
         vertex -0.00263 0.00025 -0.00594
      endloop
   endfacet
   facet normal 0 0 1
      outer loop
         vertex -0.00263 0.00025 -0.00594
         vertex -0.00715 0.00025 -0.00594
         vertex -0.00715 0 -0.00594
      endloop
   endfacet
   facet normal 1 0 0
      outer loop
         vertex -0.00715 0 -0.00359
         vertex -0.00715 0 -0.00594
         vertex -0.00715 0.00025 -0.00594
      endloop
   endfacet
   facet normal 1 0 0
      outer loop
         vertex -0.00715 0.00025 -0.00594
         vertex -0.00715 0.00025 -0.00359
         vertex -0.00715 0 -0.00359
      endloop
   endfacet
   facet normal 0 0 -1
      outer loop
         vertex -0.00655 0 -0.00359
         vertex -0.00715 0 -0.00359
         vertex -0.00715 0.00025 -0.00359
      endloop
   endfacet
   facet normal 0 0 -1
      outer loop
         vertex -0.00715 0.00025 -0.00359
         vertex -0.00655 0.00025 -0.00359
         vertex -0.00655 0 -0.00359
      endloop
   endfacet
   facet normal 0 0 -1
      outer loop
         vertex 0.00705 0 -0.00359
         vertex 0.00635 0 -0.00359
         vertex 0.00635 0.00025 -0.00359
      endloop
   endfacet
   facet normal 0 0 -1
      outer loop
         vertex 0.00635 0.00025 -0.00359
         vertex 0.00705 0.00025 -0.00359
         vertex 0.00705 0 -0.00359
      endloop
   endfacet
   facet normal -1 0 0
      outer loop
         vertex 0.00705 0 -0.00594
         vertex 0.00705 0 -0.00359
         vertex 0.00705 0.00025 -0.00359
      endloop
   endfacet
   facet normal -1 0 0
      outer loop
         vertex 0.00705 0.00025 -0.00359
         vertex 0.00705 0.00025 -0.00594
         vertex 0.00705 0 -0.00594
      endloop
   endfacet
   facet normal 0 0 1
      outer loop
         vertex 0.00243 0 -0.00594
         vertex 0.00705 0 -0.00594
         vertex 0.00705 0.00025 -0.00594
      endloop
   endfacet
   facet normal 0 0 1
      outer loop
         vertex 0.00705 0.00025 -0.00594
         vertex 0.00243 0.00025 -0.00594
         vertex 0.00243 0 -0.00594
      endloop
   endfacet
   facet normal 1 0 0
      outer loop
         vertex -0.00263 0.0002 -0.00675
         vertex -0.00263 1.52241e-05 -0.00662654
         vertex -0.00263 5.85786e-05 -0.00669142
      endloop
   endfacet
   facet normal 1 0 0
      outer loop
         vertex -0.00263 0.0002 -0.00675
         vertex -0.00263 0 -0.00655
         vertex -0.00263 1.52241e-05 -0.00662654
      endloop
   endfacet
   facet normal 1 0 0
      outer loop
         vertex -0.00263 0.00025 -0.00594
         vertex -0.00263 0 -0.00594
         vertex -0.00263 0 -0.00655
      endloop
   endfacet
   facet normal 1 0 0
      outer loop
         vertex -0.00263 0 -0.00655
         vertex -0.00263 0.0002 -0.00675
         vertex -0.00263 0.00025 -0.00594
      endloop
   endfacet
   facet normal 1 0 0
      outer loop
         vertex -0.00263 5.85786e-05 -0.00669142
         vertex -0.00263 0.000123463 -0.00673478
         vertex -0.00263 0.0002 -0.00675
      endloop
   endfacet
   facet normal 1 0 0
      outer loop
         vertex -0.00263 0.0002 -0.00675
         vertex -0.00263 0.00025 -0.00675
         vertex -0.00263 0.00025 -0.00594
      endloop
   endfacet
   facet normal -1 0 0
      outer loop
         vertex 0.00243 0.0002 -0.00675
         vertex 0.00243 0.000123463 -0.00673478
         vertex 0.00243 5.85786e-05 -0.00669142
      endloop
   endfacet
   facet normal -1 0 0
      outer loop
         vertex 0.00243 0.00025 -0.00594
         vertex 0.00243 0.0002 -0.00675
         vertex 0.00243 0 -0.00655
      endloop
   endfacet
   facet normal -1 0 0
      outer loop
         vertex 0.00243 5.85786e-05 -0.00669142
         vertex 0.00243 1.52241e-05 -0.00662654
         vertex 0.00243 0.0002 -0.00675
      endloop
   endfacet
   facet normal -1 0 0
      outer loop
         vertex 0.00243 1.52241e-05 -0.00662654
         vertex 0.00243 0 -0.00655
         vertex 0.00243 0.0002 -0.00675
      endloop
   endfacet
   facet normal -1 0 0
      outer loop
         vertex 0.00243 0.00025 -0.00594
         vertex 0.00243 0.00025 -0.00675
         vertex 0.00243 0.0002 -0.00675
      endloop
   endfacet
   facet normal -1 0 0
      outer loop
         vertex 0.00243 0 -0.00655
         vertex 0.00243 0 -0.00594
         vertex 0.00243 0.00025 -0.00594
      endloop
   endfacet
   facet normal 0 -1 0
      outer loop
         vertex -0.00263 0 -0.00655
         vertex -0.007 0 -0.00655
         vertex -0.007 1.52241e-05 -0.00662654
      endloop
   endfacet
   facet normal 0 -0.92388 -0.382683
      outer loop
         vertex -0.00263 1.52241e-05 -0.00662654
         vertex -0.007 1.52241e-05 -0.00662654
         vertex -0.007 5.85786e-05 -0.00669142
      endloop
   endfacet
   facet normal 0 -0.707107 -0.707107
      outer loop
         vertex -0.00263 5.85786e-05 -0.00669142
         vertex -0.007 5.85786e-05 -0.00669142
         vertex -0.007 0.000123463 -0.00673478
      endloop
   endfacet
   facet normal 0 -0.382683 -0.92388
      outer loop
         vertex -0.00263 0.000123463 -0.00673478
         vertex -0.007 0.000123463 -0.00673478
         vertex -0.007 0.0002 -0.00675
      endloop
   endfacet
   facet normal 0 -1.35525e-16 -1
      outer loop
         vertex -0.007 0.0002 -0.00675
         vertex -0.00263 0.0002 -0.00675
         vertex -0.00263 0.000123463 -0.00673478
      endloop
   endfacet
   facet normal 0 -0.382683 -0.92388
      outer loop
         vertex -0.007 0.000123463 -0.00673478
         vertex -0.00263 0.000123463 -0.00673478
         vertex -0.00263 5.85786e-05 -0.00669142
      endloop
   endfacet
   facet normal 0 -0.707107 -0.707107
      outer loop
         vertex -0.007 5.85786e-05 -0.00669142
         vertex -0.00263 5.85786e-05 -0.00669142
         vertex -0.00263 1.52241e-05 -0.00662654
      endloop
   endfacet
   facet normal 0 -0.92388 -0.382683
      outer loop
         vertex -0.007 1.52241e-05 -0.00662654
         vertex -0.00263 1.52241e-05 -0.00662654
         vertex -0.00263 0 -0.00655
      endloop
   endfacet
   facet normal 0 -1 0
      outer loop
         vertex 0.007 0 -0.00655
         vertex 0.00243 0 -0.00655
         vertex 0.00243 1.52241e-05 -0.00662654
      endloop
   endfacet
   facet normal 0 -0.92388 -0.382683
      outer loop
         vertex 0.007 1.52241e-05 -0.00662654
         vertex 0.00243 1.52241e-05 -0.00662654
         vertex 0.00243 5.85786e-05 -0.00669142
      endloop
   endfacet
   facet normal 0 -0.707107 -0.707107
      outer loop
         vertex 0.007 5.85786e-05 -0.00669142
         vertex 0.00243 5.85786e-05 -0.00669142
         vertex 0.00243 0.000123463 -0.00673478
      endloop
   endfacet
   facet normal 0 -0.382683 -0.92388
      outer loop
         vertex 0.007 0.000123463 -0.00673478
         vertex 0.00243 0.000123463 -0.00673478
         vertex 0.00243 0.0002 -0.00675
      endloop
   endfacet
   facet normal 0 -1.35525e-16 -1
      outer loop
         vertex 0.00243 0.0002 -0.00675
         vertex 0.007 0.0002 -0.00675
         vertex 0.007 0.000123463 -0.00673478
      endloop
   endfacet
   facet normal 0 -0.382683 -0.92388
      outer loop
         vertex 0.00243 0.000123463 -0.00673478
         vertex 0.007 0.000123463 -0.00673478
         vertex 0.007 5.85786e-05 -0.00669142
      endloop
   endfacet
   facet normal 0 -0.707107 -0.707107
      outer loop
         vertex 0.00243 5.85786e-05 -0.00669142
         vertex 0.007 5.85786e-05 -0.00669142
         vertex 0.007 1.52241e-05 -0.00662654
      endloop
   endfacet
   facet normal 0 -0.92388 -0.382683
      outer loop
         vertex 0.00243 1.52241e-05 -0.00662654
         vertex 0.007 1.52241e-05 -0.00662654
         vertex 0.007 0 -0.00655
      endloop
   endfacet
   facet normal 0 -1.35525e-16 -1
      outer loop
         vertex -0.007 0.0002 -0.00675
         vertex -0.007 0.0027 -0.00675
         vertex -0.00263 0.00025 -0.00675
      endloop
   endfacet
   facet normal 0 -1.35525e-16 -1
      outer loop
         vertex -0.007 0.0027 -0.00675
         vertex 0.007 0.0027 -0.00675
         vertex 0.00243 0.00025 -0.00675
      endloop
   endfacet
   facet normal 0 -1.35525e-16 -1
      outer loop
         vertex 0.00243 0.00025 -0.00675
         vertex -0.00263 0.00025 -0.00675
         vertex -0.007 0.0027 -0.00675
      endloop
   endfacet
   facet normal 0 -1.35525e-16 -1
      outer loop
         vertex 0.007 0.0002 -0.00675
         vertex 0.00243 0.0002 -0.00675
         vertex 0.00243 0.00025 -0.00675
      endloop
   endfacet
   facet normal 0 -1.35525e-16 -1
      outer loop
         vertex 0.00243 0.00025 -0.00675
         vertex 0.007 0.0027 -0.00675
         vertex 0.007 0.0002 -0.00675
      endloop
   endfacet
   facet normal 0 -1.35525e-16 -1
      outer loop
         vertex -0.00263 0.00025 -0.00675
         vertex -0.00263 0.0002 -0.00675
         vertex -0.007 0.0002 -0.00675
      endloop
   endfacet
   facet normal 0 1 0
      outer loop
         vertex 0.007 0.0027 -0.00675
         vertex 0.00551418 0.0027 -0.0064
         vertex 0.00616842 0.0027 -0.0064
      endloop
   endfacet
   facet normal 0 1 0
      outer loop
         vertex 0.007 0.0027 -0.00675
         vertex 0.00508168 0.0027 -0.0064
         vertex 0.00551418 0.0027 -0.0064
      endloop
   endfacet
   facet normal 0 1 0
      outer loop
         vertex 0.007 0.0027 -0.00675
         vertex 0.00416576 0.0027 -0.0064
         vertex 0.00508168 0.0027 -0.0064
      endloop
   endfacet
   facet normal 0 1 0
      outer loop
         vertex 0.007 0.0027 -0.00675
         vertex 0.0039825 0.0027 -0.0064
         vertex 0.00416576 0.0027 -0.0064
      endloop
   endfacet
   facet normal 0 1 0
      outer loop
         vertex 0.007 0.0027 -0.00675
         vertex 0.00297403 0.0027 -0.0064
         vertex 0.0039825 0.0027 -0.0064
      endloop
   endfacet
   facet normal 0 1 0
      outer loop
         vertex 0.007 0.0027 -0.00675
         vertex 0.00254153 0.0027 -0.0064
         vertex 0.00297403 0.0027 -0.0064
      endloop
   endfacet
   facet normal 0 1 0
      outer loop
         vertex 0.007 0.0027 -0.00675
         vertex 0.00127153 0.0027 -0.0064
         vertex 0.00254153 0.0027 -0.0064
      endloop
   endfacet
   facet normal 0 1 0
      outer loop
         vertex 0.007 0.0027 -0.00675
         vertex 1.52858e-06 0.0027 -0.0064
         vertex 0.00127153 0.0027 -0.0064
      endloop
   endfacet
   facet normal 0 1 0
      outer loop
         vertex -0.007 0.0027 -0.00675
         vertex -0.00253847 0.0027 -0.0064
         vertex 1.52858e-06 0.0027 -0.0064
      endloop
   endfacet
   facet normal 0 1 0
      outer loop
         vertex 1.52858e-06 0.0027 -0.0064
         vertex 0.007 0.0027 -0.00675
         vertex -0.007 0.0027 -0.00675
      endloop
   endfacet
   facet normal 0 1 0
      outer loop
         vertex -0.007 0.0027 -0.00675
         vertex -0.0033775 0.0027 -0.0064
         vertex -0.00253847 0.0027 -0.0064
      endloop
   endfacet
   facet normal 0 1 0
      outer loop
         vertex -0.007 0.0027 -0.00675
         vertex -0.0039825 0.0027 -0.0064
         vertex -0.0033775 0.0027 -0.0064
      endloop
   endfacet
   facet normal 0 1 0
      outer loop
         vertex -0.007 0.0027 -0.00675
         vertex -0.00451174 0.0027 -0.0064
         vertex -0.0039825 0.0027 -0.0064
      endloop
   endfacet
   facet normal 0 1 0
      outer loop
         vertex -0.007 0.0027 -0.00675
         vertex -0.00507847 0.0027 -0.0064
         vertex -0.00451174 0.0027 -0.0064
      endloop
   endfacet
   facet normal 0 1 0
      outer loop
         vertex -0.007 0.0027 -0.00675
         vertex -0.0059175 0.0027 -0.0064
         vertex -0.00507847 0.0027 -0.0064
      endloop
   endfacet
   facet normal 0 1 0
      outer loop
         vertex -0.007 0.0027 -0.00675
         vertex -0.00616674 0.0027 -0.0064
         vertex -0.0059175 0.0027 -0.0064
      endloop
   endfacet
   facet normal 0 1 0
      outer loop
         vertex -0.007 0.0027 -0.00675
         vertex -0.007 0.0027 -0.0064
         vertex -0.00616674 0.0027 -0.0064
      endloop
   endfacet
   facet normal 0 1 0
      outer loop
         vertex 0.00616842 0.0027 -0.0064
         vertex 0.007 0.0027 -0.0064
         vertex 0.007 0.0027 -0.00675
      endloop
   endfacet
   facet normal 0 0 1
      outer loop
         vertex -0.00595 0.0099 -0.001545
         vertex -0.00681 0.0099 -0.001545
         vertex -0.00655 0.0005 -0.001545
      endloop
   endfacet
   facet normal 0 0 1
      outer loop
         vertex -0.00681 0.00025 -0.001545
         vertex -0.00655 0.00025 -0.001545
         vertex -0.00655 0.0005 -0.001545
      endloop
   endfacet
   facet normal 0 0 1
      outer loop
         vertex -0.00655 0.0005 -0.001545
         vertex -0.00681 0.0099 -0.001545
         vertex -0.00681 0.00025 -0.001545
      endloop
   endfacet
   facet normal 0 0 1
      outer loop
         vertex -0.00655 0.0005 -0.001545
         vertex -0.00595 0.0005 -0.001545
         vertex -0.00595 0.0099 -0.001545
      endloop
   endfacet
   facet normal 1 0 0
      outer loop
         vertex -0.00681 0.00025 -0.001545
         vertex -0.00681 0.0099 -0.001545
         vertex -0.00681 0.0099 0.001255
      endloop
   endfacet
   facet normal 1 0 0
      outer loop
         vertex -0.00681 0.0099 0.001255
         vertex -0.00681 0.00025 0.001255
         vertex -0.00681 0.00025 -0.001545
      endloop
   endfacet
   facet normal 0 1 0
      outer loop
         vertex -0.00655 0.00025 0.001255
         vertex -0.00655 0.00025 -0.001545
         vertex -0.00681 0.00025 -0.001545
      endloop
   endfacet
   facet normal 0 1 0
      outer loop
         vertex -0.00681 0.00025 -0.001545
         vertex -0.00681 0.00025 0.001255
         vertex -0.00655 0.00025 0.001255
      endloop
   endfacet
   facet normal 0 0 -1
      outer loop
         vertex -0.00681 0.00025 0.001255
         vertex -0.00681 0.0099 0.001255
         vertex -0.00655 0.0005 0.001255
      endloop
   endfacet
   facet normal 0 0 -1
      outer loop
         vertex -0.00595 0.0099 0.001255
         vertex -0.00595 0.0005 0.001255
         vertex -0.00655 0.0005 0.001255
      endloop
   endfacet
   facet normal 0 0 -1
      outer loop
         vertex -0.00655 0.0005 0.001255
         vertex -0.00681 0.0099 0.001255
         vertex -0.00595 0.0099 0.001255
      endloop
   endfacet
   facet normal 0 0 -1
      outer loop
         vertex -0.00655 0.0005 0.001255
         vertex -0.00655 0.00025 0.001255
         vertex -0.00681 0.00025 0.001255
      endloop
   endfacet
   facet normal 0 0 1
      outer loop
         vertex 0.00681 0.00025 -0.001545
         vertex 0.00681 0.0099 -0.001545
         vertex 0.00635 0.0005 -0.001545
      endloop
   endfacet
   facet normal 0 0 1
      outer loop
         vertex 0.00595 0.0099 -0.001545
         vertex 0.00595 0.0005 -0.001545
         vertex 0.00635 0.0005 -0.001545
      endloop
   endfacet
   facet normal 0 0 1
      outer loop
         vertex 0.00635 0.0005 -0.001545
         vertex 0.00681 0.0099 -0.001545
         vertex 0.00595 0.0099 -0.001545
      endloop
   endfacet
   facet normal 0 0 1
      outer loop
         vertex 0.00635 0.0005 -0.001545
         vertex 0.00635 0.00025 -0.001545
         vertex 0.00681 0.00025 -0.001545
      endloop
   endfacet
   facet normal -1 0 0
      outer loop
         vertex 0.00681 0.00025 0.001255
         vertex 0.00681 0.0099 0.001255
         vertex 0.00681 0.0099 -0.001545
      endloop
   endfacet
   facet normal -1 0 0
      outer loop
         vertex 0.00681 0.0099 -0.001545
         vertex 0.00681 0.00025 -0.001545
         vertex 0.00681 0.00025 0.001255
      endloop
   endfacet
   facet normal 0 1 0
      outer loop
         vertex 0.00635 0.00025 -0.001545
         vertex 0.00635 0.00025 0.001255
         vertex 0.00681 0.00025 0.001255
      endloop
   endfacet
   facet normal 0 1 0
      outer loop
         vertex 0.00681 0.00025 0.001255
         vertex 0.00681 0.00025 -0.001545
         vertex 0.00635 0.00025 -0.001545
      endloop
   endfacet
   facet normal 0 0 -1
      outer loop
         vertex 0.00595 0.0099 0.001255
         vertex 0.00681 0.0099 0.001255
         vertex 0.00635 0.0005 0.001255
      endloop
   endfacet
   facet normal 0 0 -1
      outer loop
         vertex 0.00681 0.00025 0.001255
         vertex 0.00635 0.00025 0.001255
         vertex 0.00635 0.0005 0.001255
      endloop
   endfacet
   facet normal 0 0 -1
      outer loop
         vertex 0.00635 0.0005 0.001255
         vertex 0.00681 0.0099 0.001255
         vertex 0.00681 0.00025 0.001255
      endloop
   endfacet
   facet normal 0 0 -1
      outer loop
         vertex 0.00635 0.0005 0.001255
         vertex 0.00595 0.0005 0.001255
         vertex 0.00595 0.0099 0.001255
      endloop
   endfacet
   facet normal -1 0 0
      outer loop
         vertex -0.007 0.0002 -0.00655
         vertex -0.007 0.0002 -0.00675
         vertex -0.007 0.000123463 -0.00673478
      endloop
   endfacet
   facet normal -1 0 0
      outer loop
         vertex -0.007 0.000123463 -0.00673478
         vertex -0.007 5.85786e-05 -0.00669142
         vertex -0.007 0.0002 -0.00655
      endloop
   endfacet
   facet normal -1 0 0
      outer loop
         vertex -0.007 5.85786e-05 -0.00669142
         vertex -0.007 1.52241e-05 -0.00662654
         vertex -0.007 0.0002 -0.00655
      endloop
   endfacet
   facet normal -1 0 0
      outer loop
         vertex -0.007 0.0027 -0.0064
         vertex -0.007 0.0027 -0.00675
         vertex -0.007 0.0002 -0.00655
      endloop
   endfacet
   facet normal -1 0 0
      outer loop
         vertex -0.007 1.52241e-05 -0.00662654
         vertex -0.007 0 -0.00655
         vertex -0.007 0.0002 -0.00655
      endloop
   endfacet
   facet normal -1 0 0
      outer loop
         vertex -0.007 0.0002 -0.00655
         vertex -0.007 0.0027 -0.00675
         vertex -0.007 0.0002 -0.00675
      endloop
   endfacet
   facet normal -1 0 0
      outer loop
         vertex -0.007 0.0002 -0.00655
         vertex -0.007 0.0002 -0.0064
         vertex -0.007 0.0027 -0.0064
      endloop
   endfacet
   facet normal 0 1 0
      outer loop
         vertex -0.00775 0.0002 -0.00655
         vertex -0.00775 0.0002 -0.0064
         vertex -0.0071025 0.0002 -0.0064
      endloop
   endfacet
   facet normal 0 1 0
      outer loop
         vertex -0.0071025 0.0002 -0.0064
         vertex -0.007 0.0002 -0.00655
         vertex -0.00775 0.0002 -0.00655
      endloop
   endfacet
   facet normal 0 1 0
      outer loop
         vertex -0.0071025 0.0002 -0.0064
         vertex -0.007 0.0002 -0.0064
         vertex -0.007 0.0002 -0.00655
      endloop
   endfacet
   facet normal 1 0 0
      outer loop
         vertex -0.00775 0.00833478 -0.00642654
         vertex -0.00775 0.00815 -0.00655
         vertex -0.00775 0.00822654 -0.00653478
      endloop
   endfacet
   facet normal 1 0 0
      outer loop
         vertex -0.00775 0.00822654 -0.00653478
         vertex -0.00775 0.00829142 -0.00649142
         vertex -0.00775 0.00833478 -0.00642654
      endloop
   endfacet
   facet normal 1 0 0
      outer loop
         vertex -0.00775 0.0002 -0.00655
         vertex -0.00775 0.00815 -0.00655
         vertex -0.00775 0.0058925 -0.0064
      endloop
   endfacet
   facet normal 1 0 0
      outer loop
         vertex -0.00775 0.00834365 -0.0064
         vertex -0.00775 0.0058925 -0.0064
         vertex -0.00775 0.00815 -0.00655
      endloop
   endfacet
   facet normal 1 0 0
      outer loop
         vertex -0.00775 0.00833478 -0.00642654
         vertex -0.00775 0.00834365 -0.0064
         vertex -0.00775 0.00815 -0.00655
      endloop
   endfacet
   facet normal 1 0 0
      outer loop
         vertex -0.00775 0.0058925 -0.0064
         vertex -0.00775 0.0002 -0.0064
         vertex -0.00775 0.0002 -0.00655
      endloop
   endfacet
   facet normal 0 0 -1
      outer loop
         vertex -0.00775 0.0002 -0.00655
         vertex -0.00775 0 -0.00655
         vertex -0.00782654 1.52241e-05 -0.00655
      endloop
   endfacet
   facet normal 0 0 -1
      outer loop
         vertex -0.007 0 -0.00655
         vertex -0.00775 0 -0.00655
         vertex -0.00775 0.0002 -0.00655
      endloop
   endfacet
   facet normal 0 0 -1
      outer loop
         vertex -0.00775 0.00815 -0.00655
         vertex -0.00775 0.0002 -0.00655
         vertex -0.00795 0.0002 -0.00655
      endloop
   endfacet
   facet normal 0 0 -1
      outer loop
         vertex -0.00775 0.0002 -0.00655
         vertex -0.00789142 5.85786e-05 -0.00655
         vertex -0.00793478 0.000123463 -0.00655
      endloop
   endfacet
   facet normal 0 0 -1
      outer loop
         vertex -0.00775 0.0002 -0.00655
         vertex -0.007 0.0002 -0.00655
         vertex -0.007 0 -0.00655
      endloop
   endfacet
   facet normal 0 0 -1
      outer loop
         vertex -0.00793478 0.000123463 -0.00655
         vertex -0.00795 0.0002 -0.00655
         vertex -0.00775 0.0002 -0.00655
      endloop
   endfacet
   facet normal 0 0 -1
      outer loop
         vertex -0.00795 0.0002 -0.00655
         vertex -0.00795 0.00815 -0.00655
         vertex -0.00775 0.00815 -0.00655
      endloop
   endfacet
   facet normal 0 0 -1
      outer loop
         vertex -0.00782654 1.52241e-05 -0.00655
         vertex -0.00789142 5.85786e-05 -0.00655
         vertex -0.00775 0.0002 -0.00655
      endloop
   endfacet
   facet normal 1 0 0
      outer loop
         vertex 0.007 0.0002 -0.00655
         vertex 0.007 5.85786e-05 -0.00669142
         vertex 0.007 0.000123463 -0.00673478
      endloop
   endfacet
   facet normal 1 0 0
      outer loop
         vertex 0.007 0.0002 -0.00655
         vertex 0.007 1.52241e-05 -0.00662654
         vertex 0.007 5.85786e-05 -0.00669142
      endloop
   endfacet
   facet normal 1 0 0
      outer loop
         vertex 0.007 0.0002 -0.00655
         vertex 0.007 0 -0.00655
         vertex 0.007 1.52241e-05 -0.00662654
      endloop
   endfacet
   facet normal 1 0 0
      outer loop
         vertex 0.007 0.0002 -0.00675
         vertex 0.007 0.0027 -0.00675
         vertex 0.007 0.0002 -0.00655
      endloop
   endfacet
   facet normal 1 0 0
      outer loop
         vertex 0.007 0.0027 -0.0064
         vertex 0.007 0.0002 -0.0064
         vertex 0.007 0.0002 -0.00655
      endloop
   endfacet
   facet normal 1 0 0
      outer loop
         vertex 0.007 0.0002 -0.00655
         vertex 0.007 0.0027 -0.00675
         vertex 0.007 0.0027 -0.0064
      endloop
   endfacet
   facet normal 1 0 0
      outer loop
         vertex 0.007 0.000123463 -0.00673478
         vertex 0.007 0.0002 -0.00675
         vertex 0.007 0.0002 -0.00655
      endloop
   endfacet
   facet normal 0 1 0
      outer loop
         vertex 0.00775 0.0002 -0.00655
         vertex 0.007 0.0002 -0.00655
         vertex 0.007 0.0002 -0.0064
      endloop
   endfacet
   facet normal 0 1 0
      outer loop
         vertex 0.007 0.0002 -0.0064
         vertex 0.00775 0.0002 -0.0064
         vertex 0.00775 0.0002 -0.00655
      endloop
   endfacet
   facet normal -1 0 0
      outer loop
         vertex 0.00775 0.00815 -0.00655
         vertex 0.00775 0.00833478 -0.00642654
         vertex 0.00775 0.00829142 -0.00649142
      endloop
   endfacet
   facet normal -1 0 0
      outer loop
         vertex 0.00775 0.00815 -0.00655
         vertex 0.00775 0.00834365 -0.0064
         vertex 0.00775 0.00833478 -0.00642654
      endloop
   endfacet
   facet normal -1 0 0
      outer loop
         vertex 0.00775 0.00829142 -0.00649142
         vertex 0.00775 0.00822654 -0.00653478
         vertex 0.00775 0.00815 -0.00655
      endloop
   endfacet
   facet normal -1 0 0
      outer loop
         vertex 0.00775 0.0002 -0.00655
         vertex 0.00775 0.0002 -0.0064
         vertex 0.00775 0.0058925 -0.0064
      endloop
   endfacet
   facet normal -1 0 0
      outer loop
         vertex 0.00775 0.0058925 -0.0064
         vertex 0.00775 0.00815 -0.00655
         vertex 0.00775 0.0002 -0.00655
      endloop
   endfacet
   facet normal -1 0 0
      outer loop
         vertex 0.00775 0.00815 -0.00655
         vertex 0.00775 0.0058925 -0.0064
         vertex 0.00775 0.00834365 -0.0064
      endloop
   endfacet
   facet normal 0 0 -1
      outer loop
         vertex 0.00775 0.0002 -0.00655
         vertex 0.00795 0.0002 -0.00655
         vertex 0.00793478 0.000123463 -0.00655
      endloop
   endfacet
   facet normal 0 0 -1
      outer loop
         vertex 0.00795 0.00815 -0.00655
         vertex 0.00795 0.0002 -0.00655
         vertex 0.00775 0.0002 -0.00655
      endloop
   endfacet
   facet normal 0 0 -1
      outer loop
         vertex 0.007 0.0002 -0.00655
         vertex 0.00775 0.0002 -0.00655
         vertex 0.00775 0 -0.00655
      endloop
   endfacet
   facet normal 0 0 -1
      outer loop
         vertex 0.00775 0.0002 -0.00655
         vertex 0.00789142 5.85786e-05 -0.00655
         vertex 0.00782654 1.52241e-05 -0.00655
      endloop
   endfacet
   facet normal 0 0 -1
      outer loop
         vertex 0.00775 0.0002 -0.00655
         vertex 0.00775 0.00815 -0.00655
         vertex 0.00795 0.00815 -0.00655
      endloop
   endfacet
   facet normal 0 0 -1
      outer loop
         vertex 0.00782654 1.52241e-05 -0.00655
         vertex 0.00775 0 -0.00655
         vertex 0.00775 0.0002 -0.00655
      endloop
   endfacet
   facet normal 0 0 -1
      outer loop
         vertex 0.00775 0 -0.00655
         vertex 0.007 0 -0.00655
         vertex 0.007 0.0002 -0.00655
      endloop
   endfacet
   facet normal 0 0 -1
      outer loop
         vertex 0.00793478 0.000123463 -0.00655
         vertex 0.00789142 5.85786e-05 -0.00655
         vertex 0.00775 0.0002 -0.00655
      endloop
   endfacet
   facet normal 1 0 0
      outer loop
         vertex 0.00795 0.0002 -0.00655
         vertex 0.00795 0.0002 0.00655
         vertex 0.00793478 0.000123463 0.00655
      endloop
   endfacet
   facet normal 0.707107 -0.707107 0
      outer loop
         vertex 0.00789142 5.85786e-05 -0.00655
         vertex 0.0079204 0.000101946 0.00655
         vertex 0.00791507 9.39662e-05 0.00655
      endloop
   endfacet
   facet normal 0.92388 -0.382683 0
      outer loop
         vertex 0.00793478 0.000123463 -0.00655
         vertex 0.00793478 0.000123463 0.00655
         vertex 0.0079204 0.000101946 0.00655
      endloop
   endfacet
   facet normal 0.866741 -0.498759 0
      outer loop
         vertex 0.0079204 0.000101946 0.00655
         vertex 0.00789142 5.85786e-05 -0.00655
         vertex 0.00793478 0.000123463 -0.00655
      endloop
   endfacet
   facet normal 0.707107 -0.707107 0
      outer loop
         vertex 0.00789142 5.85786e-05 -0.00655
         vertex 0.00789142 5.85786e-05 0.00655
         vertex 0.00786476 4.0763e-05 0.00655
      endloop
   endfacet
   facet normal 0.584666 -0.811274 0
      outer loop
         vertex 0.00786476 4.0763e-05 0.00655
         vertex 0.00782654 1.52241e-05 -0.00655
         vertex 0.00789142 5.85786e-05 -0.00655
      endloop
   endfacet
   facet normal 0 -1 0
      outer loop
         vertex 0.00775 0 -0.00655
         vertex 0.00780641 1.122e-05 0.00655
         vertex 0.00775465 9.25929e-07 0.00655
      endloop
   endfacet
   facet normal 0.382683 -0.92388 0
      outer loop
         vertex 0.00782654 1.52241e-05 -0.00655
         vertex 0.00782654 1.52241e-05 0.00655
         vertex 0.00780641 1.122e-05 0.00655
      endloop
   endfacet
   facet normal 0.28629 -0.958143 0
      outer loop
         vertex 0.00780641 1.122e-05 0.00655
         vertex 0.00775 0 -0.00655
         vertex 0.00782654 1.52241e-05 -0.00655
      endloop
   endfacet
   facet normal 0.0233767 -0.999727 0
      outer loop
         vertex 0.00775465 9.25929e-07 0.00655
         vertex 0.00775 0 0.00655
         vertex 0.00775 0 -0.00655
      endloop
   endfacet
   facet normal 0.584666 -0.811274 0
      outer loop
         vertex 0.00786476 4.0763e-05 0.00655
         vertex 0.00782654 1.52241e-05 0.00655
         vertex 0.00782654 1.52241e-05 -0.00655
      endloop
   endfacet
   facet normal 0.841365 -0.540468 0
      outer loop
         vertex 0.00791507 9.39662e-05 0.00655
         vertex 0.00789142 5.85786e-05 0.00655
         vertex 0.00789142 5.85786e-05 -0.00655
      endloop
   endfacet
   facet normal 0.92388 -0.382683 0
      outer loop
         vertex 0.00793478 0.000123463 0.00655
         vertex 0.00793478 0.000123463 -0.00655
         vertex 0.00795 0.0002 -0.00655
      endloop
   endfacet
   facet normal 0 0 -1
      outer loop
         vertex 0.00795 0.00815 -0.00655
         vertex 0.00775 0.00815 -0.00655
         vertex 0.00775 0.00822654 -0.00653478
      endloop
   endfacet
   facet normal 0 0.382683 -0.92388
      outer loop
         vertex 0.00795 0.00822654 -0.00653478
         vertex 0.00775 0.00822654 -0.00653478
         vertex 0.00775 0.00829142 -0.00649142
      endloop
   endfacet
   facet normal 0 0.707107 -0.707107
      outer loop
         vertex 0.00795 0.00829142 -0.00649142
         vertex 0.00775 0.00829142 -0.00649142
         vertex 0.00775 0.00833478 -0.00642654
      endloop
   endfacet
   facet normal 0 1 -1.64799e-12
      outer loop
         vertex 0.00795 0.00835 -0.00635
         vertex 0.00795 0.00833478 -0.00642654
         vertex 0.00775 0.00834365 -0.0064
      endloop
   endfacet
   facet normal 0 0.92388 -0.382683
      outer loop
         vertex 0.00795 0.00833478 -0.00642654
         vertex 0.00775 0.00833478 -0.00642654
         vertex 0.00775 0.00834365 -0.0064
      endloop
   endfacet
   facet normal 0 0.968246 -0.25
      outer loop
         vertex 0.00775 0.00834365 -0.0064
         vertex 0.00775 0.00835 -0.00635
         vertex 0.00795 0.00835 -0.00635
      endloop
   endfacet
   facet normal 0 0.92388 -0.382683
      outer loop
         vertex 0.00775 0.00833478 -0.00642654
         vertex 0.00795 0.00833478 -0.00642654
         vertex 0.00795 0.00829142 -0.00649142
      endloop
   endfacet
   facet normal 0 0.707107 -0.707107
      outer loop
         vertex 0.00775 0.00829142 -0.00649142
         vertex 0.00795 0.00829142 -0.00649142
         vertex 0.00795 0.00822654 -0.00653478
      endloop
   endfacet
   facet normal 0 0.382683 -0.92388
      outer loop
         vertex 0.00775 0.00822654 -0.00653478
         vertex 0.00795 0.00822654 -0.00653478
         vertex 0.00795 0.00815 -0.00655
      endloop
   endfacet
   facet normal 0 0.92388 -0.382683
      outer loop
         vertex 0.00795 0.00836522 -0.00627346
         vertex 0.00795 0.00835 -0.00635
         vertex 0.00775 0.00835 -0.00635
      endloop
   endfacet
   facet normal 0 0.707107 -0.707107
      outer loop
         vertex 0.00795 0.00840858 -0.00620858
         vertex 0.00795 0.00836522 -0.00627346
         vertex 0.00775 0.00836522 -0.00627346
      endloop
   endfacet
   facet normal 0 0.382683 -0.92388
      outer loop
         vertex 0.00795 0.00847346 -0.00616522
         vertex 0.00795 0.00840858 -0.00620858
         vertex 0.00775 0.00840858 -0.00620858
      endloop
   endfacet
   facet normal 0 2.49794e-12 -1
      outer loop
         vertex 0.00795 0.00855 -0.00615
         vertex 0.00795 0.00847346 -0.00616522
         vertex 0.00775 0.00847346 -0.00616522
      endloop
   endfacet
   facet normal 0 -0.382683 -0.92388
      outer loop
         vertex 0.00795 0.00862654 -0.00616522
         vertex 0.00795 0.00855 -0.00615
         vertex 0.00775 0.00855 -0.00615
      endloop
   endfacet
   facet normal 0 -0.707107 -0.707107
      outer loop
         vertex 0.00795 0.00869142 -0.00620858
         vertex 0.00795 0.00862654 -0.00616522
         vertex 0.00775 0.00862654 -0.00616522
      endloop
   endfacet
   facet normal 0 -0.92388 -0.382683
      outer loop
         vertex 0.00795 0.00873478 -0.00627346
         vertex 0.00795 0.00869142 -0.00620858
         vertex 0.00775 0.00869142 -0.00620858
      endloop
   endfacet
   facet normal 0 -1 0
      outer loop
         vertex 0.00795 0.00875 -0.00635
         vertex 0.00795 0.00873478 -0.00627346
         vertex 0.00775 0.00873478 -0.00627346
      endloop
   endfacet
   facet normal 0 -0.92388 -0.382683
      outer loop
         vertex 0.00775 0.00873478 -0.00627346
         vertex 0.00775 0.00875 -0.00635
         vertex 0.00795 0.00875 -0.00635
      endloop
   endfacet
   facet normal 0 -0.707107 -0.707107
      outer loop
         vertex 0.00775 0.00869142 -0.00620858
         vertex 0.00775 0.00873478 -0.00627346
         vertex 0.00795 0.00873478 -0.00627346
      endloop
   endfacet
   facet normal 0 -0.382683 -0.92388
      outer loop
         vertex 0.00775 0.00862654 -0.00616522
         vertex 0.00775 0.00869142 -0.00620858
         vertex 0.00795 0.00869142 -0.00620858
      endloop
   endfacet
   facet normal 0 2.49794e-12 -1
      outer loop
         vertex 0.00775 0.00855 -0.00615
         vertex 0.00775 0.00862654 -0.00616522
         vertex 0.00795 0.00862654 -0.00616522
      endloop
   endfacet
   facet normal 0 0.382683 -0.92388
      outer loop
         vertex 0.00775 0.00847346 -0.00616522
         vertex 0.00775 0.00855 -0.00615
         vertex 0.00795 0.00855 -0.00615
      endloop
   endfacet
   facet normal 0 0.707107 -0.707107
      outer loop
         vertex 0.00775 0.00840858 -0.00620858
         vertex 0.00775 0.00847346 -0.00616522
         vertex 0.00795 0.00847346 -0.00616522
      endloop
   endfacet
   facet normal 0 0.92388 -0.382683
      outer loop
         vertex 0.00775 0.00836522 -0.00627346
         vertex 0.00775 0.00840858 -0.00620858
         vertex 0.00795 0.00840858 -0.00620858
      endloop
   endfacet
   facet normal 0 1 1.64799e-12
      outer loop
         vertex 0.00775 0.00835 -0.00635
         vertex 0.00775 0.00836522 -0.00627346
         vertex 0.00795 0.00836522 -0.00627346
      endloop
   endfacet
   facet normal 1 0 0
      outer loop
         vertex 0.00775 0.00836522 -0.00627346
         vertex 0.00775 0.00855 -0.00615
         vertex 0.00775 0.00847346 -0.00616522
      endloop
   endfacet
   facet normal 1 0 0
      outer loop
         vertex 0.00775 0.00836522 -0.00627346
         vertex 0.00775 0.00873478 -0.00627346
         vertex 0.00775 0.00869142 -0.00620858
      endloop
   endfacet
   facet normal 1 0 0
      outer loop
         vertex 0.00775 0.00836522 -0.00627346
         vertex 0.00775 0.00862654 -0.00616522
         vertex 0.00775 0.00855 -0.00615
      endloop
   endfacet
   facet normal 1 0 0
      outer loop
         vertex 0.00775 0.00836522 -0.00627346
         vertex 0.00775 0.00875 -0.00635
         vertex 0.00775 0.00873478 -0.00627346
      endloop
   endfacet
   facet normal 1 0 0
      outer loop
         vertex 0.00775 0.00869142 -0.00620858
         vertex 0.00775 0.00862654 -0.00616522
         vertex 0.00775 0.00836522 -0.00627346
      endloop
   endfacet
   facet normal 1 0 0
      outer loop
         vertex 0.00775 0.00847346 -0.00616522
         vertex 0.00775 0.00840858 -0.00620858
         vertex 0.00775 0.00836522 -0.00627346
      endloop
   endfacet
   facet normal 1 0 0
      outer loop
         vertex 0.00775 0.00875 -0.00635
         vertex 0.00775 0.00834365 -0.0064
         vertex 0.00775 0.0100075 -0.0064
      endloop
   endfacet
   facet normal 1 0 0
      outer loop
         vertex 0.00775 0.00836522 -0.00627346
         vertex 0.00775 0.00835 -0.00635
         vertex 0.00775 0.00875 -0.00635
      endloop
   endfacet
   facet normal 1 0 0
      outer loop
         vertex 0.00775 0.0100075 -0.0064
         vertex 0.00775 0.01075 -0.00635
         vertex 0.00775 0.00875 -0.00635
      endloop
   endfacet
   facet normal 1 0 0
      outer loop
         vertex 0.00775 0.0100075 -0.0064
         vertex 0.00775 0.01075 -0.0064
         vertex 0.00775 0.01075 -0.00635
      endloop
   endfacet
   facet normal 1 0 0
      outer loop
         vertex 0.00775 0.00835 -0.00635
         vertex 0.00775 0.00834365 -0.0064
         vertex 0.00775 0.00875 -0.00635
      endloop
   endfacet
   facet normal 0 0 -1
      outer loop
         vertex 0.00775 0.00875 -0.00635
         vertex 0.00775 0.01075 -0.00635
         vertex 0.00795 0.01075 -0.00635
      endloop
   endfacet
   facet normal 0 0 -1
      outer loop
         vertex 0.00795 0.01075 -0.00635
         vertex 0.00795 0.00875 -0.00635
         vertex 0.00775 0.00875 -0.00635
      endloop
   endfacet
   facet normal 0 0 -1
      outer loop
         vertex -0.00775 0.00815 -0.00655
         vertex -0.00795 0.00815 -0.00655
         vertex -0.00795 0.00822654 -0.00653478
      endloop
   endfacet
   facet normal 0 0.382683 -0.92388
      outer loop
         vertex -0.00775 0.00822654 -0.00653478
         vertex -0.00795 0.00822654 -0.00653478
         vertex -0.00795 0.00829142 -0.00649142
      endloop
   endfacet
   facet normal 0 0.707107 -0.707107
      outer loop
         vertex -0.00775 0.00829142 -0.00649142
         vertex -0.00795 0.00829142 -0.00649142
         vertex -0.00795 0.00833478 -0.00642654
      endloop
   endfacet
   facet normal 0 1 0
      outer loop
         vertex -0.00795 0.00835 -0.00635
         vertex -0.00775 0.00835 -0.00635
         vertex -0.00775 0.00834365 -0.0064
      endloop
   endfacet
   facet normal 0 0.968246 -0.25
      outer loop
         vertex -0.00775 0.00834365 -0.0064
         vertex -0.00795 0.00833478 -0.00642654
         vertex -0.00795 0.00835 -0.00635
      endloop
   endfacet
   facet normal 0 0.968246 -0.25
      outer loop
         vertex -0.00775 0.00834365 -0.0064
         vertex -0.00775 0.00833478 -0.00642654
         vertex -0.00795 0.00833478 -0.00642654
      endloop
   endfacet
   facet normal 0 0.92388 -0.382683
      outer loop
         vertex -0.00795 0.00833478 -0.00642654
         vertex -0.00775 0.00833478 -0.00642654
         vertex -0.00775 0.00829142 -0.00649142
      endloop
   endfacet
   facet normal 0 0.707107 -0.707107
      outer loop
         vertex -0.00795 0.00829142 -0.00649142
         vertex -0.00775 0.00829142 -0.00649142
         vertex -0.00775 0.00822654 -0.00653478
      endloop
   endfacet
   facet normal 0 0.382683 -0.92388
      outer loop
         vertex -0.00795 0.00822654 -0.00653478
         vertex -0.00775 0.00822654 -0.00653478
         vertex -0.00775 0.00815 -0.00655
      endloop
   endfacet
   facet normal 0 0.92388 -0.382683
      outer loop
         vertex -0.00775 0.00836522 -0.00627346
         vertex -0.00775 0.00835 -0.00635
         vertex -0.00795 0.00835 -0.00635
      endloop
   endfacet
   facet normal 0 0.707107 -0.707107
      outer loop
         vertex -0.00775 0.00840858 -0.00620858
         vertex -0.00775 0.00836522 -0.00627346
         vertex -0.00795 0.00836522 -0.00627346
      endloop
   endfacet
   facet normal 0 0.382683 -0.92388
      outer loop
         vertex -0.00775 0.00847346 -0.00616522
         vertex -0.00775 0.00840858 -0.00620858
         vertex -0.00795 0.00840858 -0.00620858
      endloop
   endfacet
   facet normal 0 -6.12323e-17 -1
      outer loop
         vertex -0.00775 0.00855 -0.00615
         vertex -0.00775 0.00847346 -0.00616522
         vertex -0.00795 0.00847346 -0.00616522
      endloop
   endfacet
   facet normal 0 -0.382683 -0.92388
      outer loop
         vertex -0.00775 0.00862654 -0.00616522
         vertex -0.00775 0.00855 -0.00615
         vertex -0.00795 0.00855 -0.00615
      endloop
   endfacet
   facet normal 0 -0.707107 -0.707107
      outer loop
         vertex -0.00775 0.00869142 -0.00620858
         vertex -0.00775 0.00862654 -0.00616522
         vertex -0.00795 0.00862654 -0.00616522
      endloop
   endfacet
   facet normal 0 -0.92388 -0.382683
      outer loop
         vertex -0.00775 0.00873478 -0.00627346
         vertex -0.00775 0.00869142 -0.00620858
         vertex -0.00795 0.00869142 -0.00620858
      endloop
   endfacet
   facet normal 0 -1 0
      outer loop
         vertex -0.00775 0.00875 -0.00635
         vertex -0.00775 0.00873478 -0.00627346
         vertex -0.00795 0.00873478 -0.00627346
      endloop
   endfacet
   facet normal 0 -0.92388 -0.382683
      outer loop
         vertex -0.00795 0.00873478 -0.00627346
         vertex -0.00795 0.00875 -0.00635
         vertex -0.00775 0.00875 -0.00635
      endloop
   endfacet
   facet normal 0 -0.707107 -0.707107
      outer loop
         vertex -0.00795 0.00869142 -0.00620858
         vertex -0.00795 0.00873478 -0.00627346
         vertex -0.00775 0.00873478 -0.00627346
      endloop
   endfacet
   facet normal 0 -0.382683 -0.92388
      outer loop
         vertex -0.00795 0.00862654 -0.00616522
         vertex -0.00795 0.00869142 -0.00620858
         vertex -0.00775 0.00869142 -0.00620858
      endloop
   endfacet
   facet normal 0 -6.12323e-17 -1
      outer loop
         vertex -0.00795 0.00855 -0.00615
         vertex -0.00795 0.00862654 -0.00616522
         vertex -0.00775 0.00862654 -0.00616522
      endloop
   endfacet
   facet normal 0 0.382683 -0.92388
      outer loop
         vertex -0.00795 0.00847346 -0.00616522
         vertex -0.00795 0.00855 -0.00615
         vertex -0.00775 0.00855 -0.00615
      endloop
   endfacet
   facet normal 0 0.707107 -0.707107
      outer loop
         vertex -0.00795 0.00840858 -0.00620858
         vertex -0.00795 0.00847346 -0.00616522
         vertex -0.00775 0.00847346 -0.00616522
      endloop
   endfacet
   facet normal 0 0.92388 -0.382683
      outer loop
         vertex -0.00795 0.00836522 -0.00627346
         vertex -0.00795 0.00840858 -0.00620858
         vertex -0.00775 0.00840858 -0.00620858
      endloop
   endfacet
   facet normal 0 1 0
      outer loop
         vertex -0.00795 0.00835 -0.00635
         vertex -0.00795 0.00836522 -0.00627346
         vertex -0.00775 0.00836522 -0.00627346
      endloop
   endfacet
   facet normal -1 0 0
      outer loop
         vertex -0.00775 0.00836522 -0.00627346
         vertex -0.00775 0.00862654 -0.00616522
         vertex -0.00775 0.00869142 -0.00620858
      endloop
   endfacet
   facet normal -1 0 0
      outer loop
         vertex -0.00775 0.00836522 -0.00627346
         vertex -0.00775 0.00855 -0.00615
         vertex -0.00775 0.00862654 -0.00616522
      endloop
   endfacet
   facet normal -1 0 0
      outer loop
         vertex -0.00775 0.00836522 -0.00627346
         vertex -0.00775 0.00840858 -0.00620858
         vertex -0.00775 0.00847346 -0.00616522
      endloop
   endfacet
   facet normal -1 0 0
      outer loop
         vertex -0.00775 0.00847346 -0.00616522
         vertex -0.00775 0.00855 -0.00615
         vertex -0.00775 0.00836522 -0.00627346
      endloop
   endfacet
   facet normal -1 0 0
      outer loop
         vertex -0.00775 0.00869142 -0.00620858
         vertex -0.00775 0.00873478 -0.00627346
         vertex -0.00775 0.00836522 -0.00627346
      endloop
   endfacet
   facet normal -1 0 0
      outer loop
         vertex -0.00775 0.00875 -0.00635
         vertex -0.00775 0.01075 -0.00635
         vertex -0.00775 0.0100075 -0.0064
      endloop
   endfacet
   facet normal -1 0 0
      outer loop
         vertex -0.00775 0.00875 -0.00635
         vertex -0.00775 0.00835 -0.00635
         vertex -0.00775 0.00836522 -0.00627346
      endloop
   endfacet
   facet normal -1 0 0
      outer loop
         vertex -0.00775 0.01075 -0.00635
         vertex -0.00775 0.01075 -0.0064
         vertex -0.00775 0.0100075 -0.0064
      endloop
   endfacet
   facet normal -1 0 0
      outer loop
         vertex -0.00775 0.00875 -0.00635
         vertex -0.00775 0.00834365 -0.0064
         vertex -0.00775 0.00835 -0.00635
      endloop
   endfacet
   facet normal -1 0 0
      outer loop
         vertex -0.00775 0.00873478 -0.00627346
         vertex -0.00775 0.00875 -0.00635
         vertex -0.00775 0.00836522 -0.00627346
      endloop
   endfacet
   facet normal -1 0 0
      outer loop
         vertex -0.00775 0.0100075 -0.0064
         vertex -0.00775 0.00834365 -0.0064
         vertex -0.00775 0.00875 -0.00635
      endloop
   endfacet
   facet normal 0 0 -1
      outer loop
         vertex -0.00795 0.00875 -0.00635
         vertex -0.00795 0.01075 -0.00635
         vertex -0.00775 0.01075 -0.00635
      endloop
   endfacet
   facet normal 0 0 -1
      outer loop
         vertex -0.00775 0.01075 -0.00635
         vertex -0.00775 0.00875 -0.00635
         vertex -0.00795 0.00875 -0.00635
      endloop
   endfacet
   facet normal 0 -1 0
      outer loop
         vertex -0.00775 0 -0.00655
         vertex -0.00775 -5.42101e-20 0.00655
         vertex -0.0078261 1.50443e-05 0.00655
      endloop
   endfacet
   facet normal -0.380506 -0.924779 0
      outer loop
         vertex -0.0078261 1.50443e-05 0.00655
         vertex -0.00782654 1.52241e-05 -0.00655
         vertex -0.00775 0 -0.00655
      endloop
   endfacet
   facet normal -0.382683 -0.92388 0
      outer loop
         vertex -0.00782654 1.52241e-05 -0.00655
         vertex -0.00782649 1.53006e-05 0.00655
         vertex -0.00789142 5.85786e-05 0.00655
      endloop
   endfacet
   facet normal -0.707107 -0.707107 0
      outer loop
         vertex -0.00789142 5.85786e-05 -0.00655
         vertex -0.00789142 5.85786e-05 0.00655
         vertex -0.0079347 0.000123514 0.00655
      endloop
   endfacet
   facet normal -0.92388 -0.382683 0
      outer loop
         vertex -0.00793478 0.000123463 -0.00655
         vertex -0.0079347 0.000123514 0.00655
         vertex -0.00793496 0.000123899 0.00655
      endloop
   endfacet
   facet normal -0.924779 -0.380506 0
      outer loop
         vertex -0.00793496 0.000123899 0.00655
         vertex -0.00795 0.0002 -0.00655
         vertex -0.00793478 0.000123463 -0.00655
      endloop
   endfacet
   facet normal -0.924779 -0.380506 0
      outer loop
         vertex -0.00793496 0.000123899 0.00655
         vertex -0.00795 0.0002 0.00655
         vertex -0.00795 0.0002 -0.00655
      endloop
   endfacet
   facet normal -0.923914 -0.382601 0
      outer loop
         vertex -0.0079347 0.000123514 0.00655
         vertex -0.00793478 0.000123463 -0.00655
         vertex -0.00789142 5.85786e-05 -0.00655
      endloop
   endfacet
   facet normal -0.707107 -0.707107 0
      outer loop
         vertex -0.00789142 5.85786e-05 0.00655
         vertex -0.00789142 5.85786e-05 -0.00655
         vertex -0.00782654 1.52241e-05 -0.00655
      endloop
   endfacet
   facet normal -0.380506 -0.924779 0
      outer loop
         vertex -0.0078261 1.50443e-05 0.00655
         vertex -0.00782649 1.53006e-05 0.00655
         vertex -0.00782654 1.52241e-05 -0.00655
      endloop
   endfacet
   facet normal -0.305397 -0.68988 0.656353
      outer loop
         vertex -0.00781108 6.20241e-05 0.00668127
         vertex -0.00775466 9.89546e-05 0.00671727
         vertex -0.00780319 0.000146805 0.00673531
      endloop
   endfacet
   facet normal -0.401221 -0.904063 0.147279
      outer loop
         vertex -0.00783024 1.91873e-05 0.00657946
         vertex -0.00775671 7.65005e-06 0.00660437
         vertex -0.00777848 2.94292e-05 0.00665047
      endloop
   endfacet
   facet normal -0.460212 -0.845072 0.272137
      outer loop
         vertex -0.00784204 3.09857e-05 0.00660443
         vertex -0.00777848 2.94292e-05 0.00665047
         vertex -0.00781108 6.20241e-05 0.00668127
      endloop
   endfacet
   facet normal -0.5485 -0.756784 0.355564
      outer loop
         vertex -0.0078597 4.86432e-05 0.00662111
         vertex -0.00781108 6.20241e-05 0.00668127
         vertex -0.00784953 0.000100472 0.00669209
      endloop
   endfacet
   facet normal -0.401221 -0.904063 0.147279
      outer loop
         vertex -0.00783024 1.91873e-05 0.00657946
         vertex -0.00789142 5.85786e-05 0.00655
         vertex -0.00782649 1.53006e-05 0.00655
      endloop
   endfacet
   facet normal 0 -0.999727 0.0233767
      outer loop
         vertex -0.00775 9.25929e-07 0.00655465
         vertex -0.00775671 7.65005e-06 0.00660437
         vertex -0.00783024 1.91873e-05 0.00657946
      endloop
   endfacet
   facet normal -0.380506 -0.924779 3.27494e-13
      outer loop
         vertex -0.0078261 1.50443e-05 0.00655
         vertex -0.00775 -5.42101e-20 0.00655
         vertex -0.00775 9.25929e-07 0.00655465
      endloop
   endfacet
   facet normal -0.0335268 -0.96175 0.27187
      outer loop
         vertex -0.00775671 7.65005e-06 0.00660437
         vertex -0.00775 1.122e-05 0.00660641
         vertex -0.00775 1.52241e-05 0.00662654
      endloop
   endfacet
   facet normal 0 -0.92388 0.382683
      outer loop
         vertex -0.00775 1.52241e-05 0.00662654
         vertex -0.00777848 2.94292e-05 0.00665047
         vertex -0.00775671 7.65005e-06 0.00660437
      endloop
   endfacet
   facet normal -0.305397 -0.68988 0.656353
      outer loop
         vertex -0.00781108 6.20241e-05 0.00668127
         vertex -0.00775 5.85786e-05 0.00669142
         vertex -0.00775 9.39662e-05 0.00671507
      endloop
   endfacet
   facet normal -0.305397 -0.68988 0.656353
      outer loop
         vertex -0.00781108 6.20241e-05 0.00668127
         vertex -0.00777848 2.94292e-05 0.00665047
         vertex -0.00775 4.0763e-05 0.00666476
      endloop
   endfacet
   facet normal 0 -0.811274 0.584666
      outer loop
         vertex -0.00775 4.0763e-05 0.00666476
         vertex -0.00775 5.85786e-05 0.00669142
         vertex -0.00781108 6.20241e-05 0.00668127
      endloop
   endfacet
   facet normal -0.265974 -0.265974 0.926561
      outer loop
         vertex -0.00780319 0.000146805 0.00673531
         vertex -0.00775466 9.89546e-05 0.00671727
         vertex -0.00775 0.000101946 0.0067204
      endloop
   endfacet
   facet normal 0 -0.498759 0.866741
      outer loop
         vertex -0.00775 0.000101946 0.0067204
         vertex -0.00775 0.000123463 0.00673478
         vertex -0.00780319 0.000146805 0.00673531
      endloop
   endfacet
   facet normal 0 -0.382683 0.92388
      outer loop
         vertex -0.00775 0.000123463 0.00673478
         vertex -0.00775 0.0002 0.00675
         vertex -0.00780319 0.000146805 0.00673531
      endloop
   endfacet
   facet normal 0 -0.498759 0.866741
      outer loop
         vertex -0.00775 0.000101946 0.0067204
         vertex -0.00775466 9.89546e-05 0.00671727
         vertex -0.00775 9.39662e-05 0.00671507
      endloop
   endfacet
   facet normal 0 -0.540468 0.841365
      outer loop
         vertex -0.00775 9.39662e-05 0.00671507
         vertex -0.00775466 9.89546e-05 0.00671727
         vertex -0.00781108 6.20241e-05 0.00668127
      endloop
   endfacet
   facet normal 0 -0.92388 0.382683
      outer loop
         vertex -0.00775 1.52241e-05 0.00662654
         vertex -0.00775 4.0763e-05 0.00666476
         vertex -0.00777848 2.94292e-05 0.00665047
      endloop
   endfacet
   facet normal 0 -0.958143 0.28629
      outer loop
         vertex -0.00775 1.122e-05 0.00660641
         vertex -0.00775671 7.65005e-06 0.00660437
         vertex -0.00775 9.25929e-07 0.00655465
      endloop
   endfacet
   facet normal -0.401221 -0.904063 0.147279
      outer loop
         vertex -0.00783024 1.91873e-05 0.00657946
         vertex -0.0078261 1.50443e-05 0.00655
         vertex -0.00775 9.25929e-07 0.00655465
      endloop
   endfacet
   facet normal -0.707107 -0.707107 4.33681e-15
      outer loop
         vertex -0.00789142 5.85786e-05 0.00655
         vertex -0.0078597 4.86432e-05 0.00662111
         vertex -0.00788053 6.94716e-05 0.00662697
      endloop
   endfacet
   facet normal -0.707107 -0.707107 4.33681e-15
      outer loop
         vertex -0.00789142 5.85786e-05 0.00655
         vertex -0.00784204 3.09857e-05 0.00660443
         vertex -0.0078597 4.86432e-05 0.00662111
      endloop
   endfacet
   facet normal -0.707107 -0.707107 4.33681e-15
      outer loop
         vertex -0.00789142 5.85786e-05 0.00655
         vertex -0.00783024 1.91873e-05 0.00657946
         vertex -0.00784204 3.09857e-05 0.00660443
      endloop
   endfacet
   facet normal -0.382601 -0.923914 6.245e-13
      outer loop
         vertex -0.00782649 1.53006e-05 0.00655
         vertex -0.0078261 1.50443e-05 0.00655
         vertex -0.00783024 1.91873e-05 0.00657946
      endloop
   endfacet
   facet normal -0.497638 -0.497638 0.710431
      outer loop
         vertex -0.00784953 0.000100472 0.00669209
         vertex -0.00788053 6.94716e-05 0.00662697
         vertex -0.0078597 4.86432e-05 0.00662111
      endloop
   endfacet
   facet normal -0.305397 -0.68988 0.656353
      outer loop
         vertex -0.00781108 6.20241e-05 0.00668127
         vertex -0.0078597 4.86432e-05 0.00662111
         vertex -0.00784204 3.09857e-05 0.00660443
      endloop
   endfacet
   facet normal -0.142423 -0.852854 0.502351
      outer loop
         vertex -0.00777848 2.94292e-05 0.00665047
         vertex -0.00784204 3.09857e-05 0.00660443
         vertex -0.00783024 1.91873e-05 0.00657946
      endloop
   endfacet
   facet normal -0.265974 -0.265974 0.926561
      outer loop
         vertex -0.00780319 0.000146805 0.00673531
         vertex -0.00784953 0.000100472 0.00669209
         vertex -0.00781108 6.20241e-05 0.00668127
      endloop
   endfacet
   facet normal 0.656353 -0.68988 0.305397
      outer loop
         vertex 0.00788127 6.20241e-05 0.00661108
         vertex 0.00791727 9.89546e-05 0.00655466
         vertex 0.00793531 0.000146805 0.00660319
      endloop
   endfacet
   facet normal 0.147279 -0.904063 0.401221
      outer loop
         vertex 0.00777946 1.91873e-05 0.00663024
         vertex 0.00780437 7.65005e-06 0.00655671
         vertex 0.00785047 2.94292e-05 0.00657848
      endloop
   endfacet
   facet normal 0.272137 -0.845072 0.460212
      outer loop
         vertex 0.00780443 3.09857e-05 0.00664204
         vertex 0.00785047 2.94292e-05 0.00657848
         vertex 0.00788127 6.20241e-05 0.00661108
      endloop
   endfacet
   facet normal 0.355564 -0.756784 0.5485
      outer loop
         vertex 0.00782111 4.86432e-05 0.0066597
         vertex 0.00788127 6.20241e-05 0.00661108
         vertex 0.00789209 0.000100472 0.00664953
      endloop
   endfacet
   facet normal 0.147279 -0.904063 0.401221
      outer loop
         vertex 0.00777946 1.91873e-05 0.00663024
         vertex 0.00775 5.85786e-05 0.00669142
         vertex 0.00775 1.53006e-05 0.00662649
      endloop
   endfacet
   facet normal 0.0233767 -0.999727 0
      outer loop
         vertex 0.00775465 9.25929e-07 0.00655
         vertex 0.00780437 7.65005e-06 0.00655671
         vertex 0.00777946 1.91873e-05 0.00663024
      endloop
   endfacet
   facet normal -2.82526e-15 -0.924779 0.380506
      outer loop
         vertex 0.00775 1.50443e-05 0.0066261
         vertex 0.00775 0 0.00655
         vertex 0.00775465 9.25929e-07 0.00655
      endloop
   endfacet
   facet normal 0.27187 -0.96175 0.0335268
      outer loop
         vertex 0.00780437 7.65005e-06 0.00655671
         vertex 0.00780641 1.122e-05 0.00655
         vertex 0.00782654 1.52241e-05 0.00655
      endloop
   endfacet
   facet normal 0.382683 -0.92388 -4.33681e-15
      outer loop
         vertex 0.00782654 1.52241e-05 0.00655
         vertex 0.00785047 2.94292e-05 0.00657848
         vertex 0.00780437 7.65005e-06 0.00655671
      endloop
   endfacet
   facet normal 0.656353 -0.68988 0.305397
      outer loop
         vertex 0.00788127 6.20241e-05 0.00661108
         vertex 0.00789142 5.85786e-05 0.00655
         vertex 0.00791507 9.39662e-05 0.00655
      endloop
   endfacet
   facet normal 0.656353 -0.68988 0.305397
      outer loop
         vertex 0.00788127 6.20241e-05 0.00661108
         vertex 0.00785047 2.94292e-05 0.00657848
         vertex 0.00786476 4.0763e-05 0.00655
      endloop
   endfacet
   facet normal 0.584666 -0.811274 -4.33681e-15
      outer loop
         vertex 0.00786476 4.0763e-05 0.00655
         vertex 0.00789142 5.85786e-05 0.00655
         vertex 0.00788127 6.20241e-05 0.00661108
      endloop
   endfacet
   facet normal 0.926561 -0.265974 0.265974
      outer loop
         vertex 0.00793531 0.000146805 0.00660319
         vertex 0.00791727 9.89546e-05 0.00655466
         vertex 0.0079204 0.000101946 0.00655
      endloop
   endfacet
   facet normal 0.866741 -0.498759 -4.33681e-15
      outer loop
         vertex 0.0079204 0.000101946 0.00655
         vertex 0.00793478 0.000123463 0.00655
         vertex 0.00793531 0.000146805 0.00660319
      endloop
   endfacet
   facet normal 0.92388 -0.382683 -4.33681e-15
      outer loop
         vertex 0.00793478 0.000123463 0.00655
         vertex 0.00795 0.0002 0.00655
         vertex 0.00793531 0.000146805 0.00660319
      endloop
   endfacet
   facet normal 0.866741 -0.498759 -4.33681e-15
      outer loop
         vertex 0.0079204 0.000101946 0.00655
         vertex 0.00791727 9.89546e-05 0.00655466
         vertex 0.00791507 9.39662e-05 0.00655
      endloop
   endfacet
   facet normal 0.841365 -0.540468 -4.33681e-15
      outer loop
         vertex 0.00791507 9.39662e-05 0.00655
         vertex 0.00791727 9.89546e-05 0.00655466
         vertex 0.00788127 6.20241e-05 0.00661108
      endloop
   endfacet
   facet normal 0.382683 -0.92388 -4.33681e-15
      outer loop
         vertex 0.00782654 1.52241e-05 0.00655
         vertex 0.00786476 4.0763e-05 0.00655
         vertex 0.00785047 2.94292e-05 0.00657848
      endloop
   endfacet
   facet normal 0.28629 -0.958143 -4.33681e-15
      outer loop
         vertex 0.00780641 1.122e-05 0.00655
         vertex 0.00780437 7.65005e-06 0.00655671
         vertex 0.00775465 9.25929e-07 0.00655
      endloop
   endfacet
   facet normal 0.147279 -0.904063 0.401221
      outer loop
         vertex 0.00777946 1.91873e-05 0.00663024
         vertex 0.00775 1.50443e-05 0.0066261
         vertex 0.00775465 9.25929e-07 0.00655
      endloop
   endfacet
   facet normal -4.33681e-15 -0.707107 0.707107
      outer loop
         vertex 0.00775 5.85786e-05 0.00669142
         vertex 0.00782111 4.86432e-05 0.0066597
         vertex 0.00782697 6.94716e-05 0.00668053
      endloop
   endfacet
   facet normal -4.33681e-15 -0.707107 0.707107
      outer loop
         vertex 0.00775 5.85786e-05 0.00669142
         vertex 0.00780443 3.09857e-05 0.00664204
         vertex 0.00782111 4.86432e-05 0.0066597
      endloop
   endfacet
   facet normal -4.33681e-15 -0.707107 0.707107
      outer loop
         vertex 0.00775 5.85786e-05 0.00669142
         vertex 0.00777946 1.91873e-05 0.00663024
         vertex 0.00780443 3.09857e-05 0.00664204
      endloop
   endfacet
   facet normal 0 -0.923914 0.382601
      outer loop
         vertex 0.00775 1.53006e-05 0.00662649
         vertex 0.00775 1.50443e-05 0.0066261
         vertex 0.00777946 1.91873e-05 0.00663024
      endloop
   endfacet
   facet normal 0.710431 -0.497638 0.497638
      outer loop
         vertex 0.00789209 0.000100472 0.00664953
         vertex 0.00782697 6.94716e-05 0.00668053
         vertex 0.00782111 4.86432e-05 0.0066597
      endloop
   endfacet
   facet normal 0.656353 -0.68988 0.305397
      outer loop
         vertex 0.00788127 6.20241e-05 0.00661108
         vertex 0.00782111 4.86432e-05 0.0066597
         vertex 0.00780443 3.09857e-05 0.00664204
      endloop
   endfacet
   facet normal 0.502351 -0.852854 0.142423
      outer loop
         vertex 0.00785047 2.94292e-05 0.00657848
         vertex 0.00780443 3.09857e-05 0.00664204
         vertex 0.00777946 1.91873e-05 0.00663024
      endloop
   endfacet
   facet normal 0.926561 -0.265974 0.265974
      outer loop
         vertex 0.00793531 0.000146805 0.00660319
         vertex 0.00789209 0.000100472 0.00664953
         vertex 0.00788127 6.20241e-05 0.00661108
      endloop
   endfacet
   facet normal 0 -1 0
      outer loop
         vertex 0.00775 0 0.00655
         vertex -0.00775 1.122e-05 0.00660641
         vertex -0.00775 9.25929e-07 0.00655465
      endloop
   endfacet
   facet normal 0 -0.924779 0.380506
      outer loop
         vertex 0.00775 1.50443e-05 0.0066261
         vertex -0.00775 1.52241e-05 0.00662654
         vertex -0.00775 1.122e-05 0.00660641
      endloop
   endfacet
   facet normal 0 -0.958143 0.28629
      outer loop
         vertex -0.00775 1.122e-05 0.00660641
         vertex 0.00775 0 0.00655
         vertex 0.00775 1.50443e-05 0.0066261
      endloop
   endfacet
   facet normal 0 -0.999727 0.0233767
      outer loop
         vertex -0.00775 9.25929e-07 0.00655465
         vertex -0.00775 -5.42101e-20 0.00655
         vertex 0.00775 0 0.00655
      endloop
   endfacet
   facet normal 0 -0.707107 0.707107
      outer loop
         vertex 0.00775 5.85786e-05 0.00669142
         vertex -0.00775 5.85786e-05 0.00669142
         vertex -0.00775 4.0763e-05 0.00666476
      endloop
   endfacet
   facet normal 0 -0.811274 0.584666
      outer loop
         vertex -0.00775 4.0763e-05 0.00666476
         vertex 0.00775 1.53006e-05 0.00662649
         vertex 0.00775 5.85786e-05 0.00669142
      endloop
   endfacet
   facet normal 0 -0.707107 0.707107
      outer loop
         vertex 0.00775 5.85786e-05 0.00669142
         vertex -0.00775 0.000101946 0.0067204
         vertex -0.00775 9.39662e-05 0.00671507
      endloop
   endfacet
   facet normal 0 -0.382601 0.923914
      outer loop
         vertex 0.00775 0.000123514 0.0067347
         vertex -0.00775 0.000123463 0.00673478
         vertex -0.00775 0.000101946 0.0067204
      endloop
   endfacet
   facet normal 0 -0.498759 0.866741
      outer loop
         vertex -0.00775 0.000101946 0.0067204
         vertex 0.00775 5.85786e-05 0.00669142
         vertex 0.00775 0.000123514 0.0067347
      endloop
   endfacet
   facet normal 0 -0.382683 0.92388
      outer loop
         vertex -0.00775 0.000123463 0.00673478
         vertex 0.00775 0.000123514 0.0067347
         vertex 0.00775 0.000123899 0.00673496
      endloop
   endfacet
   facet normal 0 -0.380506 0.924779
      outer loop
         vertex 0.00775 0.000123899 0.00673496
         vertex -0.00775 0.0002 0.00675
         vertex -0.00775 0.000123463 0.00673478
      endloop
   endfacet
   facet normal 0 -0.380506 0.924779
      outer loop
         vertex 0.00775 0.000123899 0.00673496
         vertex 0.00775 0.0002 0.00675
         vertex -0.00775 0.0002 0.00675
      endloop
   endfacet
   facet normal 0 -0.540468 0.841365
      outer loop
         vertex -0.00775 9.39662e-05 0.00671507
         vertex -0.00775 5.85786e-05 0.00669142
         vertex 0.00775 5.85786e-05 0.00669142
      endloop
   endfacet
   facet normal 0 -0.811274 0.584666
      outer loop
         vertex -0.00775 4.0763e-05 0.00666476
         vertex -0.00775 1.52241e-05 0.00662654
         vertex 0.00775 1.53006e-05 0.00662649
      endloop
   endfacet
   facet normal 0 -0.924779 0.380506
      outer loop
         vertex 0.00775 1.50443e-05 0.0066261
         vertex 0.00775 1.53006e-05 0.00662649
         vertex -0.00775 1.52241e-05 0.00662654
      endloop
   endfacet
   facet normal -0.497638 -0.497638 0.710431
      outer loop
         vertex -0.00784953 0.000100472 0.00669209
         vertex -0.00780319 0.000146805 0.00673531
         vertex -0.00785105 0.000195339 0.00671727
      endloop
   endfacet
   facet normal -0.652642 -0.652642 0.384859
      outer loop
         vertex -0.00788053 6.94716e-05 0.00662697
         vertex -0.00784953 0.000100472 0.00669209
         vertex -0.00788798 0.000138921 0.00668127
      endloop
   endfacet
   facet normal -0.756784 -0.5485 0.355564
      outer loop
         vertex -0.00790136 9.03e-05 0.00662111
         vertex -0.00788798 0.000138921 0.00668127
         vertex -0.00792057 0.000171515 0.00665047
      endloop
   endfacet
   facet normal -0.845072 -0.460212 0.272137
      outer loop
         vertex -0.00791901 0.000107958 0.00660443
         vertex -0.00792057 0.000171515 0.00665047
         vertex -0.00794235 0.000193295 0.00660437
      endloop
   endfacet
   facet normal -0.904063 -0.401221 0.147279
      outer loop
         vertex -0.00793081 0.000119756 0.00657946
         vertex -0.00793496 0.000123899 0.00655
         vertex -0.0079347 0.000123514 0.00655
      endloop
   endfacet
   facet normal -0.265974 -0.265974 0.926561
      outer loop
         vertex -0.00780319 0.000146805 0.00673531
         vertex -0.00782654 0.0002 0.00673478
         vertex -0.00784805 0.0002 0.0067204
      endloop
   endfacet
   facet normal -0.265974 -0.265974 0.926561
      outer loop
         vertex -0.00780319 0.000146805 0.00673531
         vertex -0.00775 0.0002 0.00675
         vertex -0.00782654 0.0002 0.00673478
      endloop
   endfacet
   facet normal -0.68988 -0.305397 0.656353
      outer loop
         vertex -0.00788798 0.000138921 0.00668127
         vertex -0.00789142 0.0002 0.00669142
         vertex -0.00790924 0.0002 0.00666476
      endloop
   endfacet
   facet normal -0.68988 -0.305397 0.656353
      outer loop
         vertex -0.00788798 0.000138921 0.00668127
         vertex -0.00785105 0.000195339 0.00671727
         vertex -0.00785603 0.0002 0.00671507
      endloop
   endfacet
   facet normal -0.540468 -6.36969e-15 0.841365
      outer loop
         vertex -0.00785603 0.0002 0.00671507
         vertex -0.00789142 0.0002 0.00669142
         vertex -0.00788798 0.000138921 0.00668127
      endloop
   endfacet
   facet normal -0.96175 -0.0335268 0.27187
      outer loop
         vertex -0.00794235 0.000193295 0.00660437
         vertex -0.00792057 0.000171515 0.00665047
         vertex -0.00793478 0.0002 0.00662654
      endloop
   endfacet
   facet normal -0.852854 -0.142423 0.502351
      outer loop
         vertex -0.00792057 0.000171515 0.00665047
         vertex -0.00790924 0.0002 0.00666476
         vertex -0.00793478 0.0002 0.00662654
      endloop
   endfacet
   facet normal -0.999727 -4.06576e-16 0.0233767
      outer loop
         vertex -0.00794907 0.0002 0.00655465
         vertex -0.00793496 0.000123899 0.00655
         vertex -0.00793081 0.000119756 0.00657946
      endloop
   endfacet
   facet normal -0.904063 -0.401221 0.147279
      outer loop
         vertex -0.00793081 0.000119756 0.00657946
         vertex -0.00794235 0.000193295 0.00660437
         vertex -0.00794907 0.0002 0.00655465
      endloop
   endfacet
   facet normal -0.999727 -4.06576e-16 0.0233767
      outer loop
         vertex -0.00794907 0.0002 0.00655465
         vertex -0.00795 0.0002 0.00655
         vertex -0.00793496 0.000123899 0.00655
      endloop
   endfacet
   facet normal -0.999727 -4.06576e-16 0.0233767
      outer loop
         vertex -0.00794907 0.0002 0.00655465
         vertex -0.00794235 0.000193295 0.00660437
         vertex -0.00793878 0.0002 0.00660641
      endloop
   endfacet
   facet normal -0.92388 -6.23416e-15 0.382683
      outer loop
         vertex -0.00793478 0.0002 0.00662654
         vertex -0.00793878 0.0002 0.00660641
         vertex -0.00794235 0.000193295 0.00660437
      endloop
   endfacet
   facet normal -0.811274 -6.50521e-15 0.584666
      outer loop
         vertex -0.00790924 0.0002 0.00666476
         vertex -0.00792057 0.000171515 0.00665047
         vertex -0.00788798 0.000138921 0.00668127
      endloop
   endfacet
   facet normal -0.540468 -6.36969e-15 0.841365
      outer loop
         vertex -0.00785603 0.0002 0.00671507
         vertex -0.00785105 0.000195339 0.00671727
         vertex -0.00784805 0.0002 0.0067204
      endloop
   endfacet
   facet normal -0.498759 -6.50521e-15 0.866741
      outer loop
         vertex -0.00784805 0.0002 0.0067204
         vertex -0.00785105 0.000195339 0.00671727
         vertex -0.00780319 0.000146805 0.00673531
      endloop
   endfacet
   facet normal -0.923914 -0.382601 -4.33681e-15
      outer loop
         vertex -0.0079347 0.000123514 0.00655
         vertex -0.00789142 5.85786e-05 0.00655
         vertex -0.00793081 0.000119756 0.00657946
      endloop
   endfacet
   facet normal -0.707107 -0.707107 1.30104e-14
      outer loop
         vertex -0.00789142 5.85786e-05 0.00655
         vertex -0.00791901 0.000107958 0.00660443
         vertex -0.00793081 0.000119756 0.00657946
      endloop
   endfacet
   facet normal -0.707107 -0.707107 1.30104e-14
      outer loop
         vertex -0.00789142 5.85786e-05 0.00655
         vertex -0.00790136 9.03e-05 0.00662111
         vertex -0.00791901 0.000107958 0.00660443
      endloop
   endfacet
   facet normal -0.707107 -0.707107 1.30104e-14
      outer loop
         vertex -0.00789142 5.85786e-05 0.00655
         vertex -0.00788053 6.94716e-05 0.00662697
         vertex -0.00790136 9.03e-05 0.00662111
      endloop
   endfacet
   facet normal -0.96175 -0.0335268 0.27187
      outer loop
         vertex -0.00794235 0.000193295 0.00660437
         vertex -0.00793081 0.000119756 0.00657946
         vertex -0.00791901 0.000107958 0.00660443
      endloop
   endfacet
   facet normal -0.852854 -0.142423 0.502351
      outer loop
         vertex -0.00792057 0.000171515 0.00665047
         vertex -0.00791901 0.000107958 0.00660443
         vertex -0.00790136 9.03e-05 0.00662111
      endloop
   endfacet
   facet normal -0.68988 -0.305397 0.656353
      outer loop
         vertex -0.00788798 0.000138921 0.00668127
         vertex -0.00790136 9.03e-05 0.00662111
         vertex -0.00788053 6.94716e-05 0.00662697
      endloop
   endfacet
   facet normal -0.516918 -0.0238433 0.855703
      outer loop
         vertex -0.00785105 0.000195339 0.00671727
         vertex -0.00788798 0.000138921 0.00668127
         vertex -0.00784953 0.000100472 0.00669209
      endloop
   endfacet
   facet normal 0.710431 -0.497638 0.497638
      outer loop
         vertex 0.00789209 0.000100472 0.00664953
         vertex 0.00793531 0.000146805 0.00660319
         vertex 0.00791727 0.000195339 0.00665105
      endloop
   endfacet
   facet normal 0.384859 -0.652642 0.652642
      outer loop
         vertex 0.00782697 6.94716e-05 0.00668053
         vertex 0.00789209 0.000100472 0.00664953
         vertex 0.00788127 0.000138921 0.00668798
      endloop
   endfacet
   facet normal 0.355564 -0.5485 0.756784
      outer loop
         vertex 0.00782111 9.03e-05 0.00670136
         vertex 0.00788127 0.000138921 0.00668798
         vertex 0.00785047 0.000171515 0.00672057
      endloop
   endfacet
   facet normal 0.272137 -0.460212 0.845072
      outer loop
         vertex 0.00780443 0.000107958 0.00671901
         vertex 0.00785047 0.000171515 0.00672057
         vertex 0.00780437 0.000193295 0.00674235
      endloop
   endfacet
   facet normal 0.147279 -0.401221 0.904063
      outer loop
         vertex 0.00777946 0.000119756 0.00673081
         vertex 0.00775 0.000123899 0.00673496
         vertex 0.00775 0.000123514 0.0067347
      endloop
   endfacet
   facet normal 0.926561 -0.265974 0.265974
      outer loop
         vertex 0.00793531 0.000146805 0.00660319
         vertex 0.00793478 0.0002 0.00662654
         vertex 0.0079204 0.0002 0.00664805
      endloop
   endfacet
   facet normal 0.926561 -0.265974 0.265974
      outer loop
         vertex 0.00793531 0.000146805 0.00660319
         vertex 0.00795 0.0002 0.00655
         vertex 0.00793478 0.0002 0.00662654
      endloop
   endfacet
   facet normal 0.656353 -0.305397 0.68988
      outer loop
         vertex 0.00788127 0.000138921 0.00668798
         vertex 0.00789142 0.0002 0.00669142
         vertex 0.00786476 0.0002 0.00670924
      endloop
   endfacet
   facet normal 0.656353 -0.305397 0.68988
      outer loop
         vertex 0.00788127 0.000138921 0.00668798
         vertex 0.00791727 0.000195339 0.00665105
         vertex 0.00791507 0.0002 0.00665603
      endloop
   endfacet
   facet normal 0.841365 -6.23416e-15 0.540468
      outer loop
         vertex 0.00791507 0.0002 0.00665603
         vertex 0.00789142 0.0002 0.00669142
         vertex 0.00788127 0.000138921 0.00668798
      endloop
   endfacet
   facet normal 0.27187 -0.0335268 0.96175
      outer loop
         vertex 0.00780437 0.000193295 0.00674235
         vertex 0.00785047 0.000171515 0.00672057
         vertex 0.00782654 0.0002 0.00673478
      endloop
   endfacet
   facet normal 0.502351 -0.142423 0.852854
      outer loop
         vertex 0.00785047 0.000171515 0.00672057
         vertex 0.00786476 0.0002 0.00670924
         vertex 0.00782654 0.0002 0.00673478
      endloop
   endfacet
   facet normal 0.0233767 -5.42101e-16 0.999727
      outer loop
         vertex 0.00775465 0.0002 0.00674907
         vertex 0.00775 0.000123899 0.00673496
         vertex 0.00777946 0.000119756 0.00673081
      endloop
   endfacet
   facet normal 0.147279 -0.401221 0.904063
      outer loop
         vertex 0.00777946 0.000119756 0.00673081
         vertex 0.00780437 0.000193295 0.00674235
         vertex 0.00775465 0.0002 0.00674907
      endloop
   endfacet
   facet normal 0.0233767 -5.42101e-16 0.999727
      outer loop
         vertex 0.00775465 0.0002 0.00674907
         vertex 0.00775 0.0002 0.00675
         vertex 0.00775 0.000123899 0.00673496
      endloop
   endfacet
   facet normal 0.0233767 -5.42101e-16 0.999727
      outer loop
         vertex 0.00775465 0.0002 0.00674907
         vertex 0.00780437 0.000193295 0.00674235
         vertex 0.00780641 0.0002 0.00673878
      endloop
   endfacet
   facet normal 0.382683 -5.96311e-15 0.92388
      outer loop
         vertex 0.00782654 0.0002 0.00673478
         vertex 0.00780641 0.0002 0.00673878
         vertex 0.00780437 0.000193295 0.00674235
      endloop
   endfacet
   facet normal 0.584666 -6.23416e-15 0.811274
      outer loop
         vertex 0.00786476 0.0002 0.00670924
         vertex 0.00785047 0.000171515 0.00672057
         vertex 0.00788127 0.000138921 0.00668798
      endloop
   endfacet
   facet normal 0.841365 -6.23416e-15 0.540468
      outer loop
         vertex 0.00791507 0.0002 0.00665603
         vertex 0.00791727 0.000195339 0.00665105
         vertex 0.0079204 0.0002 0.00664805
      endloop
   endfacet
   facet normal 0.866741 -6.23416e-15 0.498759
      outer loop
         vertex 0.0079204 0.0002 0.00664805
         vertex 0.00791727 0.000195339 0.00665105
         vertex 0.00793531 0.000146805 0.00660319
      endloop
   endfacet
   facet normal 0 -0.382601 0.923914
      outer loop
         vertex 0.00775 0.000123514 0.0067347
         vertex 0.00775 5.85786e-05 0.00669142
         vertex 0.00777946 0.000119756 0.00673081
      endloop
   endfacet
   facet normal -1.30104e-14 -0.707107 0.707107
      outer loop
         vertex 0.00775 5.85786e-05 0.00669142
         vertex 0.00780443 0.000107958 0.00671901
         vertex 0.00777946 0.000119756 0.00673081
      endloop
   endfacet
   facet normal -1.30104e-14 -0.707107 0.707107
      outer loop
         vertex 0.00775 5.85786e-05 0.00669142
         vertex 0.00782111 9.03e-05 0.00670136
         vertex 0.00780443 0.000107958 0.00671901
      endloop
   endfacet
   facet normal -1.30104e-14 -0.707107 0.707107
      outer loop
         vertex 0.00775 5.85786e-05 0.00669142
         vertex 0.00782697 6.94716e-05 0.00668053
         vertex 0.00782111 9.03e-05 0.00670136
      endloop
   endfacet
   facet normal 0.27187 -0.0335268 0.96175
      outer loop
         vertex 0.00780437 0.000193295 0.00674235
         vertex 0.00777946 0.000119756 0.00673081
         vertex 0.00780443 0.000107958 0.00671901
      endloop
   endfacet
   facet normal 0.502351 -0.142423 0.852854
      outer loop
         vertex 0.00785047 0.000171515 0.00672057
         vertex 0.00780443 0.000107958 0.00671901
         vertex 0.00782111 9.03e-05 0.00670136
      endloop
   endfacet
   facet normal 0.656353 -0.305397 0.68988
      outer loop
         vertex 0.00788127 0.000138921 0.00668798
         vertex 0.00782111 9.03e-05 0.00670136
         vertex 0.00782697 6.94716e-05 0.00668053
      endloop
   endfacet
   facet normal 0.855703 -0.0238433 0.516918
      outer loop
         vertex 0.00791727 0.000195339 0.00665105
         vertex 0.00788127 0.000138921 0.00668798
         vertex 0.00789209 0.000100472 0.00664953
      endloop
   endfacet
   facet normal 0 0 1
      outer loop
         vertex 0.00775 0.02115 0.00675
         vertex -0.00775 0.02115 0.00675
         vertex -0.00775 0.0002 0.00675
      endloop
   endfacet
   facet normal 0 0 1
      outer loop
         vertex -0.00775 0.0002 0.00675
         vertex 0.00775 0.0002 0.00675
         vertex 0.00775 0.02115 0.00675
      endloop
   endfacet
   facet normal 0.382683 0 0.92388
      outer loop
         vertex 0.00782654 0.0002 0.00673478
         vertex 0.00782649 0.02115 0.0067347
         vertex 0.0078261 0.02115 0.00673496
      endloop
   endfacet
   facet normal 0 0 1
      outer loop
         vertex 0.00775 0.02115 0.00675
         vertex 0.00775 0.0002 0.00675
         vertex 0.00775465 0.0002 0.00674907
      endloop
   endfacet
   facet normal 0.0233767 0 0.999727
      outer loop
         vertex 0.00775465 0.0002 0.00674907
         vertex 0.0078261 0.02115 0.00673496
         vertex 0.00775 0.02115 0.00675
      endloop
   endfacet
   facet normal 0.0233767 0 0.999727
      outer loop
         vertex 0.00775465 0.0002 0.00674907
         vertex 0.00780641 0.0002 0.00673878
         vertex 0.0078261 0.02115 0.00673496
      endloop
   endfacet
   facet normal 0.382601 0 0.923914
      outer loop
         vertex 0.00782649 0.02115 0.0067347
         vertex 0.00782654 0.0002 0.00673478
         vertex 0.00786476 0.0002 0.00670924
      endloop
   endfacet
   facet normal 0.584666 0 0.811274
      outer loop
         vertex 0.00786476 0.0002 0.00670924
         vertex 0.00789142 0.02115 0.00669142
         vertex 0.00782649 0.02115 0.0067347
      endloop
   endfacet
   facet normal 0.923914 0 0.382601
      outer loop
         vertex 0.0079347 0.02115 0.00662649
         vertex 0.00791507 0.0002 0.00665603
         vertex 0.0079204 0.0002 0.00664805
      endloop
   endfacet
   facet normal 0.707107 0 0.707107
      outer loop
         vertex 0.00789142 0.02115 0.00669142
         vertex 0.00789142 0.0002 0.00669142
         vertex 0.00791507 0.0002 0.00665603
      endloop
   endfacet
   facet normal 0.841365 0 0.540468
      outer loop
         vertex 0.00791507 0.0002 0.00665603
         vertex 0.0079347 0.02115 0.00662649
         vertex 0.00789142 0.02115 0.00669142
      endloop
   endfacet
   facet normal 1 0 0
      outer loop
         vertex 0.00795 0.0002 0.00655
         vertex 0.00795 0.02115 0.00655
         vertex 0.00793496 0.02115 0.0066261
      endloop
   endfacet
   facet normal 0.924779 0 0.380506
      outer loop
         vertex 0.00793496 0.02115 0.0066261
         vertex 0.00793478 0.0002 0.00662654
         vertex 0.00795 0.0002 0.00655
      endloop
   endfacet
   facet normal 0.924779 0 0.380506
      outer loop
         vertex 0.00793496 0.02115 0.0066261
         vertex 0.0079347 0.02115 0.00662649
         vertex 0.00793478 0.0002 0.00662654
      endloop
   endfacet
   facet normal 0.866741 0 0.498759
      outer loop
         vertex 0.0079204 0.0002 0.00664805
         vertex 0.00793478 0.0002 0.00662654
         vertex 0.0079347 0.02115 0.00662649
      endloop
   endfacet
   facet normal 0.584666 0 0.811274
      outer loop
         vertex 0.00786476 0.0002 0.00670924
         vertex 0.00789142 0.0002 0.00669142
         vertex 0.00789142 0.02115 0.00669142
      endloop
   endfacet
   facet normal 0.380506 0 0.924779
      outer loop
         vertex 0.0078261 0.02115 0.00673496
         vertex 0.00780641 0.0002 0.00673878
         vertex 0.00782654 0.0002 0.00673478
      endloop
   endfacet
   facet normal 0.497638 0.710431 0.497638
      outer loop
         vertex 0.00784953 0.0212921 0.00664953
         vertex 0.00780319 0.0213353 0.00660319
         vertex 0.00775466 0.0213173 0.00665105
      endloop
   endfacet
   facet normal 0.652642 0.384859 0.652642
      outer loop
         vertex 0.00788053 0.021227 0.00668053
         vertex 0.00784953 0.0212921 0.00664953
         vertex 0.00781108 0.0212813 0.00668798
      endloop
   endfacet
   facet normal 0.5485 0.355564 0.756784
      outer loop
         vertex 0.0078597 0.0212211 0.00670136
         vertex 0.00781108 0.0212813 0.00668798
         vertex 0.00777848 0.0212505 0.00672057
      endloop
   endfacet
   facet normal 0.460212 0.272137 0.845072
      outer loop
         vertex 0.00784204 0.0212044 0.00671901
         vertex 0.00777848 0.0212505 0.00672057
         vertex 0.00775671 0.0212044 0.00674235
      endloop
   endfacet
   facet normal 0.401221 0.147279 0.904063
      outer loop
         vertex 0.00783024 0.0211795 0.00673081
         vertex 0.0078261 0.02115 0.00673496
         vertex 0.00782649 0.02115 0.0067347
      endloop
   endfacet
   facet normal 0.265974 0.926561 0.265974
      outer loop
         vertex 0.00780319 0.0213353 0.00660319
         vertex 0.00775 0.0213348 0.00662654
         vertex 0.00775 0.0213204 0.00664805
      endloop
   endfacet
   facet normal 0.265974 0.926561 0.265974
      outer loop
         vertex 0.00780319 0.0213353 0.00660319
         vertex 0.00775 0.02135 0.00655
         vertex 0.00775 0.0213348 0.00662654
      endloop
   endfacet
   facet normal 0.305397 0.656353 0.68988
      outer loop
         vertex 0.00781108 0.0212813 0.00668798
         vertex 0.00775 0.0212914 0.00669142
         vertex 0.00775 0.0212648 0.00670924
      endloop
   endfacet
   facet normal 0.305397 0.656353 0.68988
      outer loop
         vertex 0.00781108 0.0212813 0.00668798
         vertex 0.00775466 0.0213173 0.00665105
         vertex 0.00775 0.0213151 0.00665603
      endloop
   endfacet
   facet normal 0 0.841365 0.540468
      outer loop
         vertex 0.00775 0.0213151 0.00665603
         vertex 0.00775 0.0212914 0.00669142
         vertex 0.00781108 0.0212813 0.00668798
      endloop
   endfacet
   facet normal 0.0335268 0.27187 0.96175
      outer loop
         vertex 0.00775671 0.0212044 0.00674235
         vertex 0.00777848 0.0212505 0.00672057
         vertex 0.00775 0.0212265 0.00673478
      endloop
   endfacet
   facet normal 0.142423 0.502351 0.852854
      outer loop
         vertex 0.00777848 0.0212505 0.00672057
         vertex 0.00775 0.0212648 0.00670924
         vertex 0.00775 0.0212265 0.00673478
      endloop
   endfacet
   facet normal 0 0.0233767 0.999727
      outer loop
         vertex 0.00775 0.0211547 0.00674907
         vertex 0.0078261 0.02115 0.00673496
         vertex 0.00783024 0.0211795 0.00673081
      endloop
   endfacet
   facet normal 0.401221 0.147279 0.904063
      outer loop
         vertex 0.00783024 0.0211795 0.00673081
         vertex 0.00775671 0.0212044 0.00674235
         vertex 0.00775 0.0211547 0.00674907
      endloop
   endfacet
   facet normal 0 0.0233767 0.999727
      outer loop
         vertex 0.00775 0.0211547 0.00674907
         vertex 0.00775 0.02115 0.00675
         vertex 0.0078261 0.02115 0.00673496
      endloop
   endfacet
   facet normal 0 0.0233767 0.999727
      outer loop
         vertex 0.00775 0.0211547 0.00674907
         vertex 0.00775671 0.0212044 0.00674235
         vertex 0.00775 0.0212064 0.00673878
      endloop
   endfacet
   facet normal 0 0.382683 0.92388
      outer loop
         vertex 0.00775 0.0212265 0.00673478
         vertex 0.00775 0.0212064 0.00673878
         vertex 0.00775671 0.0212044 0.00674235
      endloop
   endfacet
   facet normal 0 0.584666 0.811274
      outer loop
         vertex 0.00775 0.0212648 0.00670924
         vertex 0.00777848 0.0212505 0.00672057
         vertex 0.00781108 0.0212813 0.00668798
      endloop
   endfacet
   facet normal 0 0.841365 0.540468
      outer loop
         vertex 0.00775 0.0213151 0.00665603
         vertex 0.00775466 0.0213173 0.00665105
         vertex 0.00775 0.0213204 0.00664805
      endloop
   endfacet
   facet normal 0 0.866741 0.498759
      outer loop
         vertex 0.00775 0.0213204 0.00664805
         vertex 0.00775466 0.0213173 0.00665105
         vertex 0.00780319 0.0213353 0.00660319
      endloop
   endfacet
   facet normal 0.382601 1.73472e-14 0.923914
      outer loop
         vertex 0.00782649 0.02115 0.0067347
         vertex 0.00789142 0.02115 0.00669142
         vertex 0.00783024 0.0211795 0.00673081
      endloop
   endfacet
   facet normal 0.707107 0 0.707107
      outer loop
         vertex 0.00789142 0.02115 0.00669142
         vertex 0.00784204 0.0212044 0.00671901
         vertex 0.00783024 0.0211795 0.00673081
      endloop
   endfacet
   facet normal 0.707107 0 0.707107
      outer loop
         vertex 0.00789142 0.02115 0.00669142
         vertex 0.0078597 0.0212211 0.00670136
         vertex 0.00784204 0.0212044 0.00671901
      endloop
   endfacet
   facet normal 0.707107 0 0.707107
      outer loop
         vertex 0.00789142 0.02115 0.00669142
         vertex 0.00788053 0.021227 0.00668053
         vertex 0.0078597 0.0212211 0.00670136
      endloop
   endfacet
   facet normal 0.0335268 0.27187 0.96175
      outer loop
         vertex 0.00775671 0.0212044 0.00674235
         vertex 0.00783024 0.0211795 0.00673081
         vertex 0.00784204 0.0212044 0.00671901
      endloop
   endfacet
   facet normal 0.142423 0.502351 0.852854
      outer loop
         vertex 0.00777848 0.0212505 0.00672057
         vertex 0.00784204 0.0212044 0.00671901
         vertex 0.0078597 0.0212211 0.00670136
      endloop
   endfacet
   facet normal 0.305397 0.656353 0.68988
      outer loop
         vertex 0.00781108 0.0212813 0.00668798
         vertex 0.0078597 0.0212211 0.00670136
         vertex 0.00788053 0.021227 0.00668053
      endloop
   endfacet
   facet normal 0.0238433 0.855703 0.516918
      outer loop
         vertex 0.00775466 0.0213173 0.00665105
         vertex 0.00781108 0.0212813 0.00668798
         vertex 0.00784953 0.0212921 0.00664953
      endloop
   endfacet
   facet normal 0.68988 0.656353 0.305397
      outer loop
         vertex 0.00788798 0.0212813 0.00661108
         vertex 0.00785105 0.0213173 0.00655466
         vertex 0.00780319 0.0213353 0.00660319
      endloop
   endfacet
   facet normal 0.904063 0.147279 0.401221
      outer loop
         vertex 0.00793081 0.0211795 0.00663024
         vertex 0.00794235 0.0212044 0.00655671
         vertex 0.00792057 0.0212505 0.00657848
      endloop
   endfacet
   facet normal 0.845072 0.272137 0.460212
      outer loop
         vertex 0.00791901 0.0212044 0.00664204
         vertex 0.00792057 0.0212505 0.00657848
         vertex 0.00788798 0.0212813 0.00661108
      endloop
   endfacet
   facet normal 0.756784 0.355564 0.5485
      outer loop
         vertex 0.00790136 0.0212211 0.0066597
         vertex 0.00788798 0.0212813 0.00661108
         vertex 0.00784953 0.0212921 0.00664953
      endloop
   endfacet
   facet normal 0.904063 0.147279 0.401221
      outer loop
         vertex 0.00793081 0.0211795 0.00663024
         vertex 0.00789142 0.02115 0.00669142
         vertex 0.0079347 0.02115 0.00662649
      endloop
   endfacet
   facet normal 0.999727 0.0233767 0
      outer loop
         vertex 0.00794907 0.0211547 0.00655
         vertex 0.00794235 0.0212044 0.00655671
         vertex 0.00793081 0.0211795 0.00663024
      endloop
   endfacet
   facet normal 0.924779 -2.52827e-16 0.380506
      outer loop
         vertex 0.00793496 0.02115 0.0066261
         vertex 0.00795 0.02115 0.00655
         vertex 0.00794907 0.0211547 0.00655
      endloop
   endfacet
   facet normal 0.96175 0.27187 0.0335268
      outer loop
         vertex 0.00794235 0.0212044 0.00655671
         vertex 0.00793878 0.0212064 0.00655
         vertex 0.00793478 0.0212265 0.00655
      endloop
   endfacet
   facet normal 0.92388 0.382683 0
      outer loop
         vertex 0.00793478 0.0212265 0.00655
         vertex 0.00792057 0.0212505 0.00657848
         vertex 0.00794235 0.0212044 0.00655671
      endloop
   endfacet
   facet normal 0.68988 0.656353 0.305397
      outer loop
         vertex 0.00788798 0.0212813 0.00661108
         vertex 0.00789142 0.0212914 0.00655
         vertex 0.00785603 0.0213151 0.00655
      endloop
   endfacet
   facet normal 0.68988 0.656353 0.305397
      outer loop
         vertex 0.00788798 0.0212813 0.00661108
         vertex 0.00792057 0.0212505 0.00657848
         vertex 0.00790924 0.0212648 0.00655
      endloop
   endfacet
   facet normal 0.811274 0.584666 0
      outer loop
         vertex 0.00790924 0.0212648 0.00655
         vertex 0.00789142 0.0212914 0.00655
         vertex 0.00788798 0.0212813 0.00661108
      endloop
   endfacet
   facet normal 0.265974 0.926561 0.265974
      outer loop
         vertex 0.00780319 0.0213353 0.00660319
         vertex 0.00785105 0.0213173 0.00655466
         vertex 0.00784805 0.0213204 0.00655
      endloop
   endfacet
   facet normal 0.498759 0.866741 0
      outer loop
         vertex 0.00784805 0.0213204 0.00655
         vertex 0.00782654 0.0213348 0.00655
         vertex 0.00780319 0.0213353 0.00660319
      endloop
   endfacet
   facet normal 0.382683 0.92388 0
      outer loop
         vertex 0.00782654 0.0213348 0.00655
         vertex 0.00775 0.02135 0.00655
         vertex 0.00780319 0.0213353 0.00660319
      endloop
   endfacet
   facet normal 0.498759 0.866741 0
      outer loop
         vertex 0.00784805 0.0213204 0.00655
         vertex 0.00785105 0.0213173 0.00655466
         vertex 0.00785603 0.0213151 0.00655
      endloop
   endfacet
   facet normal 0.540468 0.841365 0
      outer loop
         vertex 0.00785603 0.0213151 0.00655
         vertex 0.00785105 0.0213173 0.00655466
         vertex 0.00788798 0.0212813 0.00661108
      endloop
   endfacet
   facet normal 0.92388 0.382683 0
      outer loop
         vertex 0.00793478 0.0212265 0.00655
         vertex 0.00790924 0.0212648 0.00655
         vertex 0.00792057 0.0212505 0.00657848
      endloop
   endfacet
   facet normal 0.958143 0.28629 0
      outer loop
         vertex 0.00793878 0.0212064 0.00655
         vertex 0.00794235 0.0212044 0.00655671
         vertex 0.00794907 0.0211547 0.00655
      endloop
   endfacet
   facet normal 0.904063 0.147279 0.401221
      outer loop
         vertex 0.00793081 0.0211795 0.00663024
         vertex 0.00793496 0.02115 0.0066261
         vertex 0.00794907 0.0211547 0.00655
      endloop
   endfacet
   facet normal 0.707107 3.46945e-14 0.707107
      outer loop
         vertex 0.00789142 0.02115 0.00669142
         vertex 0.00790136 0.0212211 0.0066597
         vertex 0.00788053 0.021227 0.00668053
      endloop
   endfacet
   facet normal 0.707107 3.46945e-14 0.707107
      outer loop
         vertex 0.00789142 0.02115 0.00669142
         vertex 0.00791901 0.0212044 0.00664204
         vertex 0.00790136 0.0212211 0.0066597
      endloop
   endfacet
   facet normal 0.707107 3.46945e-14 0.707107
      outer loop
         vertex 0.00789142 0.02115 0.00669142
         vertex 0.00793081 0.0211795 0.00663024
         vertex 0.00791901 0.0212044 0.00664204
      endloop
   endfacet
   facet normal 0.923914 1.73472e-14 0.382601
      outer loop
         vertex 0.0079347 0.02115 0.00662649
         vertex 0.00793496 0.02115 0.0066261
         vertex 0.00793081 0.0211795 0.00663024
      endloop
   endfacet
   facet normal 0.497638 0.710431 0.497638
      outer loop
         vertex 0.00784953 0.0212921 0.00664953
         vertex 0.00788053 0.021227 0.00668053
         vertex 0.00790136 0.0212211 0.0066597
      endloop
   endfacet
   facet normal 0.68988 0.656353 0.305397
      outer loop
         vertex 0.00788798 0.0212813 0.00661108
         vertex 0.00790136 0.0212211 0.0066597
         vertex 0.00791901 0.0212044 0.00664204
      endloop
   endfacet
   facet normal 0.852854 0.502351 0.142423
      outer loop
         vertex 0.00792057 0.0212505 0.00657848
         vertex 0.00791901 0.0212044 0.00664204
         vertex 0.00793081 0.0211795 0.00663024
      endloop
   endfacet
   facet normal 0.265974 0.926561 0.265974
      outer loop
         vertex 0.00780319 0.0213353 0.00660319
         vertex 0.00784953 0.0212921 0.00664953
         vertex 0.00788798 0.0212813 0.00661108
      endloop
   endfacet
   facet normal -0.923914 0 0.382601
      outer loop
         vertex -0.0079347 0.02115 0.00662649
         vertex -0.00794907 0.0002 0.00655465
         vertex -0.00793878 0.0002 0.00660641
      endloop
   endfacet
   facet normal -0.999727 0 0.0233767
      outer loop
         vertex -0.00794907 0.0002 0.00655465
         vertex -0.0079347 0.02115 0.00662649
         vertex -0.00793496 0.02115 0.0066261
      endloop
   endfacet
   facet normal -0.924779 0 0.380506
      outer loop
         vertex -0.00793496 0.02115 0.0066261
         vertex -0.00795 0.0002 0.00655
         vertex -0.00794907 0.0002 0.00655465
      endloop
   endfacet
   facet normal -0.924779 0 0.380506
      outer loop
         vertex -0.00793496 0.02115 0.0066261
         vertex -0.00795 0.02115 0.00655
         vertex -0.00795 0.0002 0.00655
      endloop
   endfacet
   facet normal -0.923914 0 0.382601
      outer loop
         vertex -0.0079347 0.02115 0.00662649
         vertex -0.00793478 0.0002 0.00662654
         vertex -0.00790924 0.0002 0.00666476
      endloop
   endfacet
   facet normal -0.811274 0 0.584666
      outer loop
         vertex -0.00790924 0.0002 0.00666476
         vertex -0.00789142 0.02115 0.00669142
         vertex -0.0079347 0.02115 0.00662649
      endloop
   endfacet
   facet normal -0.382601 0 0.923914
      outer loop
         vertex -0.00782649 0.02115 0.0067347
         vertex -0.00785603 0.0002 0.00671507
         vertex -0.00784805 0.0002 0.0067204
      endloop
   endfacet
   facet normal -0.707107 0 0.707107
      outer loop
         vertex -0.00789142 0.02115 0.00669142
         vertex -0.00789142 0.0002 0.00669142
         vertex -0.00785603 0.0002 0.00671507
      endloop
   endfacet
   facet normal -0.540468 0 0.841365
      outer loop
         vertex -0.00785603 0.0002 0.00671507
         vertex -0.00782649 0.02115 0.0067347
         vertex -0.00789142 0.02115 0.00669142
      endloop
   endfacet
   facet normal 0 0 1
      outer loop
         vertex -0.00775 0.0002 0.00675
         vertex -0.00775 0.02115 0.00675
         vertex -0.0078261 0.02115 0.00673496
      endloop
   endfacet
   facet normal -0.380506 0 0.924779
      outer loop
         vertex -0.0078261 0.02115 0.00673496
         vertex -0.00782654 0.0002 0.00673478
         vertex -0.00775 0.0002 0.00675
      endloop
   endfacet
   facet normal -0.380506 0 0.924779
      outer loop
         vertex -0.0078261 0.02115 0.00673496
         vertex -0.00782649 0.02115 0.0067347
         vertex -0.00782654 0.0002 0.00673478
      endloop
   endfacet
   facet normal -0.498759 0 0.866741
      outer loop
         vertex -0.00784805 0.0002 0.0067204
         vertex -0.00782654 0.0002 0.00673478
         vertex -0.00782649 0.02115 0.0067347
      endloop
   endfacet
   facet normal -0.811274 0 0.584666
      outer loop
         vertex -0.00790924 0.0002 0.00666476
         vertex -0.00789142 0.0002 0.00669142
         vertex -0.00789142 0.02115 0.00669142
      endloop
   endfacet
   facet normal -0.958143 0 0.28629
      outer loop
         vertex -0.00793878 0.0002 0.00660641
         vertex -0.00793478 0.0002 0.00662654
         vertex -0.0079347 0.02115 0.00662649
      endloop
   endfacet
   facet normal -0.305397 0.656353 0.68988
      outer loop
         vertex -0.00781108 0.0212813 0.00668798
         vertex -0.00775466 0.0213173 0.00665105
         vertex -0.00780319 0.0213353 0.00660319
      endloop
   endfacet
   facet normal -0.401221 0.147279 0.904063
      outer loop
         vertex -0.00783024 0.0211795 0.00673081
         vertex -0.00775671 0.0212044 0.00674235
         vertex -0.00777848 0.0212505 0.00672057
      endloop
   endfacet
   facet normal -0.460212 0.272137 0.845072
      outer loop
         vertex -0.00784204 0.0212044 0.00671901
         vertex -0.00777848 0.0212505 0.00672057
         vertex -0.00781108 0.0212813 0.00668798
      endloop
   endfacet
   facet normal -0.5485 0.355564 0.756784
      outer loop
         vertex -0.0078597 0.0212211 0.00670136
         vertex -0.00781108 0.0212813 0.00668798
         vertex -0.00784953 0.0212921 0.00664953
      endloop
   endfacet
   facet normal -0.401221 0.147279 0.904063
      outer loop
         vertex -0.00783024 0.0211795 0.00673081
         vertex -0.00789142 0.02115 0.00669142
         vertex -0.00782649 0.02115 0.0067347
      endloop
   endfacet
   facet normal 0 0.0233767 0.999727
      outer loop
         vertex -0.00775 0.0211547 0.00674907
         vertex -0.00775671 0.0212044 0.00674235
         vertex -0.00783024 0.0211795 0.00673081
      endloop
   endfacet
   facet normal -0.380506 -4.84426e-17 0.924779
      outer loop
         vertex -0.0078261 0.02115 0.00673496
         vertex -0.00775 0.02115 0.00675
         vertex -0.00775 0.0211547 0.00674907
      endloop
   endfacet
   facet normal -0.0335268 0.27187 0.96175
      outer loop
         vertex -0.00775671 0.0212044 0.00674235
         vertex -0.00775 0.0212064 0.00673878
         vertex -0.00775 0.0212265 0.00673478
      endloop
   endfacet
   facet normal 0 0.382683 0.92388
      outer loop
         vertex -0.00775 0.0212265 0.00673478
         vertex -0.00777848 0.0212505 0.00672057
         vertex -0.00775671 0.0212044 0.00674235
      endloop
   endfacet
   facet normal -0.305397 0.656353 0.68988
      outer loop
         vertex -0.00781108 0.0212813 0.00668798
         vertex -0.00775 0.0212914 0.00669142
         vertex -0.00775 0.0213151 0.00665603
      endloop
   endfacet
   facet normal -0.305397 0.656353 0.68988
      outer loop
         vertex -0.00781108 0.0212813 0.00668798
         vertex -0.00777848 0.0212505 0.00672057
         vertex -0.00775 0.0212648 0.00670924
      endloop
   endfacet
   facet normal 0 0.584666 0.811274
      outer loop
         vertex -0.00775 0.0212648 0.00670924
         vertex -0.00775 0.0212914 0.00669142
         vertex -0.00781108 0.0212813 0.00668798
      endloop
   endfacet
   facet normal -0.265974 0.926561 0.265974
      outer loop
         vertex -0.00780319 0.0213353 0.00660319
         vertex -0.00775466 0.0213173 0.00665105
         vertex -0.00775 0.0213204 0.00664805
      endloop
   endfacet
   facet normal 0 0.866741 0.498759
      outer loop
         vertex -0.00775 0.0213204 0.00664805
         vertex -0.00775 0.0213348 0.00662654
         vertex -0.00780319 0.0213353 0.00660319
      endloop
   endfacet
   facet normal 0 0.92388 0.382683
      outer loop
         vertex -0.00775 0.0213348 0.00662654
         vertex -0.00775 0.02135 0.00655
         vertex -0.00780319 0.0213353 0.00660319
      endloop
   endfacet
   facet normal 0 0.866741 0.498759
      outer loop
         vertex -0.00775 0.0213204 0.00664805
         vertex -0.00775466 0.0213173 0.00665105
         vertex -0.00775 0.0213151 0.00665603
      endloop
   endfacet
   facet normal 0 0.841365 0.540468
      outer loop
         vertex -0.00775 0.0213151 0.00665603
         vertex -0.00775466 0.0213173 0.00665105
         vertex -0.00781108 0.0212813 0.00668798
      endloop
   endfacet
   facet normal 0 0.382683 0.92388
      outer loop
         vertex -0.00775 0.0212265 0.00673478
         vertex -0.00775 0.0212648 0.00670924
         vertex -0.00777848 0.0212505 0.00672057
      endloop
   endfacet
   facet normal 0 0.28629 0.958143
      outer loop
         vertex -0.00775 0.0212064 0.00673878
         vertex -0.00775671 0.0212044 0.00674235
         vertex -0.00775 0.0211547 0.00674907
      endloop
   endfacet
   facet normal -0.401221 0.147279 0.904063
      outer loop
         vertex -0.00783024 0.0211795 0.00673081
         vertex -0.0078261 0.02115 0.00673496
         vertex -0.00775 0.0211547 0.00674907
      endloop
   endfacet
   facet normal -0.707107 1.73472e-14 0.707107
      outer loop
         vertex -0.00789142 0.02115 0.00669142
         vertex -0.0078597 0.0212211 0.00670136
         vertex -0.00788053 0.021227 0.00668053
      endloop
   endfacet
   facet normal -0.707107 1.73472e-14 0.707107
      outer loop
         vertex -0.00789142 0.02115 0.00669142
         vertex -0.00784204 0.0212044 0.00671901
         vertex -0.0078597 0.0212211 0.00670136
      endloop
   endfacet
   facet normal -0.707107 1.73472e-14 0.707107
      outer loop
         vertex -0.00789142 0.02115 0.00669142
         vertex -0.00783024 0.0211795 0.00673081
         vertex -0.00784204 0.0212044 0.00671901
      endloop
   endfacet
   facet normal -0.382601 1.73472e-14 0.923914
      outer loop
         vertex -0.00782649 0.02115 0.0067347
         vertex -0.0078261 0.02115 0.00673496
         vertex -0.00783024 0.0211795 0.00673081
      endloop
   endfacet
   facet normal -0.497638 0.710431 0.497638
      outer loop
         vertex -0.00784953 0.0212921 0.00664953
         vertex -0.00788053 0.021227 0.00668053
         vertex -0.0078597 0.0212211 0.00670136
      endloop
   endfacet
   facet normal -0.305397 0.656353 0.68988
      outer loop
         vertex -0.00781108 0.0212813 0.00668798
         vertex -0.0078597 0.0212211 0.00670136
         vertex -0.00784204 0.0212044 0.00671901
      endloop
   endfacet
   facet normal -0.142423 0.502351 0.852854
      outer loop
         vertex -0.00777848 0.0212505 0.00672057
         vertex -0.00784204 0.0212044 0.00671901
         vertex -0.00783024 0.0211795 0.00673081
      endloop
   endfacet
   facet normal -0.265974 0.926561 0.265974
      outer loop
         vertex -0.00780319 0.0213353 0.00660319
         vertex -0.00784953 0.0212921 0.00664953
         vertex -0.00781108 0.0212813 0.00668798
      endloop
   endfacet
   facet normal 0 1 0
      outer loop
         vertex 0.00775 0.02135 0.00655
         vertex -0.00775 0.02135 0.00655
         vertex -0.00775 0.0213348 0.00662654
      endloop
   endfacet
   facet normal 0 0.707107 0.707107
      outer loop
         vertex -0.00775 0.0212914 0.00669142
         vertex 0.00775 0.0212914 0.00669142
         vertex 0.00775 0.0213151 0.00665603
      endloop
   endfacet
   facet normal 0 0.866741 0.498759
      outer loop
         vertex 0.00775 0.0213204 0.00664805
         vertex -0.00775 0.0213204 0.00664805
         vertex -0.00775 0.0213151 0.00665603
      endloop
   endfacet
   facet normal 0 0.841365 0.540468
      outer loop
         vertex -0.00775 0.0213151 0.00665603
         vertex 0.00775 0.0213151 0.00665603
         vertex 0.00775 0.0213204 0.00664805
      endloop
   endfacet
   facet normal 0 0.92388 0.382683
      outer loop
         vertex -0.00775 0.0213348 0.00662654
         vertex -0.00775 0.0213204 0.00664805
         vertex 0.00775 0.0213204 0.00664805
      endloop
   endfacet
   facet normal 0 0.866741 0.498759
      outer loop
         vertex 0.00775 0.0213204 0.00664805
         vertex 0.00775 0.0213348 0.00662654
         vertex -0.00775 0.0213348 0.00662654
      endloop
   endfacet
   facet normal 0 0.382683 0.92388
      outer loop
         vertex 0.00775 0.0212265 0.00673478
         vertex 0.00775 0.0212648 0.00670924
         vertex -0.00775 0.0212648 0.00670924
      endloop
   endfacet
   facet normal 0 0.707107 0.707107
      outer loop
         vertex -0.00775 0.0212914 0.00669142
         vertex -0.00775 0.0212648 0.00670924
         vertex 0.00775 0.0212648 0.00670924
      endloop
   endfacet
   facet normal 0 0.584666 0.811274
      outer loop
         vertex 0.00775 0.0212648 0.00670924
         vertex 0.00775 0.0212914 0.00669142
         vertex -0.00775 0.0212914 0.00669142
      endloop
   endfacet
   facet normal 0 0 1
      outer loop
         vertex -0.00775 0.02115 0.00675
         vertex 0.00775 0.02115 0.00675
         vertex 0.00775 0.0211547 0.00674907
      endloop
   endfacet
   facet normal 0 0.28629 0.958143
      outer loop
         vertex 0.00775 0.0212064 0.00673878
         vertex -0.00775 0.0212064 0.00673878
         vertex -0.00775 0.0211547 0.00674907
      endloop
   endfacet
   facet normal 0 0.0233767 0.999727
      outer loop
         vertex -0.00775 0.0211547 0.00674907
         vertex 0.00775 0.0211547 0.00674907
         vertex 0.00775 0.0212064 0.00673878
      endloop
   endfacet
   facet normal 0 0.382683 0.92388
      outer loop
         vertex -0.00775 0.0212265 0.00673478
         vertex -0.00775 0.0212064 0.00673878
         vertex 0.00775 0.0212064 0.00673878
      endloop
   endfacet
   facet normal 0 0.28629 0.958143
      outer loop
         vertex 0.00775 0.0212064 0.00673878
         vertex 0.00775 0.0212265 0.00673478
         vertex -0.00775 0.0212265 0.00673478
      endloop
   endfacet
   facet normal 0 0.0233767 0.999727
      outer loop
         vertex 0.00775 0.0211547 0.00674907
         vertex -0.00775 0.0211547 0.00674907
         vertex -0.00775 0.02115 0.00675
      endloop
   endfacet
   facet normal 0 0.584666 0.811274
      outer loop
         vertex -0.00775 0.0212648 0.00670924
         vertex -0.00775 0.0212265 0.00673478
         vertex 0.00775 0.0212265 0.00673478
      endloop
   endfacet
   facet normal 0 0.841365 0.540468
      outer loop
         vertex 0.00775 0.0213151 0.00665603
         vertex -0.00775 0.0213151 0.00665603
         vertex -0.00775 0.0212914 0.00669142
      endloop
   endfacet
   facet normal 0 0.92388 0.382683
      outer loop
         vertex -0.00775 0.0213348 0.00662654
         vertex 0.00775 0.0213348 0.00662654
         vertex 0.00775 0.02135 0.00655
      endloop
   endfacet
   facet normal 0 1 0
      outer loop
         vertex 0.00775 0.02135 -0.0055
         vertex 0.00775 0.02135 0.00655
         vertex 0.00782654 0.0213348 0.00655
      endloop
   endfacet
   facet normal 0.707107 0.707107 0
      outer loop
         vertex 0.00789142 0.0212914 -0.0055
         vertex 0.00784805 0.0213204 0.00655
         vertex 0.00785603 0.0213151 0.00655
      endloop
   endfacet
   facet normal 0.382683 0.92388 0
      outer loop
         vertex 0.00782654 0.0213348 -0.0055
         vertex 0.00782654 0.0213348 0.00655
         vertex 0.00784805 0.0213204 0.00655
      endloop
   endfacet
   facet normal 0.498759 0.866741 0
      outer loop
         vertex 0.00784805 0.0213204 0.00655
         vertex 0.00789142 0.0212914 -0.0055
         vertex 0.00782654 0.0213348 -0.0055
      endloop
   endfacet
   facet normal 0.707107 0.707107 0
      outer loop
         vertex 0.00789142 0.0212914 -0.0055
         vertex 0.00789142 0.0212914 0.00655
         vertex 0.00790924 0.0212648 0.00655
      endloop
   endfacet
   facet normal 0.811274 0.584666 0
      outer loop
         vertex 0.00790924 0.0212648 0.00655
         vertex 0.00793478 0.0212265 -0.0055
         vertex 0.00789142 0.0212914 -0.0055
      endloop
   endfacet
   facet normal 1 0 0
      outer loop
         vertex 0.00795 0.02115 -0.0055
         vertex 0.00793878 0.0212064 0.00655
         vertex 0.00794907 0.0211547 0.00655
      endloop
   endfacet
   facet normal 0.92388 0.382683 0
      outer loop
         vertex 0.00793478 0.0212265 -0.0055
         vertex 0.00793478 0.0212265 0.00655
         vertex 0.00793878 0.0212064 0.00655
      endloop
   endfacet
   facet normal 0.958143 0.28629 0
      outer loop
         vertex 0.00793878 0.0212064 0.00655
         vertex 0.00795 0.02115 -0.0055
         vertex 0.00793478 0.0212265 -0.0055
      endloop
   endfacet
   facet normal 0.999727 0.0233767 0
      outer loop
         vertex 0.00794907 0.0211547 0.00655
         vertex 0.00795 0.02115 0.00655
         vertex 0.00795 0.02115 -0.0055
      endloop
   endfacet
   facet normal 0.811274 0.584666 0
      outer loop
         vertex 0.00790924 0.0212648 0.00655
         vertex 0.00793478 0.0212265 0.00655
         vertex 0.00793478 0.0212265 -0.0055
      endloop
   endfacet
   facet normal 0.540468 0.841365 0
      outer loop
         vertex 0.00785603 0.0213151 0.00655
         vertex 0.00789142 0.0212914 0.00655
         vertex 0.00789142 0.0212914 -0.0055
      endloop
   endfacet
   facet normal 0.382683 0.92388 0
      outer loop
         vertex 0.00782654 0.0213348 0.00655
         vertex 0.00782654 0.0213348 -0.0055
         vertex 0.00775 0.02135 -0.0055
      endloop
   endfacet
   facet normal 0 1 0
      outer loop
         vertex 0.00775 0.02135 -0.0055
         vertex -0.00775 0.02135 -0.0055
         vertex -0.00775 0.02135 0.00655
      endloop
   endfacet
   facet normal 0 1 0
      outer loop
         vertex -0.00775 0.02135 0.00655
         vertex 0.00775 0.02135 0.00655
         vertex 0.00775 0.02135 -0.0055
      endloop
   endfacet
   facet normal 0 1 0
      outer loop
         vertex -0.00775 0.02135 0.00655
         vertex -0.00775 0.02135 -0.0055
         vertex -0.00782654 0.0213348 -0.0055
      endloop
   endfacet
   facet normal -0.382683 0.92388 0
      outer loop
         vertex -0.00782654 0.0213348 -0.0055
         vertex -0.00785603 0.0213151 0.00655
         vertex -0.00784805 0.0213204 0.00655
      endloop
   endfacet
   facet normal -0.707107 0.707107 0
      outer loop
         vertex -0.00789142 0.0212914 -0.0055
         vertex -0.00789142 0.0212914 0.00655
         vertex -0.00785603 0.0213151 0.00655
      endloop
   endfacet
   facet normal -0.540468 0.841365 0
      outer loop
         vertex -0.00785603 0.0213151 0.00655
         vertex -0.00782654 0.0213348 -0.0055
         vertex -0.00789142 0.0212914 -0.0055
      endloop
   endfacet
   facet normal -0.92388 0.382683 0
      outer loop
         vertex -0.00793478 0.0212265 -0.0055
         vertex -0.00793478 0.0212265 0.00655
         vertex -0.00790924 0.0212648 0.00655
      endloop
   endfacet
   facet normal -0.811274 0.584666 0
      outer loop
         vertex -0.00790924 0.0212648 0.00655
         vertex -0.00789142 0.0212914 -0.0055
         vertex -0.00793478 0.0212265 -0.0055
      endloop
   endfacet
   facet normal -0.92388 0.382683 0
      outer loop
         vertex -0.00793478 0.0212265 -0.0055
         vertex -0.00794907 0.0211547 0.00655
         vertex -0.00793878 0.0212064 0.00655
      endloop
   endfacet
   facet normal -1 0 0
      outer loop
         vertex -0.00795 0.02115 -0.0055
         vertex -0.00795 0.02115 0.00655
         vertex -0.00794907 0.0211547 0.00655
      endloop
   endfacet
   facet normal -0.999727 0.0233767 0
      outer loop
         vertex -0.00794907 0.0211547 0.00655
         vertex -0.00793478 0.0212265 -0.0055
         vertex -0.00795 0.02115 -0.0055
      endloop
   endfacet
   facet normal -0.958143 0.28629 0
      outer loop
         vertex -0.00793878 0.0212064 0.00655
         vertex -0.00793478 0.0212265 0.00655
         vertex -0.00793478 0.0212265 -0.0055
      endloop
   endfacet
   facet normal -0.811274 0.584666 0
      outer loop
         vertex -0.00790924 0.0212648 0.00655
         vertex -0.00789142 0.0212914 0.00655
         vertex -0.00789142 0.0212914 -0.0055
      endloop
   endfacet
   facet normal -0.498759 0.866741 0
      outer loop
         vertex -0.00784805 0.0213204 0.00655
         vertex -0.00782654 0.0213348 0.00655
         vertex -0.00782654 0.0213348 -0.0055
      endloop
   endfacet
   facet normal -0.382683 0.92388 0
      outer loop
         vertex -0.00782654 0.0213348 -0.0055
         vertex -0.00782654 0.0213348 0.00655
         vertex -0.00775 0.02135 0.00655
      endloop
   endfacet
   facet normal -0.497638 0.710431 0.497638
      outer loop
         vertex -0.00784953 0.0212921 0.00664953
         vertex -0.00780319 0.0213353 0.00660319
         vertex -0.00785105 0.0213173 0.00655466
      endloop
   endfacet
   facet normal -0.652642 0.384859 0.652642
      outer loop
         vertex -0.00788053 0.021227 0.00668053
         vertex -0.00784953 0.0212921 0.00664953
         vertex -0.00788798 0.0212813 0.00661108
      endloop
   endfacet
   facet normal -0.756784 0.355564 0.5485
      outer loop
         vertex -0.00790136 0.0212211 0.0066597
         vertex -0.00788798 0.0212813 0.00661108
         vertex -0.00792057 0.0212505 0.00657848
      endloop
   endfacet
   facet normal -0.845072 0.272137 0.460212
      outer loop
         vertex -0.00791901 0.0212044 0.00664204
         vertex -0.00792057 0.0212505 0.00657848
         vertex -0.00794235 0.0212044 0.00655671
      endloop
   endfacet
   facet normal -0.904063 0.147279 0.401221
      outer loop
         vertex -0.00793081 0.0211795 0.00663024
         vertex -0.00793496 0.02115 0.0066261
         vertex -0.0079347 0.02115 0.00662649
      endloop
   endfacet
   facet normal -0.265974 0.926561 0.265974
      outer loop
         vertex -0.00780319 0.0213353 0.00660319
         vertex -0.00782654 0.0213348 0.00655
         vertex -0.00784805 0.0213204 0.00655
      endloop
   endfacet
   facet normal -0.265974 0.926561 0.265974
      outer loop
         vertex -0.00780319 0.0213353 0.00660319
         vertex -0.00775 0.02135 0.00655
         vertex -0.00782654 0.0213348 0.00655
      endloop
   endfacet
   facet normal -0.68988 0.656353 0.305397
      outer loop
         vertex -0.00788798 0.0212813 0.00661108
         vertex -0.00789142 0.0212914 0.00655
         vertex -0.00790924 0.0212648 0.00655
      endloop
   endfacet
   facet normal -0.68988 0.656353 0.305397
      outer loop
         vertex -0.00788798 0.0212813 0.00661108
         vertex -0.00785105 0.0213173 0.00655466
         vertex -0.00785603 0.0213151 0.00655
      endloop
   endfacet
   facet normal -0.540468 0.841365 0
      outer loop
         vertex -0.00785603 0.0213151 0.00655
         vertex -0.00789142 0.0212914 0.00655
         vertex -0.00788798 0.0212813 0.00661108
      endloop
   endfacet
   facet normal -0.96175 0.27187 0.0335268
      outer loop
         vertex -0.00794235 0.0212044 0.00655671
         vertex -0.00792057 0.0212505 0.00657848
         vertex -0.00793478 0.0212265 0.00655
      endloop
   endfacet
   facet normal -0.852854 0.502351 0.142423
      outer loop
         vertex -0.00792057 0.0212505 0.00657848
         vertex -0.00790924 0.0212648 0.00655
         vertex -0.00793478 0.0212265 0.00655
      endloop
   endfacet
   facet normal -0.999727 0.0233767 0
      outer loop
         vertex -0.00794907 0.0211547 0.00655
         vertex -0.00793496 0.02115 0.0066261
         vertex -0.00793081 0.0211795 0.00663024
      endloop
   endfacet
   facet normal -0.904063 0.147279 0.401221
      outer loop
         vertex -0.00793081 0.0211795 0.00663024
         vertex -0.00794235 0.0212044 0.00655671
         vertex -0.00794907 0.0211547 0.00655
      endloop
   endfacet
   facet normal -0.999727 0.0233767 0
      outer loop
         vertex -0.00794907 0.0211547 0.00655
         vertex -0.00795 0.02115 0.00655
         vertex -0.00793496 0.02115 0.0066261
      endloop
   endfacet
   facet normal -0.999727 0.0233767 0
      outer loop
         vertex -0.00794907 0.0211547 0.00655
         vertex -0.00794235 0.0212044 0.00655671
         vertex -0.00793878 0.0212064 0.00655
      endloop
   endfacet
   facet normal -0.92388 0.382683 0
      outer loop
         vertex -0.00793478 0.0212265 0.00655
         vertex -0.00793878 0.0212064 0.00655
         vertex -0.00794235 0.0212044 0.00655671
      endloop
   endfacet
   facet normal -0.811274 0.584666 0
      outer loop
         vertex -0.00790924 0.0212648 0.00655
         vertex -0.00792057 0.0212505 0.00657848
         vertex -0.00788798 0.0212813 0.00661108
      endloop
   endfacet
   facet normal -0.540468 0.841365 0
      outer loop
         vertex -0.00785603 0.0213151 0.00655
         vertex -0.00785105 0.0213173 0.00655466
         vertex -0.00784805 0.0213204 0.00655
      endloop
   endfacet
   facet normal -0.498759 0.866741 0
      outer loop
         vertex -0.00784805 0.0213204 0.00655
         vertex -0.00785105 0.0213173 0.00655466
         vertex -0.00780319 0.0213353 0.00660319
      endloop
   endfacet
   facet normal -0.923914 1.73472e-14 0.382601
      outer loop
         vertex -0.0079347 0.02115 0.00662649
         vertex -0.00789142 0.02115 0.00669142
         vertex -0.00793081 0.0211795 0.00663024
      endloop
   endfacet
   facet normal -0.707107 0 0.707107
      outer loop
         vertex -0.00789142 0.02115 0.00669142
         vertex -0.00791901 0.0212044 0.00664204
         vertex -0.00793081 0.0211795 0.00663024
      endloop
   endfacet
   facet normal -0.707107 0 0.707107
      outer loop
         vertex -0.00789142 0.02115 0.00669142
         vertex -0.00790136 0.0212211 0.0066597
         vertex -0.00791901 0.0212044 0.00664204
      endloop
   endfacet
   facet normal -0.707107 0 0.707107
      outer loop
         vertex -0.00789142 0.02115 0.00669142
         vertex -0.00788053 0.021227 0.00668053
         vertex -0.00790136 0.0212211 0.0066597
      endloop
   endfacet
   facet normal -0.96175 0.27187 0.0335268
      outer loop
         vertex -0.00794235 0.0212044 0.00655671
         vertex -0.00793081 0.0211795 0.00663024
         vertex -0.00791901 0.0212044 0.00664204
      endloop
   endfacet
   facet normal -0.852854 0.502351 0.142423
      outer loop
         vertex -0.00792057 0.0212505 0.00657848
         vertex -0.00791901 0.0212044 0.00664204
         vertex -0.00790136 0.0212211 0.0066597
      endloop
   endfacet
   facet normal -0.68988 0.656353 0.305397
      outer loop
         vertex -0.00788798 0.0212813 0.00661108
         vertex -0.00790136 0.0212211 0.0066597
         vertex -0.00788053 0.021227 0.00668053
      endloop
   endfacet
   facet normal -0.516918 0.855703 0.0238433
      outer loop
         vertex -0.00785105 0.0213173 0.00655466
         vertex -0.00788798 0.0212813 0.00661108
         vertex -0.00784953 0.0212921 0.00664953
      endloop
   endfacet
   facet normal 1 0 0
      outer loop
         vertex -0.00595 0.0005 0.001255
         vertex -0.00595 0.0099 0.001255
         vertex -0.00595 0.00676563 0.00402
      endloop
   endfacet
   facet normal 1 0 0
      outer loop
         vertex -0.00595 0.0099 0.001255
         vertex -0.00595 0.0099 0.00402
         vertex -0.00595 0.00676563 0.00402
      endloop
   endfacet
   facet normal 1 0 0
      outer loop
         vertex -0.00595 0.00676563 0.00402
         vertex -0.00595 0.0005 0.00402
         vertex -0.00595 0.0005 0.001255
      endloop
   endfacet
   facet normal -1 0 0
      outer loop
         vertex 0.00595 0.0005 0.001255
         vertex 0.00595 0.0005 0.00402
         vertex 0.00595 0.00676563 0.00402
      endloop
   endfacet
   facet normal -1 0 0
      outer loop
         vertex 0.00595 0.00676563 0.00402
         vertex 0.00595 0.0099 0.001255
         vertex 0.00595 0.0005 0.001255
      endloop
   endfacet
   facet normal -1 0 0
      outer loop
         vertex 0.00595 0.00676563 0.00402
         vertex 0.00595 0.0099 0.00402
         vertex 0.00595 0.0099 0.001255
      endloop
   endfacet
   facet normal 0 -0.707107 -0.707107
      outer loop
         vertex -0.00655 0.0005 0.001255
         vertex -0.00595 0.0005 0.001255
         vertex -0.0062 0.00025 0.001505
      endloop
   endfacet
   facet normal 0 -0.707107 -0.707107
      outer loop
         vertex -0.0062 0.00025 0.001505
         vertex -0.00655 0.00025 0.001505
         vertex -0.00655 0.0005 0.001255
      endloop
   endfacet
   facet normal 0 -0.707107 -0.707107
      outer loop
         vertex 0.00635 0.0005 0.001255
         vertex 0.00635 0.00025 0.001505
         vertex 0.0062 0.00025 0.001505
      endloop
   endfacet
   facet normal 0 -0.707107 -0.707107
      outer loop
         vertex 0.0062 0.00025 0.001505
         vertex 0.00595 0.0005 0.001255
         vertex 0.00635 0.0005 0.001255
      endloop
   endfacet
   facet normal 0.707107 -0.707107 0
      outer loop
         vertex -0.0062 0.00025 0.001505
         vertex -0.00595 0.0005 0.001255
         vertex -0.00595 0.0005 0.00402
      endloop
   endfacet
   facet normal 0.707107 -0.707107 0
      outer loop
         vertex -0.00595 0.0005 0.00402
         vertex -0.0062 0.00025 0.00427
         vertex -0.0062 0.00025 0.001505
      endloop
   endfacet
   facet normal 0 -0.707107 -0.707107
      outer loop
         vertex 0.0062 0.00025 0.00427
         vertex 0.00204 0.0005 0.00402
         vertex 0.00306 0.0005 0.00402
      endloop
   endfacet
   facet normal 0 -0.707107 -0.707107
      outer loop
         vertex 0.0062 0.00025 0.00427
         vertex 0.00102 0.0005 0.00402
         vertex 0.00204 0.0005 0.00402
      endloop
   endfacet
   facet normal 0 -0.707107 -0.707107
      outer loop
         vertex 0.0062 0.00025 0.00427
         vertex -0.0062 0.00025 0.00427
         vertex 0 0.0005 0.00402
      endloop
   endfacet
   facet normal 0 -0.707107 -0.707107
      outer loop
         vertex 0 0.0005 0.00402
         vertex 0.00102 0.0005 0.00402
         vertex 0.0062 0.00025 0.00427
      endloop
   endfacet
   facet normal 0 -0.707107 -0.707107
      outer loop
         vertex -0.0062 0.00025 0.00427
         vertex -0.00102 0.0005 0.00402
         vertex 0 0.0005 0.00402
      endloop
   endfacet
   facet normal 0 -0.707107 -0.707107
      outer loop
         vertex -0.0062 0.00025 0.00427
         vertex -0.00204 0.0005 0.00402
         vertex -0.00102 0.0005 0.00402
      endloop
   endfacet
   facet normal 0 -0.707107 -0.707107
      outer loop
         vertex -0.0062 0.00025 0.00427
         vertex -0.00306 0.0005 0.00402
         vertex -0.00204 0.0005 0.00402
      endloop
   endfacet
   facet normal 0 -0.707107 -0.707107
      outer loop
         vertex -0.0062 0.00025 0.00427
         vertex -0.004865 0.0005 0.00402
         vertex -0.00306 0.0005 0.00402
      endloop
   endfacet
   facet normal 0 -0.707107 -0.707107
      outer loop
         vertex -0.0062 0.00025 0.00427
         vertex -0.00595 0.0005 0.00402
         vertex -0.004865 0.0005 0.00402
      endloop
   endfacet
   facet normal 0 -0.707107 -0.707107
      outer loop
         vertex 0.00306 0.0005 0.00402
         vertex 0.00595 0.0005 0.00402
         vertex 0.0062 0.00025 0.00427
      endloop
   endfacet
   facet normal -0.707107 -0.707107 0
      outer loop
         vertex 0.0062 0.00025 0.001505
         vertex 0.0062 0.00025 0.00427
         vertex 0.00595 0.0005 0.00402
      endloop
   endfacet
   facet normal -0.707107 -0.707107 0
      outer loop
         vertex 0.00595 0.0005 0.00402
         vertex 0.00595 0.0005 0.001255
         vertex 0.0062 0.00025 0.001505
      endloop
   endfacet
   facet normal 0 -1 0
      outer loop
         vertex 0.0061 0.00025 0.00442
         vertex -0.0063 0.00025 0.00442
         vertex -0.0062 0.00025 0.00427
      endloop
   endfacet
   facet normal 0 -1 0
      outer loop
         vertex 0.0062 0.00025 0.00427
         vertex 0.00635 0.00025 0.00417
         vertex 0.00633097 0.00025 0.00426567
      endloop
   endfacet
   facet normal 0 -1 0
      outer loop
         vertex 0.0062 0.00025 0.001505
         vertex 0.00635 0.00025 0.001505
         vertex 0.00635 0.00025 0.00417
      endloop
   endfacet
   facet normal 0 -1 0
      outer loop
         vertex -0.0062 0.00025 0.00427
         vertex 0.0062 0.00025 0.00427
         vertex 0.0061 0.00025 0.00442
      endloop
   endfacet
   facet normal 0 -1 0
      outer loop
         vertex 0.0062 0.00025 0.00427
         vertex 0.00627678 0.00025 0.00434678
         vertex 0.00619567 0.00025 0.00440097
      endloop
   endfacet
   facet normal 0 -1 0
      outer loop
         vertex -0.0062 0.00025 0.00427
         vertex -0.00639567 0.00025 0.00440097
         vertex -0.00647678 0.00025 0.00434678
      endloop
   endfacet
   facet normal 0 -1 0
      outer loop
         vertex 0.00635 0.00025 0.00417
         vertex 0.0062 0.00025 0.00427
         vertex 0.0062 0.00025 0.001505
      endloop
   endfacet
   facet normal 0 -1 0
      outer loop
         vertex 0.00619567 0.00025 0.00440097
         vertex 0.0061 0.00025 0.00442
         vertex 0.0062 0.00025 0.00427
      endloop
   endfacet
   facet normal 0 -1 0
      outer loop
         vertex -0.0062 0.00025 0.001505
         vertex -0.0062 0.00025 0.00427
         vertex -0.00655 0.00025 0.00417
      endloop
   endfacet
   facet normal 0 -1 0
      outer loop
         vertex -0.00647678 0.00025 0.00434678
         vertex -0.00653097 0.00025 0.00426567
         vertex -0.0062 0.00025 0.00427
      endloop
   endfacet
   facet normal 0 -1 0
      outer loop
         vertex -0.0063 0.00025 0.00442
         vertex -0.00639567 0.00025 0.00440097
         vertex -0.0062 0.00025 0.00427
      endloop
   endfacet
   facet normal 0 -1 0
      outer loop
         vertex -0.00653097 0.00025 0.00426567
         vertex -0.00655 0.00025 0.00417
         vertex -0.0062 0.00025 0.00427
      endloop
   endfacet
   facet normal 0 -1 0
      outer loop
         vertex -0.00655 0.00025 0.00417
         vertex -0.00655 0.00025 0.001505
         vertex -0.0062 0.00025 0.001505
      endloop
   endfacet
   facet normal 0 -1 0
      outer loop
         vertex 0.00633097 0.00025 0.00426567
         vertex 0.00627678 0.00025 0.00434678
         vertex 0.0062 0.00025 0.00427
      endloop
   endfacet
   facet normal 0.92388 0 -0.382683
      outer loop
         vertex -0.00653097 0 0.00426567
         vertex -0.00655 0 0.00417
         vertex -0.00655 0.00025 0.00417
      endloop
   endfacet
   facet normal 0.707107 0 -0.707107
      outer loop
         vertex -0.00647678 0 0.00434678
         vertex -0.00653097 0 0.00426567
         vertex -0.00653097 0.00025 0.00426567
      endloop
   endfacet
   facet normal 0.382683 0 -0.92388
      outer loop
         vertex -0.00639567 0 0.00440097
         vertex -0.00647678 0 0.00434678
         vertex -0.00647678 0.00025 0.00434678
      endloop
   endfacet
   facet normal 0 0 -1
      outer loop
         vertex -0.0063 0 0.00442
         vertex -0.00639567 0 0.00440097
         vertex -0.00639567 0.00025 0.00440097
      endloop
   endfacet
   facet normal 0.382683 0 -0.92388
      outer loop
         vertex -0.00639567 0.00025 0.00440097
         vertex -0.0063 0.00025 0.00442
         vertex -0.0063 0 0.00442
      endloop
   endfacet
   facet normal 0.707107 0 -0.707107
      outer loop
         vertex -0.00647678 0.00025 0.00434678
         vertex -0.00639567 0.00025 0.00440097
         vertex -0.00639567 0 0.00440097
      endloop
   endfacet
   facet normal 0.92388 0 -0.382683
      outer loop
         vertex -0.00653097 0.00025 0.00426567
         vertex -0.00647678 0.00025 0.00434678
         vertex -0.00647678 0 0.00434678
      endloop
   endfacet
   facet normal 1 0 0
      outer loop
         vertex -0.00655 0.00025 0.00417
         vertex -0.00653097 0.00025 0.00426567
         vertex -0.00653097 0 0.00426567
      endloop
   endfacet
   facet normal 0 0 -1
      outer loop
         vertex 0.0061 0 0.00442
         vertex -0.0063 0 0.00442
         vertex -0.0063 0.00025 0.00442
      endloop
   endfacet
   facet normal 0 0 -1
      outer loop
         vertex -0.0063 0.00025 0.00442
         vertex 0.0061 0.00025 0.00442
         vertex 0.0061 0 0.00442
      endloop
   endfacet
   facet normal -0.382683 0 -0.92388
      outer loop
         vertex 0.00619567 0 0.00440097
         vertex 0.0061 0 0.00442
         vertex 0.0061 0.00025 0.00442
      endloop
   endfacet
   facet normal -0.707107 0 -0.707107
      outer loop
         vertex 0.00627678 0 0.00434678
         vertex 0.00619567 0 0.00440097
         vertex 0.00619567 0.00025 0.00440097
      endloop
   endfacet
   facet normal -0.92388 0 -0.382683
      outer loop
         vertex 0.00633097 0 0.00426567
         vertex 0.00627678 0 0.00434678
         vertex 0.00627678 0.00025 0.00434678
      endloop
   endfacet
   facet normal -1 0 0
      outer loop
         vertex 0.00635 0 0.00417
         vertex 0.00633097 0 0.00426567
         vertex 0.00633097 0.00025 0.00426567
      endloop
   endfacet
   facet normal -0.92388 0 -0.382683
      outer loop
         vertex 0.00633097 0.00025 0.00426567
         vertex 0.00635 0.00025 0.00417
         vertex 0.00635 0 0.00417
      endloop
   endfacet
   facet normal -0.707107 0 -0.707107
      outer loop
         vertex 0.00627678 0.00025 0.00434678
         vertex 0.00633097 0.00025 0.00426567
         vertex 0.00633097 0 0.00426567
      endloop
   endfacet
   facet normal -0.382683 0 -0.92388
      outer loop
         vertex 0.00619567 0.00025 0.00440097
         vertex 0.00627678 0.00025 0.00434678
         vertex 0.00627678 0 0.00434678
      endloop
   endfacet
   facet normal 0 0 -1
      outer loop
         vertex 0.0061 0.00025 0.00442
         vertex 0.00619567 0.00025 0.00440097
         vertex 0.00619567 0 0.00440097
      endloop
   endfacet
   facet normal 0 -1 0
      outer loop
         vertex -0.00775 -5.42101e-20 0.00655
         vertex -0.0063 0 0.00442
         vertex 0.0061 0 0.00442
      endloop
   endfacet
   facet normal 0 -1 0
      outer loop
         vertex 0.0061 0 0.00442
         vertex 0.00775 0 0.00655
         vertex -0.00775 -5.42101e-20 0.00655
      endloop
   endfacet
   facet normal 0 -1 0
      outer loop
         vertex -0.00715 0 -0.00359
         vertex -0.00655 0 -0.00121
         vertex -0.00655 0 0.00079
      endloop
   endfacet
   facet normal 0 -1 0
      outer loop
         vertex -0.00775 -5.42101e-20 0.00655
         vertex -0.00639567 0 0.00440097
         vertex -0.0063 0 0.00442
      endloop
   endfacet
   facet normal 0 -1 0
      outer loop
         vertex -0.00655 0 0.00079
         vertex -0.00775 -5.42101e-20 0.00655
         vertex -0.00715 0 -0.00359
      endloop
   endfacet
   facet normal 0 -1 0
      outer loop
         vertex 0.00705 0 -0.00359
         vertex 0.00775 0 0.00655
         vertex 0.00635 0 0.00079
      endloop
   endfacet
   facet normal 0 -1 0
      outer loop
         vertex 0.0061 0 0.00442
         vertex 0.00619567 0 0.00440097
         vertex 0.00775 0 0.00655
      endloop
   endfacet
   facet normal 0 -1 0
      outer loop
         vertex -0.00715 0 -0.00359
         vertex -0.00655 0 -0.00359
         vertex -0.00655 0 -0.00121
      endloop
   endfacet
   facet normal 0 -1 0
      outer loop
         vertex 0.00635 0 0.00079
         vertex 0.00635 0 -0.00121
         vertex 0.00705 0 -0.00359
      endloop
   endfacet
   facet normal 0 -1 0
      outer loop
         vertex -0.00775 -5.42101e-20 0.00655
         vertex -0.00647678 0 0.00434678
         vertex -0.00639567 0 0.00440097
      endloop
   endfacet
   facet normal 0 -1 0
      outer loop
         vertex -0.00655 0 0.00079
         vertex -0.00655 0 0.00417
         vertex -0.00775 -5.42101e-20 0.00655
      endloop
   endfacet
   facet normal 0 -1 0
      outer loop
         vertex 0.00243 0 -0.00594
         vertex 0.00243 0 -0.00655
         vertex 0.007 0 -0.00655
      endloop
   endfacet
   facet normal 0 -1 0
      outer loop
         vertex 0.00775 0 0.00655
         vertex 0.00635 0 0.00417
         vertex 0.00635 0 0.00079
      endloop
   endfacet
   facet normal 0 -1 0
      outer loop
         vertex 0.00619567 0 0.00440097
         vertex 0.00627678 0 0.00434678
         vertex 0.00775 0 0.00655
      endloop
   endfacet
   facet normal 0 -1 0
      outer loop
         vertex -0.00655 0 0.00417
         vertex -0.00653097 0 0.00426567
         vertex -0.00775 -5.42101e-20 0.00655
      endloop
   endfacet
   facet normal 0 -1 0
      outer loop
         vertex 0.007 0 -0.00655
         vertex 0.00705 0 -0.00594
         vertex 0.00243 0 -0.00594
      endloop
   endfacet
   facet normal 0 -1 0
      outer loop
         vertex 0.00775 0 -0.00655
         vertex 0.00775 0 0.00655
         vertex 0.00705 0 -0.00359
      endloop
   endfacet
   facet normal 0 -1 0
      outer loop
         vertex 0.00775 0 0.00655
         vertex 0.00633097 0 0.00426567
         vertex 0.00635 0 0.00417
      endloop
   endfacet
   facet normal 0 -1 0
      outer loop
         vertex -0.00653097 0 0.00426567
         vertex -0.00647678 0 0.00434678
         vertex -0.00775 -5.42101e-20 0.00655
      endloop
   endfacet
   facet normal 0 -1 0
      outer loop
         vertex 0.00705 0 -0.00359
         vertex 0.00705 0 -0.00594
         vertex 0.00775 0 -0.00655
      endloop
   endfacet
   facet normal 0 -1 0
      outer loop
         vertex 0.00627678 0 0.00434678
         vertex 0.00633097 0 0.00426567
         vertex 0.00775 0 0.00655
      endloop
   endfacet
   facet normal 0 -1 0
      outer loop
         vertex 0.00635 0 -0.00121
         vertex 0.00635 0 -0.00359
         vertex 0.00705 0 -0.00359
      endloop
   endfacet
   facet normal 0 -1 0
      outer loop
         vertex -0.00775 0 -0.00655
         vertex -0.00715 0 -0.00594
         vertex -0.00715 0 -0.00359
      endloop
   endfacet
   facet normal 0 -1 0
      outer loop
         vertex -0.00263 0 -0.00594
         vertex -0.00715 0 -0.00594
         vertex -0.007 0 -0.00655
      endloop
   endfacet
   facet normal 0 -1 0
      outer loop
         vertex -0.00715 0 -0.00359
         vertex -0.00775 -5.42101e-20 0.00655
         vertex -0.00775 0 -0.00655
      endloop
   endfacet
   facet normal 0 -1 0
      outer loop
         vertex -0.00715 0 -0.00594
         vertex -0.00775 0 -0.00655
         vertex -0.007 0 -0.00655
      endloop
   endfacet
   facet normal 0 -1 0
      outer loop
         vertex -0.007 0 -0.00655
         vertex -0.00263 0 -0.00655
         vertex -0.00263 0 -0.00594
      endloop
   endfacet
   facet normal 0 -1 0
      outer loop
         vertex 0.007 0 -0.00655
         vertex 0.00775 0 -0.00655
         vertex 0.00705 0 -0.00594
      endloop
   endfacet
   facet normal 1 0 0
      outer loop
         vertex -0.00655 0 -0.00359
         vertex -0.00655 0.00025 -0.00359
         vertex -0.00655 0.00025 -0.001795
      endloop
   endfacet
   facet normal 1 0 0
      outer loop
         vertex -0.00655 0.00025 -0.001545
         vertex -0.00655 0.00025 0.001255
         vertex -0.00655 0.0002 0.00079
      endloop
   endfacet
   facet normal 1 0 0
      outer loop
         vertex -0.00655 0 -0.00121
         vertex -0.00655 0 -0.00359
         vertex -0.00655 0.00025 -0.001545
      endloop
   endfacet
   facet normal 1 0 0
      outer loop
         vertex -0.00655 0.00025 -0.001795
         vertex -0.00655 0.00025 -0.001545
         vertex -0.00655 0 -0.00359
      endloop
   endfacet
   facet normal 1 0 0
      outer loop
         vertex -0.00655 0.0002 0.00079
         vertex -0.00655 0.0002 -0.00121
         vertex -0.00655 0.00025 -0.001545
      endloop
   endfacet
   facet normal 1 0 0
      outer loop
         vertex -0.00655 0.00025 -0.001795
         vertex -0.00655 0.0005 -0.001545
         vertex -0.00655 0.00025 -0.001545
      endloop
   endfacet
   facet normal 1 0 0
      outer loop
         vertex -0.00655 0.00025 0.001255
         vertex -0.00655 0.00025 0.001505
         vertex -0.00655 0.0002 0.00079
      endloop
   endfacet
   facet normal 1 0 0
      outer loop
         vertex -0.00655 0 0.00417
         vertex -0.00655 0 0.00079
         vertex -0.00655 0.00025 0.001505
      endloop
   endfacet
   facet normal 1 0 0
      outer loop
         vertex -0.00655 0.00025 0.001255
         vertex -0.00655 0.0005 0.001255
         vertex -0.00655 0.00025 0.001505
      endloop
   endfacet
   facet normal 1 0 0
      outer loop
         vertex -0.00655 0 0.00079
         vertex -0.00655 0.0002 0.00079
         vertex -0.00655 0.00025 0.001505
      endloop
   endfacet
   facet normal 1 0 0
      outer loop
         vertex -0.00655 0.00025 0.001505
         vertex -0.00655 0.00025 0.00417
         vertex -0.00655 0 0.00417
      endloop
   endfacet
   facet normal 1 0 0
      outer loop
         vertex -0.00655 0.00025 -0.001545
         vertex -0.00655 0.0002 -0.00121
         vertex -0.00655 0 -0.00121
      endloop
   endfacet
   facet normal -0.839872 0.542784 0
      outer loop
         vertex -0.00497402 0.00263858 -0.00121
         vertex -0.00655 0.0002 -0.00121
         vertex -0.00655 0.0002 0.00079
      endloop
   endfacet
   facet normal -0.839872 0.542784 0
      outer loop
         vertex -0.00655 0.0002 0.00079
         vertex -0.00497402 0.00263858 0.00079
         vertex -0.00497402 0.00263858 -0.00121
      endloop
   endfacet
   facet normal -0.974865 0.222797 0
      outer loop
         vertex -0.00495377 0.00268658 -0.00121
         vertex -0.00497402 0.00263858 -0.00121
         vertex -0.00497402 0.00263858 0.00079
      endloop
   endfacet
   facet normal -0.992274 -0.124063 0
      outer loop
         vertex -0.00495116 0.00273861 -0.00121
         vertex -0.00495377 0.00268658 -0.00121
         vertex -0.00495377 0.00268658 0.00079
      endloop
   endfacet
   facet normal -0.974865 0.222797 0
      outer loop
         vertex -0.00495377 0.00268658 0.00079
         vertex -0.00495116 0.00273861 0.00079
         vertex -0.00495116 0.00273861 -0.00121
      endloop
   endfacet
   facet normal -0.839872 0.542784 0
      outer loop
         vertex -0.00497402 0.00263858 0.00079
         vertex -0.00495377 0.00268658 0.00079
         vertex -0.00495377 0.00268658 -0.00121
      endloop
   endfacet
   facet normal -0.992274 -0.124063 0
      outer loop
         vertex -0.00507761 0.00375 -0.00121
         vertex -0.00495116 0.00273861 -0.00121
         vertex -0.00495116 0.00273861 0.00079
      endloop
   endfacet
   facet normal -0.992274 -0.124063 0
      outer loop
         vertex -0.00495116 0.00273861 0.00079
         vertex -0.00507761 0.00375 0.00079
         vertex -0.00507761 0.00375 -0.00121
      endloop
   endfacet
   facet normal -0.124063 0.992274 0
      outer loop
         vertex -0.00487916 0.00377481 -0.00121
         vertex -0.00507761 0.00375 -0.00121
         vertex -0.00507761 0.00375 0.00079
      endloop
   endfacet
   facet normal -0.124063 0.992274 0
      outer loop
         vertex -0.00507761 0.00375 0.00079
         vertex -0.00487916 0.00377481 0.00079
         vertex -0.00487916 0.00377481 -0.00121
      endloop
   endfacet
   facet normal 0.992274 0.124063 0
      outer loop
         vertex -0.0047527 0.00276342 -0.00121
         vertex -0.00487916 0.00377481 -0.00121
         vertex -0.00487916 0.00377481 0.00079
      endloop
   endfacet
   facet normal 0.992274 0.124063 0
      outer loop
         vertex -0.00487916 0.00377481 0.00079
         vertex -0.0047527 0.00276342 0.00079
         vertex -0.0047527 0.00276342 -0.00121
      endloop
   endfacet
   facet normal 0 0 -1
      outer loop
         vertex -0.00655 0.0002 -0.00121
         vertex -0.00642664 4.25795e-05 -0.00121
         vertex -0.00648475 1.09443e-05 -0.00121
      endloop
   endfacet
   facet normal 0 0 -1
      outer loop
         vertex -0.00655 0.0002 -0.00121
         vertex -0.00638203 9.14432e-05 -0.00121
         vertex -0.00642664 4.25795e-05 -0.00121
      endloop
   endfacet
   facet normal 0 0 -1
      outer loop
         vertex -0.00638203 9.14432e-05 -0.00121
         vertex -0.00655 0.0002 -0.00121
         vertex -0.00497402 0.00263858 -0.00121
      endloop
   endfacet
   facet normal 0 0 -1
      outer loop
         vertex -0.00507761 0.00375 -0.00121
         vertex -0.00487916 0.00377481 -0.00121
         vertex -0.0047527 0.00276342 -0.00121
      endloop
   endfacet
   facet normal 0 0 -1
      outer loop
         vertex -0.0047588 0.00264202 -0.00121
         vertex -0.00495377 0.00268658 -0.00121
         vertex -0.00495116 0.00273861 -0.00121
      endloop
   endfacet
   facet normal 0 0 -1
      outer loop
         vertex -0.00480604 0.00253003 -0.00121
         vertex -0.00497402 0.00263858 -0.00121
         vertex -0.00495377 0.00268658 -0.00121
      endloop
   endfacet
   facet normal 0 0 -1
      outer loop
         vertex -0.00497402 0.00263858 -0.00121
         vertex -0.00480604 0.00253003 -0.00121
         vertex -0.00638203 9.14432e-05 -0.00121
      endloop
   endfacet
   facet normal 0 0 -1
      outer loop
         vertex -0.00495116 0.00273861 -0.00121
         vertex -0.0047527 0.00276342 -0.00121
         vertex -0.0047588 0.00264202 -0.00121
      endloop
   endfacet
   facet normal 0 0 -1
      outer loop
         vertex -0.00648475 1.09443e-05 -0.00121
         vertex -0.00655 0 -0.00121
         vertex -0.00655 0.0002 -0.00121
      endloop
   endfacet
   facet normal 0 0 -1
      outer loop
         vertex -0.00495377 0.00268658 -0.00121
         vertex -0.0047588 0.00264202 -0.00121
         vertex -0.00480604 0.00253003 -0.00121
      endloop
   endfacet
   facet normal 0 0 -1
      outer loop
         vertex -0.0047527 0.00276342 -0.00121
         vertex -0.00495116 0.00273861 -0.00121
         vertex -0.00507761 0.00375 -0.00121
      endloop
   endfacet
   facet normal 0 0 1
      outer loop
         vertex -0.00655 0.0002 0.00079
         vertex -0.00655 0 0.00079
         vertex -0.00648475 1.09443e-05 0.00079
      endloop
   endfacet
   facet normal 0 0 1
      outer loop
         vertex -0.00638203 9.14432e-05 0.00079
         vertex -0.00480604 0.00253003 0.00079
         vertex -0.00497402 0.00263858 0.00079
      endloop
   endfacet
   facet normal 0 0 1
      outer loop
         vertex -0.00648475 1.09443e-05 0.00079
         vertex -0.00642664 4.25795e-05 0.00079
         vertex -0.00655 0.0002 0.00079
      endloop
   endfacet
   facet normal 0 0 1
      outer loop
         vertex -0.00642664 4.25795e-05 0.00079
         vertex -0.00638203 9.14432e-05 0.00079
         vertex -0.00655 0.0002 0.00079
      endloop
   endfacet
   facet normal 0 0 1
      outer loop
         vertex -0.00480604 0.00253003 0.00079
         vertex -0.0047588 0.00264202 0.00079
         vertex -0.00495377 0.00268658 0.00079
      endloop
   endfacet
   facet normal 0 0 1
      outer loop
         vertex -0.0047588 0.00264202 0.00079
         vertex -0.0047527 0.00276342 0.00079
         vertex -0.00495116 0.00273861 0.00079
      endloop
   endfacet
   facet normal 0 0 1
      outer loop
         vertex -0.00507761 0.00375 0.00079
         vertex -0.00495116 0.00273861 0.00079
         vertex -0.0047527 0.00276342 0.00079
      endloop
   endfacet
   facet normal 0 0 1
      outer loop
         vertex -0.00495377 0.00268658 0.00079
         vertex -0.00497402 0.00263858 0.00079
         vertex -0.00480604 0.00253003 0.00079
      endloop
   endfacet
   facet normal 0 0 1
      outer loop
         vertex -0.0047527 0.00276342 0.00079
         vertex -0.00487916 0.00377481 0.00079
         vertex -0.00507761 0.00375 0.00079
      endloop
   endfacet
   facet normal 0 0 1
      outer loop
         vertex -0.00495116 0.00273861 0.00079
         vertex -0.00495377 0.00268658 0.00079
         vertex -0.0047588 0.00264202 0.00079
      endloop
   endfacet
   facet normal 0 0 1
      outer loop
         vertex -0.00497402 0.00263858 0.00079
         vertex -0.00655 0.0002 0.00079
         vertex -0.00638203 9.14432e-05 0.00079
      endloop
   endfacet
   facet normal 0.992274 0.124063 0
      outer loop
         vertex -0.0047527 0.00276342 -0.00121
         vertex -0.0047527 0.00276342 0.00079
         vertex -0.0047588 0.00264202 0.00079
      endloop
   endfacet
   facet normal 0.974865 -0.222797 0
      outer loop
         vertex -0.0047588 0.00264202 -0.00121
         vertex -0.0047588 0.00264202 0.00079
         vertex -0.00480604 0.00253003 0.00079
      endloop
   endfacet
   facet normal 0.839872 -0.542784 0
      outer loop
         vertex -0.00480604 0.00253003 0.00079
         vertex -0.00480604 0.00253003 -0.00121
         vertex -0.0047588 0.00264202 -0.00121
      endloop
   endfacet
   facet normal 0.974865 -0.222797 0
      outer loop
         vertex -0.0047588 0.00264202 0.00079
         vertex -0.0047588 0.00264202 -0.00121
         vertex -0.0047527 0.00276342 -0.00121
      endloop
   endfacet
   facet normal 0.839872 -0.542784 0
      outer loop
         vertex -0.00638203 9.14432e-05 -0.00121
         vertex -0.00480604 0.00253003 -0.00121
         vertex -0.00480604 0.00253003 0.00079
      endloop
   endfacet
   facet normal 0.839872 -0.542784 0
      outer loop
         vertex -0.00480604 0.00253003 0.00079
         vertex -0.00638203 9.14432e-05 0.00079
         vertex -0.00638203 9.14432e-05 -0.00121
      endloop
   endfacet
   facet normal 0.839872 -0.542784 0
      outer loop
         vertex -0.00638203 9.14432e-05 -0.00121
         vertex -0.00638203 9.14432e-05 0.00079
         vertex -0.00642664 4.25795e-05 0.00079
      endloop
   endfacet
   facet normal 0.616822 -0.787103 0
      outer loop
         vertex -0.00642664 4.25795e-05 -0.00121
         vertex -0.00642664 4.25795e-05 0.00079
         vertex -0.00648475 1.09443e-05 0.00079
      endloop
   endfacet
   facet normal 0.326265 -0.945278 0
      outer loop
         vertex -0.00648475 1.09443e-05 -0.00121
         vertex -0.00648475 1.09443e-05 0.00079
         vertex -0.00655 0 0.00079
      endloop
   endfacet
   facet normal 0 -1 0
      outer loop
         vertex -0.00655 0 0.00079
         vertex -0.00655 0 -0.00121
         vertex -0.00648475 1.09443e-05 -0.00121
      endloop
   endfacet
   facet normal 0.326265 -0.945278 0
      outer loop
         vertex -0.00648475 1.09443e-05 0.00079
         vertex -0.00648475 1.09443e-05 -0.00121
         vertex -0.00642664 4.25795e-05 -0.00121
      endloop
   endfacet
   facet normal 0.616822 -0.787103 0
      outer loop
         vertex -0.00642664 4.25795e-05 0.00079
         vertex -0.00642664 4.25795e-05 -0.00121
         vertex -0.00638203 9.14432e-05 -0.00121
      endloop
   endfacet
   facet normal -1 0 0
      outer loop
         vertex 0.00635 0 0.00417
         vertex 0.00635 0.00025 0.00417
         vertex 0.00635 0.00025 0.001505
      endloop
   endfacet
   facet normal -1 0 0
      outer loop
         vertex 0.00635 0 -0.00359
         vertex 0.00635 0.00025 -0.001545
         vertex 0.00635 0.00025 -0.001795
      endloop
   endfacet
   facet normal -1 0 0
      outer loop
         vertex 0.00635 0.00025 -0.001545
         vertex 0.00635 0.0002 -0.00121
         vertex 0.00635 0.0002 0.00079
      endloop
   endfacet
   facet normal -1 0 0
      outer loop
         vertex 0.00635 0 -0.00121
         vertex 0.00635 0.0002 -0.00121
         vertex 0.00635 0.00025 -0.001545
      endloop
   endfacet
   facet normal -1 0 0
      outer loop
         vertex 0.00635 0 0.00079
         vertex 0.00635 0 0.00417
         vertex 0.00635 0.00025 0.001255
      endloop
   endfacet
   facet normal -1 0 0
      outer loop
         vertex 0.00635 0.00025 0.001505
         vertex 0.00635 0.00025 0.001255
         vertex 0.00635 0 0.00417
      endloop
   endfacet
   facet normal -1 0 0
      outer loop
         vertex 0.00635 0.00025 -0.001545
         vertex 0.00635 0.0005 -0.001545
         vertex 0.00635 0.00025 -0.001795
      endloop
   endfacet
   facet normal -1 0 0
      outer loop
         vertex 0.00635 0.00025 -0.001545
         vertex 0.00635 0 -0.00359
         vertex 0.00635 0 -0.00121
      endloop
   endfacet
   facet normal -1 0 0
      outer loop
         vertex 0.00635 0.00025 0.001505
         vertex 0.00635 0.0005 0.001255
         vertex 0.00635 0.00025 0.001255
      endloop
   endfacet
   facet normal -1 0 0
      outer loop
         vertex 0.00635 0.0002 0.00079
         vertex 0.00635 0.00025 0.001255
         vertex 0.00635 0.00025 -0.001545
      endloop
   endfacet
   facet normal -1 0 0
      outer loop
         vertex 0.00635 0.00025 -0.001795
         vertex 0.00635 0.00025 -0.00359
         vertex 0.00635 0 -0.00359
      endloop
   endfacet
   facet normal -1 0 0
      outer loop
         vertex 0.00635 0.00025 0.001255
         vertex 0.00635 0.0002 0.00079
         vertex 0.00635 0 0.00079
      endloop
   endfacet
   facet normal 0.855489 0.517821 0
      outer loop
         vertex 0.00487168 0.00264233 -0.00121
         vertex 0.00487168 0.00264233 0.00079
         vertex 0.00635 0.0002 0.00079
      endloop
   endfacet
   facet normal 0.855489 0.517821 0
      outer loop
         vertex 0.00635 0.0002 0.00079
         vertex 0.00635 0.0002 -0.00121
         vertex 0.00487168 0.00264233 -0.00121
      endloop
   endfacet
   facet normal 0.981002 0.193999 0
      outer loop
         vertex 0.00485285 0.0026909 -0.00121
         vertex 0.00485177 0.00274298 -0.00121
         vertex 0.00485177 0.00274298 0.00079
      endloop
   endfacet
   facet normal 0.855489 0.517821 0
      outer loop
         vertex 0.00487168 0.00264233 -0.00121
         vertex 0.00485285 0.0026909 -0.00121
         vertex 0.00485285 0.0026909 0.00079
      endloop
   endfacet
   facet normal 0.981002 0.193999 0
      outer loop
         vertex 0.00485285 0.0026909 0.00079
         vertex 0.00487168 0.00264233 0.00079
         vertex 0.00487168 0.00264233 -0.00121
      endloop
   endfacet
   facet normal 0.988192 -0.153223 0
      outer loop
         vertex 0.00485177 0.00274298 0.00079
         vertex 0.00485285 0.0026909 0.00079
         vertex 0.00485285 0.0026909 -0.00121
      endloop
   endfacet
   facet normal 0.988192 -0.153223 0
      outer loop
         vertex 0.00500791 0.00375 0.00079
         vertex 0.00485177 0.00274298 0.00079
         vertex 0.00485177 0.00274298 -0.00121
      endloop
   endfacet
   facet normal 0.988192 -0.153223 0
      outer loop
         vertex 0.00485177 0.00274298 -0.00121
         vertex 0.00500791 0.00375 -0.00121
         vertex 0.00500791 0.00375 0.00079
      endloop
   endfacet
   facet normal 0.153223 0.988192 0
      outer loop
         vertex 0.00500791 0.00375 -0.00121
         vertex 0.00481028 0.00378064 -0.00121
         vertex 0.00481028 0.00378064 0.00079
      endloop
   endfacet
   facet normal 0.153223 0.988192 0
      outer loop
         vertex 0.00481028 0.00378064 0.00079
         vertex 0.00500791 0.00375 0.00079
         vertex 0.00500791 0.00375 -0.00121
      endloop
   endfacet
   facet normal -0.988192 0.153223 0
      outer loop
         vertex 0.00481028 0.00378064 -0.00121
         vertex 0.00465413 0.00277363 -0.00121
         vertex 0.00465413 0.00277363 0.00079
      endloop
   endfacet
   facet normal -0.988192 0.153223 0
      outer loop
         vertex 0.00465413 0.00277363 0.00079
         vertex 0.00481028 0.00378064 0.00079
         vertex 0.00481028 0.00378064 -0.00121
      endloop
   endfacet
   facet normal 0 0 -1
      outer loop
         vertex 0.00635 0.0002 -0.00121
         vertex 0.00635 0 -0.00121
         vertex 0.00628289 1.15939e-05 -0.00121
      endloop
   endfacet
   facet normal 0 0 -1
      outer loop
         vertex 0.0061789 9.64357e-05 -0.00121
         vertex 0.00470058 0.00253876 -0.00121
         vertex 0.00487168 0.00264233 -0.00121
      endloop
   endfacet
   facet normal 0 0 -1
      outer loop
         vertex 0.00628289 1.15939e-05 -0.00121
         vertex 0.00622357 4.50314e-05 -0.00121
         vertex 0.00635 0.0002 -0.00121
      endloop
   endfacet
   facet normal 0 0 -1
      outer loop
         vertex 0.00622357 4.50314e-05 -0.00121
         vertex 0.0061789 9.64357e-05 -0.00121
         vertex 0.00635 0.0002 -0.00121
      endloop
   endfacet
   facet normal 0 0 -1
      outer loop
         vertex 0.00465665 0.0026521 -0.00121
         vertex 0.00485285 0.0026909 -0.00121
         vertex 0.00487168 0.00264233 -0.00121
      endloop
   endfacet
   facet normal 0 0 -1
      outer loop
         vertex 0.00465413 0.00277363 -0.00121
         vertex 0.00485177 0.00274298 -0.00121
         vertex 0.00485285 0.0026909 -0.00121
      endloop
   endfacet
   facet normal 0 0 -1
      outer loop
         vertex 0.00465413 0.00277363 -0.00121
         vertex 0.00481028 0.00378064 -0.00121
         vertex 0.00500791 0.00375 -0.00121
      endloop
   endfacet
   facet normal 0 0 -1
      outer loop
         vertex 0.00487168 0.00264233 -0.00121
         vertex 0.00470058 0.00253876 -0.00121
         vertex 0.00465665 0.0026521 -0.00121
      endloop
   endfacet
   facet normal 0 0 -1
      outer loop
         vertex 0.00500791 0.00375 -0.00121
         vertex 0.00485177 0.00274298 -0.00121
         vertex 0.00465413 0.00277363 -0.00121
      endloop
   endfacet
   facet normal 0 0 -1
      outer loop
         vertex 0.00485285 0.0026909 -0.00121
         vertex 0.00465665 0.0026521 -0.00121
         vertex 0.00465413 0.00277363 -0.00121
      endloop
   endfacet
   facet normal 0 0 -1
      outer loop
         vertex 0.00487168 0.00264233 -0.00121
         vertex 0.00635 0.0002 -0.00121
         vertex 0.0061789 9.64357e-05 -0.00121
      endloop
   endfacet
   facet normal 0 0 1
      outer loop
         vertex 0.00635 0.0002 0.00079
         vertex 0.00622357 4.50314e-05 0.00079
         vertex 0.00628289 1.15939e-05 0.00079
      endloop
   endfacet
   facet normal 0 0 1
      outer loop
         vertex 0.00635 0.0002 0.00079
         vertex 0.0061789 9.64357e-05 0.00079
         vertex 0.00622357 4.50314e-05 0.00079
      endloop
   endfacet
   facet normal 0 0 1
      outer loop
         vertex 0.0061789 9.64357e-05 0.00079
         vertex 0.00635 0.0002 0.00079
         vertex 0.00487168 0.00264233 0.00079
      endloop
   endfacet
   facet normal 0 0 1
      outer loop
         vertex 0.00465413 0.00277363 0.00079
         vertex 0.00485177 0.00274298 0.00079
         vertex 0.00500791 0.00375 0.00079
      endloop
   endfacet
   facet normal 0 0 1
      outer loop
         vertex 0.00465413 0.00277363 0.00079
         vertex 0.00465665 0.0026521 0.00079
         vertex 0.00485285 0.0026909 0.00079
      endloop
   endfacet
   facet normal 0 0 1
      outer loop
         vertex 0.00465665 0.0026521 0.00079
         vertex 0.00470058 0.00253876 0.00079
         vertex 0.00487168 0.00264233 0.00079
      endloop
   endfacet
   facet normal 0 0 1
      outer loop
         vertex 0.00487168 0.00264233 0.00079
         vertex 0.00470058 0.00253876 0.00079
         vertex 0.0061789 9.64357e-05 0.00079
      endloop
   endfacet
   facet normal 0 0 1
      outer loop
         vertex 0.00485285 0.0026909 0.00079
         vertex 0.00485177 0.00274298 0.00079
         vertex 0.00465413 0.00277363 0.00079
      endloop
   endfacet
   facet normal 0 0 1
      outer loop
         vertex 0.00628289 1.15939e-05 0.00079
         vertex 0.00635 0 0.00079
         vertex 0.00635 0.0002 0.00079
      endloop
   endfacet
   facet normal 0 0 1
      outer loop
         vertex 0.00487168 0.00264233 0.00079
         vertex 0.00485285 0.0026909 0.00079
         vertex 0.00465665 0.0026521 0.00079
      endloop
   endfacet
   facet normal 0 0 1
      outer loop
         vertex 0.00500791 0.00375 0.00079
         vertex 0.00481028 0.00378064 0.00079
         vertex 0.00465413 0.00277363 0.00079
      endloop
   endfacet
   facet normal -0.855489 -0.517821 0
      outer loop
         vertex 0.00470058 0.00253876 -0.00121
         vertex 0.00470058 0.00253876 0.00079
         vertex 0.00465665 0.0026521 0.00079
      endloop
   endfacet
   facet normal -0.981002 -0.193999 0
      outer loop
         vertex 0.00465665 0.0026521 -0.00121
         vertex 0.00465665 0.0026521 0.00079
         vertex 0.00465413 0.00277363 0.00079
      endloop
   endfacet
   facet normal -0.988192 0.153223 0
      outer loop
         vertex 0.00465413 0.00277363 0.00079
         vertex 0.00465413 0.00277363 -0.00121
         vertex 0.00465665 0.0026521 -0.00121
      endloop
   endfacet
   facet normal -0.981002 -0.193999 0
      outer loop
         vertex 0.00465665 0.0026521 0.00079
         vertex 0.00465665 0.0026521 -0.00121
         vertex 0.00470058 0.00253876 -0.00121
      endloop
   endfacet
   facet normal -0.855489 -0.517821 0
      outer loop
         vertex 0.00470058 0.00253876 -0.00121
         vertex 0.0061789 9.64357e-05 -0.00121
         vertex 0.0061789 9.64357e-05 0.00079
      endloop
   endfacet
   facet normal -0.855489 -0.517821 0
      outer loop
         vertex 0.0061789 9.64357e-05 0.00079
         vertex 0.00470058 0.00253876 0.00079
         vertex 0.00470058 0.00253876 -0.00121
      endloop
   endfacet
   facet normal 0 -1 0
      outer loop
         vertex 0.00635 0 -0.00121
         vertex 0.00635 0 0.00079
         vertex 0.00628289 1.15939e-05 0.00079
      endloop
   endfacet
   facet normal -0.335527 -0.942031 0
      outer loop
         vertex 0.00628289 1.15939e-05 -0.00121
         vertex 0.00628289 1.15939e-05 0.00079
         vertex 0.00622357 4.50314e-05 0.00079
      endloop
   endfacet
   facet normal -0.632153 -0.774843 0
      outer loop
         vertex 0.00622357 4.50314e-05 -0.00121
         vertex 0.00622357 4.50314e-05 0.00079
         vertex 0.0061789 9.64357e-05 0.00079
      endloop
   endfacet
   facet normal -0.855489 -0.517821 0
      outer loop
         vertex 0.0061789 9.64357e-05 0.00079
         vertex 0.0061789 9.64357e-05 -0.00121
         vertex 0.00622357 4.50314e-05 -0.00121
      endloop
   endfacet
   facet normal -0.632153 -0.774843 0
      outer loop
         vertex 0.00622357 4.50314e-05 0.00079
         vertex 0.00622357 4.50314e-05 -0.00121
         vertex 0.00628289 1.15939e-05 -0.00121
      endloop
   endfacet
   facet normal -0.335527 -0.942031 0
      outer loop
         vertex 0.00628289 1.15939e-05 0.00079
         vertex 0.00628289 1.15939e-05 -0.00121
         vertex 0.00635 0 -0.00121
      endloop
   endfacet
   facet normal 0 -1 0
      outer loop
         vertex 0.007395 0.01075 -0.00675
         vertex 0.00755 0.01075 -0.00675
         vertex 0.00755 0.01075 -0.00655
      endloop
   endfacet
   facet normal 0 -1 0
      outer loop
         vertex 0.00755 0.01075 -0.00675
         vertex 0.00770307 0.01075 -0.00671955
         vertex 0.00761472 0.01075 -0.00653924
      endloop
   endfacet
   facet normal 0 -1 0
      outer loop
         vertex 0.00770307 0.01075 -0.00671955
         vertex 0.00783284 0.01075 -0.00663284
         vertex 0.00767247 0.01075 -0.00650811
      endloop
   endfacet
   facet normal 0 -1 0
      outer loop
         vertex 0.00783284 0.01075 -0.00663284
         vertex 0.00791955 0.01075 -0.00650307
         vertex 0.00771705 0.01075 -0.00645997
      endloop
   endfacet
   facet normal 0 -1 0
      outer loop
         vertex 0.00761472 0.01075 -0.00653924
         vertex 0.00755 0.01075 -0.00655
         vertex 0.00755 0.01075 -0.00675
      endloop
   endfacet
   facet normal 0 -1 0
      outer loop
         vertex 0.00771705 0.01075 -0.00645997
         vertex 0.00767247 0.01075 -0.00650811
         vertex 0.00783284 0.01075 -0.00663284
      endloop
   endfacet
   facet normal 0 -1 0
      outer loop
         vertex 0.00767247 0.01075 -0.00650811
         vertex 0.00761472 0.01075 -0.00653924
         vertex 0.00770307 0.01075 -0.00671955
      endloop
   endfacet
   facet normal 0 -1 0
      outer loop
         vertex 0.00771705 0.01075 -0.00645997
         vertex 0.00791955 0.01075 -0.00650307
         vertex 0.00775 0.01075 -0.0064
      endloop
   endfacet
   facet normal 0 -1 0
      outer loop
         vertex 0.00775 0.01075 -0.0064
         vertex 0.00774365 0.01075 -0.0064
         vertex 0.00771705 0.01075 -0.00645997
      endloop
   endfacet
   facet normal 0 -1 0
      outer loop
         vertex 0.00795 0.01075 -0.00635
         vertex 0.00775 0.01075 -0.00635
         vertex 0.00775 0.01075 -0.0064
      endloop
   endfacet
   facet normal 0 -1 0
      outer loop
         vertex 0.00775 0.01075 -0.0064
         vertex 0.00791955 0.01075 -0.00650307
         vertex 0.00795 0.01075 -0.00635
      endloop
   endfacet
   facet normal 0 -1 0
      outer loop
         vertex 0.00755 0.01075 -0.00655
         vertex 0.007395 0.01075 -0.00655
         vertex 0.007395 0.01075 -0.00675
      endloop
   endfacet
   facet normal -0.83525 0 0.549871
      outer loop
         vertex 0.00771705 0.01075 -0.00645997
         vertex 0.00774365 0.01075 -0.0064
         vertex 0.00774365 0.01275 -0.0064
      endloop
   endfacet
   facet normal -0.612372 0 0.790569
      outer loop
         vertex 0.00767247 0.01075 -0.00650811
         vertex 0.00771705 0.01075 -0.00645997
         vertex 0.00771705 0.01275 -0.00645997
      endloop
   endfacet
   facet normal -0.323597 0 0.946195
      outer loop
         vertex 0.00761472 0.01075 -0.00653924
         vertex 0.00767247 0.01075 -0.00650811
         vertex 0.00767247 0.01275 -0.00650811
      endloop
   endfacet
   facet normal 0 0 1
      outer loop
         vertex 0.00755 0.01075 -0.00655
         vertex 0.00761472 0.01075 -0.00653924
         vertex 0.00761472 0.01275 -0.00653924
      endloop
   endfacet
   facet normal -0.323597 0 0.946195
      outer loop
         vertex 0.00761472 0.01275 -0.00653924
         vertex 0.00755 0.01275 -0.00655
         vertex 0.00755 0.01075 -0.00655
      endloop
   endfacet
   facet normal -0.612372 0 0.790569
      outer loop
         vertex 0.00767247 0.01275 -0.00650811
         vertex 0.00761472 0.01275 -0.00653924
         vertex 0.00761472 0.01075 -0.00653924
      endloop
   endfacet
   facet normal -0.83525 0 0.549871
      outer loop
         vertex 0.00771705 0.01275 -0.00645997
         vertex 0.00767247 0.01275 -0.00650811
         vertex 0.00767247 0.01075 -0.00650811
      endloop
   endfacet
   facet normal -0.968246 0 0.25
      outer loop
         vertex 0.00774365 0.01275 -0.0064
         vertex 0.00771705 0.01275 -0.00645997
         vertex 0.00771705 0.01075 -0.00645997
      endloop
   endfacet
   facet normal 0 0 -1
      outer loop
         vertex 0.00755 0.01075 -0.00675
         vertex 0.00755 0.01275 -0.00675
         vertex 0.00770307 0.01275 -0.00671955
      endloop
   endfacet
   facet normal 0.382683 0 -0.92388
      outer loop
         vertex 0.00770307 0.01075 -0.00671955
         vertex 0.00770307 0.01275 -0.00671955
         vertex 0.00783284 0.01275 -0.00663284
      endloop
   endfacet
   facet normal 0.707107 0 -0.707107
      outer loop
         vertex 0.00783284 0.01075 -0.00663284
         vertex 0.00783284 0.01275 -0.00663284
         vertex 0.00791955 0.01275 -0.00650307
      endloop
   endfacet
   facet normal 0.92388 0 -0.382683
      outer loop
         vertex 0.00791955 0.01075 -0.00650307
         vertex 0.00791955 0.01275 -0.00650307
         vertex 0.00795 0.01275 -0.00635
      endloop
   endfacet
   facet normal 1 0 -1.249e-12
      outer loop
         vertex 0.00795 0.01275 -0.00635
         vertex 0.00795 0.01075 -0.00635
         vertex 0.00791955 0.01075 -0.00650307
      endloop
   endfacet
   facet normal 0.92388 0 -0.382683
      outer loop
         vertex 0.00791955 0.01275 -0.00650307
         vertex 0.00791955 0.01075 -0.00650307
         vertex 0.00783284 0.01075 -0.00663284
      endloop
   endfacet
   facet normal 0.707107 0 -0.707107
      outer loop
         vertex 0.00783284 0.01275 -0.00663284
         vertex 0.00783284 0.01075 -0.00663284
         vertex 0.00770307 0.01075 -0.00671955
      endloop
   endfacet
   facet normal 0.382683 0 -0.92388
      outer loop
         vertex 0.00770307 0.01275 -0.00671955
         vertex 0.00770307 0.01075 -0.00671955
         vertex 0.00755 0.01075 -0.00675
      endloop
   endfacet
   facet normal 0 0 1
      outer loop
         vertex 0.00755 0.01075 -0.00655
         vertex 0.00755 0.01275 -0.00655
         vertex 0.00733109 0.0111977 -0.00655
      endloop
   endfacet
   facet normal 0 0 1
      outer loop
         vertex 0.00755 0.01275 -0.00655
         vertex 0.00714445 0.0116096 -0.00655
         vertex 0.00733109 0.0111977 -0.00655
      endloop
   endfacet
   facet normal 0 0 1
      outer loop
         vertex 0.00755 0.01275 -0.00655
         vertex 0.00685 0.01275 -0.00655
         vertex 0.00685 0.0119529 -0.00655
      endloop
   endfacet
   facet normal 0 0 1
      outer loop
         vertex 0.00685 0.0119529 -0.00655
         vertex 0.00714445 0.0116096 -0.00655
         vertex 0.00755 0.01275 -0.00655
      endloop
   endfacet
   facet normal 0 0 1
      outer loop
         vertex 0.00733109 0.0111977 -0.00655
         vertex 0.007395 0.01075 -0.00655
         vertex 0.00755 0.01075 -0.00655
      endloop
   endfacet
   facet normal 0 0 -1
      outer loop
         vertex 0.00755 0.01075 -0.00675
         vertex 0.007395 0.01075 -0.00675
         vertex 0.00733109 0.0111977 -0.00675
      endloop
   endfacet
   facet normal 0 0 -1
      outer loop
         vertex 0.00755 0.01275 -0.00675
         vertex 0.00714445 0.0116096 -0.00675
         vertex 0.00685 0.0119529 -0.00675
      endloop
   endfacet
   facet normal 0 0 -1
      outer loop
         vertex 0.00733109 0.0111977 -0.00675
         vertex 0.00755 0.01275 -0.00675
         vertex 0.00755 0.01075 -0.00675
      endloop
   endfacet
   facet normal 0 0 -1
      outer loop
         vertex 0.00733109 0.0111977 -0.00675
         vertex 0.00714445 0.0116096 -0.00675
         vertex 0.00755 0.01275 -0.00675
      endloop
   endfacet
   facet normal 0 0 -1
      outer loop
         vertex 0.00685 0.0119529 -0.00675
         vertex 0.00685 0.01275 -0.00675
         vertex 0.00755 0.01275 -0.00675
      endloop
   endfacet
   facet normal -0.960053 -0.279817 0
      outer loop
         vertex 0.00733109 0.0111977 -0.00675
         vertex 0.007395 0.01075 -0.00675
         vertex 0.007395 0.01075 -0.00655
      endloop
   endfacet
   facet normal -0.843405 -0.537278 0
      outer loop
         vertex 0.00714445 0.0116096 -0.00675
         vertex 0.00733109 0.0111977 -0.00675
         vertex 0.00733109 0.0111977 -0.00655
      endloop
   endfacet
   facet normal -0.659375 -0.751814 0
      outer loop
         vertex 0.00685 0.0119529 -0.00675
         vertex 0.00714445 0.0116096 -0.00675
         vertex 0.00714445 0.0116096 -0.00655
      endloop
   endfacet
   facet normal -0.843405 -0.537278 0
      outer loop
         vertex 0.00714445 0.0116096 -0.00655
         vertex 0.00685 0.0119529 -0.00655
         vertex 0.00685 0.0119529 -0.00675
      endloop
   endfacet
   facet normal -0.960053 -0.279817 0
      outer loop
         vertex 0.00733109 0.0111977 -0.00655
         vertex 0.00714445 0.0116096 -0.00655
         vertex 0.00714445 0.0116096 -0.00675
      endloop
   endfacet
   facet normal -1 0 0
      outer loop
         vertex 0.007395 0.01075 -0.00655
         vertex 0.00733109 0.0111977 -0.00655
         vertex 0.00733109 0.0111977 -0.00675
      endloop
   endfacet
   facet normal -1 0 0
      outer loop
         vertex 0.00685 0.0119529 -0.00655
         vertex 0.00685 0.01275 -0.00655
         vertex 0.00685 0.01275 -0.00675
      endloop
   endfacet
   facet normal -1 0 0
      outer loop
         vertex 0.00685 0.01275 -0.00675
         vertex 0.00685 0.0119529 -0.00675
         vertex 0.00685 0.0119529 -0.00655
      endloop
   endfacet
   facet normal 0 1 0
      outer loop
         vertex 0.00783284 0.01275 -0.00663284
         vertex 0.00767247 0.01275 -0.00650811
         vertex 0.00771705 0.01275 -0.00645997
      endloop
   endfacet
   facet normal 0 1 0
      outer loop
         vertex 0.00770307 0.01275 -0.00671955
         vertex 0.00761472 0.01275 -0.00653924
         vertex 0.00767247 0.01275 -0.00650811
      endloop
   endfacet
   facet normal 0 1 0
      outer loop
         vertex 0.00755 0.01275 -0.00675
         vertex 0.00755 0.01275 -0.00655
         vertex 0.00761472 0.01275 -0.00653924
      endloop
   endfacet
   facet normal 0 1 0
      outer loop
         vertex 0.00685 0.01275 -0.00655
         vertex 0.00755 0.01275 -0.00655
         vertex 0.00755 0.01275 -0.00675
      endloop
   endfacet
   facet normal 0 1 0
      outer loop
         vertex 0.00767247 0.01275 -0.00650811
         vertex 0.00783284 0.01275 -0.00663284
         vertex 0.00770307 0.01275 -0.00671955
      endloop
   endfacet
   facet normal 0 1 0
      outer loop
         vertex 0.00755 0.01275 -0.00675
         vertex 0.00685 0.01275 -0.00675
         vertex 0.00685 0.01275 -0.00655
      endloop
   endfacet
   facet normal 0 1 0
      outer loop
         vertex 0.00771705 0.01275 -0.00645997
         vertex 0.00774365 0.01275 -0.0064
         vertex 0.00775 0.01275 -0.0064
      endloop
   endfacet
   facet normal 0 1 0
      outer loop
         vertex 0.00761472 0.01275 -0.00653924
         vertex 0.00770307 0.01275 -0.00671955
         vertex 0.00755 0.01275 -0.00675
      endloop
   endfacet
   facet normal 0 1 0
      outer loop
         vertex 0.00795 0.01275 -0.00635
         vertex 0.00791955 0.01275 -0.00650307
         vertex 0.00775 0.01275 -0.0064
      endloop
   endfacet
   facet normal 0 1 0
      outer loop
         vertex 0.00771705 0.01275 -0.00645997
         vertex 0.00791955 0.01275 -0.00650307
         vertex 0.00783284 0.01275 -0.00663284
      endloop
   endfacet
   facet normal 0 1 0
      outer loop
         vertex 0.00775 0.01275 -0.0064
         vertex 0.00791955 0.01275 -0.00650307
         vertex 0.00771705 0.01275 -0.00645997
      endloop
   endfacet
   facet normal 0 1 0
      outer loop
         vertex 0.00775 0.01275 -0.0064
         vertex 0.00775 0.01275 -0.00635
         vertex 0.00795 0.01275 -0.00635
      endloop
   endfacet
   facet normal 1 0 0
      outer loop
         vertex 0.00775 0.0127652 -0.00627346
         vertex 0.00775 0.01295 -0.00615
         vertex 0.00775 0.0128735 -0.00616522
      endloop
   endfacet
   facet normal 1 0 0
      outer loop
         vertex 0.00775 0.0127652 -0.00627346
         vertex 0.00775 0.0131348 -0.00627346
         vertex 0.00775 0.0130914 -0.00620858
      endloop
   endfacet
   facet normal 1 0 0
      outer loop
         vertex 0.00775 0.0127652 -0.00627346
         vertex 0.00775 0.0130265 -0.00616522
         vertex 0.00775 0.01295 -0.00615
      endloop
   endfacet
   facet normal 1 0 0
      outer loop
         vertex 0.00775 0.0127652 -0.00627346
         vertex 0.00775 0.01315 -0.00635
         vertex 0.00775 0.0131348 -0.00627346
      endloop
   endfacet
   facet normal 1 0 0
      outer loop
         vertex 0.00775 0.0130914 -0.00620858
         vertex 0.00775 0.0130265 -0.00616522
         vertex 0.00775 0.0127652 -0.00627346
      endloop
   endfacet
   facet normal 1 0 0
      outer loop
         vertex 0.00775 0.0128735 -0.00616522
         vertex 0.00775 0.0128086 -0.00620858
         vertex 0.00775 0.0127652 -0.00627346
      endloop
   endfacet
   facet normal 1 0 0
      outer loop
         vertex 0.00775 0.01275 -0.00635
         vertex 0.00775 0.01315 -0.0064
         vertex 0.00775 0.01315 -0.00635
      endloop
   endfacet
   facet normal 1 0 0
      outer loop
         vertex 0.00775 0.0127652 -0.00627346
         vertex 0.00775 0.01275 -0.00635
         vertex 0.00775 0.01315 -0.00635
      endloop
   endfacet
   facet normal 1 0 0
      outer loop
         vertex 0.00775 0.01275 -0.00635
         vertex 0.00775 0.01275 -0.0064
         vertex 0.00775 0.01315 -0.0064
      endloop
   endfacet
   facet normal 0 0.92388 -0.382683
      outer loop
         vertex 0.00795 0.0127652 -0.00627346
         vertex 0.00795 0.01275 -0.00635
         vertex 0.00775 0.01275 -0.00635
      endloop
   endfacet
   facet normal 0 0.707107 -0.707107
      outer loop
         vertex 0.00795 0.0128086 -0.00620858
         vertex 0.00795 0.0127652 -0.00627346
         vertex 0.00775 0.0127652 -0.00627346
      endloop
   endfacet
   facet normal 0 0.382683 -0.92388
      outer loop
         vertex 0.00795 0.0128735 -0.00616522
         vertex 0.00795 0.0128086 -0.00620858
         vertex 0.00775 0.0128086 -0.00620858
      endloop
   endfacet
   facet normal 0 2.49794e-12 -1
      outer loop
         vertex 0.00795 0.01295 -0.00615
         vertex 0.00795 0.0128735 -0.00616522
         vertex 0.00775 0.0128735 -0.00616522
      endloop
   endfacet
   facet normal 0 -0.382683 -0.92388
      outer loop
         vertex 0.00795 0.0130265 -0.00616522
         vertex 0.00795 0.01295 -0.00615
         vertex 0.00775 0.01295 -0.00615
      endloop
   endfacet
   facet normal 0 -0.707107 -0.707107
      outer loop
         vertex 0.00795 0.0130914 -0.00620858
         vertex 0.00795 0.0130265 -0.00616522
         vertex 0.00775 0.0130265 -0.00616522
      endloop
   endfacet
   facet normal 0 -0.92388 -0.382683
      outer loop
         vertex 0.00795 0.0131348 -0.00627346
         vertex 0.00795 0.0130914 -0.00620858
         vertex 0.00775 0.0130914 -0.00620858
      endloop
   endfacet
   facet normal 0 -1 0
      outer loop
         vertex 0.00795 0.01315 -0.00635
         vertex 0.00795 0.0131348 -0.00627346
         vertex 0.00775 0.0131348 -0.00627346
      endloop
   endfacet
   facet normal 0 -0.92388 -0.382683
      outer loop
         vertex 0.00775 0.0131348 -0.00627346
         vertex 0.00775 0.01315 -0.00635
         vertex 0.00795 0.01315 -0.00635
      endloop
   endfacet
   facet normal 0 -0.707107 -0.707107
      outer loop
         vertex 0.00775 0.0130914 -0.00620858
         vertex 0.00775 0.0131348 -0.00627346
         vertex 0.00795 0.0131348 -0.00627346
      endloop
   endfacet
   facet normal 0 -0.382683 -0.92388
      outer loop
         vertex 0.00775 0.0130265 -0.00616522
         vertex 0.00775 0.0130914 -0.00620858
         vertex 0.00795 0.0130914 -0.00620858
      endloop
   endfacet
   facet normal 0 2.49794e-12 -1
      outer loop
         vertex 0.00775 0.01295 -0.00615
         vertex 0.00775 0.0130265 -0.00616522
         vertex 0.00795 0.0130265 -0.00616522
      endloop
   endfacet
   facet normal 0 0.382683 -0.92388
      outer loop
         vertex 0.00775 0.0128735 -0.00616522
         vertex 0.00775 0.01295 -0.00615
         vertex 0.00795 0.01295 -0.00615
      endloop
   endfacet
   facet normal 0 0.707107 -0.707107
      outer loop
         vertex 0.00775 0.0128086 -0.00620858
         vertex 0.00775 0.0128735 -0.00616522
         vertex 0.00795 0.0128735 -0.00616522
      endloop
   endfacet
   facet normal 0 0.92388 -0.382683
      outer loop
         vertex 0.00775 0.0127652 -0.00627346
         vertex 0.00775 0.0128086 -0.00620858
         vertex 0.00795 0.0128086 -0.00620858
      endloop
   endfacet
   facet normal 0 1 2.498e-12
      outer loop
         vertex 0.00775 0.01275 -0.00635
         vertex 0.00775 0.0127652 -0.00627346
         vertex 0.00795 0.0127652 -0.00627346
      endloop
   endfacet
   facet normal 0 -1 0
      outer loop
         vertex 0.00795 0.01315 -0.00815
         vertex 0.00795 0.01315 -0.00635
         vertex 0.00775 0.01315 -0.0064
      endloop
   endfacet
   facet normal 0 -1 0
      outer loop
         vertex 0.00795 0.01315 -0.00635
         vertex 0.00775 0.01315 -0.00635
         vertex 0.00775 0.01315 -0.0064
      endloop
   endfacet
   facet normal 0 -1 0
      outer loop
         vertex 0.00775 0.01315 -0.0064
         vertex 0.00775 0.01315 -0.00815
         vertex 0.00795 0.01315 -0.00815
      endloop
   endfacet
   facet normal 0 -1 0
      outer loop
         vertex 0.00795 0.01315 -0.00815
         vertex 0.00775 0.01315 -0.00815
         vertex 0.00775 0.0131995 -0.00839874
      endloop
   endfacet
   facet normal 0 -0.92388 -0.382683
      outer loop
         vertex 0.00795 0.0131995 -0.00839874
         vertex 0.00775 0.0131995 -0.00839874
         vertex 0.00775 0.0133404 -0.00860962
      endloop
   endfacet
   facet normal 0 -0.707107 -0.707107
      outer loop
         vertex 0.00795 0.0133404 -0.00860962
         vertex 0.00775 0.0133404 -0.00860962
         vertex 0.00775 0.0135513 -0.00875052
      endloop
   endfacet
   facet normal 0 -0.382683 -0.92388
      outer loop
         vertex 0.00795 0.0135513 -0.00875052
         vertex 0.00775 0.0135513 -0.00875052
         vertex 0.00775 0.0138 -0.0088
      endloop
   endfacet
   facet normal 0 -1.83697e-16 -1
      outer loop
         vertex 0.00795 0.0138 -0.0088
         vertex 0.00775 0.0138 -0.0088
         vertex 0.00775 0.0140487 -0.00875052
      endloop
   endfacet
   facet normal 0 0.382683 -0.92388
      outer loop
         vertex 0.00795 0.0140487 -0.00875052
         vertex 0.00775 0.0140487 -0.00875052
         vertex 0.00775 0.0142596 -0.00860962
      endloop
   endfacet
   facet normal 0 0.707107 -0.707107
      outer loop
         vertex 0.00795 0.0142596 -0.00860962
         vertex 0.00775 0.0142596 -0.00860962
         vertex 0.00775 0.0144005 -0.00839874
      endloop
   endfacet
   facet normal 0 0.92388 -0.382683
      outer loop
         vertex 0.00795 0.0144005 -0.00839874
         vertex 0.00775 0.0144005 -0.00839874
         vertex 0.00775 0.01445 -0.00815
      endloop
   endfacet
   facet normal 0 1 0
      outer loop
         vertex 0.00775 0.01445 -0.00815
         vertex 0.00795 0.01445 -0.00815
         vertex 0.00795 0.0144005 -0.00839874
      endloop
   endfacet
   facet normal 0 0.92388 -0.382683
      outer loop
         vertex 0.00775 0.0144005 -0.00839874
         vertex 0.00795 0.0144005 -0.00839874
         vertex 0.00795 0.0142596 -0.00860962
      endloop
   endfacet
   facet normal 0 0.707107 -0.707107
      outer loop
         vertex 0.00775 0.0142596 -0.00860962
         vertex 0.00795 0.0142596 -0.00860962
         vertex 0.00795 0.0140487 -0.00875052
      endloop
   endfacet
   facet normal 0 0.382683 -0.92388
      outer loop
         vertex 0.00775 0.0140487 -0.00875052
         vertex 0.00795 0.0140487 -0.00875052
         vertex 0.00795 0.0138 -0.0088
      endloop
   endfacet
   facet normal 0 -1.83697e-16 -1
      outer loop
         vertex 0.00775 0.0138 -0.0088
         vertex 0.00795 0.0138 -0.0088
         vertex 0.00795 0.0135513 -0.00875052
      endloop
   endfacet
   facet normal 0 -0.382683 -0.92388
      outer loop
         vertex 0.00775 0.0135513 -0.00875052
         vertex 0.00795 0.0135513 -0.00875052
         vertex 0.00795 0.0133404 -0.00860962
      endloop
   endfacet
   facet normal 0 -0.707107 -0.707107
      outer loop
         vertex 0.00775 0.0133404 -0.00860962
         vertex 0.00795 0.0133404 -0.00860962
         vertex 0.00795 0.0131995 -0.00839874
      endloop
   endfacet
   facet normal 0 -0.92388 -0.382683
      outer loop
         vertex 0.00775 0.0131995 -0.00839874
         vertex 0.00795 0.0131995 -0.00839874
         vertex 0.00795 0.01315 -0.00815
      endloop
   endfacet
   facet normal 0 1 0
      outer loop
         vertex 0.00775 0.01445 -0.00815
         vertex 0.00775 0.01445 -0.00655
         vertex 0.00795 0.01445 -0.00655
      endloop
   endfacet
   facet normal 0 1 0
      outer loop
         vertex 0.00795 0.01445 -0.00655
         vertex 0.00795 0.01445 -0.00815
         vertex 0.00775 0.01445 -0.00815
      endloop
   endfacet
   facet normal -1 0 0
      outer loop
         vertex 0.00775 0.01315 -0.00815
         vertex 0.00775 0.0138 -0.0088
         vertex 0.00775 0.0135513 -0.00875052
      endloop
   endfacet
   facet normal -1 0 0
      outer loop
         vertex 0.00775 0.01315 -0.00815
         vertex 0.00775 0.0142596 -0.00860962
         vertex 0.00775 0.0140487 -0.00875052
      endloop
   endfacet
   facet normal -1 0 0
      outer loop
         vertex 0.00775 0.01315 -0.00815
         vertex 0.00775 0.01445 -0.00815
         vertex 0.00775 0.0144005 -0.00839874
      endloop
   endfacet
   facet normal -1 0 0
      outer loop
         vertex 0.00775 0.0135513 -0.00875052
         vertex 0.00775 0.0133404 -0.00860962
         vertex 0.00775 0.01315 -0.00815
      endloop
   endfacet
   facet normal -1 0 0
      outer loop
         vertex 0.00775 0.0144005 -0.00839874
         vertex 0.00775 0.0142596 -0.00860962
         vertex 0.00775 0.01315 -0.00815
      endloop
   endfacet
   facet normal -1 0 0
      outer loop
         vertex 0.00775 0.01315 -0.00815
         vertex 0.00775 0.01392 -0.0064
         vertex 0.00775 0.01445 -0.00655
      endloop
   endfacet
   facet normal -1 0 0
      outer loop
         vertex 0.00775 0.0140487 -0.00875052
         vertex 0.00775 0.0138 -0.0088
         vertex 0.00775 0.01315 -0.00815
      endloop
   endfacet
   facet normal -1 0 0
      outer loop
         vertex 0.00775 0.01315 -0.00815
         vertex 0.00775 0.01315 -0.0064
         vertex 0.00775 0.01392 -0.0064
      endloop
   endfacet
   facet normal -1 0 0
      outer loop
         vertex 0.00775 0.01445 -0.00655
         vertex 0.00775 0.01445 -0.00815
         vertex 0.00775 0.01315 -0.00815
      endloop
   endfacet
   facet normal -1 0 0
      outer loop
         vertex 0.00775 0.01545 -0.0064
         vertex 0.00775 0.01545 -0.00655
         vertex 0.00775 0.01445 -0.00655
      endloop
   endfacet
   facet normal -1 0 0
      outer loop
         vertex 0.00775 0.01445 -0.00655
         vertex 0.00775 0.01392 -0.0064
         vertex 0.00775 0.01545 -0.0064
      endloop
   endfacet
   facet normal -1 0 0
      outer loop
         vertex 0.00775 0.0133404 -0.00860962
         vertex 0.00775 0.0131995 -0.00839874
         vertex 0.00775 0.01315 -0.00815
      endloop
   endfacet
   facet normal 0 0 -1
      outer loop
         vertex 0.00795 0.01545 -0.00655
         vertex 0.00795 0.01445 -0.00655
         vertex 0.00775 0.01445 -0.00655
      endloop
   endfacet
   facet normal 0 0 -1
      outer loop
         vertex 0.00775 0.01445 -0.00655
         vertex 0.00775 0.01545 -0.00655
         vertex 0.00795 0.01545 -0.00655
      endloop
   endfacet
   facet normal 0 1 0
      outer loop
         vertex 0.0077 0.01545 -0.0055
         vertex 0.00795 0.01545 -0.0055
         vertex 0.00775 0.01545 -0.0064
      endloop
   endfacet
   facet normal 0 1 0
      outer loop
         vertex 0.00795 0.01545 -0.00655
         vertex 0.00775 0.01545 -0.00655
         vertex 0.00775 0.01545 -0.0064
      endloop
   endfacet
   facet normal 0 1 0
      outer loop
         vertex 0.00775 0.01545 -0.0064
         vertex 0.00795 0.01545 -0.0055
         vertex 0.00795 0.01545 -0.00655
      endloop
   endfacet
   facet normal 0 1 0
      outer loop
         vertex 0.00775 0.01545 -0.0064
         vertex 0.0077 0.01545 -0.0064
         vertex 0.0077 0.01545 -0.0055
      endloop
   endfacet
   facet normal 1 0 0
      outer loop
         vertex 0.0077 0.0166 -0.0055
         vertex 0.0077 0.01545 -0.0055
         vertex 0.0077 0.0158725 -0.0064
      endloop
   endfacet
   facet normal 1 0 0
      outer loop
         vertex 0.0077 0.01545 -0.0055
         vertex 0.0077 0.01545 -0.0064
         vertex 0.0077 0.0158725 -0.0064
      endloop
   endfacet
   facet normal 1 0 0
      outer loop
         vertex 0.0077 0.0158725 -0.0064
         vertex 0.0077 0.0166 -0.0064
         vertex 0.0077 0.0166 -0.0055
      endloop
   endfacet
   facet normal 0 1 0
      outer loop
         vertex 0.0077 0.0166 -0.0064
         vertex 0.007375 0.0166 -0.0064
         vertex 0.007375 0.0166 -0.0055
      endloop
   endfacet
   facet normal 0 1 0
      outer loop
         vertex 0.007375 0.0166 -0.0055
         vertex 0.0077 0.0166 -0.0055
         vertex 0.0077 0.0166 -0.0064
      endloop
   endfacet
   facet normal 1 0 0
      outer loop
         vertex 0.007375 0.021 -0.0055
         vertex 0.007375 0.0166 -0.0055
         vertex 0.007375 0.01838 -0.0064
      endloop
   endfacet
   facet normal 1 0 0
      outer loop
         vertex 0.007375 0.0166 -0.0055
         vertex 0.007375 0.0166 -0.0064
         vertex 0.007375 0.01838 -0.0064
      endloop
   endfacet
   facet normal 1 0 0
      outer loop
         vertex 0.007375 0.01838 -0.0064
         vertex 0.007375 0.021 -0.0064
         vertex 0.007375 0.021 -0.0055
      endloop
   endfacet
   facet normal 0 1 0
      outer loop
         vertex -0.007375 0.021 -0.0055
         vertex -0.00616674 0.021 -0.0064
         vertex -0.0071025 0.021 -0.0064
      endloop
   endfacet
   facet normal 0 1 0
      outer loop
         vertex -0.007375 0.021 -0.0055
         vertex -0.0059175 0.021 -0.0064
         vertex -0.00616674 0.021 -0.0064
      endloop
   endfacet
   facet normal 0 1 0
      outer loop
         vertex -0.007375 0.021 -0.0055
         vertex -0.00507847 0.021 -0.0064
         vertex -0.0059175 0.021 -0.0064
      endloop
   endfacet
   facet normal 0 1 0
      outer loop
         vertex -0.007375 0.021 -0.0055
         vertex -0.00451174 0.021 -0.0064
         vertex -0.00507847 0.021 -0.0064
      endloop
   endfacet
   facet normal 0 1 0
      outer loop
         vertex -0.007375 0.021 -0.0055
         vertex -0.0039825 0.021 -0.0064
         vertex -0.00451174 0.021 -0.0064
      endloop
   endfacet
   facet normal 0 1 0
      outer loop
         vertex -0.007375 0.021 -0.0055
         vertex -0.0033775 0.021 -0.0064
         vertex -0.0039825 0.021 -0.0064
      endloop
   endfacet
   facet normal 0 1 0
      outer loop
         vertex -0.007375 0.021 -0.0055
         vertex -0.00253847 0.021 -0.0064
         vertex -0.0033775 0.021 -0.0064
      endloop
   endfacet
   facet normal 0 1 0
      outer loop
         vertex -0.007375 0.021 -0.0055
         vertex 0.007375 0.021 -0.0055
         vertex 1.52858e-06 0.021 -0.0064
      endloop
   endfacet
   facet normal 0 1 0
      outer loop
         vertex 1.52858e-06 0.021 -0.0064
         vertex -0.00253847 0.021 -0.0064
         vertex -0.007375 0.021 -0.0055
      endloop
   endfacet
   facet normal 0 1 0
      outer loop
         vertex 0.007375 0.021 -0.0055
         vertex 0.00127153 0.021 -0.0064
         vertex 1.52858e-06 0.021 -0.0064
      endloop
   endfacet
   facet normal 0 1 0
      outer loop
         vertex 0.007375 0.021 -0.0055
         vertex 0.00254153 0.021 -0.0064
         vertex 0.00127153 0.021 -0.0064
      endloop
   endfacet
   facet normal 0 1 0
      outer loop
         vertex 0.007375 0.021 -0.0055
         vertex 0.00297403 0.021 -0.0064
         vertex 0.00254153 0.021 -0.0064
      endloop
   endfacet
   facet normal 0 1 0
      outer loop
         vertex 0.007375 0.021 -0.0055
         vertex 0.0039825 0.021 -0.0064
         vertex 0.00297403 0.021 -0.0064
      endloop
   endfacet
   facet normal 0 1 0
      outer loop
         vertex 0.007375 0.021 -0.0055
         vertex 0.00416576 0.021 -0.0064
         vertex 0.0039825 0.021 -0.0064
      endloop
   endfacet
   facet normal 0 1 0
      outer loop
         vertex 0.007375 0.021 -0.0055
         vertex 0.00508168 0.021 -0.0064
         vertex 0.00416576 0.021 -0.0064
      endloop
   endfacet
   facet normal 0 1 0
      outer loop
         vertex 0.007375 0.021 -0.0055
         vertex 0.00551418 0.021 -0.0064
         vertex 0.00508168 0.021 -0.0064
      endloop
   endfacet
   facet normal 0 1 0
      outer loop
         vertex 0.007375 0.021 -0.0055
         vertex 0.00616842 0.021 -0.0064
         vertex 0.00551418 0.021 -0.0064
      endloop
   endfacet
   facet normal 0 1 0
      outer loop
         vertex 0.007375 0.021 -0.0055
         vertex 0.007375 0.021 -0.0064
         vertex 0.00616842 0.021 -0.0064
      endloop
   endfacet
   facet normal 0 1 0
      outer loop
         vertex -0.0071025 0.021 -0.0064
         vertex -0.007375 0.021 -0.0064
         vertex -0.007375 0.021 -0.0055
      endloop
   endfacet
   facet normal -1 0 0
      outer loop
         vertex -0.007375 0.021 -0.0055
         vertex -0.007375 0.021 -0.0064
         vertex -0.007375 0.01838 -0.0064
      endloop
   endfacet
   facet normal -1 0 0
      outer loop
         vertex -0.007375 0.01838 -0.0064
         vertex -0.007375 0.0166 -0.0055
         vertex -0.007375 0.021 -0.0055
      endloop
   endfacet
   facet normal -1 0 0
      outer loop
         vertex -0.007375 0.01838 -0.0064
         vertex -0.007375 0.0166 -0.0064
         vertex -0.007375 0.0166 -0.0055
      endloop
   endfacet
   facet normal 0 1 0
      outer loop
         vertex -0.007375 0.0166 -0.0064
         vertex -0.0077 0.0166 -0.0064
         vertex -0.0077 0.0166 -0.0055
      endloop
   endfacet
   facet normal 0 1 0
      outer loop
         vertex -0.0077 0.0166 -0.0055
         vertex -0.007375 0.0166 -0.0055
         vertex -0.007375 0.0166 -0.0064
      endloop
   endfacet
   facet normal 0 0 -1
      outer loop
         vertex -0.007375 0.021 -0.0055
         vertex -0.00793478 0.0212265 -0.0055
         vertex -0.00789142 0.0212914 -0.0055
      endloop
   endfacet
   facet normal 0 0 -1
      outer loop
         vertex -0.007375 0.021 -0.0055
         vertex -0.00795 0.02115 -0.0055
         vertex -0.00793478 0.0212265 -0.0055
      endloop
   endfacet
   facet normal 0 0 -1
      outer loop
         vertex -0.00789142 0.0212914 -0.0055
         vertex -0.00782654 0.0213348 -0.0055
         vertex -0.007375 0.021 -0.0055
      endloop
   endfacet
   facet normal 0 0 -1
      outer loop
         vertex -0.0077 0.0166 -0.0055
         vertex -0.00795 0.02115 -0.0055
         vertex -0.007375 0.021 -0.0055
      endloop
   endfacet
   facet normal 0 0 -1
      outer loop
         vertex 0.007375 0.021 -0.0055
         vertex 0.00782654 0.0213348 -0.0055
         vertex 0.00789142 0.0212914 -0.0055
      endloop
   endfacet
   facet normal 0 0 -1
      outer loop
         vertex -0.00795 0.01545 -0.0055
         vertex -0.00795 0.02115 -0.0055
         vertex -0.0077 0.0166 -0.0055
      endloop
   endfacet
   facet normal 0 0 -1
      outer loop
         vertex -0.007375 0.021 -0.0055
         vertex -0.007375 0.0166 -0.0055
         vertex -0.0077 0.0166 -0.0055
      endloop
   endfacet
   facet normal 0 0 -1
      outer loop
         vertex 0.00789142 0.0212914 -0.0055
         vertex 0.00793478 0.0212265 -0.0055
         vertex 0.007375 0.021 -0.0055
      endloop
   endfacet
   facet normal 0 0 -1
      outer loop
         vertex -0.00782654 0.0213348 -0.0055
         vertex -0.00775 0.02135 -0.0055
         vertex -0.007375 0.021 -0.0055
      endloop
   endfacet
   facet normal 0 0 -1
      outer loop
         vertex -0.00775 0.02135 -0.0055
         vertex 0.00775 0.02135 -0.0055
         vertex 0.007375 0.021 -0.0055
      endloop
   endfacet
   facet normal 0 0 -1
      outer loop
         vertex 0.0077 0.0166 -0.0055
         vertex 0.007375 0.0166 -0.0055
         vertex 0.007375 0.021 -0.0055
      endloop
   endfacet
   facet normal 0 0 -1
      outer loop
         vertex 0.007375 0.021 -0.0055
         vertex 0.00775 0.02135 -0.0055
         vertex 0.00782654 0.0213348 -0.0055
      endloop
   endfacet
   facet normal 0 0 -1
      outer loop
         vertex 0.007375 0.021 -0.0055
         vertex -0.007375 0.021 -0.0055
         vertex -0.00775 0.02135 -0.0055
      endloop
   endfacet
   facet normal 0 0 -1
      outer loop
         vertex 0.00793478 0.0212265 -0.0055
         vertex 0.00795 0.02115 -0.0055
         vertex 0.007375 0.021 -0.0055
      endloop
   endfacet
   facet normal 0 0 -1
      outer loop
         vertex 0.007375 0.021 -0.0055
         vertex 0.00795 0.02115 -0.0055
         vertex 0.0077 0.0166 -0.0055
      endloop
   endfacet
   facet normal 0 0 -1
      outer loop
         vertex 0.00795 0.01545 -0.0055
         vertex 0.0077 0.01545 -0.0055
         vertex 0.0077 0.0166 -0.0055
      endloop
   endfacet
   facet normal 0 0 -1
      outer loop
         vertex 0.0077 0.0166 -0.0055
         vertex 0.00795 0.02115 -0.0055
         vertex 0.00795 0.01545 -0.0055
      endloop
   endfacet
   facet normal 0 0 -1
      outer loop
         vertex -0.0077 0.0166 -0.0055
         vertex -0.0077 0.01545 -0.0055
         vertex -0.00795 0.01545 -0.0055
      endloop
   endfacet
   facet normal -1 0 0
      outer loop
         vertex -0.0077 0.0166 -0.0055
         vertex -0.0077 0.0166 -0.0064
         vertex -0.0077 0.0158725 -0.0064
      endloop
   endfacet
   facet normal -1 0 0
      outer loop
         vertex -0.0077 0.0158725 -0.0064
         vertex -0.0077 0.01545 -0.0055
         vertex -0.0077 0.0166 -0.0055
      endloop
   endfacet
   facet normal -1 0 0
      outer loop
         vertex -0.0077 0.0158725 -0.0064
         vertex -0.0077 0.01545 -0.0064
         vertex -0.0077 0.01545 -0.0055
      endloop
   endfacet
   facet normal 0 1 0
      outer loop
         vertex -0.00795 0.01545 -0.00655
         vertex -0.00795 0.01545 -0.0055
         vertex -0.00775 0.01545 -0.0064
      endloop
   endfacet
   facet normal 0 1 0
      outer loop
         vertex -0.0077 0.01545 -0.0055
         vertex -0.0077 0.01545 -0.0064
         vertex -0.00775 0.01545 -0.0064
      endloop
   endfacet
   facet normal 0 1 0
      outer loop
         vertex -0.00775 0.01545 -0.0064
         vertex -0.00795 0.01545 -0.0055
         vertex -0.0077 0.01545 -0.0055
      endloop
   endfacet
   facet normal 0 1 0
      outer loop
         vertex -0.00775 0.01545 -0.0064
         vertex -0.00775 0.01545 -0.00655
         vertex -0.00795 0.01545 -0.00655
      endloop
   endfacet
   facet normal 0 0 -1
      outer loop
         vertex -0.00775 0.01545 -0.00655
         vertex -0.00775 0.01445 -0.00655
         vertex -0.00795 0.01445 -0.00655
      endloop
   endfacet
   facet normal 0 0 -1
      outer loop
         vertex -0.00795 0.01445 -0.00655
         vertex -0.00795 0.01545 -0.00655
         vertex -0.00775 0.01545 -0.00655
      endloop
   endfacet
   facet normal 0 1 0
      outer loop
         vertex -0.00795 0.01445 -0.00655
         vertex -0.00775 0.01445 -0.00655
         vertex -0.00775 0.01445 -0.00815
      endloop
   endfacet
   facet normal 0 1 0
      outer loop
         vertex -0.00775 0.01445 -0.00815
         vertex -0.00795 0.01445 -0.00815
         vertex -0.00795 0.01445 -0.00655
      endloop
   endfacet
   facet normal 1 0 0
      outer loop
         vertex -0.00775 0.01445 -0.00815
         vertex -0.00775 0.0138 -0.0088
         vertex -0.00775 0.0140487 -0.00875052
      endloop
   endfacet
   facet normal 1 0 0
      outer loop
         vertex -0.00775 0.01445 -0.00815
         vertex -0.00775 0.0133404 -0.00860962
         vertex -0.00775 0.0135513 -0.00875052
      endloop
   endfacet
   facet normal 1 0 0
      outer loop
         vertex -0.00775 0.01445 -0.00815
         vertex -0.00775 0.01315 -0.00815
         vertex -0.00775 0.0131995 -0.00839874
      endloop
   endfacet
   facet normal 1 0 0
      outer loop
         vertex -0.00775 0.0140487 -0.00875052
         vertex -0.00775 0.0142596 -0.00860962
         vertex -0.00775 0.01445 -0.00815
      endloop
   endfacet
   facet normal 1 0 0
      outer loop
         vertex -0.00775 0.0131995 -0.00839874
         vertex -0.00775 0.0133404 -0.00860962
         vertex -0.00775 0.01445 -0.00815
      endloop
   endfacet
   facet normal 1 0 0
      outer loop
         vertex -0.00775 0.01315 -0.00815
         vertex -0.00775 0.01445 -0.00815
         vertex -0.00775 0.01445 -0.00655
      endloop
   endfacet
   facet normal 1 0 0
      outer loop
         vertex -0.00775 0.0135513 -0.00875052
         vertex -0.00775 0.0138 -0.0088
         vertex -0.00775 0.01445 -0.00815
      endloop
   endfacet
   facet normal 1 0 0
      outer loop
         vertex -0.00775 0.01445 -0.00655
         vertex -0.00775 0.01392 -0.0064
         vertex -0.00775 0.01315 -0.00815
      endloop
   endfacet
   facet normal 1 0 0
      outer loop
         vertex -0.00775 0.01545 -0.0064
         vertex -0.00775 0.01392 -0.0064
         vertex -0.00775 0.01445 -0.00655
      endloop
   endfacet
   facet normal 1 0 0
      outer loop
         vertex -0.00775 0.01392 -0.0064
         vertex -0.00775 0.01315 -0.0064
         vertex -0.00775 0.01315 -0.00815
      endloop
   endfacet
   facet normal 1 0 0
      outer loop
         vertex -0.00775 0.0142596 -0.00860962
         vertex -0.00775 0.0144005 -0.00839874
         vertex -0.00775 0.01445 -0.00815
      endloop
   endfacet
   facet normal 1 0 0
      outer loop
         vertex -0.00775 0.01445 -0.00655
         vertex -0.00775 0.01545 -0.00655
         vertex -0.00775 0.01545 -0.0064
      endloop
   endfacet
   facet normal 0 -1 0
      outer loop
         vertex -0.00775 0.01315 -0.00815
         vertex -0.00795 0.01315 -0.00815
         vertex -0.00795 0.0131995 -0.00839874
      endloop
   endfacet
   facet normal 0 -0.92388 -0.382683
      outer loop
         vertex -0.00775 0.0131995 -0.00839874
         vertex -0.00795 0.0131995 -0.00839874
         vertex -0.00795 0.0133404 -0.00860962
      endloop
   endfacet
   facet normal 0 -0.707107 -0.707107
      outer loop
         vertex -0.00775 0.0133404 -0.00860962
         vertex -0.00795 0.0133404 -0.00860962
         vertex -0.00795 0.0135513 -0.00875052
      endloop
   endfacet
   facet normal 0 -0.382683 -0.92388
      outer loop
         vertex -0.00775 0.0135513 -0.00875052
         vertex -0.00795 0.0135513 -0.00875052
         vertex -0.00795 0.0138 -0.0088
      endloop
   endfacet
   facet normal 0 -1.83697e-16 -1
      outer loop
         vertex -0.00775 0.0138 -0.0088
         vertex -0.00795 0.0138 -0.0088
         vertex -0.00795 0.0140487 -0.00875052
      endloop
   endfacet
   facet normal 0 0.382683 -0.92388
      outer loop
         vertex -0.00775 0.0140487 -0.00875052
         vertex -0.00795 0.0140487 -0.00875052
         vertex -0.00795 0.0142596 -0.00860962
      endloop
   endfacet
   facet normal 0 0.707107 -0.707107
      outer loop
         vertex -0.00775 0.0142596 -0.00860962
         vertex -0.00795 0.0142596 -0.00860962
         vertex -0.00795 0.0144005 -0.00839874
      endloop
   endfacet
   facet normal 0 0.92388 -0.382683
      outer loop
         vertex -0.00775 0.0144005 -0.00839874
         vertex -0.00795 0.0144005 -0.00839874
         vertex -0.00795 0.01445 -0.00815
      endloop
   endfacet
   facet normal 0 1 0
      outer loop
         vertex -0.00795 0.01445 -0.00815
         vertex -0.00775 0.01445 -0.00815
         vertex -0.00775 0.0144005 -0.00839874
      endloop
   endfacet
   facet normal 0 0.92388 -0.382683
      outer loop
         vertex -0.00795 0.0144005 -0.00839874
         vertex -0.00775 0.0144005 -0.00839874
         vertex -0.00775 0.0142596 -0.00860962
      endloop
   endfacet
   facet normal 0 0.707107 -0.707107
      outer loop
         vertex -0.00795 0.0142596 -0.00860962
         vertex -0.00775 0.0142596 -0.00860962
         vertex -0.00775 0.0140487 -0.00875052
      endloop
   endfacet
   facet normal 0 0.382683 -0.92388
      outer loop
         vertex -0.00795 0.0140487 -0.00875052
         vertex -0.00775 0.0140487 -0.00875052
         vertex -0.00775 0.0138 -0.0088
      endloop
   endfacet
   facet normal 0 -1.83697e-16 -1
      outer loop
         vertex -0.00795 0.0138 -0.0088
         vertex -0.00775 0.0138 -0.0088
         vertex -0.00775 0.0135513 -0.00875052
      endloop
   endfacet
   facet normal 0 -0.382683 -0.92388
      outer loop
         vertex -0.00795 0.0135513 -0.00875052
         vertex -0.00775 0.0135513 -0.00875052
         vertex -0.00775 0.0133404 -0.00860962
      endloop
   endfacet
   facet normal 0 -0.707107 -0.707107
      outer loop
         vertex -0.00795 0.0133404 -0.00860962
         vertex -0.00775 0.0133404 -0.00860962
         vertex -0.00775 0.0131995 -0.00839874
      endloop
   endfacet
   facet normal 0 -0.92388 -0.382683
      outer loop
         vertex -0.00795 0.0131995 -0.00839874
         vertex -0.00775 0.0131995 -0.00839874
         vertex -0.00775 0.01315 -0.00815
      endloop
   endfacet
   facet normal 0 -1 0
      outer loop
         vertex -0.00795 0.01315 -0.00815
         vertex -0.00775 0.01315 -0.00815
         vertex -0.00775 0.01315 -0.0064
      endloop
   endfacet
   facet normal 0 -1 0
      outer loop
         vertex -0.00775 0.01315 -0.0064
         vertex -0.00795 0.01315 -0.00635
         vertex -0.00795 0.01315 -0.00815
      endloop
   endfacet
   facet normal 0 -1 0
      outer loop
         vertex -0.00775 0.01315 -0.0064
         vertex -0.00775 0.01315 -0.00635
         vertex -0.00795 0.01315 -0.00635
      endloop
   endfacet
   facet normal -1 0 0
      outer loop
         vertex -0.00775 0.0127652 -0.00627346
         vertex -0.00775 0.0130265 -0.00616522
         vertex -0.00775 0.0130914 -0.00620858
      endloop
   endfacet
   facet normal -1 0 0
      outer loop
         vertex -0.00775 0.0127652 -0.00627346
         vertex -0.00775 0.01295 -0.00615
         vertex -0.00775 0.0130265 -0.00616522
      endloop
   endfacet
   facet normal -1 0 0
      outer loop
         vertex -0.00775 0.0127652 -0.00627346
         vertex -0.00775 0.0128086 -0.00620858
         vertex -0.00775 0.0128735 -0.00616522
      endloop
   endfacet
   facet normal -1 0 0
      outer loop
         vertex -0.00775 0.0128735 -0.00616522
         vertex -0.00775 0.01295 -0.00615
         vertex -0.00775 0.0127652 -0.00627346
      endloop
   endfacet
   facet normal -1 0 0
      outer loop
         vertex -0.00775 0.0130914 -0.00620858
         vertex -0.00775 0.0131348 -0.00627346
         vertex -0.00775 0.0127652 -0.00627346
      endloop
   endfacet
   facet normal -1 0 0
      outer loop
         vertex -0.00775 0.01315 -0.00635
         vertex -0.00775 0.01275 -0.00635
         vertex -0.00775 0.0127652 -0.00627346
      endloop
   endfacet
   facet normal -1 0 0
      outer loop
         vertex -0.00775 0.0131348 -0.00627346
         vertex -0.00775 0.01315 -0.00635
         vertex -0.00775 0.0127652 -0.00627346
      endloop
   endfacet
   facet normal -1 0 0
      outer loop
         vertex -0.00775 0.01315 -0.0064
         vertex -0.00775 0.01275 -0.0064
         vertex -0.00775 0.01275 -0.00635
      endloop
   endfacet
   facet normal -1 0 0
      outer loop
         vertex -0.00775 0.01315 -0.00635
         vertex -0.00775 0.01315 -0.0064
         vertex -0.00775 0.01275 -0.00635
      endloop
   endfacet
   facet normal 0 0.92388 -0.382683
      outer loop
         vertex -0.00775 0.0127652 -0.00627346
         vertex -0.00775 0.01275 -0.00635
         vertex -0.00795 0.01275 -0.00635
      endloop
   endfacet
   facet normal 0 0.707107 -0.707107
      outer loop
         vertex -0.00775 0.0128086 -0.00620858
         vertex -0.00775 0.0127652 -0.00627346
         vertex -0.00795 0.0127652 -0.00627346
      endloop
   endfacet
   facet normal 0 0.382683 -0.92388
      outer loop
         vertex -0.00775 0.0128735 -0.00616522
         vertex -0.00775 0.0128086 -0.00620858
         vertex -0.00795 0.0128086 -0.00620858
      endloop
   endfacet
   facet normal 0 -6.12323e-17 -1
      outer loop
         vertex -0.00775 0.01295 -0.00615
         vertex -0.00775 0.0128735 -0.00616522
         vertex -0.00795 0.0128735 -0.00616522
      endloop
   endfacet
   facet normal 0 -0.382683 -0.92388
      outer loop
         vertex -0.00775 0.0130265 -0.00616522
         vertex -0.00775 0.01295 -0.00615
         vertex -0.00795 0.01295 -0.00615
      endloop
   endfacet
   facet normal 0 -0.707107 -0.707107
      outer loop
         vertex -0.00775 0.0130914 -0.00620858
         vertex -0.00775 0.0130265 -0.00616522
         vertex -0.00795 0.0130265 -0.00616522
      endloop
   endfacet
   facet normal 0 -0.92388 -0.382683
      outer loop
         vertex -0.00775 0.0131348 -0.00627346
         vertex -0.00775 0.0130914 -0.00620858
         vertex -0.00795 0.0130914 -0.00620858
      endloop
   endfacet
   facet normal 0 -1 0
      outer loop
         vertex -0.00775 0.01315 -0.00635
         vertex -0.00775 0.0131348 -0.00627346
         vertex -0.00795 0.0131348 -0.00627346
      endloop
   endfacet
   facet normal 0 -0.92388 -0.382683
      outer loop
         vertex -0.00795 0.0131348 -0.00627346
         vertex -0.00795 0.01315 -0.00635
         vertex -0.00775 0.01315 -0.00635
      endloop
   endfacet
   facet normal 0 -0.707107 -0.707107
      outer loop
         vertex -0.00795 0.0130914 -0.00620858
         vertex -0.00795 0.0131348 -0.00627346
         vertex -0.00775 0.0131348 -0.00627346
      endloop
   endfacet
   facet normal 0 -0.382683 -0.92388
      outer loop
         vertex -0.00795 0.0130265 -0.00616522
         vertex -0.00795 0.0130914 -0.00620858
         vertex -0.00775 0.0130914 -0.00620858
      endloop
   endfacet
   facet normal 0 -6.12323e-17 -1
      outer loop
         vertex -0.00795 0.01295 -0.00615
         vertex -0.00795 0.0130265 -0.00616522
         vertex -0.00775 0.0130265 -0.00616522
      endloop
   endfacet
   facet normal 0 0.382683 -0.92388
      outer loop
         vertex -0.00795 0.0128735 -0.00616522
         vertex -0.00795 0.01295 -0.00615
         vertex -0.00775 0.01295 -0.00615
      endloop
   endfacet
   facet normal 0 0.707107 -0.707107
      outer loop
         vertex -0.00795 0.0128086 -0.00620858
         vertex -0.00795 0.0128735 -0.00616522
         vertex -0.00775 0.0128735 -0.00616522
      endloop
   endfacet
   facet normal 0 0.92388 -0.382683
      outer loop
         vertex -0.00795 0.0127652 -0.00627346
         vertex -0.00795 0.0128086 -0.00620858
         vertex -0.00775 0.0128086 -0.00620858
      endloop
   endfacet
   facet normal 0 1 0
      outer loop
         vertex -0.00795 0.01275 -0.00635
         vertex -0.00795 0.0127652 -0.00627346
         vertex -0.00775 0.0127652 -0.00627346
      endloop
   endfacet
   facet normal 0 1 0
      outer loop
         vertex -0.00685 0.01275 -0.00675
         vertex -0.00755 0.01275 -0.00675
         vertex -0.00755 0.01275 -0.00655
      endloop
   endfacet
   facet normal 0 1 0
      outer loop
         vertex -0.00755 0.01275 -0.00675
         vertex -0.00770307 0.01275 -0.00671955
         vertex -0.00761472 0.01275 -0.00653924
      endloop
   endfacet
   facet normal 0 1 0
      outer loop
         vertex -0.00770307 0.01275 -0.00671955
         vertex -0.00783284 0.01275 -0.00663284
         vertex -0.00767247 0.01275 -0.00650811
      endloop
   endfacet
   facet normal 0 1 0
      outer loop
         vertex -0.00783284 0.01275 -0.00663284
         vertex -0.00791955 0.01275 -0.00650307
         vertex -0.00771705 0.01275 -0.00645997
      endloop
   endfacet
   facet normal 0 1 0
      outer loop
         vertex -0.00761472 0.01275 -0.00653924
         vertex -0.00755 0.01275 -0.00655
         vertex -0.00755 0.01275 -0.00675
      endloop
   endfacet
   facet normal 0 1 0
      outer loop
         vertex -0.00771705 0.01275 -0.00645997
         vertex -0.00767247 0.01275 -0.00650811
         vertex -0.00783284 0.01275 -0.00663284
      endloop
   endfacet
   facet normal 0 1 0
      outer loop
         vertex -0.00767247 0.01275 -0.00650811
         vertex -0.00761472 0.01275 -0.00653924
         vertex -0.00770307 0.01275 -0.00671955
      endloop
   endfacet
   facet normal 0 1 0
      outer loop
         vertex -0.00771705 0.01275 -0.00645997
         vertex -0.00791955 0.01275 -0.00650307
         vertex -0.00775 0.01275 -0.0064
      endloop
   endfacet
   facet normal 0 1 0
      outer loop
         vertex -0.00775 0.01275 -0.0064
         vertex -0.00774365 0.01275 -0.0064
         vertex -0.00771705 0.01275 -0.00645997
      endloop
   endfacet
   facet normal 0 1 0
      outer loop
         vertex -0.00795 0.01275 -0.00635
         vertex -0.00775 0.01275 -0.00635
         vertex -0.00775 0.01275 -0.0064
      endloop
   endfacet
   facet normal 0 1 0
      outer loop
         vertex -0.00775 0.01275 -0.0064
         vertex -0.00791955 0.01275 -0.00650307
         vertex -0.00795 0.01275 -0.00635
      endloop
   endfacet
   facet normal 0 1 0
      outer loop
         vertex -0.00755 0.01275 -0.00655
         vertex -0.00685 0.01275 -0.00655
         vertex -0.00685 0.01275 -0.00675
      endloop
   endfacet
   facet normal 0.83525 0 0.549871
      outer loop
         vertex -0.00771705 0.01275 -0.00645997
         vertex -0.00774365 0.01275 -0.0064
         vertex -0.00774365 0.01075 -0.0064
      endloop
   endfacet
   facet normal 0.612372 0 0.790569
      outer loop
         vertex -0.00767247 0.01275 -0.00650811
         vertex -0.00771705 0.01275 -0.00645997
         vertex -0.00771705 0.01075 -0.00645997
      endloop
   endfacet
   facet normal 0.323597 0 0.946195
      outer loop
         vertex -0.00761472 0.01275 -0.00653924
         vertex -0.00767247 0.01275 -0.00650811
         vertex -0.00767247 0.01075 -0.00650811
      endloop
   endfacet
   facet normal 0 0 1
      outer loop
         vertex -0.00755 0.01275 -0.00655
         vertex -0.00761472 0.01275 -0.00653924
         vertex -0.00761472 0.01075 -0.00653924
      endloop
   endfacet
   facet normal 0.323597 0 0.946195
      outer loop
         vertex -0.00761472 0.01075 -0.00653924
         vertex -0.00755 0.01075 -0.00655
         vertex -0.00755 0.01275 -0.00655
      endloop
   endfacet
   facet normal 0.612372 0 0.790569
      outer loop
         vertex -0.00767247 0.01075 -0.00650811
         vertex -0.00761472 0.01075 -0.00653924
         vertex -0.00761472 0.01275 -0.00653924
      endloop
   endfacet
   facet normal 0.83525 0 0.549871
      outer loop
         vertex -0.00771705 0.01075 -0.00645997
         vertex -0.00767247 0.01075 -0.00650811
         vertex -0.00767247 0.01275 -0.00650811
      endloop
   endfacet
   facet normal 0.968246 0 0.25
      outer loop
         vertex -0.00774365 0.01075 -0.0064
         vertex -0.00771705 0.01075 -0.00645997
         vertex -0.00771705 0.01275 -0.00645997
      endloop
   endfacet
   facet normal 0 0 -1
      outer loop
         vertex -0.00755 0.01275 -0.00675
         vertex -0.00755 0.01075 -0.00675
         vertex -0.00770307 0.01075 -0.00671955
      endloop
   endfacet
   facet normal -0.382683 0 -0.92388
      outer loop
         vertex -0.00770307 0.01275 -0.00671955
         vertex -0.00770307 0.01075 -0.00671955
         vertex -0.00783284 0.01075 -0.00663284
      endloop
   endfacet
   facet normal -0.707107 0 -0.707107
      outer loop
         vertex -0.00783284 0.01275 -0.00663284
         vertex -0.00783284 0.01075 -0.00663284
         vertex -0.00791955 0.01075 -0.00650307
      endloop
   endfacet
   facet normal -0.92388 0 -0.382683
      outer loop
         vertex -0.00791955 0.01275 -0.00650307
         vertex -0.00791955 0.01075 -0.00650307
         vertex -0.00795 0.01075 -0.00635
      endloop
   endfacet
   facet normal -1 0 0
      outer loop
         vertex -0.00795 0.01075 -0.00635
         vertex -0.00795 0.01275 -0.00635
         vertex -0.00791955 0.01275 -0.00650307
      endloop
   endfacet
   facet normal -0.92388 0 -0.382683
      outer loop
         vertex -0.00791955 0.01075 -0.00650307
         vertex -0.00791955 0.01275 -0.00650307
         vertex -0.00783284 0.01275 -0.00663284
      endloop
   endfacet
   facet normal -0.707107 0 -0.707107
      outer loop
         vertex -0.00783284 0.01075 -0.00663284
         vertex -0.00783284 0.01275 -0.00663284
         vertex -0.00770307 0.01275 -0.00671955
      endloop
   endfacet
   facet normal -0.382683 0 -0.92388
      outer loop
         vertex -0.00770307 0.01075 -0.00671955
         vertex -0.00770307 0.01275 -0.00671955
         vertex -0.00755 0.01275 -0.00675
      endloop
   endfacet
   facet normal 0 -1 0
      outer loop
         vertex -0.00783284 0.01075 -0.00663284
         vertex -0.00767247 0.01075 -0.00650811
         vertex -0.00771705 0.01075 -0.00645997
      endloop
   endfacet
   facet normal 0 -1 0
      outer loop
         vertex -0.00770307 0.01075 -0.00671955
         vertex -0.00761472 0.01075 -0.00653924
         vertex -0.00767247 0.01075 -0.00650811
      endloop
   endfacet
   facet normal 0 -1 0
      outer loop
         vertex -0.00755 0.01075 -0.00675
         vertex -0.00755 0.01075 -0.00655
         vertex -0.00761472 0.01075 -0.00653924
      endloop
   endfacet
   facet normal 0 -1 0
      outer loop
         vertex -0.007395 0.01075 -0.00655
         vertex -0.00755 0.01075 -0.00655
         vertex -0.00755 0.01075 -0.00675
      endloop
   endfacet
   facet normal 0 -1 0
      outer loop
         vertex -0.00767247 0.01075 -0.00650811
         vertex -0.00783284 0.01075 -0.00663284
         vertex -0.00770307 0.01075 -0.00671955
      endloop
   endfacet
   facet normal 0 -1 0
      outer loop
         vertex -0.00755 0.01075 -0.00675
         vertex -0.007395 0.01075 -0.00675
         vertex -0.007395 0.01075 -0.00655
      endloop
   endfacet
   facet normal 0 -1 0
      outer loop
         vertex -0.00771705 0.01075 -0.00645997
         vertex -0.00774365 0.01075 -0.0064
         vertex -0.00775 0.01075 -0.0064
      endloop
   endfacet
   facet normal 0 -1 0
      outer loop
         vertex -0.00761472 0.01075 -0.00653924
         vertex -0.00770307 0.01075 -0.00671955
         vertex -0.00755 0.01075 -0.00675
      endloop
   endfacet
   facet normal 0 -1 0
      outer loop
         vertex -0.00795 0.01075 -0.00635
         vertex -0.00791955 0.01075 -0.00650307
         vertex -0.00775 0.01075 -0.0064
      endloop
   endfacet
   facet normal 0 -1 0
      outer loop
         vertex -0.00771705 0.01075 -0.00645997
         vertex -0.00791955 0.01075 -0.00650307
         vertex -0.00783284 0.01075 -0.00663284
      endloop
   endfacet
   facet normal 0 -1 0
      outer loop
         vertex -0.00775 0.01075 -0.0064
         vertex -0.00791955 0.01075 -0.00650307
         vertex -0.00771705 0.01075 -0.00645997
      endloop
   endfacet
   facet normal 0 -1 0
      outer loop
         vertex -0.00775 0.01075 -0.0064
         vertex -0.00775 0.01075 -0.00635
         vertex -0.00795 0.01075 -0.00635
      endloop
   endfacet
   facet normal 0 0 1
      outer loop
         vertex -0.00755 0.01075 -0.00655
         vertex -0.007395 0.01075 -0.00655
         vertex -0.00733109 0.0111977 -0.00655
      endloop
   endfacet
   facet normal 0 0 1
      outer loop
         vertex -0.00755 0.01275 -0.00655
         vertex -0.00714445 0.0116096 -0.00655
         vertex -0.00685 0.0119529 -0.00655
      endloop
   endfacet
   facet normal 0 0 1
      outer loop
         vertex -0.00733109 0.0111977 -0.00655
         vertex -0.00755 0.01275 -0.00655
         vertex -0.00755 0.01075 -0.00655
      endloop
   endfacet
   facet normal 0 0 1
      outer loop
         vertex -0.00733109 0.0111977 -0.00655
         vertex -0.00714445 0.0116096 -0.00655
         vertex -0.00755 0.01275 -0.00655
      endloop
   endfacet
   facet normal 0 0 1
      outer loop
         vertex -0.00685 0.0119529 -0.00655
         vertex -0.00685 0.01275 -0.00655
         vertex -0.00755 0.01275 -0.00655
      endloop
   endfacet
   facet normal 0 0 -1
      outer loop
         vertex -0.00755 0.01075 -0.00675
         vertex -0.00755 0.01275 -0.00675
         vertex -0.00733109 0.0111977 -0.00675
      endloop
   endfacet
   facet normal 0 0 -1
      outer loop
         vertex -0.00755 0.01275 -0.00675
         vertex -0.00714445 0.0116096 -0.00675
         vertex -0.00733109 0.0111977 -0.00675
      endloop
   endfacet
   facet normal 0 0 -1
      outer loop
         vertex -0.00755 0.01275 -0.00675
         vertex -0.00685 0.01275 -0.00675
         vertex -0.00685 0.0119529 -0.00675
      endloop
   endfacet
   facet normal 0 0 -1
      outer loop
         vertex -0.00685 0.0119529 -0.00675
         vertex -0.00714445 0.0116096 -0.00675
         vertex -0.00755 0.01275 -0.00675
      endloop
   endfacet
   facet normal 0 0 -1
      outer loop
         vertex -0.00733109 0.0111977 -0.00675
         vertex -0.007395 0.01075 -0.00675
         vertex -0.00755 0.01075 -0.00675
      endloop
   endfacet
   facet normal 0.960053 -0.279817 0
      outer loop
         vertex -0.00733109 0.0111977 -0.00655
         vertex -0.007395 0.01075 -0.00655
         vertex -0.007395 0.01075 -0.00675
      endloop
   endfacet
   facet normal 0.843405 -0.537278 0
      outer loop
         vertex -0.00714445 0.0116096 -0.00655
         vertex -0.00733109 0.0111977 -0.00655
         vertex -0.00733109 0.0111977 -0.00675
      endloop
   endfacet
   facet normal 0.659375 -0.751814 0
      outer loop
         vertex -0.00685 0.0119529 -0.00655
         vertex -0.00714445 0.0116096 -0.00655
         vertex -0.00714445 0.0116096 -0.00675
      endloop
   endfacet
   facet normal 0.843405 -0.537278 0
      outer loop
         vertex -0.00714445 0.0116096 -0.00675
         vertex -0.00685 0.0119529 -0.00675
         vertex -0.00685 0.0119529 -0.00655
      endloop
   endfacet
   facet normal 0.960053 -0.279817 0
      outer loop
         vertex -0.00733109 0.0111977 -0.00675
         vertex -0.00714445 0.0116096 -0.00675
         vertex -0.00714445 0.0116096 -0.00655
      endloop
   endfacet
   facet normal 1 0 0
      outer loop
         vertex -0.007395 0.01075 -0.00675
         vertex -0.00733109 0.0111977 -0.00675
         vertex -0.00733109 0.0111977 -0.00655
      endloop
   endfacet
   facet normal 1 0 0
      outer loop
         vertex -0.00685 0.0119529 -0.00675
         vertex -0.00685 0.01275 -0.00675
         vertex -0.00685 0.01275 -0.00655
      endloop
   endfacet
   facet normal 1 0 0
      outer loop
         vertex -0.00685 0.01275 -0.00655
         vertex -0.00685 0.0119529 -0.00655
         vertex -0.00685 0.0119529 -0.00675
      endloop
   endfacet
   facet normal 1 0 0
      outer loop
         vertex 0.00795 0.0002 0.00655
         vertex 0.00795 0.0135207 -0.00528166
         vertex 0.00795 0.013591 -0.00523162
      endloop
   endfacet
   facet normal 1 0 0
      outer loop
         vertex 0.00795 0.0002 0.00655
         vertex 0.00795 0.0134422 -0.00540186
         vertex 0.00795 0.0135013 -0.00531136
      endloop
   endfacet
   facet normal 1 0 0
      outer loop
         vertex 0.00795 0.01315 -0.00635
         vertex 0.00795 0.01315 -0.00815
         vertex 0.00795 0.0134127 -0.00735
      endloop
   endfacet
   facet normal 1 0 0
      outer loop
         vertex 0.00795 0.0135908 -0.00766927
         vertex 0.00795 0.0135537 -0.00764892
         vertex 0.00795 0.01315 -0.00815
      endloop
   endfacet
   facet normal 1 0 0
      outer loop
         vertex 0.00795 0.0136803 -0.00771832
         vertex 0.00795 0.0135908 -0.00766927
         vertex 0.00795 0.0131995 -0.00839874
      endloop
   endfacet
   facet normal 1 0 0
      outer loop
         vertex 0.00795 0.0135513 -0.00875052
         vertex 0.00795 0.013823 -0.00773662
         vertex 0.00795 0.0136803 -0.00771832
      endloop
   endfacet
   facet normal 1 0 0
      outer loop
         vertex 0.00795 0.0135013 -0.00531136
         vertex 0.00795 0.0135207 -0.00528166
         vertex 0.00795 0.0002 0.00655
      endloop
   endfacet
   facet normal 1 0 0
      outer loop
         vertex 0.00795 0.01315 -0.00815
         vertex 0.00795 0.0134159 -0.00740008
         vertex 0.00795 0.0134127 -0.00735
      endloop
   endfacet
   facet normal 1 0 0
      outer loop
         vertex 0.00795 0.0131995 -0.00839874
         vertex 0.00795 0.0133404 -0.00860962
         vertex 0.00795 0.0136803 -0.00771832
      endloop
   endfacet
   facet normal 1 0 0
      outer loop
         vertex 0.00795 0.0136803 -0.00771832
         vertex 0.00795 0.0133404 -0.00860962
         vertex 0.00795 0.0135513 -0.00875052
      endloop
   endfacet
   facet normal 1 0 0
      outer loop
         vertex 0.00795 0.01545 -0.0055
         vertex 0.00795 0.0002 0.00655
         vertex 0.00795 0.0139197 -0.00518166
      endloop
   endfacet
   facet normal 1 0 0
      outer loop
         vertex 0.00795 0.013591 -0.00523162
         vertex 0.00795 0.0136377 -0.00519836
         vertex 0.00795 0.0002 0.00655
      endloop
   endfacet
   facet normal 1 0 0
      outer loop
         vertex 0.00795 0.0134127 -0.00555
         vertex 0.00795 0.0131348 -0.00627346
         vertex 0.00795 0.01315 -0.00635
      endloop
   endfacet
   facet normal 1 0 0
      outer loop
         vertex 0.00795 0.01315 -0.00815
         vertex 0.00795 0.0134612 -0.00753774
         vertex 0.00795 0.0134335 -0.00745332
      endloop
   endfacet
   facet normal 1 0 0
      outer loop
         vertex 0.00795 0.01315 -0.00815
         vertex 0.00795 0.0135537 -0.00764892
         vertex 0.00795 0.0135039 -0.00758899
      endloop
   endfacet
   facet normal 1 0 0
      outer loop
         vertex 0.00795 0.0135513 -0.00875052
         vertex 0.00795 0.0138 -0.0088
         vertex 0.00795 0.013823 -0.00773662
      endloop
   endfacet
   facet normal 1 0 0
      outer loop
         vertex 0.00795 0.0139197 -0.00518166
         vertex 0.00795 0.0140092 -0.00523073
         vertex 0.00795 0.01545 -0.0055
      endloop
   endfacet
   facet normal 1 0 0
      outer loop
         vertex 0.00795 0.0136377 -0.00519836
         vertex 0.00795 0.0137769 -0.00516339
         vertex 0.00795 0.0002 0.00655
      endloop
   endfacet
   facet normal 1 0 0
      outer loop
         vertex 0.00795 0.0127652 -0.00627346
         vertex 0.00795 0.00873478 -0.00627346
         vertex 0.00795 0.01075 -0.00635
      endloop
   endfacet
   facet normal 1 0 0
      outer loop
         vertex 0.00795 0.0134335 -0.00745332
         vertex 0.00795 0.0134159 -0.00740008
         vertex 0.00795 0.01315 -0.00815
      endloop
   endfacet
   facet normal 1 0 0
      outer loop
         vertex 0.00795 0.01315 -0.00815
         vertex 0.00795 0.0131995 -0.00839874
         vertex 0.00795 0.0135908 -0.00766927
      endloop
   endfacet
   facet normal 1 0 0
      outer loop
         vertex 0.00795 0.01545 -0.0055
         vertex 0.00795 0.014184 -0.00549989
         vertex 0.00795 0.01445 -0.00655
      endloop
   endfacet
   facet normal 1 0 0
      outer loop
         vertex 0.00795 0.01545 -0.0055
         vertex 0.00795 0.0141387 -0.00536224
         vertex 0.00795 0.0141665 -0.00544668
      endloop
   endfacet
   facet normal 1 0 0
      outer loop
         vertex 0.00795 0.01545 -0.0055
         vertex 0.00795 0.0140462 -0.00525106
         vertex 0.00795 0.0140961 -0.00531101
      endloop
   endfacet
   facet normal 1 0 0
      outer loop
         vertex 0.00795 0.0137769 -0.00516339
         vertex 0.00795 0.0139197 -0.00518166
         vertex 0.00795 0.0002 0.00655
      endloop
   endfacet
   facet normal 1 0 0
      outer loop
         vertex 0.00795 0.0002 0.00655
         vertex 0.00795 0.0128735 -0.00616522
         vertex 0.00795 0.0134127 -0.00555
      endloop
   endfacet
   facet normal 1 0 0
      outer loop
         vertex 0.00795 0.00873478 -0.00627346
         vertex 0.00795 0.00875 -0.00635
         vertex 0.00795 0.01075 -0.00635
      endloop
   endfacet
   facet normal 1 0 0
      outer loop
         vertex 0.00795 0.0135039 -0.00758899
         vertex 0.00795 0.0134612 -0.00753774
         vertex 0.00795 0.01315 -0.00815
      endloop
   endfacet
   facet normal 1 0 0
      outer loop
         vertex 0.00795 0.0134127 -0.00555
         vertex 0.00795 0.01295 -0.00615
         vertex 0.00795 0.0130265 -0.00616522
      endloop
   endfacet
   facet normal 1 0 0
      outer loop
         vertex 0.00795 0.0141665 -0.00544668
         vertex 0.00795 0.014184 -0.00549989
         vertex 0.00795 0.01545 -0.0055
      endloop
   endfacet
   facet normal 1 0 0
      outer loop
         vertex 0.00795 0.0140092 -0.00523073
         vertex 0.00795 0.0140462 -0.00525106
         vertex 0.00795 0.01545 -0.0055
      endloop
   endfacet
   facet normal 1 0 0
      outer loop
         vertex 0.00795 0.0002 0.00655
         vertex 0.00795 0.0128086 -0.00620858
         vertex 0.00795 0.0128735 -0.00616522
      endloop
   endfacet
   facet normal 1 0 0
      outer loop
         vertex 0.00795 0.01075 -0.00635
         vertex 0.00795 0.01275 -0.00635
         vertex 0.00795 0.0127652 -0.00627346
      endloop
   endfacet
   facet normal 1 0 0
      outer loop
         vertex 0.00795 0.0128086 -0.00620858
         vertex 0.00795 0.00855 -0.00615
         vertex 0.00795 0.00862654 -0.00616522
      endloop
   endfacet
   facet normal 1 0 0
      outer loop
         vertex 0.00795 0.0002 0.00655
         vertex 0.00795 0.00847346 -0.00616522
         vertex 0.00795 0.00855 -0.00615
      endloop
   endfacet
   facet normal 1 0 0
      outer loop
         vertex 0.00795 0.00835 -0.00635
         vertex 0.00795 0.00815 -0.00655
         vertex 0.00795 0.00822654 -0.00653478
      endloop
   endfacet
   facet normal 1 0 0
      outer loop
         vertex 0.00795 0.01915 -0.00335
         vertex 0.00795 0.0002 0.00655
         vertex 0.00795 0.01545 -0.0055
      endloop
   endfacet
   facet normal 1 0 0
      outer loop
         vertex 0.00795 0.0134127 -0.00555
         vertex 0.00795 0.0130914 -0.00620858
         vertex 0.00795 0.0131348 -0.00627346
      endloop
   endfacet
   facet normal 1 0 0
      outer loop
         vertex 0.00795 0.0134127 -0.00555
         vertex 0.00795 0.0128735 -0.00616522
         vertex 0.00795 0.01295 -0.00615
      endloop
   endfacet
   facet normal 1 0 0
      outer loop
         vertex 0.00795 0.0140961 -0.00531101
         vertex 0.00795 0.0141387 -0.00536224
         vertex 0.00795 0.01545 -0.0055
      endloop
   endfacet
   facet normal 1 0 0
      outer loop
         vertex 0.00795 0.0134127 -0.00555
         vertex 0.00795 0.0134332 -0.00544672
         vertex 0.00795 0.0002 0.00655
      endloop
   endfacet
   facet normal 1 0 0
      outer loop
         vertex 0.00795 0.0128086 -0.00620858
         vertex 0.00795 0.00869142 -0.00620858
         vertex 0.00795 0.00873478 -0.00627346
      endloop
   endfacet
   facet normal 1 0 0
      outer loop
         vertex 0.00795 0.00855 -0.00615
         vertex 0.00795 0.0128086 -0.00620858
         vertex 0.00795 0.0002 0.00655
      endloop
   endfacet
   facet normal 1 0 0
      outer loop
         vertex 0.00795 0.00822654 -0.00653478
         vertex 0.00795 0.00829142 -0.00649142
         vertex 0.00795 0.00835 -0.00635
      endloop
   endfacet
   facet normal 1 0 0
      outer loop
         vertex 0.00795 0.0139623 -0.00770166
         vertex 0.00795 0.0144005 -0.00839874
         vertex 0.00795 0.01445 -0.00815
      endloop
   endfacet
   facet normal 1 0 0
      outer loop
         vertex 0.00795 0.02115 -0.0055
         vertex 0.00795 0.02115 0.00655
         vertex 0.00795 0.02035 -0.00325
      endloop
   endfacet
   facet normal 1 0 0
      outer loop
         vertex 0.00795 0.02115 0.00655
         vertex 0.00795 0.0002 0.00655
         vertex 0.00795 0.01915 -0.00325
      endloop
   endfacet
   facet normal 1 0 0
      outer loop
         vertex 0.00795 0.01545 -0.0055
         vertex 0.00795 0.01915 -0.00435
         vertex 0.00795 0.01915 -0.00335
      endloop
   endfacet
   facet normal 1 0 0
      outer loop
         vertex 0.00795 0.0130265 -0.00616522
         vertex 0.00795 0.0130914 -0.00620858
         vertex 0.00795 0.0134127 -0.00555
      endloop
   endfacet
   facet normal 1 0 0
      outer loop
         vertex 0.00795 0.0134332 -0.00544672
         vertex 0.00795 0.0134422 -0.00540186
         vertex 0.00795 0.0002 0.00655
      endloop
   endfacet
   facet normal 1 0 0
      outer loop
         vertex 0.00795 0.00862654 -0.00616522
         vertex 0.00795 0.00869142 -0.00620858
         vertex 0.00795 0.0128086 -0.00620858
      endloop
   endfacet
   facet normal 1 0 0
      outer loop
         vertex 0.00795 0.00835 -0.00635
         vertex 0.00795 0.0002 -0.00655
         vertex 0.00795 0.00815 -0.00655
      endloop
   endfacet
   facet normal 1 0 0
      outer loop
         vertex 0.00795 0.013823 -0.00773662
         vertex 0.00795 0.0140487 -0.00875052
         vertex 0.00795 0.0142596 -0.00860962
      endloop
   endfacet
   facet normal 1 0 0
      outer loop
         vertex 0.00795 0.0139623 -0.00770166
         vertex 0.00795 0.0142596 -0.00860962
         vertex 0.00795 0.0144005 -0.00839874
      endloop
   endfacet
   facet normal 1 0 0
      outer loop
         vertex 0.00795 0.01915 -0.00325
         vertex 0.00795 0.02035 -0.00325
         vertex 0.00795 0.02115 0.00655
      endloop
   endfacet
   facet normal 1 0 0
      outer loop
         vertex 0.00795 0.01545 -0.0055
         vertex 0.00795 0.01915 -0.00445
         vertex 0.00795 0.01915 -0.00435
      endloop
   endfacet
   facet normal 1 0 0
      outer loop
         vertex 0.00795 0.01445 -0.00655
         vertex 0.00795 0.01545 -0.00655
         vertex 0.00795 0.01545 -0.0055
      endloop
   endfacet
   facet normal 1 0 0
      outer loop
         vertex 0.00795 0.0002 0.00655
         vertex 0.00795 0.00840858 -0.00620858
         vertex 0.00795 0.00847346 -0.00616522
      endloop
   endfacet
   facet normal 1 0 0
      outer loop
         vertex 0.00795 0.0002 0.00655
         vertex 0.00795 0.0002 -0.00655
         vertex 0.00795 0.00836522 -0.00627346
      endloop
   endfacet
   facet normal 1 0 0
      outer loop
         vertex 0.00795 0.00829142 -0.00649142
         vertex 0.00795 0.00833478 -0.00642654
         vertex 0.00795 0.00835 -0.00635
      endloop
   endfacet
   facet normal 1 0 0
      outer loop
         vertex 0.00795 0.013823 -0.00773662
         vertex 0.00795 0.0138 -0.0088
         vertex 0.00795 0.0140487 -0.00875052
      endloop
   endfacet
   facet normal 1 0 0
      outer loop
         vertex 0.00795 0.01445 -0.00815
         vertex 0.00795 0.0140793 -0.00761836
         vertex 0.00795 0.014009 -0.00766838
      endloop
   endfacet
   facet normal 1 0 0
      outer loop
         vertex 0.00795 0.0141873 -0.00735
         vertex 0.00795 0.01445 -0.00815
         vertex 0.00795 0.01445 -0.00655
      endloop
   endfacet
   facet normal 1 0 0
      outer loop
         vertex 0.00795 0.01915 -0.00335
         vertex 0.00795 0.01915 -0.00325
         vertex 0.00795 0.0002 0.00655
      endloop
   endfacet
   facet normal 1 0 0
      outer loop
         vertex 0.00795 0.02115 -0.0055
         vertex 0.00795 0.02035 -0.00445
         vertex 0.00795 0.01915 -0.00445
      endloop
   endfacet
   facet normal 1 0 0
      outer loop
         vertex 0.00795 0.0127652 -0.00627346
         vertex 0.00795 0.0128086 -0.00620858
         vertex 0.00795 0.00873478 -0.00627346
      endloop
   endfacet
   facet normal 1 0 0
      outer loop
         vertex 0.00795 0.00835 -0.00635
         vertex 0.00795 0.00836522 -0.00627346
         vertex 0.00795 0.0002 -0.00655
      endloop
   endfacet
   facet normal 1 0 0
      outer loop
         vertex 0.00795 0.01445 -0.00815
         vertex 0.00795 0.014009 -0.00766838
         vertex 0.00795 0.0139623 -0.00770166
      endloop
   endfacet
   facet normal 1 0 0
      outer loop
         vertex 0.00795 0.01445 -0.00815
         vertex 0.00795 0.0141578 -0.00749814
         vertex 0.00795 0.0140987 -0.00758865
      endloop
   endfacet
   facet normal 1 0 0
      outer loop
         vertex 0.00795 0.01445 -0.00815
         vertex 0.00795 0.0141873 -0.00735
         vertex 0.00795 0.0141668 -0.00745328
      endloop
   endfacet
   facet normal 1 0 0
      outer loop
         vertex 0.00795 0.01445 -0.00655
         vertex 0.00795 0.014184 -0.00549989
         vertex 0.00795 0.0141873 -0.00555
      endloop
   endfacet
   facet normal 1 0 0
      outer loop
         vertex 0.00795 0.01915 -0.00445
         vertex 0.00795 0.01545 -0.0055
         vertex 0.00795 0.02115 -0.0055
      endloop
   endfacet
   facet normal 1 0 0
      outer loop
         vertex 0.00795 0.00836522 -0.00627346
         vertex 0.00795 0.00840858 -0.00620858
         vertex 0.00795 0.0002 0.00655
      endloop
   endfacet
   facet normal 1 0 0
      outer loop
         vertex 0.00795 0.0140987 -0.00758865
         vertex 0.00795 0.0140793 -0.00761836
         vertex 0.00795 0.01445 -0.00815
      endloop
   endfacet
   facet normal 1 0 0
      outer loop
         vertex 0.00795 0.01445 -0.00655
         vertex 0.00795 0.0141873 -0.00555
         vertex 0.00795 0.0141873 -0.00735
      endloop
   endfacet
   facet normal 1 0 0
      outer loop
         vertex 0.00795 0.0134127 -0.00735
         vertex 0.00795 0.0134127 -0.00555
         vertex 0.00795 0.01315 -0.00635
      endloop
   endfacet
   facet normal 1 0 0
      outer loop
         vertex 0.00795 0.0141668 -0.00745328
         vertex 0.00795 0.0141578 -0.00749814
         vertex 0.00795 0.01445 -0.00815
      endloop
   endfacet
   facet normal 1 0 0
      outer loop
         vertex 0.00795 0.0142596 -0.00860962
         vertex 0.00795 0.0139623 -0.00770166
         vertex 0.00795 0.013823 -0.00773662
      endloop
   endfacet
   facet normal 1 0 0
      outer loop
         vertex 0.00795 0.02035 -0.00325
         vertex 0.00795 0.02035 -0.00445
         vertex 0.00795 0.02115 -0.0055
      endloop
   endfacet
   facet normal 0.932451 -0.361296 0
      outer loop
         vertex 0.00806073 0.0135924 -0.00735
         vertex 0.00806073 0.0135924 -0.00555
         vertex 0.00806026 0.01359 -0.00555
      endloop
   endfacet
   facet normal 0.930894 -0.365289 0
      outer loop
         vertex 0.00806026 0.01359 -0.00735
         vertex 0.00806026 0.01359 -0.00555
         vertex 0.00795 0.0134127 -0.00555
      endloop
   endfacet
   facet normal 0.73913 -0.673562 0
      outer loop
         vertex 0.00795 0.0134127 -0.00555
         vertex 0.00795 0.0134127 -0.00735
         vertex 0.00806026 0.01359 -0.00735
      endloop
   endfacet
   facet normal 0.932451 -0.361296 0
      outer loop
         vertex 0.00806073 0.0135924 -0.00555
         vertex 0.00806073 0.0135924 -0.00735
         vertex 0.0081 0.0138 -0.00735
      endloop
   endfacet
   facet normal 1 5.93397e-15 0
      outer loop
         vertex 0.0081 0.0138 -0.00555
         vertex 0.0081 0.0138 -0.00735
         vertex 0.00806073 0.0140076 -0.00735
      endloop
   endfacet
   facet normal 0.930894 0.365289 0
      outer loop
         vertex 0.00806026 0.01401 -0.00735
         vertex 0.00795 0.0141873 -0.00735
         vertex 0.00795 0.0141873 -0.00555
      endloop
   endfacet
   facet normal 0.932451 0.361296 0
      outer loop
         vertex 0.00806073 0.0140076 -0.00735
         vertex 0.00806026 0.01401 -0.00735
         vertex 0.00806026 0.01401 -0.00555
      endloop
   endfacet
   facet normal 0.930894 0.365289 0
      outer loop
         vertex 0.00806026 0.01401 -0.00555
         vertex 0.00806073 0.0140076 -0.00555
         vertex 0.00806073 0.0140076 -0.00735
      endloop
   endfacet
   facet normal 0.73913 0.673562 0
      outer loop
         vertex 0.00795 0.0141873 -0.00555
         vertex 0.00806026 0.01401 -0.00555
         vertex 0.00806026 0.01401 -0.00735
      endloop
   endfacet
   facet normal 0.932451 0.361296 0
      outer loop
         vertex 0.00806073 0.0140076 -0.00735
         vertex 0.00806073 0.0140076 -0.00555
         vertex 0.0081 0.0138 -0.00555
      endloop
   endfacet
   facet normal 1 5.93397e-15 0
      outer loop
         vertex 0.0081 0.0138 -0.00735
         vertex 0.0081 0.0138 -0.00555
         vertex 0.00806073 0.0135924 -0.00555
      endloop
   endfacet
   facet normal 0.930894 -0.365289 0
      outer loop
         vertex 0.00806026 0.01359 -0.00555
         vertex 0.00806026 0.01359 -0.00735
         vertex 0.00806073 0.0135924 -0.00735
      endloop
   endfacet
   facet normal 0.873702 4.37882e-12 -0.486461
      outer loop
         vertex 0.00802738 0.0138 -0.00762971
         vertex 0.00799266 0.01401 -0.00761038
         vertex 0.0080455 0.01401 -0.00747486
      endloop
   endfacet
   facet normal 0.813325 -0.365289 -0.452843
      outer loop
         vertex 0.00799266 0.01359 -0.00761038
         vertex 0.00802738 0.0138 -0.00762971
         vertex 0.00808414 0.0138 -0.00748412
      endloop
   endfacet
   facet normal 0.972413 5.3108e-12 -0.233264
      outer loop
         vertex 0.00808414 0.0138 -0.00748412
         vertex 0.0080455 0.01401 -0.00747486
         vertex 0.00806073 0.0140076 -0.00735
      endloop
   endfacet
   facet normal 0.905214 0.365289 -0.217144
      outer loop
         vertex 0.0080455 0.01401 -0.00747486
         vertex 0.00806026 0.01401 -0.00735
         vertex 0.00806073 0.0140076 -0.00735
      endloop
   endfacet
   facet normal 0.972413 5.3108e-12 -0.233264
      outer loop
         vertex 0.00808414 0.0138 -0.00748412
         vertex 0.0081 0.0138 -0.00735
         vertex 0.00806073 0.0135924 -0.00735
      endloop
   endfacet
   facet normal 0.932451 -0.361296 -3.87233e-06
      outer loop
         vertex 0.00806073 0.0135924 -0.00735
         vertex 0.0080455 0.01359 -0.00747486
         vertex 0.00808414 0.0138 -0.00748412
      endloop
   endfacet
   facet normal 0.930894 -0.365289 -3.86586e-06
      outer loop
         vertex 0.00806026 0.01359 -0.00735
         vertex 0.00795 0.0134159 -0.00740008
         vertex 0.00795 0.0134335 -0.00745332
      endloop
   endfacet
   facet normal 0.930894 -0.365289 -3.86586e-06
      outer loop
         vertex 0.00806026 0.01359 -0.00735
         vertex 0.00795 0.0134127 -0.00735
         vertex 0.00795 0.0134159 -0.00740008
      endloop
   endfacet
   facet normal 0.905214 -0.365289 -0.217144
      outer loop
         vertex 0.0080455 0.01359 -0.00747486
         vertex 0.00795 0.0134612 -0.00753774
         vertex 0.00795 0.0135039 -0.00758899
      endloop
   endfacet
   facet normal 0.905214 -0.365289 -0.217144
      outer loop
         vertex 0.0080455 0.01359 -0.00747486
         vertex 0.00795 0.0134335 -0.00745332
         vertex 0.00795 0.0134612 -0.00753774
      endloop
   endfacet
   facet normal 0.813325 -0.365289 -0.452843
      outer loop
         vertex 0.00799266 0.01359 -0.00761038
         vertex 0.00795 0.0135039 -0.00758899
         vertex 0.00795 0.0135537 -0.00764892
      endloop
   endfacet
   facet normal 0.873702 4.37882e-12 -0.486461
      outer loop
         vertex 0.00802738 0.0138 -0.00762971
         vertex 0.00799266 0.01359 -0.00761038
         vertex 0.00795 0.0135908 -0.00766927
      endloop
   endfacet
   facet normal 0.743999 -0.366176 -0.55891
      outer loop
         vertex 0.00795 0.0135908 -0.00766927
         vertex 0.00795 0.0136803 -0.00771832
         vertex 0.00802738 0.0138 -0.00762971
      endloop
   endfacet
   facet normal 0.873702 4.37882e-12 -0.486461
      outer loop
         vertex 0.00802738 0.0138 -0.00762971
         vertex 0.00795 0.0139623 -0.00770166
         vertex 0.00795 0.014009 -0.00766838
      endloop
   endfacet
   facet normal 0.873702 4.37882e-12 -0.486461
      outer loop
         vertex 0.00802738 0.0138 -0.00762971
         vertex 0.00795 0.013823 -0.00773662
         vertex 0.00795 0.0139623 -0.00770166
      endloop
   endfacet
   facet normal 0.813325 0.365289 -0.452843
      outer loop
         vertex 0.00799266 0.01401 -0.00761038
         vertex 0.00795 0.014009 -0.00766838
         vertex 0.00795 0.0140793 -0.00761836
      endloop
   endfacet
   facet normal 0.905214 0.365289 -0.217144
      outer loop
         vertex 0.0080455 0.01401 -0.00747486
         vertex 0.00799266 0.01401 -0.00761038
         vertex 0.00795 0.0140987 -0.00758865
      endloop
   endfacet
   facet normal 0.743458 0.522483 -0.41747
      outer loop
         vertex 0.00795 0.0140987 -0.00758865
         vertex 0.00795 0.0141578 -0.00749814
         vertex 0.0080455 0.01401 -0.00747486
      endloop
   endfacet
   facet normal 0.930894 0.365289 -3.86586e-06
      outer loop
         vertex 0.00806026 0.01401 -0.00735
         vertex 0.0080455 0.01401 -0.00747486
         vertex 0.00795 0.0141668 -0.00745328
      endloop
   endfacet
   facet normal 0.744573 0.642549 -0.180948
      outer loop
         vertex 0.00795 0.0141668 -0.00745328
         vertex 0.00795 0.0141873 -0.00735
         vertex 0.00806026 0.01401 -0.00735
      endloop
   endfacet
   facet normal 0.73913 0.622344 -0.257632
      outer loop
         vertex 0.00795 0.0141578 -0.00749814
         vertex 0.00795 0.0141668 -0.00745328
         vertex 0.0080455 0.01401 -0.00747486
      endloop
   endfacet
   facet normal 0.73913 0.485663 -0.46671
      outer loop
         vertex 0.00795 0.0140793 -0.00761836
         vertex 0.00795 0.0140987 -0.00758865
         vertex 0.00799266 0.01401 -0.00761038
      endloop
   endfacet
   facet normal 0.744722 0.366259 -0.557892
      outer loop
         vertex 0.00795 0.014009 -0.00766838
         vertex 0.00799266 0.01401 -0.00761038
         vertex 0.00802738 0.0138 -0.00762971
      endloop
   endfacet
   facet normal 0.739127 -0.208251 -0.640565
      outer loop
         vertex 0.00795 0.0136803 -0.00771832
         vertex 0.00795 0.013823 -0.00773662
         vertex 0.00802738 0.0138 -0.00762971
      endloop
   endfacet
   facet normal 0.739127 -0.428298 -0.519858
      outer loop
         vertex 0.00795 0.0135537 -0.00764892
         vertex 0.00795 0.0135908 -0.00766927
         vertex 0.00799266 0.01359 -0.00761038
      endloop
   endfacet
   facet normal 0.745005 -0.519096 -0.418936
      outer loop
         vertex 0.00795 0.0135039 -0.00758899
         vertex 0.00799266 0.01359 -0.00761038
         vertex 0.0080455 0.01359 -0.00747486
      endloop
   endfacet
   facet normal 0.744758 -0.642304 -0.181055
      outer loop
         vertex 0.00795 0.0134335 -0.00745332
         vertex 0.0080455 0.01359 -0.00747486
         vertex 0.00806026 0.01359 -0.00735
      endloop
   endfacet
   facet normal 0.932451 -0.361296 -3.87233e-06
      outer loop
         vertex 0.00806073 0.0135924 -0.00735
         vertex 0.00806026 0.01359 -0.00735
         vertex 0.0080455 0.01359 -0.00747486
      endloop
   endfacet
   facet normal 0.932451 0.361296 -3.87233e-06
      outer loop
         vertex 0.00806073 0.0140076 -0.00735
         vertex 0.0081 0.0138 -0.00735
         vertex 0.00808414 0.0138 -0.00748412
      endloop
   endfacet
   facet normal 0.972413 5.3108e-12 -0.233264
      outer loop
         vertex 0.00808414 0.0138 -0.00748412
         vertex 0.0080455 0.01359 -0.00747486
         vertex 0.00799266 0.01359 -0.00761038
      endloop
   endfacet
   facet normal 0.905214 0.365289 -0.217144
      outer loop
         vertex 0.0080455 0.01401 -0.00747486
         vertex 0.00808414 0.0138 -0.00748412
         vertex 0.00802738 0.0138 -0.00762971
      endloop
   endfacet
   facet normal 0.873702 2.79189e-13 0.486461
      outer loop
         vertex 0.00802738 0.0138 -0.00527029
         vertex 0.00799266 0.01359 -0.00528962
         vertex 0.0080455 0.01359 -0.00542514
      endloop
   endfacet
   facet normal 0.813325 0.365289 0.452844
      outer loop
         vertex 0.00799266 0.01401 -0.00528962
         vertex 0.00802738 0.0138 -0.00527029
         vertex 0.00808414 0.0138 -0.00541588
      endloop
   endfacet
   facet normal 0.972413 -7.28144e-13 0.233265
      outer loop
         vertex 0.00808414 0.0138 -0.00541588
         vertex 0.0080455 0.01359 -0.00542514
         vertex 0.00806073 0.0135924 -0.00555
      endloop
   endfacet
   facet normal 0.905214 -0.365289 0.217145
      outer loop
         vertex 0.0080455 0.01359 -0.00542514
         vertex 0.00806026 0.01359 -0.00555
         vertex 0.00806073 0.0135924 -0.00555
      endloop
   endfacet
   facet normal 0.972413 -7.28144e-13 0.233265
      outer loop
         vertex 0.00808414 0.0138 -0.00541588
         vertex 0.0081 0.0138 -0.00555
         vertex 0.00806073 0.0140076 -0.00555
      endloop
   endfacet
   facet normal 0.932451 0.361296 5.23904e-06
      outer loop
         vertex 0.00806073 0.0140076 -0.00555
         vertex 0.0080455 0.01401 -0.00542514
         vertex 0.00808414 0.0138 -0.00541588
      endloop
   endfacet
   facet normal 0.930894 0.365289 5.23029e-06
      outer loop
         vertex 0.00806026 0.01401 -0.00555
         vertex 0.00795 0.014184 -0.00549989
         vertex 0.00795 0.0141665 -0.00544668
      endloop
   endfacet
   facet normal 0.930894 0.365289 5.23029e-06
      outer loop
         vertex 0.00806026 0.01401 -0.00555
         vertex 0.00795 0.0141873 -0.00555
         vertex 0.00795 0.014184 -0.00549989
      endloop
   endfacet
   facet normal 0.905214 0.365289 0.217145
      outer loop
         vertex 0.0080455 0.01401 -0.00542514
         vertex 0.00795 0.0141387 -0.00536224
         vertex 0.00795 0.0140961 -0.00531101
      endloop
   endfacet
   facet normal 0.905214 0.365289 0.217145
      outer loop
         vertex 0.0080455 0.01401 -0.00542514
         vertex 0.00795 0.0141665 -0.00544668
         vertex 0.00795 0.0141387 -0.00536224
      endloop
   endfacet
   facet normal 0.813325 0.365289 0.452844
      outer loop
         vertex 0.00799266 0.01401 -0.00528962
         vertex 0.00795 0.0140961 -0.00531101
         vertex 0.00795 0.0140462 -0.00525106
      endloop
   endfacet
   facet normal 0.873702 2.79189e-13 0.486461
      outer loop
         vertex 0.00802738 0.0138 -0.00527029
         vertex 0.00799266 0.01401 -0.00528962
         vertex 0.00795 0.0140092 -0.00523073
      endloop
   endfacet
   facet normal 0.743997 0.366176 0.558912
      outer loop
         vertex 0.00795 0.0140092 -0.00523073
         vertex 0.00795 0.0139197 -0.00518166
         vertex 0.00802738 0.0138 -0.00527029
      endloop
   endfacet
   facet normal 0.873702 2.79189e-13 0.486461
      outer loop
         vertex 0.00802738 0.0138 -0.00527029
         vertex 0.00795 0.0136377 -0.00519836
         vertex 0.00795 0.013591 -0.00523162
      endloop
   endfacet
   facet normal 0.873702 2.79189e-13 0.486461
      outer loop
         vertex 0.00802738 0.0138 -0.00527029
         vertex 0.00795 0.0137769 -0.00516339
         vertex 0.00795 0.0136377 -0.00519836
      endloop
   endfacet
   facet normal 0.813325 -0.365289 0.452844
      outer loop
         vertex 0.00799266 0.01359 -0.00528962
         vertex 0.00795 0.013591 -0.00523162
         vertex 0.00795 0.0135207 -0.00528166
      endloop
   endfacet
   facet normal 0.905214 -0.365289 0.217145
      outer loop
         vertex 0.0080455 0.01359 -0.00542514
         vertex 0.00799266 0.01359 -0.00528962
         vertex 0.00795 0.0135013 -0.00531136
      endloop
   endfacet
   facet normal 0.743456 -0.522489 0.417467
      outer loop
         vertex 0.00795 0.0135013 -0.00531136
         vertex 0.00795 0.0134422 -0.00540186
         vertex 0.0080455 0.01359 -0.00542514
      endloop
   endfacet
   facet normal 0.930894 -0.365289 5.23029e-06
      outer loop
         vertex 0.00806026 0.01359 -0.00555
         vertex 0.0080455 0.01359 -0.00542514
         vertex 0.00795 0.0134332 -0.00544672
      endloop
   endfacet
   facet normal 0.744573 -0.642549 0.180949
      outer loop
         vertex 0.00795 0.0134332 -0.00544672
         vertex 0.00795 0.0134127 -0.00555
         vertex 0.00806026 0.01359 -0.00555
      endloop
   endfacet
   facet normal 0.73913 -0.622345 0.25763
      outer loop
         vertex 0.00795 0.0134422 -0.00540186
         vertex 0.00795 0.0134332 -0.00544672
         vertex 0.0080455 0.01359 -0.00542514
      endloop
   endfacet
   facet normal 0.73913 -0.485691 0.466681
      outer loop
         vertex 0.00795 0.0135207 -0.00528166
         vertex 0.00795 0.0135013 -0.00531136
         vertex 0.00799266 0.01359 -0.00528962
      endloop
   endfacet
   facet normal 0.744718 -0.366259 0.557897
      outer loop
         vertex 0.00795 0.013591 -0.00523162
         vertex 0.00799266 0.01359 -0.00528962
         vertex 0.00802738 0.0138 -0.00527029
      endloop
   endfacet
   facet normal 0.739127 0.208176 0.640589
      outer loop
         vertex 0.00795 0.0139197 -0.00518166
         vertex 0.00795 0.0137769 -0.00516339
         vertex 0.00802738 0.0138 -0.00527029
      endloop
   endfacet
   facet normal 0.739127 0.428255 0.519894
      outer loop
         vertex 0.00795 0.0140462 -0.00525106
         vertex 0.00795 0.0140092 -0.00523073
         vertex 0.00799266 0.01401 -0.00528962
      endloop
   endfacet
   facet normal 0.745004 0.519096 0.418936
      outer loop
         vertex 0.00795 0.0140961 -0.00531101
         vertex 0.00799266 0.01401 -0.00528962
         vertex 0.0080455 0.01401 -0.00542514
      endloop
   endfacet
   facet normal 0.744757 0.642305 0.181055
      outer loop
         vertex 0.00795 0.0141665 -0.00544668
         vertex 0.0080455 0.01401 -0.00542514
         vertex 0.00806026 0.01401 -0.00555
      endloop
   endfacet
   facet normal 0.932451 0.361296 5.23904e-06
      outer loop
         vertex 0.00806073 0.0140076 -0.00555
         vertex 0.00806026 0.01401 -0.00555
         vertex 0.0080455 0.01401 -0.00542514
      endloop
   endfacet
   facet normal 0.932451 -0.361296 5.23904e-06
      outer loop
         vertex 0.00806073 0.0135924 -0.00555
         vertex 0.0081 0.0138 -0.00555
         vertex 0.00808414 0.0138 -0.00541588
      endloop
   endfacet
   facet normal 0.972413 -7.28144e-13 0.233265
      outer loop
         vertex 0.00808414 0.0138 -0.00541588
         vertex 0.0080455 0.01401 -0.00542514
         vertex 0.00799266 0.01401 -0.00528962
      endloop
   endfacet
   facet normal 0.905214 -0.365289 0.217145
      outer loop
         vertex 0.0080455 0.01359 -0.00542514
         vertex 0.00808414 0.0138 -0.00541588
         vertex 0.00802738 0.0138 -0.00527029
      endloop
   endfacet
   facet normal 0 0 -1
      outer loop
         vertex 0.00795 0.01915 -0.00325
         vertex 0.00775 0.01915 -0.00325
         vertex 0.00775 0.02035 -0.00325
      endloop
   endfacet
   facet normal 0 0 -1
      outer loop
         vertex 0.00775 0.02035 -0.00325
         vertex 0.00795 0.02035 -0.00325
         vertex 0.00795 0.01915 -0.00325
      endloop
   endfacet
   facet normal 0 -1 0
      outer loop
         vertex 0.00795 0.02035 -0.00325
         vertex 0.00775 0.02035 -0.00325
         vertex 0.00775 0.02035 -0.00445
      endloop
   endfacet
   facet normal 0 -1 0
      outer loop
         vertex 0.00775 0.02035 -0.00445
         vertex 0.00795 0.02035 -0.00445
         vertex 0.00795 0.02035 -0.00325
      endloop
   endfacet
   facet normal 0 0 1
      outer loop
         vertex 0.00795 0.02035 -0.00445
         vertex 0.00775 0.02035 -0.00445
         vertex 0.00775 0.01915 -0.00445
      endloop
   endfacet
   facet normal 0 0 1
      outer loop
         vertex 0.00775 0.01915 -0.00445
         vertex 0.00795 0.01915 -0.00445
         vertex 0.00795 0.02035 -0.00445
      endloop
   endfacet
   facet normal 0 1 0
      outer loop
         vertex 0.00795 0.01915 -0.00435
         vertex 0.00795 0.01915 -0.00445
         vertex 0.00775 0.01915 -0.00445
      endloop
   endfacet
   facet normal 0 1 0
      outer loop
         vertex 0.00775 0.01915 -0.00445
         vertex 0.00775 0.01915 -0.00435
         vertex 0.00795 0.01915 -0.00435
      endloop
   endfacet
   facet normal 0 0 -1
      outer loop
         vertex 0.00775 0.01915 -0.00435
         vertex 0.00775 0.02011 -0.00435
         vertex 0.00795 0.01915 -0.00435
      endloop
   endfacet
   facet normal 1 0 0
      outer loop
         vertex 0.00775 0.01915 -0.00445
         vertex 0.00775 0.02035 -0.00445
         vertex 0.00775 0.02011 -0.00435
      endloop
   endfacet
   facet normal 1 0 0
      outer loop
         vertex 0.00775 0.02035 -0.00445
         vertex 0.00775 0.02035 -0.00325
         vertex 0.00775 0.02011 -0.00335
      endloop
   endfacet
   facet normal 1 0 0
      outer loop
         vertex 0.00775 0.02011 -0.00335
         vertex 0.00775 0.02011 -0.00435
         vertex 0.00775 0.02035 -0.00445
      endloop
   endfacet
   facet normal 1 0 0
      outer loop
         vertex 0.00775 0.01915 -0.00325
         vertex 0.00775 0.01915 -0.00335
         vertex 0.00775 0.02011 -0.00335
      endloop
   endfacet
   facet normal 1 0 0
      outer loop
         vertex 0.00775 0.02011 -0.00335
         vertex 0.00775 0.02035 -0.00325
         vertex 0.00775 0.01915 -0.00325
      endloop
   endfacet
   facet normal 1 0 0
      outer loop
         vertex 0.00775 0.02011 -0.00435
         vertex 0.00775 0.01915 -0.00435
         vertex 0.00775 0.01915 -0.00445
      endloop
   endfacet
   facet normal 0.97898 0.203954 0
      outer loop
         vertex 0.00775 0.02011 -0.00435
         vertex 0.00775 0.02011 -0.00335
         vertex 0.00795 0.01915 -0.00335
      endloop
   endfacet
   facet normal 0.97898 0.203954 0
      outer loop
         vertex 0.00795 0.01915 -0.00335
         vertex 0.00795 0.01915 -0.00435
         vertex 0.00775 0.02011 -0.00435
      endloop
   endfacet
   facet normal 0 1 0
      outer loop
         vertex 0.00775 0.01915 -0.00335
         vertex 0.00775 0.01915 -0.00325
         vertex 0.00795 0.01915 -0.00325
      endloop
   endfacet
   facet normal 0 1 0
      outer loop
         vertex 0.00795 0.01915 -0.00325
         vertex 0.00795 0.01915 -0.00335
         vertex 0.00775 0.01915 -0.00335
      endloop
   endfacet
   facet normal 0 0 1
      outer loop
         vertex 0.00775 0.02011 -0.00335
         vertex 0.00775 0.01915 -0.00335
         vertex 0.00795 0.01915 -0.00335
      endloop
   endfacet
   facet normal -1 0 0
      outer loop
         vertex -0.00795 0.0136377 -0.00770166
         vertex -0.00795 0.0131995 -0.00839874
         vertex -0.00795 0.01315 -0.00815
      endloop
   endfacet
   facet normal -1 0 0
      outer loop
         vertex -0.00795 0.013777 -0.00773662
         vertex -0.00795 0.0135513 -0.00875052
         vertex -0.00795 0.0133404 -0.00860962
      endloop
   endfacet
   facet normal -1 0 0
      outer loop
         vertex -0.00795 0.0136377 -0.00770166
         vertex -0.00795 0.0133404 -0.00860962
         vertex -0.00795 0.0131995 -0.00839874
      endloop
   endfacet
   facet normal -1 0 0
      outer loop
         vertex -0.00795 0.013777 -0.00773662
         vertex -0.00795 0.0138 -0.0088
         vertex -0.00795 0.0135513 -0.00875052
      endloop
   endfacet
   facet normal -1 0 0
      outer loop
         vertex -0.00795 0.01315 -0.00815
         vertex -0.00795 0.0135207 -0.00761836
         vertex -0.00795 0.013591 -0.00766838
      endloop
   endfacet
   facet normal -1 0 0
      outer loop
         vertex -0.00795 0.00833478 -0.00642654
         vertex -0.00795 0.00829142 -0.00649142
         vertex -0.00795 0.00822654 -0.00653478
      endloop
   endfacet
   facet normal -1 0 0
      outer loop
         vertex -0.00795 0.0140487 -0.00875052
         vertex -0.00795 0.013777 -0.00773662
         vertex -0.00795 0.0139197 -0.00771832
      endloop
   endfacet
   facet normal -1 0 0
      outer loop
         vertex -0.00795 0.01315 -0.00815
         vertex -0.00795 0.013591 -0.00766838
         vertex -0.00795 0.0136377 -0.00770166
      endloop
   endfacet
   facet normal -1 0 0
      outer loop
         vertex -0.00795 0.01315 -0.00815
         vertex -0.00795 0.0134422 -0.00749814
         vertex -0.00795 0.0135013 -0.00758865
      endloop
   endfacet
   facet normal -1 0 0
      outer loop
         vertex -0.00795 0.00815 -0.00655
         vertex -0.00795 0.00835 -0.00635
         vertex -0.00795 0.00833478 -0.00642654
      endloop
   endfacet
   facet normal -1 0 0
      outer loop
         vertex -0.00795 0.0140092 -0.00766927
         vertex -0.00795 0.0140463 -0.00764892
         vertex -0.00795 0.01445 -0.00815
      endloop
   endfacet
   facet normal -1 0 0
      outer loop
         vertex -0.00795 0.0139197 -0.00771832
         vertex -0.00795 0.0140092 -0.00766927
         vertex -0.00795 0.0144005 -0.00839874
      endloop
   endfacet
   facet normal -1 0 0
      outer loop
         vertex -0.00795 0.0139197 -0.00771832
         vertex -0.00795 0.0142596 -0.00860962
         vertex -0.00795 0.0140487 -0.00875052
      endloop
   endfacet
   facet normal -1 0 0
      outer loop
         vertex -0.00795 0.0135013 -0.00758865
         vertex -0.00795 0.0135207 -0.00761836
         vertex -0.00795 0.01315 -0.00815
      endloop
   endfacet
   facet normal -1 0 0
      outer loop
         vertex -0.00795 0.00822654 -0.00653478
         vertex -0.00795 0.00815 -0.00655
         vertex -0.00795 0.00833478 -0.00642654
      endloop
   endfacet
   facet normal -1 0 0
      outer loop
         vertex -0.00795 0.0128735 -0.00616522
         vertex -0.00795 0.0128086 -0.00620858
         vertex -0.00795 0.01075 -0.00635
      endloop
   endfacet
   facet normal -1 0 0
      outer loop
         vertex -0.00795 0.0144005 -0.00839874
         vertex -0.00795 0.0142596 -0.00860962
         vertex -0.00795 0.0139197 -0.00771832
      endloop
   endfacet
   facet normal -1 0 0
      outer loop
         vertex -0.00795 0.0133404 -0.00860962
         vertex -0.00795 0.0136377 -0.00770166
         vertex -0.00795 0.013777 -0.00773662
      endloop
   endfacet
   facet normal -1 0 0
      outer loop
         vertex -0.00795 0.0002 -0.00655
         vertex -0.00795 0.00836522 -0.00627346
         vertex -0.00795 0.00835 -0.00635
      endloop
   endfacet
   facet normal -1 0 0
      outer loop
         vertex -0.00795 0.0002 0.00655
         vertex -0.00795 0.00840858 -0.00620858
         vertex -0.00795 0.00836522 -0.00627346
      endloop
   endfacet
   facet normal -1 0 0
      outer loop
         vertex -0.00795 0.01075 -0.00635
         vertex -0.00795 0.00873478 -0.00627346
         vertex -0.00795 0.0128735 -0.00616522
      endloop
   endfacet
   facet normal -1 0 0
      outer loop
         vertex -0.00795 0.01445 -0.00815
         vertex -0.00795 0.0141388 -0.00753774
         vertex -0.00795 0.0141665 -0.00745332
      endloop
   endfacet
   facet normal -1 0 0
      outer loop
         vertex -0.00795 0.01445 -0.00815
         vertex -0.00795 0.0140463 -0.00764892
         vertex -0.00795 0.0140961 -0.00758899
      endloop
   endfacet
   facet normal -1 0 0
      outer loop
         vertex -0.00795 0.0140487 -0.00875052
         vertex -0.00795 0.0138 -0.0088
         vertex -0.00795 0.013777 -0.00773662
      endloop
   endfacet
   facet normal -1 0 0
      outer loop
         vertex -0.00795 0.01315 -0.00815
         vertex -0.00795 0.01315 -0.00635
         vertex -0.00795 0.0134127 -0.00735
      endloop
   endfacet
   facet normal -1 0 0
      outer loop
         vertex -0.00795 0.00836522 -0.00627346
         vertex -0.00795 0.0002 -0.00655
         vertex -0.00795 0.0002 0.00655
      endloop
   endfacet
   facet normal -1 0 0
      outer loop
         vertex -0.00795 0.0128735 -0.00616522
         vertex -0.00795 0.00869142 -0.00620858
         vertex -0.00795 0.00862654 -0.00616522
      endloop
   endfacet
   facet normal -1 0 0
      outer loop
         vertex -0.00795 0.01075 -0.00635
         vertex -0.00795 0.00875 -0.00635
         vertex -0.00795 0.00873478 -0.00627346
      endloop
   endfacet
   facet normal -1 0 0
      outer loop
         vertex -0.00795 0.0002 0.00655
         vertex -0.00795 0.0134612 -0.00536226
         vertex -0.00795 0.01295 -0.00615
      endloop
   endfacet
   facet normal -1 0 0
      outer loop
         vertex -0.00795 0.0002 0.00655
         vertex -0.00795 0.0135537 -0.00525108
         vertex -0.00795 0.0135039 -0.00531101
      endloop
   endfacet
   facet normal -1 0 0
      outer loop
         vertex -0.00795 0.0002 0.00655
         vertex -0.00795 0.0136803 -0.00518168
         vertex -0.00795 0.0135908 -0.00523073
      endloop
   endfacet
   facet normal -1 0 0
      outer loop
         vertex -0.00795 0.0002 0.00655
         vertex -0.00795 0.01915 -0.00325
         vertex -0.00795 0.013823 -0.00516338
      endloop
   endfacet
   facet normal -1 0 0
      outer loop
         vertex -0.00795 0.0141665 -0.00745332
         vertex -0.00795 0.0141841 -0.00740008
         vertex -0.00795 0.01445 -0.00815
      endloop
   endfacet
   facet normal -1 0 0
      outer loop
         vertex -0.00795 0.01445 -0.00815
         vertex -0.00795 0.0144005 -0.00839874
         vertex -0.00795 0.0140092 -0.00766927
      endloop
   endfacet
   facet normal -1 0 0
      outer loop
         vertex -0.00795 0.0134127 -0.00735
         vertex -0.00795 0.0134332 -0.00745328
         vertex -0.00795 0.01315 -0.00815
      endloop
   endfacet
   facet normal -1 0 0
      outer loop
         vertex -0.00795 0.0002 0.00655
         vertex -0.00795 0.00847346 -0.00616522
         vertex -0.00795 0.00840858 -0.00620858
      endloop
   endfacet
   facet normal -1 0 0
      outer loop
         vertex -0.00795 0.0002 0.00655
         vertex -0.00795 0.00862654 -0.00616522
         vertex -0.00795 0.00855 -0.00615
      endloop
   endfacet
   facet normal -1 0 0
      outer loop
         vertex -0.00795 0.01075 -0.00635
         vertex -0.00795 0.0128086 -0.00620858
         vertex -0.00795 0.0127652 -0.00627346
      endloop
   endfacet
   facet normal -1 0 0
      outer loop
         vertex -0.00795 0.00873478 -0.00627346
         vertex -0.00795 0.00869142 -0.00620858
         vertex -0.00795 0.0128735 -0.00616522
      endloop
   endfacet
   facet normal -1 0 0
      outer loop
         vertex -0.00795 0.0135039 -0.00531101
         vertex -0.00795 0.0134612 -0.00536226
         vertex -0.00795 0.0002 0.00655
      endloop
   endfacet
   facet normal -1 0 0
      outer loop
         vertex -0.00795 0.013823 -0.00516338
         vertex -0.00795 0.0136803 -0.00518168
         vertex -0.00795 0.0002 0.00655
      endloop
   endfacet
   facet normal -1 0 0
      outer loop
         vertex -0.00795 0.0140961 -0.00758899
         vertex -0.00795 0.0141388 -0.00753774
         vertex -0.00795 0.01445 -0.00815
      endloop
   endfacet
   facet normal -1 0 0
      outer loop
         vertex -0.00795 0.0134332 -0.00745328
         vertex -0.00795 0.0134422 -0.00749814
         vertex -0.00795 0.01315 -0.00815
      endloop
   endfacet
   facet normal -1 0 0
      outer loop
         vertex -0.00795 0.00855 -0.00615
         vertex -0.00795 0.00847346 -0.00616522
         vertex -0.00795 0.0002 0.00655
      endloop
   endfacet
   facet normal -1 0 0
      outer loop
         vertex -0.00795 0.00862654 -0.00616522
         vertex -0.00795 0.0002 0.00655
         vertex -0.00795 0.0128735 -0.00616522
      endloop
   endfacet
   facet normal -1 0 0
      outer loop
         vertex -0.00795 0.0135908 -0.00523073
         vertex -0.00795 0.0135537 -0.00525108
         vertex -0.00795 0.0002 0.00655
      endloop
   endfacet
   facet normal -1 0 0
      outer loop
         vertex -0.00795 0.0130265 -0.00616522
         vertex -0.00795 0.0134159 -0.00549992
         vertex -0.00795 0.0134127 -0.00555
      endloop
   endfacet
   facet normal -1 0 0
      outer loop
         vertex -0.00795 0.0130265 -0.00616522
         vertex -0.00795 0.0134612 -0.00536226
         vertex -0.00795 0.0134335 -0.00544668
      endloop
   endfacet
   facet normal -1 0 0
      outer loop
         vertex -0.00795 0.0134127 -0.00555
         vertex -0.00795 0.0134127 -0.00735
         vertex -0.00795 0.0131348 -0.00627346
      endloop
   endfacet
   facet normal -1 0 0
      outer loop
         vertex -0.00795 0.01315 -0.00635
         vertex -0.00795 0.0131348 -0.00627346
         vertex -0.00795 0.0134127 -0.00735
      endloop
   endfacet
   facet normal -1 0 0
      outer loop
         vertex -0.00795 0.0127652 -0.00627346
         vertex -0.00795 0.01275 -0.00635
         vertex -0.00795 0.01075 -0.00635
      endloop
   endfacet
   facet normal -1 0 0
      outer loop
         vertex -0.00795 0.0134612 -0.00536226
         vertex -0.00795 0.0130265 -0.00616522
         vertex -0.00795 0.01295 -0.00615
      endloop
   endfacet
   facet normal -1 0 0
      outer loop
         vertex -0.00795 0.0134335 -0.00544668
         vertex -0.00795 0.0134159 -0.00549992
         vertex -0.00795 0.0130265 -0.00616522
      endloop
   endfacet
   facet normal -1 0 0
      outer loop
         vertex -0.00795 0.0141841 -0.00740008
         vertex -0.00795 0.01445 -0.00655
         vertex -0.00795 0.01445 -0.00815
      endloop
   endfacet
   facet normal -1 0 0
      outer loop
         vertex -0.00795 0.01295 -0.00615
         vertex -0.00795 0.0128735 -0.00616522
         vertex -0.00795 0.0002 0.00655
      endloop
   endfacet
   facet normal -1 0 0
      outer loop
         vertex -0.00795 0.0131348 -0.00627346
         vertex -0.00795 0.0130914 -0.00620858
         vertex -0.00795 0.0134127 -0.00555
      endloop
   endfacet
   facet normal -1 0 0
      outer loop
         vertex -0.00795 0.01445 -0.00655
         vertex -0.00795 0.0141841 -0.00740008
         vertex -0.00795 0.0141873 -0.00735
      endloop
   endfacet
   facet normal -1 0 0
      outer loop
         vertex -0.00795 0.0134127 -0.00555
         vertex -0.00795 0.0130914 -0.00620858
         vertex -0.00795 0.0130265 -0.00616522
      endloop
   endfacet
   facet normal -1 0 0
      outer loop
         vertex -0.00795 0.0141873 -0.00555
         vertex -0.00795 0.01545 -0.0055
         vertex -0.00795 0.01445 -0.00655
      endloop
   endfacet
   facet normal -1 0 0
      outer loop
         vertex -0.00795 0.02115 -0.0055
         vertex -0.00795 0.01545 -0.0055
         vertex -0.00795 0.01915 -0.00445
      endloop
   endfacet
   facet normal -1 0 0
      outer loop
         vertex -0.00795 0.01915 -0.00325
         vertex -0.00795 0.0140793 -0.00528164
         vertex -0.00795 0.014009 -0.00523162
      endloop
   endfacet
   facet normal -1 0 0
      outer loop
         vertex -0.00795 0.0140987 -0.00531135
         vertex -0.00795 0.01915 -0.00325
         vertex -0.00795 0.01915 -0.00335
      endloop
   endfacet
   facet normal -1 0 0
      outer loop
         vertex -0.00795 0.0141578 -0.00540186
         vertex -0.00795 0.01915 -0.00435
         vertex -0.00795 0.01915 -0.00445
      endloop
   endfacet
   facet normal -1 0 0
      outer loop
         vertex -0.00795 0.02115 0.00655
         vertex -0.00795 0.02035 -0.00325
         vertex -0.00795 0.01915 -0.00325
      endloop
   endfacet
   facet normal -1 0 0
      outer loop
         vertex -0.00795 0.02115 -0.0055
         vertex -0.00795 0.02035 -0.00445
         vertex -0.00795 0.02035 -0.00325
      endloop
   endfacet
   facet normal -1 0 0
      outer loop
         vertex -0.00795 0.0141873 -0.00735
         vertex -0.00795 0.0141873 -0.00555
         vertex -0.00795 0.01445 -0.00655
      endloop
   endfacet
   facet normal -1 0 0
      outer loop
         vertex -0.00795 0.01915 -0.00445
         vertex -0.00795 0.02035 -0.00445
         vertex -0.00795 0.02115 -0.0055
      endloop
   endfacet
   facet normal -1 0 0
      outer loop
         vertex -0.00795 0.014009 -0.00523162
         vertex -0.00795 0.0139623 -0.00519834
         vertex -0.00795 0.01915 -0.00325
      endloop
   endfacet
   facet normal -1 0 0
      outer loop
         vertex -0.00795 0.01915 -0.00335
         vertex -0.00795 0.0141578 -0.00540186
         vertex -0.00795 0.0140987 -0.00531135
      endloop
   endfacet
   facet normal -1 0 0
      outer loop
         vertex -0.00795 0.01915 -0.00445
         vertex -0.00795 0.0141873 -0.00555
         vertex -0.00795 0.0141668 -0.00544672
      endloop
   endfacet
   facet normal -1 0 0
      outer loop
         vertex -0.00795 0.02035 -0.00325
         vertex -0.00795 0.02115 0.00655
         vertex -0.00795 0.02115 -0.0055
      endloop
   endfacet
   facet normal -1 0 0
      outer loop
         vertex -0.00795 0.01545 -0.0055
         vertex -0.00795 0.0141873 -0.00555
         vertex -0.00795 0.01915 -0.00445
      endloop
   endfacet
   facet normal -1 0 0
      outer loop
         vertex -0.00795 0.0140987 -0.00531135
         vertex -0.00795 0.0140793 -0.00528164
         vertex -0.00795 0.01915 -0.00325
      endloop
   endfacet
   facet normal -1 0 0
      outer loop
         vertex -0.00795 0.0141578 -0.00540186
         vertex -0.00795 0.01915 -0.00335
         vertex -0.00795 0.01915 -0.00435
      endloop
   endfacet
   facet normal -1 0 0
      outer loop
         vertex -0.00795 0.00815 -0.00655
         vertex -0.00795 0.0002 -0.00655
         vertex -0.00795 0.00835 -0.00635
      endloop
   endfacet
   facet normal -1 0 0
      outer loop
         vertex -0.00795 0.01915 -0.00445
         vertex -0.00795 0.0141668 -0.00544672
         vertex -0.00795 0.0141578 -0.00540186
      endloop
   endfacet
   facet normal -1 0 0
      outer loop
         vertex -0.00795 0.0139623 -0.00519834
         vertex -0.00795 0.013823 -0.00516338
         vertex -0.00795 0.01915 -0.00325
      endloop
   endfacet
   facet normal -1 0 0
      outer loop
         vertex -0.00795 0.01915 -0.00325
         vertex -0.00795 0.0002 0.00655
         vertex -0.00795 0.02115 0.00655
      endloop
   endfacet
   facet normal -1 0 0
      outer loop
         vertex -0.00795 0.01545 -0.0055
         vertex -0.00795 0.01545 -0.00655
         vertex -0.00795 0.01445 -0.00655
      endloop
   endfacet
   facet normal -0.932451 0.361296 0
      outer loop
         vertex -0.00806073 0.0140076 -0.00735
         vertex -0.00806073 0.0140076 -0.00555
         vertex -0.00806026 0.01401 -0.00555
      endloop
   endfacet
   facet normal -0.73913 0.673562 0
      outer loop
         vertex -0.00795 0.0141873 -0.00555
         vertex -0.00795 0.0141873 -0.00735
         vertex -0.00806026 0.01401 -0.00735
      endloop
   endfacet
   facet normal -0.930894 0.365289 0
      outer loop
         vertex -0.00806026 0.01401 -0.00735
         vertex -0.00806026 0.01401 -0.00555
         vertex -0.00795 0.0141873 -0.00555
      endloop
   endfacet
   facet normal -0.932451 0.361296 0
      outer loop
         vertex -0.00806073 0.0140076 -0.00555
         vertex -0.00806073 0.0140076 -0.00735
         vertex -0.0081 0.0138 -0.00735
      endloop
   endfacet
   facet normal -1 1.83697e-16 0
      outer loop
         vertex -0.0081 0.0138 -0.00555
         vertex -0.0081 0.0138 -0.00735
         vertex -0.00806073 0.0135924 -0.00735
      endloop
   endfacet
   facet normal -0.932451 -0.361296 0
      outer loop
         vertex -0.00806073 0.0135924 -0.00555
         vertex -0.00806073 0.0135924 -0.00735
         vertex -0.00806026 0.01359 -0.00735
      endloop
   endfacet
   facet normal -0.73913 -0.673562 0
      outer loop
         vertex -0.00795 0.0134127 -0.00735
         vertex -0.00795 0.0134127 -0.00555
         vertex -0.00806026 0.01359 -0.00555
      endloop
   endfacet
   facet normal -0.930894 -0.365289 0
      outer loop
         vertex -0.00806026 0.01359 -0.00555
         vertex -0.00806026 0.01359 -0.00735
         vertex -0.00795 0.0134127 -0.00735
      endloop
   endfacet
   facet normal -0.930894 -0.365289 0
      outer loop
         vertex -0.00806026 0.01359 -0.00735
         vertex -0.00806026 0.01359 -0.00555
         vertex -0.00806073 0.0135924 -0.00555
      endloop
   endfacet
   facet normal -0.932451 -0.361296 0
      outer loop
         vertex -0.00806073 0.0135924 -0.00735
         vertex -0.00806073 0.0135924 -0.00555
         vertex -0.0081 0.0138 -0.00555
      endloop
   endfacet
   facet normal -1 1.83697e-16 0
      outer loop
         vertex -0.0081 0.0138 -0.00735
         vertex -0.0081 0.0138 -0.00555
         vertex -0.00806073 0.0140076 -0.00555
      endloop
   endfacet
   facet normal -0.930894 0.365289 0
      outer loop
         vertex -0.00806026 0.01401 -0.00555
         vertex -0.00806026 0.01401 -0.00735
         vertex -0.00806073 0.0140076 -0.00735
      endloop
   endfacet
   facet normal -0.873702 4.39615e-12 0.486461
      outer loop
         vertex -0.00802738 0.0138 -0.00527029
         vertex -0.00799266 0.01401 -0.00528962
         vertex -0.0080455 0.01401 -0.00542514
      endloop
   endfacet
   facet normal -0.813325 -0.365289 0.452843
      outer loop
         vertex -0.00799266 0.01359 -0.00528962
         vertex -0.00802738 0.0138 -0.00527029
         vertex -0.00808414 0.0138 -0.00541588
      endloop
   endfacet
   facet normal -0.972413 5.32342e-12 0.233264
      outer loop
         vertex -0.00808414 0.0138 -0.00541588
         vertex -0.0080455 0.01401 -0.00542514
         vertex -0.00806073 0.0140076 -0.00555
      endloop
   endfacet
   facet normal -0.905214 0.365289 0.217144
      outer loop
         vertex -0.0080455 0.01401 -0.00542514
         vertex -0.00806026 0.01401 -0.00555
         vertex -0.00806073 0.0140076 -0.00555
      endloop
   endfacet
   facet normal -0.972413 5.32342e-12 0.233264
      outer loop
         vertex -0.00808414 0.0138 -0.00541588
         vertex -0.0081 0.0138 -0.00555
         vertex -0.00806073 0.0135924 -0.00555
      endloop
   endfacet
   facet normal -0.932451 -0.361296 3.87213e-06
      outer loop
         vertex -0.00806073 0.0135924 -0.00555
         vertex -0.0080455 0.01359 -0.00542514
         vertex -0.00808414 0.0138 -0.00541588
      endloop
   endfacet
   facet normal -0.930894 -0.365289 3.86566e-06
      outer loop
         vertex -0.00806026 0.01359 -0.00555
         vertex -0.00795 0.0134159 -0.00549992
         vertex -0.00795 0.0134335 -0.00544668
      endloop
   endfacet
   facet normal -0.930894 -0.365289 3.86566e-06
      outer loop
         vertex -0.00806026 0.01359 -0.00555
         vertex -0.00795 0.0134127 -0.00555
         vertex -0.00795 0.0134159 -0.00549992
      endloop
   endfacet
   facet normal -0.905214 -0.365289 0.217144
      outer loop
         vertex -0.0080455 0.01359 -0.00542514
         vertex -0.00795 0.0134612 -0.00536226
         vertex -0.00795 0.0135039 -0.00531101
      endloop
   endfacet
   facet normal -0.905214 -0.365289 0.217144
      outer loop
         vertex -0.0080455 0.01359 -0.00542514
         vertex -0.00795 0.0134335 -0.00544668
         vertex -0.00795 0.0134612 -0.00536226
      endloop
   endfacet
   facet normal -0.813325 -0.365289 0.452843
      outer loop
         vertex -0.00799266 0.01359 -0.00528962
         vertex -0.00795 0.0135039 -0.00531101
         vertex -0.00795 0.0135537 -0.00525108
      endloop
   endfacet
   facet normal -0.873702 4.39615e-12 0.486461
      outer loop
         vertex -0.00802738 0.0138 -0.00527029
         vertex -0.00799266 0.01359 -0.00528962
         vertex -0.00795 0.0135908 -0.00523073
      endloop
   endfacet
   facet normal -0.743999 -0.366176 0.55891
      outer loop
         vertex -0.00795 0.0135908 -0.00523073
         vertex -0.00795 0.0136803 -0.00518168
         vertex -0.00802738 0.0138 -0.00527029
      endloop
   endfacet
   facet normal -0.873702 4.39615e-12 0.486461
      outer loop
         vertex -0.00802738 0.0138 -0.00527029
         vertex -0.00795 0.0139623 -0.00519834
         vertex -0.00795 0.014009 -0.00523162
      endloop
   endfacet
   facet normal -0.873702 4.39615e-12 0.486461
      outer loop
         vertex -0.00802738 0.0138 -0.00527029
         vertex -0.00795 0.013823 -0.00516338
         vertex -0.00795 0.0139623 -0.00519834
      endloop
   endfacet
   facet normal -0.813325 0.365289 0.452843
      outer loop
         vertex -0.00799266 0.01401 -0.00528962
         vertex -0.00795 0.014009 -0.00523162
         vertex -0.00795 0.0140793 -0.00528164
      endloop
   endfacet
   facet normal -0.905214 0.365289 0.217144
      outer loop
         vertex -0.0080455 0.01401 -0.00542514
         vertex -0.00799266 0.01401 -0.00528962
         vertex -0.00795 0.0140987 -0.00531135
      endloop
   endfacet
   facet normal -0.743458 0.522483 0.41747
      outer loop
         vertex -0.00795 0.0140987 -0.00531135
         vertex -0.00795 0.0141578 -0.00540186
         vertex -0.0080455 0.01401 -0.00542514
      endloop
   endfacet
   facet normal -0.930894 0.365289 3.86566e-06
      outer loop
         vertex -0.00806026 0.01401 -0.00555
         vertex -0.0080455 0.01401 -0.00542514
         vertex -0.00795 0.0141668 -0.00544672
      endloop
   endfacet
   facet normal -0.744573 0.642549 0.180948
      outer loop
         vertex -0.00795 0.0141668 -0.00544672
         vertex -0.00795 0.0141873 -0.00555
         vertex -0.00806026 0.01401 -0.00555
      endloop
   endfacet
   facet normal -0.73913 0.622344 0.257632
      outer loop
         vertex -0.00795 0.0141578 -0.00540186
         vertex -0.00795 0.0141668 -0.00544672
         vertex -0.0080455 0.01401 -0.00542514
      endloop
   endfacet
   facet normal -0.73913 0.485663 0.46671
      outer loop
         vertex -0.00795 0.0140793 -0.00528164
         vertex -0.00795 0.0140987 -0.00531135
         vertex -0.00799266 0.01401 -0.00528962
      endloop
   endfacet
   facet normal -0.744722 0.366259 0.557892
      outer loop
         vertex -0.00795 0.014009 -0.00523162
         vertex -0.00799266 0.01401 -0.00528962
         vertex -0.00802738 0.0138 -0.00527029
      endloop
   endfacet
   facet normal -0.739127 -0.208251 0.640565
      outer loop
         vertex -0.00795 0.0136803 -0.00518168
         vertex -0.00795 0.013823 -0.00516338
         vertex -0.00802738 0.0138 -0.00527029
      endloop
   endfacet
   facet normal -0.739127 -0.428298 0.519858
      outer loop
         vertex -0.00795 0.0135537 -0.00525108
         vertex -0.00795 0.0135908 -0.00523073
         vertex -0.00799266 0.01359 -0.00528962
      endloop
   endfacet
   facet normal -0.745005 -0.519096 0.418936
      outer loop
         vertex -0.00795 0.0135039 -0.00531101
         vertex -0.00799266 0.01359 -0.00528962
         vertex -0.0080455 0.01359 -0.00542514
      endloop
   endfacet
   facet normal -0.744758 -0.642304 0.181055
      outer loop
         vertex -0.00795 0.0134335 -0.00544668
         vertex -0.0080455 0.01359 -0.00542514
         vertex -0.00806026 0.01359 -0.00555
      endloop
   endfacet
   facet normal -0.932451 -0.361296 3.87213e-06
      outer loop
         vertex -0.00806073 0.0135924 -0.00555
         vertex -0.00806026 0.01359 -0.00555
         vertex -0.0080455 0.01359 -0.00542514
      endloop
   endfacet
   facet normal -0.932451 0.361296 3.87213e-06
      outer loop
         vertex -0.00806073 0.0140076 -0.00555
         vertex -0.0081 0.0138 -0.00555
         vertex -0.00808414 0.0138 -0.00541588
      endloop
   endfacet
   facet normal -0.972413 5.32342e-12 0.233264
      outer loop
         vertex -0.00808414 0.0138 -0.00541588
         vertex -0.0080455 0.01359 -0.00542514
         vertex -0.00799266 0.01359 -0.00528962
      endloop
   endfacet
   facet normal -0.905214 0.365289 0.217144
      outer loop
         vertex -0.0080455 0.01401 -0.00542514
         vertex -0.00808414 0.0138 -0.00541588
         vertex -0.00802738 0.0138 -0.00527029
      endloop
   endfacet
   facet normal -0.873702 -9.57075e-12 -0.486461
      outer loop
         vertex -0.00802738 0.0138 -0.00762971
         vertex -0.00799266 0.01359 -0.00761038
         vertex -0.0080455 0.01359 -0.00747486
      endloop
   endfacet
   facet normal -0.813325 0.365289 -0.452843
      outer loop
         vertex -0.00799266 0.01401 -0.00761038
         vertex -0.00802738 0.0138 -0.00762971
         vertex -0.00808414 0.0138 -0.00748412
      endloop
   endfacet
   facet normal -0.972413 -1.0585e-11 -0.233264
      outer loop
         vertex -0.00808414 0.0138 -0.00748412
         vertex -0.0080455 0.01359 -0.00747486
         vertex -0.00806073 0.0135924 -0.00735
      endloop
   endfacet
   facet normal -0.905214 -0.365289 -0.217144
      outer loop
         vertex -0.0080455 0.01359 -0.00747486
         vertex -0.00806026 0.01359 -0.00735
         vertex -0.00806073 0.0135924 -0.00735
      endloop
   endfacet
   facet normal -0.972413 -1.0585e-11 -0.233264
      outer loop
         vertex -0.00808414 0.0138 -0.00748412
         vertex -0.0081 0.0138 -0.00735
         vertex -0.00806073 0.0140076 -0.00735
      endloop
   endfacet
   facet normal -0.932451 0.361296 -3.87212e-06
      outer loop
         vertex -0.00806073 0.0140076 -0.00735
         vertex -0.0080455 0.01401 -0.00747486
         vertex -0.00808414 0.0138 -0.00748412
      endloop
   endfacet
   facet normal -0.930894 0.365289 -3.86566e-06
      outer loop
         vertex -0.00806026 0.01401 -0.00735
         vertex -0.00795 0.0141841 -0.00740008
         vertex -0.00795 0.0141665 -0.00745332
      endloop
   endfacet
   facet normal -0.930894 0.365289 -3.86566e-06
      outer loop
         vertex -0.00806026 0.01401 -0.00735
         vertex -0.00795 0.0141873 -0.00735
         vertex -0.00795 0.0141841 -0.00740008
      endloop
   endfacet
   facet normal -0.905214 0.365289 -0.217144
      outer loop
         vertex -0.0080455 0.01401 -0.00747486
         vertex -0.00795 0.0141388 -0.00753774
         vertex -0.00795 0.0140961 -0.00758899
      endloop
   endfacet
   facet normal -0.905214 0.365289 -0.217144
      outer loop
         vertex -0.0080455 0.01401 -0.00747486
         vertex -0.00795 0.0141665 -0.00745332
         vertex -0.00795 0.0141388 -0.00753774
      endloop
   endfacet
   facet normal -0.813325 0.365289 -0.452843
      outer loop
         vertex -0.00799266 0.01401 -0.00761038
         vertex -0.00795 0.0140961 -0.00758899
         vertex -0.00795 0.0140463 -0.00764892
      endloop
   endfacet
   facet normal -0.873702 -9.57075e-12 -0.486461
      outer loop
         vertex -0.00802738 0.0138 -0.00762971
         vertex -0.00799266 0.01401 -0.00761038
         vertex -0.00795 0.0140092 -0.00766927
      endloop
   endfacet
   facet normal -0.743999 0.366176 -0.55891
      outer loop
         vertex -0.00795 0.0140092 -0.00766927
         vertex -0.00795 0.0139197 -0.00771832
         vertex -0.00802738 0.0138 -0.00762971
      endloop
   endfacet
   facet normal -0.873702 -9.57075e-12 -0.486461
      outer loop
         vertex -0.00802738 0.0138 -0.00762971
         vertex -0.00795 0.0136377 -0.00770166
         vertex -0.00795 0.013591 -0.00766838
      endloop
   endfacet
   facet normal -0.873702 -9.57075e-12 -0.486461
      outer loop
         vertex -0.00802738 0.0138 -0.00762971
         vertex -0.00795 0.013777 -0.00773662
         vertex -0.00795 0.0136377 -0.00770166
      endloop
   endfacet
   facet normal -0.813325 -0.365289 -0.452843
      outer loop
         vertex -0.00799266 0.01359 -0.00761038
         vertex -0.00795 0.013591 -0.00766838
         vertex -0.00795 0.0135207 -0.00761836
      endloop
   endfacet
   facet normal -0.905214 -0.365289 -0.217144
      outer loop
         vertex -0.0080455 0.01359 -0.00747486
         vertex -0.00799266 0.01359 -0.00761038
         vertex -0.00795 0.0135013 -0.00758865
      endloop
   endfacet
   facet normal -0.743458 -0.522483 -0.41747
      outer loop
         vertex -0.00795 0.0135013 -0.00758865
         vertex -0.00795 0.0134422 -0.00749814
         vertex -0.0080455 0.01359 -0.00747486
      endloop
   endfacet
   facet normal -0.930894 -0.365289 -3.86566e-06
      outer loop
         vertex -0.00806026 0.01359 -0.00735
         vertex -0.0080455 0.01359 -0.00747486
         vertex -0.00795 0.0134332 -0.00745328
      endloop
   endfacet
   facet normal -0.744573 -0.642549 -0.180948
      outer loop
         vertex -0.00795 0.0134332 -0.00745328
         vertex -0.00795 0.0134127 -0.00735
         vertex -0.00806026 0.01359 -0.00735
      endloop
   endfacet
   facet normal -0.73913 -0.622344 -0.257632
      outer loop
         vertex -0.00795 0.0134422 -0.00749814
         vertex -0.00795 0.0134332 -0.00745328
         vertex -0.0080455 0.01359 -0.00747486
      endloop
   endfacet
   facet normal -0.73913 -0.485663 -0.46671
      outer loop
         vertex -0.00795 0.0135207 -0.00761836
         vertex -0.00795 0.0135013 -0.00758865
         vertex -0.00799266 0.01359 -0.00761038
      endloop
   endfacet
   facet normal -0.744722 -0.366259 -0.557892
      outer loop
         vertex -0.00795 0.013591 -0.00766838
         vertex -0.00799266 0.01359 -0.00761038
         vertex -0.00802738 0.0138 -0.00762971
      endloop
   endfacet
   facet normal -0.739127 0.208251 -0.640565
      outer loop
         vertex -0.00795 0.0139197 -0.00771832
         vertex -0.00795 0.013777 -0.00773662
         vertex -0.00802738 0.0138 -0.00762971
      endloop
   endfacet
   facet normal -0.739127 0.428298 -0.519858
      outer loop
         vertex -0.00795 0.0140463 -0.00764892
         vertex -0.00795 0.0140092 -0.00766927
         vertex -0.00799266 0.01401 -0.00761038
      endloop
   endfacet
   facet normal -0.745005 0.519096 -0.418936
      outer loop
         vertex -0.00795 0.0140961 -0.00758899
         vertex -0.00799266 0.01401 -0.00761038
         vertex -0.0080455 0.01401 -0.00747486
      endloop
   endfacet
   facet normal -0.744758 0.642304 -0.181055
      outer loop
         vertex -0.00795 0.0141665 -0.00745332
         vertex -0.0080455 0.01401 -0.00747486
         vertex -0.00806026 0.01401 -0.00735
      endloop
   endfacet
   facet normal -0.932451 0.361296 -3.87212e-06
      outer loop
         vertex -0.00806073 0.0140076 -0.00735
         vertex -0.00806026 0.01401 -0.00735
         vertex -0.0080455 0.01401 -0.00747486
      endloop
   endfacet
   facet normal -0.932451 -0.361296 -3.87213e-06
      outer loop
         vertex -0.00806073 0.0135924 -0.00735
         vertex -0.0081 0.0138 -0.00735
         vertex -0.00808414 0.0138 -0.00748412
      endloop
   endfacet
   facet normal -0.972413 -1.0585e-11 -0.233264
      outer loop
         vertex -0.00808414 0.0138 -0.00748412
         vertex -0.0080455 0.01401 -0.00747486
         vertex -0.00799266 0.01401 -0.00761038
      endloop
   endfacet
   facet normal -0.905214 -0.365289 -0.217144
      outer loop
         vertex -0.0080455 0.01359 -0.00747486
         vertex -0.00808414 0.0138 -0.00748412
         vertex -0.00802738 0.0138 -0.00762971
      endloop
   endfacet
   facet normal 0 0 1
      outer loop
         vertex -0.00775 0.02035 -0.00445
         vertex -0.00795 0.02035 -0.00445
         vertex -0.00795 0.01915 -0.00445
      endloop
   endfacet
   facet normal 0 0 1
      outer loop
         vertex -0.00795 0.01915 -0.00445
         vertex -0.00775 0.01915 -0.00445
         vertex -0.00775 0.02035 -0.00445
      endloop
   endfacet
   facet normal 0 -1 0
      outer loop
         vertex -0.00775 0.02035 -0.00325
         vertex -0.00795 0.02035 -0.00325
         vertex -0.00795 0.02035 -0.00445
      endloop
   endfacet
   facet normal 0 -1 0
      outer loop
         vertex -0.00795 0.02035 -0.00445
         vertex -0.00775 0.02035 -0.00445
         vertex -0.00775 0.02035 -0.00325
      endloop
   endfacet
   facet normal 0 0 -1
      outer loop
         vertex -0.00795 0.02035 -0.00325
         vertex -0.00775 0.02035 -0.00325
         vertex -0.00775 0.01915 -0.00325
      endloop
   endfacet
   facet normal 0 0 -1
      outer loop
         vertex -0.00775 0.01915 -0.00325
         vertex -0.00795 0.01915 -0.00325
         vertex -0.00795 0.02035 -0.00325
      endloop
   endfacet
   facet normal 0 1 0
      outer loop
         vertex -0.00775 0.01915 -0.00445
         vertex -0.00795 0.01915 -0.00445
         vertex -0.00795 0.01915 -0.00435
      endloop
   endfacet
   facet normal 0 1 0
      outer loop
         vertex -0.00795 0.01915 -0.00435
         vertex -0.00775 0.01915 -0.00435
         vertex -0.00775 0.01915 -0.00445
      endloop
   endfacet
   facet normal 0 0 -1
      outer loop
         vertex -0.00795 0.01915 -0.00435
         vertex -0.00775 0.02011 -0.00435
         vertex -0.00775 0.01915 -0.00435
      endloop
   endfacet
   facet normal -1 0 0
      outer loop
         vertex -0.00775 0.01915 -0.00325
         vertex -0.00775 0.02035 -0.00325
         vertex -0.00775 0.02011 -0.00335
      endloop
   endfacet
   facet normal -1 0 0
      outer loop
         vertex -0.00775 0.02035 -0.00325
         vertex -0.00775 0.02035 -0.00445
         vertex -0.00775 0.02011 -0.00435
      endloop
   endfacet
   facet normal -1 0 0
      outer loop
         vertex -0.00775 0.02011 -0.00435
         vertex -0.00775 0.02011 -0.00335
         vertex -0.00775 0.02035 -0.00325
      endloop
   endfacet
   facet normal -1 0 0
      outer loop
         vertex -0.00775 0.01915 -0.00445
         vertex -0.00775 0.01915 -0.00435
         vertex -0.00775 0.02011 -0.00435
      endloop
   endfacet
   facet normal -1 0 0
      outer loop
         vertex -0.00775 0.02011 -0.00435
         vertex -0.00775 0.02035 -0.00445
         vertex -0.00775 0.01915 -0.00445
      endloop
   endfacet
   facet normal -1 0 0
      outer loop
         vertex -0.00775 0.02011 -0.00335
         vertex -0.00775 0.01915 -0.00335
         vertex -0.00775 0.01915 -0.00325
      endloop
   endfacet
   facet normal -0.97898 0.203954 0
      outer loop
         vertex -0.00775 0.02011 -0.00335
         vertex -0.00775 0.02011 -0.00435
         vertex -0.00795 0.01915 -0.00435
      endloop
   endfacet
   facet normal -0.97898 0.203954 0
      outer loop
         vertex -0.00795 0.01915 -0.00435
         vertex -0.00795 0.01915 -0.00335
         vertex -0.00775 0.02011 -0.00335
      endloop
   endfacet
   facet normal 0 1 0
      outer loop
         vertex -0.00795 0.01915 -0.00325
         vertex -0.00775 0.01915 -0.00325
         vertex -0.00775 0.01915 -0.00335
      endloop
   endfacet
   facet normal 0 1 0
      outer loop
         vertex -0.00775 0.01915 -0.00335
         vertex -0.00795 0.01915 -0.00335
         vertex -0.00795 0.01915 -0.00325
      endloop
   endfacet
   facet normal 0 0 1
      outer loop
         vertex -0.00775 0.02011 -0.00335
         vertex -0.00795 0.01915 -0.00335
         vertex -0.00775 0.01915 -0.00335
      endloop
   endfacet
   facet normal 0 -1 0
      outer loop
         vertex -0.00306 0.0099 -0.00252707
         vertex -0.00306 0.0099 -0.0059
         vertex -0.00204 0.0099 -0.0059
      endloop
   endfacet
   facet normal 0 -1 0
      outer loop
         vertex -0.00204 0.0099 -0.00252707
         vertex -0.00204 0.0099 -0.0059
         vertex -0.00102 0.0099 -0.0059
      endloop
   endfacet
   facet normal 0 -1 0
      outer loop
         vertex -0.00102 0.0099 -0.00252707
         vertex -0.00102 0.0099 -0.0059
         vertex 0 0.0099 -0.0059
      endloop
   endfacet
   facet normal 0 -1 0
      outer loop
         vertex 0 0.0099 -0.00252707
         vertex 0 0.0099 -0.0059
         vertex 0.00102 0.0099 -0.0059
      endloop
   endfacet
   facet normal 0 -1 0
      outer loop
         vertex 0.00102 0.0099 -0.00252707
         vertex 0.00102 0.0099 -0.0059
         vertex 0.00204 0.0099 -0.0059
      endloop
   endfacet
   facet normal 0 -1 0
      outer loop
         vertex 0.00204 0.0099 -0.00252707
         vertex 0.00204 0.0099 -0.0059
         vertex 0.00306 0.0099 -0.0059
      endloop
   endfacet
   facet normal 0 -1 0
      outer loop
         vertex -0.00204 0.0099 0.00402
         vertex -0.00234 0.0099 0.00122898
         vertex -0.00234 0.0099 0.000845855
      endloop
   endfacet
   facet normal 0 -1 0
      outer loop
         vertex -0.00204 0.0099 0.00402
         vertex -0.00306 0.0099 0.00402
         vertex -0.00276 0.0099 0.00122898
      endloop
   endfacet
   facet normal 0 -1 0
      outer loop
         vertex -0.00306 0.0099 0.00402
         vertex -0.00306 0.0099 -0.00252707
         vertex -0.00276 0.0099 0.000845855
      endloop
   endfacet
   facet normal 0 -1 0
      outer loop
         vertex -0.00306 0.0099 -0.00252707
         vertex -0.00204 0.0099 -0.00252707
         vertex -0.00234 0.0099 0.000845855
      endloop
   endfacet
   facet normal 0 -1 0
      outer loop
         vertex -0.00276 0.0099 0.00122898
         vertex -0.00234 0.0099 0.00122898
         vertex -0.00204 0.0099 0.00402
      endloop
   endfacet
   facet normal 0 -1 0
      outer loop
         vertex -0.00234 0.0099 0.000845855
         vertex -0.00276 0.0099 0.000845855
         vertex -0.00306 0.0099 -0.00252707
      endloop
   endfacet
   facet normal 0 -1 0
      outer loop
         vertex -0.00276 0.0099 0.000845855
         vertex -0.00276 0.0099 0.00122898
         vertex -0.00306 0.0099 0.00402
      endloop
   endfacet
   facet normal 0 -1 0
      outer loop
         vertex -0.00102 0.0099 0.00402
         vertex -0.00132 0.0099 0.00122898
         vertex -0.00132 0.0099 0.000845855
      endloop
   endfacet
   facet normal 0 -1 0
      outer loop
         vertex -0.00102 0.0099 0.00402
         vertex -0.00204 0.0099 0.00402
         vertex -0.00174 0.0099 0.00122898
      endloop
   endfacet
   facet normal 0 -1 0
      outer loop
         vertex -0.00204 0.0099 0.00402
         vertex -0.00204 0.0099 -0.00252707
         vertex -0.00174 0.0099 0.000845855
      endloop
   endfacet
   facet normal 0 -1 0
      outer loop
         vertex -0.00204 0.0099 -0.00252707
         vertex -0.00102 0.0099 -0.00252707
         vertex -0.00132 0.0099 0.000845855
      endloop
   endfacet
   facet normal 0 -1 0
      outer loop
         vertex -0.00174 0.0099 0.00122898
         vertex -0.00132 0.0099 0.00122898
         vertex -0.00102 0.0099 0.00402
      endloop
   endfacet
   facet normal 0 -1 0
      outer loop
         vertex -0.00132 0.0099 0.000845855
         vertex -0.00174 0.0099 0.000845855
         vertex -0.00204 0.0099 -0.00252707
      endloop
   endfacet
   facet normal 0 -1 0
      outer loop
         vertex -0.00174 0.0099 0.000845855
         vertex -0.00174 0.0099 0.00122898
         vertex -0.00204 0.0099 0.00402
      endloop
   endfacet
   facet normal 0 -1 0
      outer loop
         vertex 0 0.0099 0.00402
         vertex -0.0003 0.0099 0.00122898
         vertex -0.0003 0.0099 0.000845855
      endloop
   endfacet
   facet normal 0 -1 0
      outer loop
         vertex 0 0.0099 0.00402
         vertex -0.00102 0.0099 0.00402
         vertex -0.00072 0.0099 0.00122898
      endloop
   endfacet
   facet normal 0 -1 0
      outer loop
         vertex -0.00102 0.0099 0.00402
         vertex -0.00102 0.0099 -0.00252707
         vertex -0.00072 0.0099 0.000845855
      endloop
   endfacet
   facet normal 0 -1 0
      outer loop
         vertex -0.00102 0.0099 -0.00252707
         vertex 0 0.0099 -0.00252707
         vertex -0.0003 0.0099 0.000845855
      endloop
   endfacet
   facet normal 0 -1 0
      outer loop
         vertex -0.00072 0.0099 0.00122898
         vertex -0.0003 0.0099 0.00122898
         vertex 0 0.0099 0.00402
      endloop
   endfacet
   facet normal 0 -1 0
      outer loop
         vertex -0.0003 0.0099 0.000845855
         vertex -0.00072 0.0099 0.000845855
         vertex -0.00102 0.0099 -0.00252707
      endloop
   endfacet
   facet normal 0 -1 0
      outer loop
         vertex -0.00072 0.0099 0.000845855
         vertex -0.00072 0.0099 0.00122898
         vertex -0.00102 0.0099 0.00402
      endloop
   endfacet
   facet normal 0 -1 0
      outer loop
         vertex 0.00102 0.0099 0.00402
         vertex 0.00072 0.0099 0.00122898
         vertex 0.00072 0.0099 0.000845855
      endloop
   endfacet
   facet normal 0 -1 0
      outer loop
         vertex 0.00102 0.0099 0.00402
         vertex 0 0.0099 0.00402
         vertex 0.0003 0.0099 0.00122898
      endloop
   endfacet
   facet normal 0 -1 0
      outer loop
         vertex 0 0.0099 0.00402
         vertex 0 0.0099 -0.00252707
         vertex 0.0003 0.0099 0.000845855
      endloop
   endfacet
   facet normal 0 -1 0
      outer loop
         vertex 0 0.0099 -0.00252707
         vertex 0.00102 0.0099 -0.00252707
         vertex 0.00072 0.0099 0.000845855
      endloop
   endfacet
   facet normal 0 -1 0
      outer loop
         vertex 0.0003 0.0099 0.00122898
         vertex 0.00072 0.0099 0.00122898
         vertex 0.00102 0.0099 0.00402
      endloop
   endfacet
   facet normal 0 -1 0
      outer loop
         vertex 0.00072 0.0099 0.000845855
         vertex 0.0003 0.0099 0.000845855
         vertex 0 0.0099 -0.00252707
      endloop
   endfacet
   facet normal 0 -1 0
      outer loop
         vertex 0.0003 0.0099 0.000845855
         vertex 0.0003 0.0099 0.00122898
         vertex 0 0.0099 0.00402
      endloop
   endfacet
   facet normal 0 -1 0
      outer loop
         vertex 0.00204 0.0099 0.00402
         vertex 0.00174 0.0099 0.00122898
         vertex 0.00174 0.0099 0.000845855
      endloop
   endfacet
   facet normal 0 -1 0
      outer loop
         vertex 0.00204 0.0099 0.00402
         vertex 0.00102 0.0099 0.00402
         vertex 0.00132 0.0099 0.00122898
      endloop
   endfacet
   facet normal 0 -1 0
      outer loop
         vertex 0.00102 0.0099 0.00402
         vertex 0.00102 0.0099 -0.00252707
         vertex 0.00132 0.0099 0.000845855
      endloop
   endfacet
   facet normal 0 -1 0
      outer loop
         vertex 0.00102 0.0099 -0.00252707
         vertex 0.00204 0.0099 -0.00252707
         vertex 0.00174 0.0099 0.000845855
      endloop
   endfacet
   facet normal 0 -1 0
      outer loop
         vertex 0.00132 0.0099 0.00122898
         vertex 0.00174 0.0099 0.00122898
         vertex 0.00204 0.0099 0.00402
      endloop
   endfacet
   facet normal 0 -1 0
      outer loop
         vertex 0.00174 0.0099 0.000845855
         vertex 0.00132 0.0099 0.000845855
         vertex 0.00102 0.0099 -0.00252707
      endloop
   endfacet
   facet normal 0 -1 0
      outer loop
         vertex 0.00132 0.0099 0.000845855
         vertex 0.00132 0.0099 0.00122898
         vertex 0.00102 0.0099 0.00402
      endloop
   endfacet
   facet normal 0 -1 0
      outer loop
         vertex 0.00306 0.0099 0.00402
         vertex 0.00276 0.0099 0.00122898
         vertex 0.00276 0.0099 0.000845855
      endloop
   endfacet
   facet normal 0 -1 0
      outer loop
         vertex 0.00306 0.0099 0.00402
         vertex 0.00204 0.0099 0.00402
         vertex 0.00234 0.0099 0.00122898
      endloop
   endfacet
   facet normal 0 -1 0
      outer loop
         vertex 0.00204 0.0099 0.00402
         vertex 0.00204 0.0099 -0.00252707
         vertex 0.00234 0.0099 0.000845855
      endloop
   endfacet
   facet normal 0 -1 0
      outer loop
         vertex 0.00204 0.0099 -0.00252707
         vertex 0.00306 0.0099 -0.00252707
         vertex 0.00276 0.0099 0.000845855
      endloop
   endfacet
   facet normal 0 -1 0
      outer loop
         vertex 0.00234 0.0099 0.00122898
         vertex 0.00276 0.0099 0.00122898
         vertex 0.00306 0.0099 0.00402
      endloop
   endfacet
   facet normal 0 -1 0
      outer loop
         vertex 0.00276 0.0099 0.000845855
         vertex 0.00234 0.0099 0.000845855
         vertex 0.00204 0.0099 -0.00252707
      endloop
   endfacet
   facet normal 0 -1 0
      outer loop
         vertex 0.00234 0.0099 0.000845855
         vertex 0.00234 0.0099 0.00122898
         vertex 0.00204 0.0099 0.00402
      endloop
   endfacet
   facet normal 0 -1 0
      outer loop
         vertex 0.00306 0.0099 -0.00252707
         vertex 0.00306 0.0099 -0.0059
         vertex 0.00315 0.0099 -0.0059
      endloop
   endfacet
   facet normal 0 -1 0
      outer loop
         vertex 0.00681 0.0099 0.001255
         vertex 0.00595 0.0099 0.001255
         vertex 0.00595 0.0099 -0.001545
      endloop
   endfacet
   facet normal 0 -1 0
      outer loop
         vertex 0.00595 0.0099 0.001255
         vertex 0.00595 0.0099 0.00402
         vertex 0.00378 0.0099 0.00122898
      endloop
   endfacet
   facet normal 0 -1 0
      outer loop
         vertex 0.00595 0.0099 -0.001545
         vertex 0.00681 0.0099 -0.001545
         vertex 0.00681 0.0099 0.001255
      endloop
   endfacet
   facet normal 0 -1 0
      outer loop
         vertex 0.00315 0.0099 -0.00161
         vertex 0.00595 0.0099 -0.001545
         vertex 0.00378 0.0099 0.000845855
      endloop
   endfacet
   facet normal 0 -1 0
      outer loop
         vertex 0.00595 0.0099 0.001255
         vertex 0.00378 0.0099 0.000845855
         vertex 0.00595 0.0099 -0.001545
      endloop
   endfacet
   facet normal 0 -1 0
      outer loop
         vertex 0.00306 0.0099 0.00402
         vertex 0.00336 0.0099 0.00122898
         vertex 0.00378 0.0099 0.00122898
      endloop
   endfacet
   facet normal 0 -1 0
      outer loop
         vertex 0.00306 0.0099 0.00402
         vertex 0.00315 0.0099 -0.00161
         vertex 0.00336 0.0099 0.000845855
      endloop
   endfacet
   facet normal 0 -1 0
      outer loop
         vertex 0.00315 0.0099 -0.00161
         vertex 0.00595 0.0099 -0.00161
         vertex 0.00595 0.0099 -0.001545
      endloop
   endfacet
   facet normal 0 -1 0
      outer loop
         vertex 0.00378 0.0099 0.00122898
         vertex 0.00595 0.0099 0.00402
         vertex 0.00306 0.0099 0.00402
      endloop
   endfacet
   facet normal 0 -1 0
      outer loop
         vertex 0.00378 0.0099 0.000845855
         vertex 0.00336 0.0099 0.000845855
         vertex 0.00315 0.0099 -0.00161
      endloop
   endfacet
   facet normal 0 -1 0
      outer loop
         vertex 0.00336 0.0099 0.000845855
         vertex 0.00336 0.0099 0.00122898
         vertex 0.00306 0.0099 0.00402
      endloop
   endfacet
   facet normal 0 -1 0
      outer loop
         vertex 0.00306 0.0099 -0.00252707
         vertex 0.00315 0.0099 -0.00252707
         vertex 0.00315 0.0099 -0.00161
      endloop
   endfacet
   facet normal 0 -1 0
      outer loop
         vertex 0.00315 0.0099 -0.00161
         vertex 0.00306 0.0099 0.00402
         vertex 0.00306 0.0099 -0.00252707
      endloop
   endfacet
   facet normal 0 -1 0
      outer loop
         vertex -0.005295 0.0099 -0.00161
         vertex -0.00595 0.0099 0.001255
         vertex -0.00595 0.0099 -0.001545
      endloop
   endfacet
   facet normal 0 -1 0
      outer loop
         vertex -0.00681 0.0099 -0.001545
         vertex -0.00595 0.0099 -0.001545
         vertex -0.00595 0.0099 0.001255
      endloop
   endfacet
   facet normal 0 -1 0
      outer loop
         vertex -0.00595 0.0099 0.001255
         vertex -0.00681 0.0099 0.001255
         vertex -0.00681 0.0099 -0.001545
      endloop
   endfacet
   facet normal 0 -1 0
      outer loop
         vertex -0.005295 0.0099 0.00402
         vertex -0.00595 0.0099 0.00402
         vertex -0.00595 0.0099 0.001255
      endloop
   endfacet
   facet normal 0 -1 0
      outer loop
         vertex -0.00595 0.0099 0.001255
         vertex -0.005295 0.0099 -0.00161
         vertex -0.005295 0.0099 0.00402
      endloop
   endfacet
   facet normal 0 -1 0
      outer loop
         vertex -0.00306 0.0099 0.00402
         vertex -0.004865 0.0099 0.00402
         vertex -0.00378 0.0099 0.00122898
      endloop
   endfacet
   facet normal 0 -1 0
      outer loop
         vertex -0.005295 0.0099 -0.00161
         vertex -0.00378 0.0099 0.000845855
         vertex -0.00378 0.0099 0.00122898
      endloop
   endfacet
   facet normal 0 -1 0
      outer loop
         vertex -0.00315 0.0099 -0.00161
         vertex -0.00336 0.0099 0.000845855
         vertex -0.00378 0.0099 0.000845855
      endloop
   endfacet
   facet normal 0 -1 0
      outer loop
         vertex -0.00306 0.0099 0.00402
         vertex -0.00336 0.0099 0.00122898
         vertex -0.00336 0.0099 0.000845855
      endloop
   endfacet
   facet normal 0 -1 0
      outer loop
         vertex -0.00378 0.0099 0.00122898
         vertex -0.00336 0.0099 0.00122898
         vertex -0.00306 0.0099 0.00402
      endloop
   endfacet
   facet normal 0 -1 0
      outer loop
         vertex -0.00306 0.0099 -0.00252707
         vertex -0.00336 0.0099 0.000845855
         vertex -0.00315 0.0099 -0.00161
      endloop
   endfacet
   facet normal 0 -1 0
      outer loop
         vertex -0.00378 0.0099 0.000845855
         vertex -0.005295 0.0099 -0.00161
         vertex -0.00315 0.0099 -0.00161
      endloop
   endfacet
   facet normal 0 -1 0
      outer loop
         vertex -0.004865 0.0099 0.00402
         vertex -0.005295 0.0099 0.00402
         vertex -0.00378 0.0099 0.00122898
      endloop
   endfacet
   facet normal 0 -1 0
      outer loop
         vertex -0.00378 0.0099 0.00122898
         vertex -0.005295 0.0099 0.00402
         vertex -0.005295 0.0099 -0.00161
      endloop
   endfacet
   facet normal 0 -1 0
      outer loop
         vertex -0.00315 0.0099 -0.00161
         vertex -0.00315 0.0099 -0.00252707
         vertex -0.00306 0.0099 -0.00252707
      endloop
   endfacet
   facet normal 0 -1 0
      outer loop
         vertex -0.00315 0.0099 -0.00252707
         vertex -0.00315 0.0099 -0.0059
         vertex -0.00306 0.0099 -0.0059
      endloop
   endfacet
   facet normal 0 -1 0
      outer loop
         vertex -0.00306 0.0099 -0.0059
         vertex -0.00306 0.0099 -0.00252707
         vertex -0.00315 0.0099 -0.00252707
      endloop
   endfacet
   facet normal 0 -1 0
      outer loop
         vertex -0.00336 0.0099 0.000845855
         vertex -0.00306 0.0099 -0.00252707
         vertex -0.00306 0.0099 0.00402
      endloop
   endfacet
   facet normal 0 -1 0
      outer loop
         vertex -0.00595 0.0099 -0.001545
         vertex -0.00595 0.0099 -0.00161
         vertex -0.005295 0.0099 -0.00161
      endloop
   endfacet
   facet normal 0 -1 0
      outer loop
         vertex 0.00378 0.0099 0.00122898
         vertex 0.00378 0.0099 0.000845855
         vertex 0.00595 0.0099 0.001255
      endloop
   endfacet
   facet normal 0 -1 0
      outer loop
         vertex 0.00315 0.0099 -0.0059
         vertex 0.00315 0.0099 -0.00252707
         vertex 0.00306 0.0099 -0.00252707
      endloop
   endfacet
   facet normal 0 -1 0
      outer loop
         vertex 0.00276 0.0099 0.000845855
         vertex 0.00306 0.0099 -0.00252707
         vertex 0.00306 0.0099 0.00402
      endloop
   endfacet
   facet normal 0 -1 0
      outer loop
         vertex 0.00174 0.0099 0.000845855
         vertex 0.00204 0.0099 -0.00252707
         vertex 0.00204 0.0099 0.00402
      endloop
   endfacet
   facet normal 0 -1 0
      outer loop
         vertex 0.00072 0.0099 0.000845855
         vertex 0.00102 0.0099 -0.00252707
         vertex 0.00102 0.0099 0.00402
      endloop
   endfacet
   facet normal 0 -1 0
      outer loop
         vertex -0.0003 0.0099 0.000845855
         vertex 0 0.0099 -0.00252707
         vertex 0 0.0099 0.00402
      endloop
   endfacet
   facet normal 0 -1 0
      outer loop
         vertex -0.00132 0.0099 0.000845855
         vertex -0.00102 0.0099 -0.00252707
         vertex -0.00102 0.0099 0.00402
      endloop
   endfacet
   facet normal 0 -1 0
      outer loop
         vertex -0.00234 0.0099 0.000845855
         vertex -0.00204 0.0099 -0.00252707
         vertex -0.00204 0.0099 0.00402
      endloop
   endfacet
   facet normal 0 -1 0
      outer loop
         vertex 0.00306 0.0099 -0.0059
         vertex 0.00306 0.0099 -0.00252707
         vertex 0.00204 0.0099 -0.00252707
      endloop
   endfacet
   facet normal 0 -1 0
      outer loop
         vertex 0.00204 0.0099 -0.0059
         vertex 0.00204 0.0099 -0.00252707
         vertex 0.00102 0.0099 -0.00252707
      endloop
   endfacet
   facet normal 0 -1 0
      outer loop
         vertex 0.00102 0.0099 -0.0059
         vertex 0.00102 0.0099 -0.00252707
         vertex 0 0.0099 -0.00252707
      endloop
   endfacet
   facet normal 0 -1 0
      outer loop
         vertex 0 0.0099 -0.0059
         vertex 0 0.0099 -0.00252707
         vertex -0.00102 0.0099 -0.00252707
      endloop
   endfacet
   facet normal 0 -1 0
      outer loop
         vertex -0.00102 0.0099 -0.0059
         vertex -0.00102 0.0099 -0.00252707
         vertex -0.00204 0.0099 -0.00252707
      endloop
   endfacet
   facet normal 0 -1 0
      outer loop
         vertex -0.00204 0.0099 -0.0059
         vertex -0.00204 0.0099 -0.00252707
         vertex -0.00306 0.0099 -0.00252707
      endloop
   endfacet
   facet normal 0 0.406737 0.913545
      outer loop
         vertex 0.00336 0.00363126 0.00402
         vertex 0.00378 0.00363126 0.00402
         vertex 0.00378 0.0099 0.00122898
      endloop
   endfacet
   facet normal 0 0.406737 0.913545
      outer loop
         vertex 0.00378 0.0099 0.00122898
         vertex 0.00336 0.0099 0.00122898
         vertex 0.00336 0.00363126 0.00402
      endloop
   endfacet
   facet normal 0 0.406737 0.913545
      outer loop
         vertex 0.00234 0.00363126 0.00402
         vertex 0.00276 0.00363126 0.00402
         vertex 0.00276 0.0099 0.00122898
      endloop
   endfacet
   facet normal 0 0.406737 0.913545
      outer loop
         vertex 0.00276 0.0099 0.00122898
         vertex 0.00234 0.0099 0.00122898
         vertex 0.00234 0.00363126 0.00402
      endloop
   endfacet
   facet normal 0 0.406737 0.913545
      outer loop
         vertex 0.00132 0.00363126 0.00402
         vertex 0.00174 0.00363126 0.00402
         vertex 0.00174 0.0099 0.00122898
      endloop
   endfacet
   facet normal 0 0.406737 0.913545
      outer loop
         vertex 0.00174 0.0099 0.00122898
         vertex 0.00132 0.0099 0.00122898
         vertex 0.00132 0.00363126 0.00402
      endloop
   endfacet
   facet normal 0 0.406737 0.913545
      outer loop
         vertex 0.0003 0.00363126 0.00402
         vertex 0.00072 0.00363126 0.00402
         vertex 0.00072 0.0099 0.00122898
      endloop
   endfacet
   facet normal 0 0.406737 0.913545
      outer loop
         vertex 0.00072 0.0099 0.00122898
         vertex 0.0003 0.0099 0.00122898
         vertex 0.0003 0.00363126 0.00402
      endloop
   endfacet
   facet normal 0 0.406737 0.913545
      outer loop
         vertex -0.00072 0.00363126 0.00402
         vertex -0.0003 0.00363126 0.00402
         vertex -0.0003 0.0099 0.00122898
      endloop
   endfacet
   facet normal 0 0.406737 0.913545
      outer loop
         vertex -0.0003 0.0099 0.00122898
         vertex -0.00072 0.0099 0.00122898
         vertex -0.00072 0.00363126 0.00402
      endloop
   endfacet
   facet normal 0 0.406737 0.913545
      outer loop
         vertex -0.00174 0.00363126 0.00402
         vertex -0.00132 0.00363126 0.00402
         vertex -0.00132 0.0099 0.00122898
      endloop
   endfacet
   facet normal 0 0.406737 0.913545
      outer loop
         vertex -0.00132 0.0099 0.00122898
         vertex -0.00174 0.0099 0.00122898
         vertex -0.00174 0.00363126 0.00402
      endloop
   endfacet
   facet normal 0 0.406737 0.913545
      outer loop
         vertex -0.00276 0.00363126 0.00402
         vertex -0.00234 0.00363126 0.00402
         vertex -0.00234 0.0099 0.00122898
      endloop
   endfacet
   facet normal 0 0.406737 0.913545
      outer loop
         vertex -0.00234 0.0099 0.00122898
         vertex -0.00276 0.0099 0.00122898
         vertex -0.00276 0.00363126 0.00402
      endloop
   endfacet
   facet normal 0 0.406737 0.913545
      outer loop
         vertex -0.00378 0.00363126 0.00402
         vertex -0.00336 0.00363126 0.00402
         vertex -0.00336 0.0099 0.00122898
      endloop
   endfacet
   facet normal 0 0.406737 0.913545
      outer loop
         vertex -0.00336 0.0099 0.00122898
         vertex -0.00378 0.0099 0.00122898
         vertex -0.00378 0.00363126 0.00402
      endloop
   endfacet
   facet normal 0 -0.406737 -0.913545
      outer loop
         vertex 0.00378 0.00339443 0.00374232
         vertex 0.00336 0.00339443 0.00374232
         vertex 0.00336 0.0099 0.000845855
      endloop
   endfacet
   facet normal 0 -0.406737 -0.913545
      outer loop
         vertex 0.00336 0.0099 0.000845855
         vertex 0.00378 0.0099 0.000845855
         vertex 0.00378 0.00339443 0.00374232
      endloop
   endfacet
   facet normal 0 -0.406737 -0.913545
      outer loop
         vertex 0.00378 0.00339443 0.00374232
         vertex 0.00378 0.00331285 0.00376726
         vertex 0.00336 0.00331285 0.00376726
      endloop
   endfacet
   facet normal 0 -0.173648 -0.984808
      outer loop
         vertex 0.00336 0.00331285 0.00376726
         vertex 0.00336 0.00339443 0.00374232
         vertex 0.00378 0.00339443 0.00374232
      endloop
   endfacet
   facet normal -1 0 0
      outer loop
         vertex 0.00336 0.00363126 0.00402
         vertex 0.00336 0.00331285 0.00376726
         vertex 0.00336 0.00212545 0.00397663
      endloop
   endfacet
   facet normal -1 0 0
      outer loop
         vertex 0.00336 0.00363126 0.00402
         vertex 0.00336 0.00339443 0.00374232
         vertex 0.00336 0.00331285 0.00376726
      endloop
   endfacet
   facet normal -1 0 0
      outer loop
         vertex 0.00336 0.00339443 0.00374232
         vertex 0.00336 0.00363126 0.00402
         vertex 0.00336 0.0099 0.00122898
      endloop
   endfacet
   facet normal -1 0 0
      outer loop
         vertex 0.00336 0.0099 0.00122898
         vertex 0.00336 0.0099 0.000845855
         vertex 0.00336 0.00339443 0.00374232
      endloop
   endfacet
   facet normal -1 0 0
      outer loop
         vertex 0.00336 0.00212545 0.00397663
         vertex 0.00336 0.0019774 0.00402
         vertex 0.00336 0.00363126 0.00402
      endloop
   endfacet
   facet normal 1 0 0
      outer loop
         vertex 0.00378 0.00363126 0.00402
         vertex 0.00378 0.0019774 0.00402
         vertex 0.00378 0.00212545 0.00397663
      endloop
   endfacet
   facet normal 1 0 0
      outer loop
         vertex 0.00378 0.00339443 0.00374232
         vertex 0.00378 0.0099 0.000845855
         vertex 0.00378 0.0099 0.00122898
      endloop
   endfacet
   facet normal 1 0 0
      outer loop
         vertex 0.00378 0.00212545 0.00397663
         vertex 0.00378 0.00331285 0.00376726
         vertex 0.00378 0.00363126 0.00402
      endloop
   endfacet
   facet normal 1 0 0
      outer loop
         vertex 0.00378 0.00331285 0.00376726
         vertex 0.00378 0.00339443 0.00374232
         vertex 0.00378 0.00363126 0.00402
      endloop
   endfacet
   facet normal 1 0 0
      outer loop
         vertex 0.00378 0.0099 0.00122898
         vertex 0.00378 0.00363126 0.00402
         vertex 0.00378 0.00339443 0.00374232
      endloop
   endfacet
   facet normal 0 -0.173648 -0.984808
      outer loop
         vertex 0.00336 0.00212545 0.00397663
         vertex 0.00336 0.00331285 0.00376726
         vertex 0.00378 0.00331285 0.00376726
      endloop
   endfacet
   facet normal 0 -0.173648 -0.984808
      outer loop
         vertex 0.00378 0.00331285 0.00376726
         vertex 0.00378 0.00212545 0.00397663
         vertex 0.00336 0.00212545 0.00397663
      endloop
   endfacet
   facet normal 0 -0.385142 -0.922857
      outer loop
         vertex 0.00378 0.0019774 0.00402
         vertex 0.00336 0.0019774 0.00402
         vertex 0.00336 0.00212545 0.00397663
      endloop
   endfacet
   facet normal 0 -0.173648 -0.984808
      outer loop
         vertex 0.00336 0.00212545 0.00397663
         vertex 0.00378 0.00212545 0.00397663
         vertex 0.00378 0.0019774 0.00402
      endloop
   endfacet
   facet normal 0 -0.406737 -0.913545
      outer loop
         vertex 0.00276 0.00339443 0.00374232
         vertex 0.00234 0.00339443 0.00374232
         vertex 0.00234 0.0099 0.000845855
      endloop
   endfacet
   facet normal 0 -0.406737 -0.913545
      outer loop
         vertex 0.00234 0.0099 0.000845855
         vertex 0.00276 0.0099 0.000845855
         vertex 0.00276 0.00339443 0.00374232
      endloop
   endfacet
   facet normal 0 -0.406737 -0.913545
      outer loop
         vertex 0.00276 0.00339443 0.00374232
         vertex 0.00276 0.00331285 0.00376726
         vertex 0.00234 0.00331285 0.00376726
      endloop
   endfacet
   facet normal 0 -0.173648 -0.984808
      outer loop
         vertex 0.00234 0.00331285 0.00376726
         vertex 0.00234 0.00339443 0.00374232
         vertex 0.00276 0.00339443 0.00374232
      endloop
   endfacet
   facet normal -1 0 0
      outer loop
         vertex 0.00234 0.00363126 0.00402
         vertex 0.00234 0.00331285 0.00376726
         vertex 0.00234 0.00212545 0.00397663
      endloop
   endfacet
   facet normal -1 0 0
      outer loop
         vertex 0.00234 0.00363126 0.00402
         vertex 0.00234 0.00339443 0.00374232
         vertex 0.00234 0.00331285 0.00376726
      endloop
   endfacet
   facet normal -1 0 0
      outer loop
         vertex 0.00234 0.00339443 0.00374232
         vertex 0.00234 0.00363126 0.00402
         vertex 0.00234 0.0099 0.00122898
      endloop
   endfacet
   facet normal -1 0 0
      outer loop
         vertex 0.00234 0.0099 0.00122898
         vertex 0.00234 0.0099 0.000845855
         vertex 0.00234 0.00339443 0.00374232
      endloop
   endfacet
   facet normal -1 0 0
      outer loop
         vertex 0.00234 0.00212545 0.00397663
         vertex 0.00234 0.0019774 0.00402
         vertex 0.00234 0.00363126 0.00402
      endloop
   endfacet
   facet normal 1 0 0
      outer loop
         vertex 0.00276 0.00363126 0.00402
         vertex 0.00276 0.0019774 0.00402
         vertex 0.00276 0.00212545 0.00397663
      endloop
   endfacet
   facet normal 1 0 0
      outer loop
         vertex 0.00276 0.00339443 0.00374232
         vertex 0.00276 0.0099 0.000845855
         vertex 0.00276 0.0099 0.00122898
      endloop
   endfacet
   facet normal 1 0 0
      outer loop
         vertex 0.00276 0.00212545 0.00397663
         vertex 0.00276 0.00331285 0.00376726
         vertex 0.00276 0.00363126 0.00402
      endloop
   endfacet
   facet normal 1 0 0
      outer loop
         vertex 0.00276 0.00331285 0.00376726
         vertex 0.00276 0.00339443 0.00374232
         vertex 0.00276 0.00363126 0.00402
      endloop
   endfacet
   facet normal 1 0 0
      outer loop
         vertex 0.00276 0.0099 0.00122898
         vertex 0.00276 0.00363126 0.00402
         vertex 0.00276 0.00339443 0.00374232
      endloop
   endfacet
   facet normal 0 -0.173648 -0.984808
      outer loop
         vertex 0.00234 0.00212545 0.00397663
         vertex 0.00234 0.00331285 0.00376726
         vertex 0.00276 0.00331285 0.00376726
      endloop
   endfacet
   facet normal 0 -0.173648 -0.984808
      outer loop
         vertex 0.00276 0.00331285 0.00376726
         vertex 0.00276 0.00212545 0.00397663
         vertex 0.00234 0.00212545 0.00397663
      endloop
   endfacet
   facet normal 0 -0.385142 -0.922857
      outer loop
         vertex 0.00276 0.0019774 0.00402
         vertex 0.00234 0.0019774 0.00402
         vertex 0.00234 0.00212545 0.00397663
      endloop
   endfacet
   facet normal 0 -0.173648 -0.984808
      outer loop
         vertex 0.00234 0.00212545 0.00397663
         vertex 0.00276 0.00212545 0.00397663
         vertex 0.00276 0.0019774 0.00402
      endloop
   endfacet
   facet normal 0 -0.406737 -0.913545
      outer loop
         vertex 0.00174 0.00339443 0.00374232
         vertex 0.00132 0.00339443 0.00374232
         vertex 0.00132 0.0099 0.000845855
      endloop
   endfacet
   facet normal 0 -0.406737 -0.913545
      outer loop
         vertex 0.00132 0.0099 0.000845855
         vertex 0.00174 0.0099 0.000845855
         vertex 0.00174 0.00339443 0.00374232
      endloop
   endfacet
   facet normal 0 -0.406737 -0.913545
      outer loop
         vertex 0.00174 0.00339443 0.00374232
         vertex 0.00174 0.00331285 0.00376726
         vertex 0.00132 0.00331285 0.00376726
      endloop
   endfacet
   facet normal 0 -0.173648 -0.984808
      outer loop
         vertex 0.00132 0.00331285 0.00376726
         vertex 0.00132 0.00339443 0.00374232
         vertex 0.00174 0.00339443 0.00374232
      endloop
   endfacet
   facet normal -1 0 0
      outer loop
         vertex 0.00132 0.00363126 0.00402
         vertex 0.00132 0.00331285 0.00376726
         vertex 0.00132 0.00212545 0.00397663
      endloop
   endfacet
   facet normal -1 0 0
      outer loop
         vertex 0.00132 0.00363126 0.00402
         vertex 0.00132 0.00339443 0.00374232
         vertex 0.00132 0.00331285 0.00376726
      endloop
   endfacet
   facet normal -1 0 0
      outer loop
         vertex 0.00132 0.00339443 0.00374232
         vertex 0.00132 0.00363126 0.00402
         vertex 0.00132 0.0099 0.00122898
      endloop
   endfacet
   facet normal -1 0 0
      outer loop
         vertex 0.00132 0.0099 0.00122898
         vertex 0.00132 0.0099 0.000845855
         vertex 0.00132 0.00339443 0.00374232
      endloop
   endfacet
   facet normal -1 0 0
      outer loop
         vertex 0.00132 0.00212545 0.00397663
         vertex 0.00132 0.0019774 0.00402
         vertex 0.00132 0.00363126 0.00402
      endloop
   endfacet
   facet normal 1 0 0
      outer loop
         vertex 0.00174 0.00363126 0.00402
         vertex 0.00174 0.0019774 0.00402
         vertex 0.00174 0.00212545 0.00397663
      endloop
   endfacet
   facet normal 1 0 0
      outer loop
         vertex 0.00174 0.00339443 0.00374232
         vertex 0.00174 0.0099 0.000845855
         vertex 0.00174 0.0099 0.00122898
      endloop
   endfacet
   facet normal 1 0 0
      outer loop
         vertex 0.00174 0.00212545 0.00397663
         vertex 0.00174 0.00331285 0.00376726
         vertex 0.00174 0.00363126 0.00402
      endloop
   endfacet
   facet normal 1 0 0
      outer loop
         vertex 0.00174 0.00331285 0.00376726
         vertex 0.00174 0.00339443 0.00374232
         vertex 0.00174 0.00363126 0.00402
      endloop
   endfacet
   facet normal 1 0 0
      outer loop
         vertex 0.00174 0.0099 0.00122898
         vertex 0.00174 0.00363126 0.00402
         vertex 0.00174 0.00339443 0.00374232
      endloop
   endfacet
   facet normal 0 -0.173648 -0.984808
      outer loop
         vertex 0.00132 0.00212545 0.00397663
         vertex 0.00132 0.00331285 0.00376726
         vertex 0.00174 0.00331285 0.00376726
      endloop
   endfacet
   facet normal 0 -0.173648 -0.984808
      outer loop
         vertex 0.00174 0.00331285 0.00376726
         vertex 0.00174 0.00212545 0.00397663
         vertex 0.00132 0.00212545 0.00397663
      endloop
   endfacet
   facet normal 0 -0.385142 -0.922857
      outer loop
         vertex 0.00174 0.0019774 0.00402
         vertex 0.00132 0.0019774 0.00402
         vertex 0.00132 0.00212545 0.00397663
      endloop
   endfacet
   facet normal 0 -0.173648 -0.984808
      outer loop
         vertex 0.00132 0.00212545 0.00397663
         vertex 0.00174 0.00212545 0.00397663
         vertex 0.00174 0.0019774 0.00402
      endloop
   endfacet
   facet normal 0 -0.406737 -0.913545
      outer loop
         vertex 0.00072 0.0099 0.000845855
         vertex 0.00072 0.00339443 0.00374232
         vertex 0.0003 0.00339443 0.00374232
      endloop
   endfacet
   facet normal 0 -0.406737 -0.913545
      outer loop
         vertex 0.0003 0.00339443 0.00374232
         vertex 0.0003 0.0099 0.000845855
         vertex 0.00072 0.0099 0.000845855
      endloop
   endfacet
   facet normal 0 -0.406737 -0.913545
      outer loop
         vertex 0.00072 0.00339443 0.00374232
         vertex 0.00072 0.00331285 0.00376726
         vertex 0.0003 0.00331285 0.00376726
      endloop
   endfacet
   facet normal 0 -0.173648 -0.984808
      outer loop
         vertex 0.0003 0.00331285 0.00376726
         vertex 0.0003 0.00339443 0.00374232
         vertex 0.00072 0.00339443 0.00374232
      endloop
   endfacet
   facet normal -1 0 0
      outer loop
         vertex 0.0003 0.00363126 0.00402
         vertex 0.0003 0.00331285 0.00376726
         vertex 0.0003 0.00212545 0.00397663
      endloop
   endfacet
   facet normal -1 0 0
      outer loop
         vertex 0.0003 0.00363126 0.00402
         vertex 0.0003 0.00339443 0.00374232
         vertex 0.0003 0.00331285 0.00376726
      endloop
   endfacet
   facet normal -1 0 0
      outer loop
         vertex 0.0003 0.00339443 0.00374232
         vertex 0.0003 0.00363126 0.00402
         vertex 0.0003 0.0099 0.00122898
      endloop
   endfacet
   facet normal -1 0 0
      outer loop
         vertex 0.0003 0.0099 0.00122898
         vertex 0.0003 0.0099 0.000845855
         vertex 0.0003 0.00339443 0.00374232
      endloop
   endfacet
   facet normal -1 0 0
      outer loop
         vertex 0.0003 0.00212545 0.00397663
         vertex 0.0003 0.0019774 0.00402
         vertex 0.0003 0.00363126 0.00402
      endloop
   endfacet
   facet normal 1 0 0
      outer loop
         vertex 0.00072 0.00363126 0.00402
         vertex 0.00072 0.0019774 0.00402
         vertex 0.00072 0.00212545 0.00397663
      endloop
   endfacet
   facet normal 1 0 0
      outer loop
         vertex 0.00072 0.00339443 0.00374232
         vertex 0.00072 0.0099 0.000845855
         vertex 0.00072 0.0099 0.00122898
      endloop
   endfacet
   facet normal 1 0 0
      outer loop
         vertex 0.00072 0.00212545 0.00397663
         vertex 0.00072 0.00331285 0.00376726
         vertex 0.00072 0.00363126 0.00402
      endloop
   endfacet
   facet normal 1 0 0
      outer loop
         vertex 0.00072 0.00331285 0.00376726
         vertex 0.00072 0.00339443 0.00374232
         vertex 0.00072 0.00363126 0.00402
      endloop
   endfacet
   facet normal 1 0 0
      outer loop
         vertex 0.00072 0.0099 0.00122898
         vertex 0.00072 0.00363126 0.00402
         vertex 0.00072 0.00339443 0.00374232
      endloop
   endfacet
   facet normal 0 -0.173648 -0.984808
      outer loop
         vertex 0.0003 0.00212545 0.00397663
         vertex 0.0003 0.00331285 0.00376726
         vertex 0.00072 0.00331285 0.00376726
      endloop
   endfacet
   facet normal 0 -0.173648 -0.984808
      outer loop
         vertex 0.00072 0.00331285 0.00376726
         vertex 0.00072 0.00212545 0.00397663
         vertex 0.0003 0.00212545 0.00397663
      endloop
   endfacet
   facet normal 0 -0.385142 -0.922857
      outer loop
         vertex 0.00072 0.0019774 0.00402
         vertex 0.0003 0.0019774 0.00402
         vertex 0.0003 0.00212545 0.00397663
      endloop
   endfacet
   facet normal 0 -0.173648 -0.984808
      outer loop
         vertex 0.0003 0.00212545 0.00397663
         vertex 0.00072 0.00212545 0.00397663
         vertex 0.00072 0.0019774 0.00402
      endloop
   endfacet
   facet normal 0 -0.406737 -0.913545
      outer loop
         vertex -0.0003 0.00339443 0.00374232
         vertex -0.00072 0.00339443 0.00374232
         vertex -0.00072 0.0099 0.000845855
      endloop
   endfacet
   facet normal 0 -0.406737 -0.913545
      outer loop
         vertex -0.00072 0.0099 0.000845855
         vertex -0.0003 0.0099 0.000845855
         vertex -0.0003 0.00339443 0.00374232
      endloop
   endfacet
   facet normal 0 -0.406737 -0.913545
      outer loop
         vertex -0.0003 0.00339443 0.00374232
         vertex -0.0003 0.00331285 0.00376726
         vertex -0.00072 0.00331285 0.00376726
      endloop
   endfacet
   facet normal 0 -0.173648 -0.984808
      outer loop
         vertex -0.00072 0.00331285 0.00376726
         vertex -0.00072 0.00339443 0.00374232
         vertex -0.0003 0.00339443 0.00374232
      endloop
   endfacet
   facet normal -1 0 0
      outer loop
         vertex -0.00072 0.00363126 0.00402
         vertex -0.00072 0.00331285 0.00376726
         vertex -0.00072 0.00212545 0.00397663
      endloop
   endfacet
   facet normal -1 0 0
      outer loop
         vertex -0.00072 0.00363126 0.00402
         vertex -0.00072 0.00339443 0.00374232
         vertex -0.00072 0.00331285 0.00376726
      endloop
   endfacet
   facet normal -1 0 0
      outer loop
         vertex -0.00072 0.00339443 0.00374232
         vertex -0.00072 0.00363126 0.00402
         vertex -0.00072 0.0099 0.00122898
      endloop
   endfacet
   facet normal -1 0 0
      outer loop
         vertex -0.00072 0.0099 0.00122898
         vertex -0.00072 0.0099 0.000845855
         vertex -0.00072 0.00339443 0.00374232
      endloop
   endfacet
   facet normal -1 0 0
      outer loop
         vertex -0.00072 0.00212545 0.00397663
         vertex -0.00072 0.0019774 0.00402
         vertex -0.00072 0.00363126 0.00402
      endloop
   endfacet
   facet normal 1 0 0
      outer loop
         vertex -0.0003 0.00363126 0.00402
         vertex -0.0003 0.0019774 0.00402
         vertex -0.0003 0.00212545 0.00397663
      endloop
   endfacet
   facet normal 1 0 0
      outer loop
         vertex -0.0003 0.00339443 0.00374232
         vertex -0.0003 0.0099 0.000845855
         vertex -0.0003 0.0099 0.00122898
      endloop
   endfacet
   facet normal 1 0 0
      outer loop
         vertex -0.0003 0.00212545 0.00397663
         vertex -0.0003 0.00331285 0.00376726
         vertex -0.0003 0.00363126 0.00402
      endloop
   endfacet
   facet normal 1 0 0
      outer loop
         vertex -0.0003 0.00331285 0.00376726
         vertex -0.0003 0.00339443 0.00374232
         vertex -0.0003 0.00363126 0.00402
      endloop
   endfacet
   facet normal 1 0 0
      outer loop
         vertex -0.0003 0.0099 0.00122898
         vertex -0.0003 0.00363126 0.00402
         vertex -0.0003 0.00339443 0.00374232
      endloop
   endfacet
   facet normal 0 -0.173648 -0.984808
      outer loop
         vertex -0.00072 0.00212545 0.00397663
         vertex -0.00072 0.00331285 0.00376726
         vertex -0.0003 0.00331285 0.00376726
      endloop
   endfacet
   facet normal 0 -0.173648 -0.984808
      outer loop
         vertex -0.0003 0.00331285 0.00376726
         vertex -0.0003 0.00212545 0.00397663
         vertex -0.00072 0.00212545 0.00397663
      endloop
   endfacet
   facet normal 0 -0.385142 -0.922857
      outer loop
         vertex -0.0003 0.0019774 0.00402
         vertex -0.00072 0.0019774 0.00402
         vertex -0.00072 0.00212545 0.00397663
      endloop
   endfacet
   facet normal 0 -0.173648 -0.984808
      outer loop
         vertex -0.00072 0.00212545 0.00397663
         vertex -0.0003 0.00212545 0.00397663
         vertex -0.0003 0.0019774 0.00402
      endloop
   endfacet
   facet normal 0 -0.406737 -0.913545
      outer loop
         vertex -0.00132 0.0099 0.000845855
         vertex -0.00132 0.00339443 0.00374232
         vertex -0.00174 0.00339443 0.00374232
      endloop
   endfacet
   facet normal 0 -0.406737 -0.913545
      outer loop
         vertex -0.00174 0.00339443 0.00374232
         vertex -0.00174 0.0099 0.000845855
         vertex -0.00132 0.0099 0.000845855
      endloop
   endfacet
   facet normal 0 -0.406737 -0.913545
      outer loop
         vertex -0.00132 0.00339443 0.00374232
         vertex -0.00132 0.00331285 0.00376726
         vertex -0.00174 0.00331285 0.00376726
      endloop
   endfacet
   facet normal 0 -0.173648 -0.984808
      outer loop
         vertex -0.00174 0.00331285 0.00376726
         vertex -0.00174 0.00339443 0.00374232
         vertex -0.00132 0.00339443 0.00374232
      endloop
   endfacet
   facet normal -1 0 0
      outer loop
         vertex -0.00174 0.00363126 0.00402
         vertex -0.00174 0.00331285 0.00376726
         vertex -0.00174 0.00212545 0.00397663
      endloop
   endfacet
   facet normal -1 0 0
      outer loop
         vertex -0.00174 0.00363126 0.00402
         vertex -0.00174 0.00339443 0.00374232
         vertex -0.00174 0.00331285 0.00376726
      endloop
   endfacet
   facet normal -1 0 0
      outer loop
         vertex -0.00174 0.00339443 0.00374232
         vertex -0.00174 0.00363126 0.00402
         vertex -0.00174 0.0099 0.00122898
      endloop
   endfacet
   facet normal -1 0 0
      outer loop
         vertex -0.00174 0.0099 0.00122898
         vertex -0.00174 0.0099 0.000845855
         vertex -0.00174 0.00339443 0.00374232
      endloop
   endfacet
   facet normal -1 0 0
      outer loop
         vertex -0.00174 0.00212545 0.00397663
         vertex -0.00174 0.0019774 0.00402
         vertex -0.00174 0.00363126 0.00402
      endloop
   endfacet
   facet normal 1 0 0
      outer loop
         vertex -0.00132 0.00363126 0.00402
         vertex -0.00132 0.0019774 0.00402
         vertex -0.00132 0.00212545 0.00397663
      endloop
   endfacet
   facet normal 1 0 0
      outer loop
         vertex -0.00132 0.00339443 0.00374232
         vertex -0.00132 0.0099 0.000845855
         vertex -0.00132 0.0099 0.00122898
      endloop
   endfacet
   facet normal 1 0 0
      outer loop
         vertex -0.00132 0.00212545 0.00397663
         vertex -0.00132 0.00331285 0.00376726
         vertex -0.00132 0.00363126 0.00402
      endloop
   endfacet
   facet normal 1 0 0
      outer loop
         vertex -0.00132 0.00331285 0.00376726
         vertex -0.00132 0.00339443 0.00374232
         vertex -0.00132 0.00363126 0.00402
      endloop
   endfacet
   facet normal 1 0 0
      outer loop
         vertex -0.00132 0.0099 0.00122898
         vertex -0.00132 0.00363126 0.00402
         vertex -0.00132 0.00339443 0.00374232
      endloop
   endfacet
   facet normal 0 -0.173648 -0.984808
      outer loop
         vertex -0.00174 0.00212545 0.00397663
         vertex -0.00174 0.00331285 0.00376726
         vertex -0.00132 0.00331285 0.00376726
      endloop
   endfacet
   facet normal 0 -0.173648 -0.984808
      outer loop
         vertex -0.00132 0.00331285 0.00376726
         vertex -0.00132 0.00212545 0.00397663
         vertex -0.00174 0.00212545 0.00397663
      endloop
   endfacet
   facet normal 0 -0.385142 -0.922857
      outer loop
         vertex -0.00132 0.0019774 0.00402
         vertex -0.00174 0.0019774 0.00402
         vertex -0.00174 0.00212545 0.00397663
      endloop
   endfacet
   facet normal 0 -0.173648 -0.984808
      outer loop
         vertex -0.00174 0.00212545 0.00397663
         vertex -0.00132 0.00212545 0.00397663
         vertex -0.00132 0.0019774 0.00402
      endloop
   endfacet
   facet normal 0 -0.406737 -0.913545
      outer loop
         vertex -0.00234 0.00339443 0.00374232
         vertex -0.00276 0.00339443 0.00374232
         vertex -0.00276 0.0099 0.000845855
      endloop
   endfacet
   facet normal 0 -0.406737 -0.913545
      outer loop
         vertex -0.00276 0.0099 0.000845855
         vertex -0.00234 0.0099 0.000845855
         vertex -0.00234 0.00339443 0.00374232
      endloop
   endfacet
   facet normal 0 -0.406737 -0.913545
      outer loop
         vertex -0.00234 0.00339443 0.00374232
         vertex -0.00234 0.00331285 0.00376726
         vertex -0.00276 0.00331285 0.00376726
      endloop
   endfacet
   facet normal 0 -0.173648 -0.984808
      outer loop
         vertex -0.00276 0.00331285 0.00376726
         vertex -0.00276 0.00339443 0.00374232
         vertex -0.00234 0.00339443 0.00374232
      endloop
   endfacet
   facet normal -1 0 0
      outer loop
         vertex -0.00276 0.00363126 0.00402
         vertex -0.00276 0.00331285 0.00376726
         vertex -0.00276 0.00212545 0.00397663
      endloop
   endfacet
   facet normal -1 0 0
      outer loop
         vertex -0.00276 0.00363126 0.00402
         vertex -0.00276 0.00339443 0.00374232
         vertex -0.00276 0.00331285 0.00376726
      endloop
   endfacet
   facet normal -1 0 0
      outer loop
         vertex -0.00276 0.00339443 0.00374232
         vertex -0.00276 0.00363126 0.00402
         vertex -0.00276 0.0099 0.00122898
      endloop
   endfacet
   facet normal -1 0 0
      outer loop
         vertex -0.00276 0.0099 0.00122898
         vertex -0.00276 0.0099 0.000845855
         vertex -0.00276 0.00339443 0.00374232
      endloop
   endfacet
   facet normal -1 0 0
      outer loop
         vertex -0.00276 0.00212545 0.00397663
         vertex -0.00276 0.0019774 0.00402
         vertex -0.00276 0.00363126 0.00402
      endloop
   endfacet
   facet normal 1 0 0
      outer loop
         vertex -0.00234 0.00363126 0.00402
         vertex -0.00234 0.0019774 0.00402
         vertex -0.00234 0.00212545 0.00397663
      endloop
   endfacet
   facet normal 1 0 0
      outer loop
         vertex -0.00234 0.00339443 0.00374232
         vertex -0.00234 0.0099 0.000845855
         vertex -0.00234 0.0099 0.00122898
      endloop
   endfacet
   facet normal 1 0 0
      outer loop
         vertex -0.00234 0.00212545 0.00397663
         vertex -0.00234 0.00331285 0.00376726
         vertex -0.00234 0.00363126 0.00402
      endloop
   endfacet
   facet normal 1 0 0
      outer loop
         vertex -0.00234 0.00331285 0.00376726
         vertex -0.00234 0.00339443 0.00374232
         vertex -0.00234 0.00363126 0.00402
      endloop
   endfacet
   facet normal 1 0 0
      outer loop
         vertex -0.00234 0.0099 0.00122898
         vertex -0.00234 0.00363126 0.00402
         vertex -0.00234 0.00339443 0.00374232
      endloop
   endfacet
   facet normal 0 -0.173648 -0.984808
      outer loop
         vertex -0.00276 0.00212545 0.00397663
         vertex -0.00276 0.00331285 0.00376726
         vertex -0.00234 0.00331285 0.00376726
      endloop
   endfacet
   facet normal 0 -0.173648 -0.984808
      outer loop
         vertex -0.00234 0.00331285 0.00376726
         vertex -0.00234 0.00212545 0.00397663
         vertex -0.00276 0.00212545 0.00397663
      endloop
   endfacet
   facet normal 0 -0.385142 -0.922857
      outer loop
         vertex -0.00234 0.0019774 0.00402
         vertex -0.00276 0.0019774 0.00402
         vertex -0.00276 0.00212545 0.00397663
      endloop
   endfacet
   facet normal 0 -0.173648 -0.984808
      outer loop
         vertex -0.00276 0.00212545 0.00397663
         vertex -0.00234 0.00212545 0.00397663
         vertex -0.00234 0.0019774 0.00402
      endloop
   endfacet
   facet normal 0 0 -1
      outer loop
         vertex 0.00595 0.0099 0.00402
         vertex 0.00595 0.00676563 0.00402
         vertex 0.00306 0.00676563 0.00402
      endloop
   endfacet
   facet normal 0 0 -1
      outer loop
         vertex 0.00306 0.00676563 0.00402
         vertex 0.00595 0.00676563 0.00402
         vertex 0.00378 0.00363126 0.00402
      endloop
   endfacet
   facet normal 0 0 -1
      outer loop
         vertex 0.00595 0.0005 0.00402
         vertex 0.00378 0.0019774 0.00402
         vertex 0.00378 0.00363126 0.00402
      endloop
   endfacet
   facet normal 0 0 -1
      outer loop
         vertex 0.00378 0.00363126 0.00402
         vertex 0.00595 0.00676563 0.00402
         vertex 0.00595 0.0005 0.00402
      endloop
   endfacet
   facet normal 0 0 -1
      outer loop
         vertex 0.00306 0.0005 0.00402
         vertex 0.00336 0.0019774 0.00402
         vertex 0.00378 0.0019774 0.00402
      endloop
   endfacet
   facet normal 0 0 -1
      outer loop
         vertex 0.00378 0.0019774 0.00402
         vertex 0.00595 0.0005 0.00402
         vertex 0.00306 0.0005 0.00402
      endloop
   endfacet
   facet normal 0 0 -1
      outer loop
         vertex 0.00306 0.0005 0.00402
         vertex 0.00306 0.00676563 0.00402
         vertex 0.00336 0.00363126 0.00402
      endloop
   endfacet
   facet normal 0 0 -1
      outer loop
         vertex 0.00336 0.00363126 0.00402
         vertex 0.00336 0.0019774 0.00402
         vertex 0.00306 0.0005 0.00402
      endloop
   endfacet
   facet normal 0 0 -1
      outer loop
         vertex 0.00306 0.0099 0.00402
         vertex 0.00306 0.00676563 0.00402
         vertex 0.00204 0.00676563 0.00402
      endloop
   endfacet
   facet normal 0 0 -1
      outer loop
         vertex 0.00204 0.00676563 0.00402
         vertex 0.00306 0.00676563 0.00402
         vertex 0.00276 0.00363126 0.00402
      endloop
   endfacet
   facet normal 0 0 -1
      outer loop
         vertex 0.00306 0.0005 0.00402
         vertex 0.00276 0.0019774 0.00402
         vertex 0.00276 0.00363126 0.00402
      endloop
   endfacet
   facet normal 0 0 -1
      outer loop
         vertex 0.00276 0.00363126 0.00402
         vertex 0.00306 0.00676563 0.00402
         vertex 0.00306 0.0005 0.00402
      endloop
   endfacet
   facet normal 0 0 -1
      outer loop
         vertex 0.00204 0.0005 0.00402
         vertex 0.00234 0.0019774 0.00402
         vertex 0.00276 0.0019774 0.00402
      endloop
   endfacet
   facet normal 0 0 -1
      outer loop
         vertex 0.00276 0.0019774 0.00402
         vertex 0.00306 0.0005 0.00402
         vertex 0.00204 0.0005 0.00402
      endloop
   endfacet
   facet normal 0 0 -1
      outer loop
         vertex 0.00204 0.0005 0.00402
         vertex 0.00204 0.00676563 0.00402
         vertex 0.00234 0.00363126 0.00402
      endloop
   endfacet
   facet normal 0 0 -1
      outer loop
         vertex 0.00234 0.00363126 0.00402
         vertex 0.00234 0.0019774 0.00402
         vertex 0.00204 0.0005 0.00402
      endloop
   endfacet
   facet normal 0 0 -1
      outer loop
         vertex 0.00204 0.0099 0.00402
         vertex 0.00204 0.00676563 0.00402
         vertex 0.00102 0.00676563 0.00402
      endloop
   endfacet
   facet normal 0 0 -1
      outer loop
         vertex 0.00102 0.00676563 0.00402
         vertex 0.00204 0.00676563 0.00402
         vertex 0.00174 0.00363126 0.00402
      endloop
   endfacet
   facet normal 0 0 -1
      outer loop
         vertex 0.00204 0.0005 0.00402
         vertex 0.00174 0.0019774 0.00402
         vertex 0.00174 0.00363126 0.00402
      endloop
   endfacet
   facet normal 0 0 -1
      outer loop
         vertex 0.00102 0.0005 0.00402
         vertex 0.00132 0.0019774 0.00402
         vertex 0.00174 0.0019774 0.00402
      endloop
   endfacet
   facet normal 0 0 -1
      outer loop
         vertex 0.00102 0.0005 0.00402
         vertex 0.00102 0.00676563 0.00402
         vertex 0.00132 0.00363126 0.00402
      endloop
   endfacet
   facet normal 0 0 -1
      outer loop
         vertex 0.00174 0.00363126 0.00402
         vertex 0.00204 0.00676563 0.00402
         vertex 0.00204 0.0005 0.00402
      endloop
   endfacet
   facet normal 0 0 -1
      outer loop
         vertex 0.00132 0.00363126 0.00402
         vertex 0.00132 0.0019774 0.00402
         vertex 0.00102 0.0005 0.00402
      endloop
   endfacet
   facet normal 0 0 -1
      outer loop
         vertex 0.00174 0.0019774 0.00402
         vertex 0.00204 0.0005 0.00402
         vertex 0.00102 0.0005 0.00402
      endloop
   endfacet
   facet normal 0 0 -1
      outer loop
         vertex 0.00102 0.0099 0.00402
         vertex 0.00102 0.00676563 0.00402
         vertex 0 0.00676563 0.00402
      endloop
   endfacet
   facet normal 0 0 -1
      outer loop
         vertex 0 0.00676563 0.00402
         vertex 0.00102 0.00676563 0.00402
         vertex 0.00072 0.00363126 0.00402
      endloop
   endfacet
   facet normal 0 0 -1
      outer loop
         vertex 0.00102 0.0005 0.00402
         vertex 0.00072 0.0019774 0.00402
         vertex 0.00072 0.00363126 0.00402
      endloop
   endfacet
   facet normal 0 0 -1
      outer loop
         vertex 0.00072 0.00363126 0.00402
         vertex 0.00102 0.00676563 0.00402
         vertex 0.00102 0.0005 0.00402
      endloop
   endfacet
   facet normal 0 0 -1
      outer loop
         vertex 0.00102 0.0005 0.00402
         vertex 0 0.0005 0.00402
         vertex 0.0003 0.0019774 0.00402
      endloop
   endfacet
   facet normal 0 0 -1
      outer loop
         vertex 0.0003 0.0019774 0.00402
         vertex 0.00072 0.0019774 0.00402
         vertex 0.00102 0.0005 0.00402
      endloop
   endfacet
   facet normal 0 0 -1
      outer loop
         vertex 0 0.0005 0.00402
         vertex 0 0.00676563 0.00402
         vertex 0.0003 0.00363126 0.00402
      endloop
   endfacet
   facet normal 0 0 -1
      outer loop
         vertex 0.0003 0.00363126 0.00402
         vertex 0.0003 0.0019774 0.00402
         vertex 0 0.0005 0.00402
      endloop
   endfacet
   facet normal 0 0 -1
      outer loop
         vertex 0 0.0099 0.00402
         vertex 0 0.00676563 0.00402
         vertex -0.00102 0.00676563 0.00402
      endloop
   endfacet
   facet normal 0 0 -1
      outer loop
         vertex -0.00102 0.00676563 0.00402
         vertex 0 0.00676563 0.00402
         vertex -0.0003 0.00363126 0.00402
      endloop
   endfacet
   facet normal 0 0 -1
      outer loop
         vertex 0 0.0005 0.00402
         vertex -0.0003 0.0019774 0.00402
         vertex -0.0003 0.00363126 0.00402
      endloop
   endfacet
   facet normal 0 0 -1
      outer loop
         vertex -0.0003 0.00363126 0.00402
         vertex 0 0.00676563 0.00402
         vertex 0 0.0005 0.00402
      endloop
   endfacet
   facet normal 0 0 -1
      outer loop
         vertex 0 0.0005 0.00402
         vertex -0.00102 0.0005 0.00402
         vertex -0.00072 0.0019774 0.00402
      endloop
   endfacet
   facet normal 0 0 -1
      outer loop
         vertex -0.00072 0.0019774 0.00402
         vertex -0.0003 0.0019774 0.00402
         vertex 0 0.0005 0.00402
      endloop
   endfacet
   facet normal 0 0 -1
      outer loop
         vertex -0.00102 0.0005 0.00402
         vertex -0.00102 0.00676563 0.00402
         vertex -0.00072 0.00363126 0.00402
      endloop
   endfacet
   facet normal 0 0 -1
      outer loop
         vertex -0.00072 0.00363126 0.00402
         vertex -0.00072 0.0019774 0.00402
         vertex -0.00102 0.0005 0.00402
      endloop
   endfacet
   facet normal 0 0 -1
      outer loop
         vertex -0.00102 0.0099 0.00402
         vertex -0.00102 0.00676563 0.00402
         vertex -0.00204 0.00676563 0.00402
      endloop
   endfacet
   facet normal 0 0 -1
      outer loop
         vertex -0.00102 0.0005 0.00402
         vertex -0.00132 0.0019774 0.00402
         vertex -0.00132 0.00363126 0.00402
      endloop
   endfacet
   facet normal 0 0 -1
      outer loop
         vertex -0.00102 0.0005 0.00402
         vertex -0.00204 0.0005 0.00402
         vertex -0.00174 0.0019774 0.00402
      endloop
   endfacet
   facet normal 0 0 -1
      outer loop
         vertex -0.00102 0.00676563 0.00402
         vertex -0.00132 0.00363126 0.00402
         vertex -0.00174 0.00363126 0.00402
      endloop
   endfacet
   facet normal 0 0 -1
      outer loop
         vertex -0.00174 0.0019774 0.00402
         vertex -0.00132 0.0019774 0.00402
         vertex -0.00102 0.0005 0.00402
      endloop
   endfacet
   facet normal 0 0 -1
      outer loop
         vertex -0.00132 0.00363126 0.00402
         vertex -0.00102 0.00676563 0.00402
         vertex -0.00102 0.0005 0.00402
      endloop
   endfacet
   facet normal 0 0 -1
      outer loop
         vertex -0.00204 0.0005 0.00402
         vertex -0.00204 0.00676563 0.00402
         vertex -0.00174 0.00363126 0.00402
      endloop
   endfacet
   facet normal 0 0 -1
      outer loop
         vertex -0.00174 0.00363126 0.00402
         vertex -0.00174 0.0019774 0.00402
         vertex -0.00204 0.0005 0.00402
      endloop
   endfacet
   facet normal 0 0 -1
      outer loop
         vertex -0.00204 0.0099 0.00402
         vertex -0.00204 0.00676563 0.00402
         vertex -0.00306 0.00676563 0.00402
      endloop
   endfacet
   facet normal 0 0 -1
      outer loop
         vertex -0.00204 0.0005 0.00402
         vertex -0.00234 0.0019774 0.00402
         vertex -0.00234 0.00363126 0.00402
      endloop
   endfacet
   facet normal 0 0 -1
      outer loop
         vertex -0.00204 0.0005 0.00402
         vertex -0.00306 0.0005 0.00402
         vertex -0.00276 0.0019774 0.00402
      endloop
   endfacet
   facet normal 0 0 -1
      outer loop
         vertex -0.00204 0.00676563 0.00402
         vertex -0.00234 0.00363126 0.00402
         vertex -0.00276 0.00363126 0.00402
      endloop
   endfacet
   facet normal 0 0 -1
      outer loop
         vertex -0.00276 0.0019774 0.00402
         vertex -0.00234 0.0019774 0.00402
         vertex -0.00204 0.0005 0.00402
      endloop
   endfacet
   facet normal 0 0 -1
      outer loop
         vertex -0.00234 0.00363126 0.00402
         vertex -0.00204 0.00676563 0.00402
         vertex -0.00204 0.0005 0.00402
      endloop
   endfacet
   facet normal 0 0 -1
      outer loop
         vertex -0.00306 0.0005 0.00402
         vertex -0.00306 0.00676563 0.00402
         vertex -0.00276 0.00363126 0.00402
      endloop
   endfacet
   facet normal 0 0 -1
      outer loop
         vertex -0.00276 0.00363126 0.00402
         vertex -0.00276 0.0019774 0.00402
         vertex -0.00306 0.0005 0.00402
      endloop
   endfacet
   facet normal 0 0 -1
      outer loop
         vertex -0.00306 0.0099 0.00402
         vertex -0.00306 0.00676563 0.00402
         vertex -0.004865 0.00676563 0.00402
      endloop
   endfacet
   facet normal 0 0 -1
      outer loop
         vertex -0.00306 0.00676563 0.00402
         vertex -0.00336 0.00363126 0.00402
         vertex -0.00378 0.00363126 0.00402
      endloop
   endfacet
   facet normal 0 0 -1
      outer loop
         vertex -0.00306 0.0005 0.00402
         vertex -0.00336 0.0019774 0.00402
         vertex -0.00336 0.00363126 0.00402
      endloop
   endfacet
   facet normal 0 0 -1
      outer loop
         vertex -0.00336 0.00363126 0.00402
         vertex -0.00306 0.00676563 0.00402
         vertex -0.00306 0.0005 0.00402
      endloop
   endfacet
   facet normal 0 0 -1
      outer loop
         vertex -0.00306 0.0005 0.00402
         vertex -0.004865 0.0005 0.00402
         vertex -0.00378 0.0019774 0.00402
      endloop
   endfacet
   facet normal 0 0 -1
      outer loop
         vertex -0.00378 0.0019774 0.00402
         vertex -0.00336 0.0019774 0.00402
         vertex -0.00306 0.0005 0.00402
      endloop
   endfacet
   facet normal 0 0 -1
      outer loop
         vertex -0.004865 0.0005 0.00402
         vertex -0.004865 0.00676563 0.00402
         vertex -0.00378 0.00363126 0.00402
      endloop
   endfacet
   facet normal 0 0 -1
      outer loop
         vertex -0.00378 0.00363126 0.00402
         vertex -0.00378 0.0019774 0.00402
         vertex -0.004865 0.0005 0.00402
      endloop
   endfacet
   facet normal 0 0 -1
      outer loop
         vertex -0.00595 0.00676563 0.00402
         vertex -0.00595 0.0099 0.00402
         vertex -0.005295 0.0099 0.00402
      endloop
   endfacet
   facet normal 0 0 -1
      outer loop
         vertex -0.005295 0.0099 0.00402
         vertex -0.004865 0.00676563 0.00402
         vertex -0.00595 0.00676563 0.00402
      endloop
   endfacet
   facet normal 0 0 -1
      outer loop
         vertex -0.004865 0.00676563 0.00402
         vertex -0.004865 0.0005 0.00402
         vertex -0.00595 0.0005 0.00402
      endloop
   endfacet
   facet normal 0 0 -1
      outer loop
         vertex -0.00595 0.0005 0.00402
         vertex -0.00595 0.00676563 0.00402
         vertex -0.004865 0.00676563 0.00402
      endloop
   endfacet
   facet normal 0 0 -1
      outer loop
         vertex -0.005295 0.0099 0.00402
         vertex -0.004865 0.0099 0.00402
         vertex -0.004865 0.00676563 0.00402
      endloop
   endfacet
   facet normal 0 0 -1
      outer loop
         vertex -0.00378 0.00363126 0.00402
         vertex -0.004865 0.00676563 0.00402
         vertex -0.00306 0.00676563 0.00402
      endloop
   endfacet
   facet normal 0 0 -1
      outer loop
         vertex -0.004865 0.00676563 0.00402
         vertex -0.004865 0.0099 0.00402
         vertex -0.00306 0.0099 0.00402
      endloop
   endfacet
   facet normal 0 0 -1
      outer loop
         vertex -0.00276 0.00363126 0.00402
         vertex -0.00306 0.00676563 0.00402
         vertex -0.00204 0.00676563 0.00402
      endloop
   endfacet
   facet normal 0 0 -1
      outer loop
         vertex -0.00306 0.00676563 0.00402
         vertex -0.00306 0.0099 0.00402
         vertex -0.00204 0.0099 0.00402
      endloop
   endfacet
   facet normal 0 0 -1
      outer loop
         vertex -0.00174 0.00363126 0.00402
         vertex -0.00204 0.00676563 0.00402
         vertex -0.00102 0.00676563 0.00402
      endloop
   endfacet
   facet normal 0 0 -1
      outer loop
         vertex -0.00204 0.00676563 0.00402
         vertex -0.00204 0.0099 0.00402
         vertex -0.00102 0.0099 0.00402
      endloop
   endfacet
   facet normal 0 0 -1
      outer loop
         vertex -0.0003 0.00363126 0.00402
         vertex -0.00072 0.00363126 0.00402
         vertex -0.00102 0.00676563 0.00402
      endloop
   endfacet
   facet normal 0 0 -1
      outer loop
         vertex -0.00102 0.00676563 0.00402
         vertex -0.00102 0.0099 0.00402
         vertex 0 0.0099 0.00402
      endloop
   endfacet
   facet normal 0 0 -1
      outer loop
         vertex 0.00072 0.00363126 0.00402
         vertex 0.0003 0.00363126 0.00402
         vertex 0 0.00676563 0.00402
      endloop
   endfacet
   facet normal 0 0 -1
      outer loop
         vertex 0 0.00676563 0.00402
         vertex 0 0.0099 0.00402
         vertex 0.00102 0.0099 0.00402
      endloop
   endfacet
   facet normal 0 0 -1
      outer loop
         vertex 0.00174 0.00363126 0.00402
         vertex 0.00132 0.00363126 0.00402
         vertex 0.00102 0.00676563 0.00402
      endloop
   endfacet
   facet normal 0 0 -1
      outer loop
         vertex 0.00102 0.00676563 0.00402
         vertex 0.00102 0.0099 0.00402
         vertex 0.00204 0.0099 0.00402
      endloop
   endfacet
   facet normal 0 0 -1
      outer loop
         vertex 0.00276 0.00363126 0.00402
         vertex 0.00234 0.00363126 0.00402
         vertex 0.00204 0.00676563 0.00402
      endloop
   endfacet
   facet normal 0 0 -1
      outer loop
         vertex 0.00204 0.00676563 0.00402
         vertex 0.00204 0.0099 0.00402
         vertex 0.00306 0.0099 0.00402
      endloop
   endfacet
   facet normal 0 0 -1
      outer loop
         vertex 0.00378 0.00363126 0.00402
         vertex 0.00336 0.00363126 0.00402
         vertex 0.00306 0.00676563 0.00402
      endloop
   endfacet
   facet normal 0 0 -1
      outer loop
         vertex 0.00306 0.00676563 0.00402
         vertex 0.00306 0.0099 0.00402
         vertex 0.00595 0.0099 0.00402
      endloop
   endfacet
   facet normal 0 -0.406737 -0.913545
      outer loop
         vertex -0.00336 0.00339443 0.00374232
         vertex -0.00378 0.00339443 0.00374232
         vertex -0.00378 0.0099 0.000845855
      endloop
   endfacet
   facet normal 0 -0.406737 -0.913545
      outer loop
         vertex -0.00378 0.0099 0.000845855
         vertex -0.00336 0.0099 0.000845855
         vertex -0.00336 0.00339443 0.00374232
      endloop
   endfacet
   facet normal -1 0 0
      outer loop
         vertex -0.00378 0.00363126 0.00402
         vertex -0.00378 0.00331285 0.00376726
         vertex -0.00378 0.00212545 0.00397663
      endloop
   endfacet
   facet normal -1 0 0
      outer loop
         vertex -0.00378 0.00363126 0.00402
         vertex -0.00378 0.00339443 0.00374232
         vertex -0.00378 0.00331285 0.00376726
      endloop
   endfacet
   facet normal -1 0 0
      outer loop
         vertex -0.00378 0.00339443 0.00374232
         vertex -0.00378 0.00363126 0.00402
         vertex -0.00378 0.0099 0.00122898
      endloop
   endfacet
   facet normal -1 0 0
      outer loop
         vertex -0.00378 0.0099 0.00122898
         vertex -0.00378 0.0099 0.000845855
         vertex -0.00378 0.00339443 0.00374232
      endloop
   endfacet
   facet normal -1 0 0
      outer loop
         vertex -0.00378 0.00212545 0.00397663
         vertex -0.00378 0.0019774 0.00402
         vertex -0.00378 0.00363126 0.00402
      endloop
   endfacet
   facet normal 1 0 0
      outer loop
         vertex -0.00336 0.00363126 0.00402
         vertex -0.00336 0.0019774 0.00402
         vertex -0.00336 0.00212545 0.00397663
      endloop
   endfacet
   facet normal 1 0 0
      outer loop
         vertex -0.00336 0.00339443 0.00374232
         vertex -0.00336 0.0099 0.000845855
         vertex -0.00336 0.0099 0.00122898
      endloop
   endfacet
   facet normal 1 0 0
      outer loop
         vertex -0.00336 0.00212545 0.00397663
         vertex -0.00336 0.00331285 0.00376726
         vertex -0.00336 0.00363126 0.00402
      endloop
   endfacet
   facet normal 1 0 0
      outer loop
         vertex -0.00336 0.00331285 0.00376726
         vertex -0.00336 0.00339443 0.00374232
         vertex -0.00336 0.00363126 0.00402
      endloop
   endfacet
   facet normal 1 0 0
      outer loop
         vertex -0.00336 0.0099 0.00122898
         vertex -0.00336 0.00363126 0.00402
         vertex -0.00336 0.00339443 0.00374232
      endloop
   endfacet
   facet normal 0 -0.173648 -0.984808
      outer loop
         vertex -0.00378 0.00212545 0.00397663
         vertex -0.00378 0.00331285 0.00376726
         vertex -0.00336 0.00331285 0.00376726
      endloop
   endfacet
   facet normal 0 -0.173648 -0.984808
      outer loop
         vertex -0.00336 0.00331285 0.00376726
         vertex -0.00336 0.00212545 0.00397663
         vertex -0.00378 0.00212545 0.00397663
      endloop
   endfacet
   facet normal 0 -0.406737 -0.913545
      outer loop
         vertex -0.00336 0.00339443 0.00374232
         vertex -0.00336 0.00331285 0.00376726
         vertex -0.00378 0.00331285 0.00376726
      endloop
   endfacet
   facet normal 0 -0.173648 -0.984808
      outer loop
         vertex -0.00378 0.00331285 0.00376726
         vertex -0.00378 0.00339443 0.00374232
         vertex -0.00336 0.00339443 0.00374232
      endloop
   endfacet
   facet normal 0 -0.385142 -0.922857
      outer loop
         vertex -0.00336 0.0019774 0.00402
         vertex -0.00378 0.0019774 0.00402
         vertex -0.00378 0.00212545 0.00397663
      endloop
   endfacet
   facet normal 0 -0.173648 -0.984808
      outer loop
         vertex -0.00378 0.00212545 0.00397663
         vertex -0.00336 0.00212545 0.00397663
         vertex -0.00336 0.0019774 0.00402
      endloop
   endfacet
   facet normal 0 0 -1
      outer loop
         vertex -0.0071025 0.0002 -0.0064
         vertex -0.00775 0.0002 -0.0064
         vertex -0.00775 0.0058925 -0.0064
      endloop
   endfacet
   facet normal 0 0 -1
      outer loop
         vertex -0.0071025 0.0058925 -0.0064
         vertex -0.00775 0.0058925 -0.0064
         vertex -0.00775 0.00834365 -0.0064
      endloop
   endfacet
   facet normal 0 0 -1
      outer loop
         vertex -0.00775 0.00834365 -0.0064
         vertex -0.0071025 0.0100075 -0.0064
         vertex -0.0071025 0.0058925 -0.0064
      endloop
   endfacet
   facet normal 0 0 -1
      outer loop
         vertex -0.00616674 0.01392 -0.0064
         vertex -0.0071025 0.01392 -0.0064
         vertex -0.0071025 0.0158725 -0.0064
      endloop
   endfacet
   facet normal 0 0 -1
      outer loop
         vertex -0.00616674 0.0158725 -0.0064
         vertex -0.0071025 0.0158725 -0.0064
         vertex -0.0071025 0.01838 -0.0064
      endloop
   endfacet
   facet normal 0 0 -1
      outer loop
         vertex -0.00616674 0.01838 -0.0064
         vertex -0.0071025 0.01838 -0.0064
         vertex -0.0071025 0.021 -0.0064
      endloop
   endfacet
   facet normal 0 0 -1
      outer loop
         vertex -0.0059175 0.0158725 -0.0064
         vertex -0.00616674 0.0158725 -0.0064
         vertex -0.00616674 0.01838 -0.0064
      endloop
   endfacet
   facet normal 0 0 -1
      outer loop
         vertex -0.00507847 0.0158725 -0.0064
         vertex -0.0059175 0.0158725 -0.0064
         vertex -0.0059175 0.01838 -0.0064
      endloop
   endfacet
   facet normal 0 0 -1
      outer loop
         vertex -0.00451174 0.0058925 -0.0064
         vertex -0.00507847 0.0058925 -0.0064
         vertex -0.00507847 0.0100075 -0.0064
      endloop
   endfacet
   facet normal 0 0 -1
      outer loop
         vertex -0.00451174 0.01392 -0.0064
         vertex -0.00507847 0.01392 -0.0064
         vertex -0.00507847 0.0158725 -0.0064
      endloop
   endfacet
   facet normal 0 0 -1
      outer loop
         vertex -0.00451174 0.01838 -0.0064
         vertex -0.00507847 0.01838 -0.0064
         vertex -0.00507847 0.021 -0.0064
      endloop
   endfacet
   facet normal 0 0 -1
      outer loop
         vertex -0.0039825 0.01392 -0.0064
         vertex -0.00451174 0.01392 -0.0064
         vertex -0.00451174 0.0158725 -0.0064
      endloop
   endfacet
   facet normal 0 0 -1
      outer loop
         vertex -0.0039825 0.01838 -0.0064
         vertex -0.00451174 0.01838 -0.0064
         vertex -0.00451174 0.021 -0.0064
      endloop
   endfacet
   facet normal 0 0 -1
      outer loop
         vertex -0.0033775 0.0100075 -0.0064
         vertex -0.0039825 0.0100075 -0.0064
         vertex -0.0039825 0.01392 -0.0064
      endloop
   endfacet
   facet normal 0 0 -1
      outer loop
         vertex -0.0033775 0.01392 -0.0064
         vertex -0.0039825 0.01392 -0.0064
         vertex -0.0039825 0.0158725 -0.0064
      endloop
   endfacet
   facet normal 0 0 -1
      outer loop
         vertex -0.0033775 0.0158725 -0.0064
         vertex -0.0039825 0.0158725 -0.0064
         vertex -0.0039825 0.01838 -0.0064
      endloop
   endfacet
   facet normal 0 0 -1
      outer loop
         vertex -0.00253847 0.0058925 -0.0064
         vertex -0.0033775 0.0058925 -0.0064
         vertex -0.0033775 0.0100075 -0.0064
      endloop
   endfacet
   facet normal 0 0 -1
      outer loop
         vertex -0.00253847 0.01392 -0.0064
         vertex -0.00253847 0.0100075 -0.0064
         vertex -0.00300153 0.01308 -0.0064
      endloop
   endfacet
   facet normal 0 0 -1
      outer loop
         vertex -0.0033775 0.0100075 -0.0064
         vertex -0.00335153 0.01308 -0.0064
         vertex -0.00300153 0.01308 -0.0064
      endloop
   endfacet
   facet normal 0 0 -1
      outer loop
         vertex -0.00300153 0.01308 -0.0064
         vertex -0.00253847 0.0100075 -0.0064
         vertex -0.0033775 0.0100075 -0.0064
      endloop
   endfacet
   facet normal 0 0 -1
      outer loop
         vertex -0.0033775 0.01392 -0.0064
         vertex -0.00335153 0.01354 -0.0064
         vertex -0.00335153 0.01308 -0.0064
      endloop
   endfacet
   facet normal 0 0 -1
      outer loop
         vertex -0.0033775 0.01392 -0.0064
         vertex -0.00253847 0.01392 -0.0064
         vertex -0.00300153 0.01354 -0.0064
      endloop
   endfacet
   facet normal 0 0 -1
      outer loop
         vertex -0.00335153 0.01308 -0.0064
         vertex -0.0033775 0.0100075 -0.0064
         vertex -0.0033775 0.01392 -0.0064
      endloop
   endfacet
   facet normal 0 0 -1
      outer loop
         vertex -0.00300153 0.01308 -0.0064
         vertex -0.00300153 0.01354 -0.0064
         vertex -0.00253847 0.01392 -0.0064
      endloop
   endfacet
   facet normal 0 0 -1
      outer loop
         vertex -0.00253847 0.01392 -0.0064
         vertex -0.0033775 0.01392 -0.0064
         vertex -0.0033775 0.0158725 -0.0064
      endloop
   endfacet
   facet normal 0 0 -1
      outer loop
         vertex -0.00253847 0.0158725 -0.0064
         vertex -0.0033775 0.0158725 -0.0064
         vertex -0.0033775 0.01838 -0.0064
      endloop
   endfacet
   facet normal 0 0 -1
      outer loop
         vertex 1.52858e-06 0.0058925 -0.0064
         vertex -0.00253847 0.0058925 -0.0064
         vertex -0.00253847 0.0100075 -0.0064
      endloop
   endfacet
   facet normal 0 0 -1
      outer loop
         vertex 1.52858e-06 0.0100075 -0.0064
         vertex -0.00253847 0.0100075 -0.0064
         vertex -0.00253847 0.01392 -0.0064
      endloop
   endfacet
   facet normal 0 0 -1
      outer loop
         vertex 1.52858e-06 0.01392 -0.0064
         vertex -0.00253847 0.01392 -0.0064
         vertex -0.00253847 0.0158725 -0.0064
      endloop
   endfacet
   facet normal 0 0 -1
      outer loop
         vertex -0.00253847 0.01838 -0.0064
         vertex 1.52858e-06 0.01838 -0.0064
         vertex -0.00167347 0.017285 -0.0064
      endloop
   endfacet
   facet normal 0 0 -1
      outer loop
         vertex 1.52858e-06 0.0158725 -0.0064
         vertex -0.00167347 0.016935 -0.0064
         vertex -0.00167347 0.017285 -0.0064
      endloop
   endfacet
   facet normal 0 0 -1
      outer loop
         vertex -0.00253847 0.0158725 -0.0064
         vertex -0.00213347 0.016935 -0.0064
         vertex -0.00167347 0.016935 -0.0064
      endloop
   endfacet
   facet normal 0 0 -1
      outer loop
         vertex -0.00253847 0.0158725 -0.0064
         vertex -0.00253847 0.01838 -0.0064
         vertex -0.00213347 0.017285 -0.0064
      endloop
   endfacet
   facet normal 0 0 -1
      outer loop
         vertex -0.00167347 0.017285 -0.0064
         vertex 1.52858e-06 0.01838 -0.0064
         vertex 1.52858e-06 0.0158725 -0.0064
      endloop
   endfacet
   facet normal 0 0 -1
      outer loop
         vertex -0.00213347 0.017285 -0.0064
         vertex -0.00213347 0.016935 -0.0064
         vertex -0.00253847 0.0158725 -0.0064
      endloop
   endfacet
   facet normal 0 0 -1
      outer loop
         vertex -0.00167347 0.016935 -0.0064
         vertex 1.52858e-06 0.0158725 -0.0064
         vertex -0.00253847 0.0158725 -0.0064
      endloop
   endfacet
   facet normal 0 0 -1
      outer loop
         vertex -0.00253847 0.01838 -0.0064
         vertex -0.00253847 0.021 -0.0064
         vertex -0.000863471 0.019825 -0.0064
      endloop
   endfacet
   facet normal 0 0 -1
      outer loop
         vertex 1.52858e-06 0.021 -0.0064
         vertex -0.000403471 0.019825 -0.0064
         vertex -0.000863471 0.019825 -0.0064
      endloop
   endfacet
   facet normal 0 0 -1
      outer loop
         vertex -0.000863471 0.019825 -0.0064
         vertex -0.00253847 0.021 -0.0064
         vertex 1.52858e-06 0.021 -0.0064
      endloop
   endfacet
   facet normal 0 0 -1
      outer loop
         vertex 1.52858e-06 0.01838 -0.0064
         vertex -0.000403471 0.019475 -0.0064
         vertex -0.000403471 0.019825 -0.0064
      endloop
   endfacet
   facet normal 0 0 -1
      outer loop
         vertex -0.000403471 0.019825 -0.0064
         vertex 1.52858e-06 0.021 -0.0064
         vertex 1.52858e-06 0.01838 -0.0064
      endloop
   endfacet
   facet normal 0 0 -1
      outer loop
         vertex 1.52858e-06 0.01838 -0.0064
         vertex -0.00253847 0.01838 -0.0064
         vertex -0.000863471 0.019475 -0.0064
      endloop
   endfacet
   facet normal 0 0 -1
      outer loop
         vertex -0.000863471 0.019475 -0.0064
         vertex -0.000403471 0.019475 -0.0064
         vertex 1.52858e-06 0.01838 -0.0064
      endloop
   endfacet
   facet normal 0 0 -1
      outer loop
         vertex 0.00127153 0.0058925 -0.0064
         vertex 1.52858e-06 0.0058925 -0.0064
         vertex 1.52858e-06 0.0100075 -0.0064
      endloop
   endfacet
   facet normal 0 0 -1
      outer loop
         vertex 0.00127153 0.0100075 -0.0064
         vertex 1.52858e-06 0.0100075 -0.0064
         vertex 1.52858e-06 0.01392 -0.0064
      endloop
   endfacet
   facet normal 0 0 -1
      outer loop
         vertex 0.00127153 0.01392 -0.0064
         vertex 1.52858e-06 0.01392 -0.0064
         vertex 1.52858e-06 0.0158725 -0.0064
      endloop
   endfacet
   facet normal 0 0 -1
      outer loop
         vertex 1.52858e-06 0.0158725 -0.0064
         vertex 1.52858e-06 0.01838 -0.0064
         vertex 0.000406529 0.017285 -0.0064
      endloop
   endfacet
   facet normal 0 0 -1
      outer loop
         vertex 0.00127153 0.01838 -0.0064
         vertex 0.000866529 0.017285 -0.0064
         vertex 0.000406529 0.017285 -0.0064
      endloop
   endfacet
   facet normal 0 0 -1
      outer loop
         vertex 0.000406529 0.017285 -0.0064
         vertex 1.52858e-06 0.01838 -0.0064
         vertex 0.00127153 0.01838 -0.0064
      endloop
   endfacet
   facet normal 0 0 -1
      outer loop
         vertex 0.00127153 0.0158725 -0.0064
         vertex 0.000866529 0.016935 -0.0064
         vertex 0.000866529 0.017285 -0.0064
      endloop
   endfacet
   facet normal 0 0 -1
      outer loop
         vertex 0.000866529 0.017285 -0.0064
         vertex 0.00127153 0.01838 -0.0064
         vertex 0.00127153 0.0158725 -0.0064
      endloop
   endfacet
   facet normal 0 0 -1
      outer loop
         vertex 0.00127153 0.0158725 -0.0064
         vertex 1.52858e-06 0.0158725 -0.0064
         vertex 0.000406529 0.016935 -0.0064
      endloop
   endfacet
   facet normal 0 0 -1
      outer loop
         vertex 0.000406529 0.016935 -0.0064
         vertex 0.000866529 0.016935 -0.0064
         vertex 0.00127153 0.0158725 -0.0064
      endloop
   endfacet
   facet normal 0 0 -1
      outer loop
         vertex 0.00127153 0.01838 -0.0064
         vertex 1.52858e-06 0.01838 -0.0064
         vertex 1.52858e-06 0.021 -0.0064
      endloop
   endfacet
   facet normal 0 0 -1
      outer loop
         vertex 0.00254153 0.0058925 -0.0064
         vertex 0.00127153 0.0058925 -0.0064
         vertex 0.00127153 0.0100075 -0.0064
      endloop
   endfacet
   facet normal 0 0 -1
      outer loop
         vertex 0.00254153 0.0100075 -0.0064
         vertex 0.00127153 0.0100075 -0.0064
         vertex 0.00127153 0.01392 -0.0064
      endloop
   endfacet
   facet normal 0 0 -1
      outer loop
         vertex 0.00254153 0.01392 -0.0064
         vertex 0.00127153 0.01392 -0.0064
         vertex 0.00127153 0.0158725 -0.0064
      endloop
   endfacet
   facet normal 0 0 -1
      outer loop
         vertex 0.00254153 0.0158725 -0.0064
         vertex 0.00127153 0.0158725 -0.0064
         vertex 0.00127153 0.01838 -0.0064
      endloop
   endfacet
   facet normal 0 0 -1
      outer loop
         vertex 0.00127153 0.01838 -0.0064
         vertex 0.00127153 0.021 -0.0064
         vertex 0.00167653 0.019825 -0.0064
      endloop
   endfacet
   facet normal 0 0 -1
      outer loop
         vertex 0.00127153 0.021 -0.0064
         vertex 0.00254153 0.021 -0.0064
         vertex 0.00213653 0.019825 -0.0064
      endloop
   endfacet
   facet normal 0 0 -1
      outer loop
         vertex 0.00213653 0.019825 -0.0064
         vertex 0.00167653 0.019825 -0.0064
         vertex 0.00127153 0.021 -0.0064
      endloop
   endfacet
   facet normal 0 0 -1
      outer loop
         vertex 0.00254153 0.01838 -0.0064
         vertex 0.00213653 0.019475 -0.0064
         vertex 0.00213653 0.019825 -0.0064
      endloop
   endfacet
   facet normal 0 0 -1
      outer loop
         vertex 0.00213653 0.019825 -0.0064
         vertex 0.00254153 0.021 -0.0064
         vertex 0.00254153 0.01838 -0.0064
      endloop
   endfacet
   facet normal 0 0 -1
      outer loop
         vertex 0.00127153 0.01838 -0.0064
         vertex 0.00167653 0.019475 -0.0064
         vertex 0.00213653 0.019475 -0.0064
      endloop
   endfacet
   facet normal 0 0 -1
      outer loop
         vertex 0.00213653 0.019475 -0.0064
         vertex 0.00254153 0.01838 -0.0064
         vertex 0.00127153 0.01838 -0.0064
      endloop
   endfacet
   facet normal 0 0 -1
      outer loop
         vertex 0.00297403 0.0058925 -0.0064
         vertex 0.00254153 0.0058925 -0.0064
         vertex 0.00254153 0.0100075 -0.0064
      endloop
   endfacet
   facet normal 0 0 -1
      outer loop
         vertex 0.00297403 0.0100075 -0.0064
         vertex 0.00254153 0.0100075 -0.0064
         vertex 0.00254153 0.01392 -0.0064
      endloop
   endfacet
   facet normal 0 0 -1
      outer loop
         vertex 0.00297403 0.01392 -0.0064
         vertex 0.00254153 0.01392 -0.0064
         vertex 0.00254153 0.0158725 -0.0064
      endloop
   endfacet
   facet normal 0 0 -1
      outer loop
         vertex 0.00297403 0.01838 -0.0064
         vertex 0.00254153 0.01838 -0.0064
         vertex 0.00254153 0.021 -0.0064
      endloop
   endfacet
   facet normal 0 0 -1
      outer loop
         vertex 0.00297403 0.01392 -0.0064
         vertex 0.0039825 0.01392 -0.0064
         vertex 0.00335153 0.01354 -0.0064
      endloop
   endfacet
   facet normal 0 0 -1
      outer loop
         vertex 0.0039825 0.01392 -0.0064
         vertex 0.0039825 0.0100075 -0.0064
         vertex 0.00335153 0.01308 -0.0064
      endloop
   endfacet
   facet normal 0 0 -1
      outer loop
         vertex 0.00335153 0.01308 -0.0064
         vertex 0.00335153 0.01354 -0.0064
         vertex 0.0039825 0.01392 -0.0064
      endloop
   endfacet
   facet normal 0 0 -1
      outer loop
         vertex 0.00297403 0.0100075 -0.0064
         vertex 0.00300153 0.01308 -0.0064
         vertex 0.00335153 0.01308 -0.0064
      endloop
   endfacet
   facet normal 0 0 -1
      outer loop
         vertex 0.00335153 0.01308 -0.0064
         vertex 0.0039825 0.0100075 -0.0064
         vertex 0.00297403 0.0100075 -0.0064
      endloop
   endfacet
   facet normal 0 0 -1
      outer loop
         vertex 0.00297403 0.01392 -0.0064
         vertex 0.00300153 0.01354 -0.0064
         vertex 0.00300153 0.01308 -0.0064
      endloop
   endfacet
   facet normal 0 0 -1
      outer loop
         vertex 0.00300153 0.01308 -0.0064
         vertex 0.00297403 0.0100075 -0.0064
         vertex 0.00297403 0.01392 -0.0064
      endloop
   endfacet
   facet normal 0 0 -1
      outer loop
         vertex 0.0039825 0.01392 -0.0064
         vertex 0.00297403 0.01392 -0.0064
         vertex 0.00297403 0.0158725 -0.0064
      endloop
   endfacet
   facet normal 0 0 -1
      outer loop
         vertex 0.0039825 0.01838 -0.0064
         vertex 0.00297403 0.01838 -0.0064
         vertex 0.00297403 0.021 -0.0064
      endloop
   endfacet
   facet normal 0 0 -1
      outer loop
         vertex 0.00416576 0.01392 -0.0064
         vertex 0.0039825 0.01392 -0.0064
         vertex 0.0039825 0.0158725 -0.0064
      endloop
   endfacet
   facet normal 0 0 -1
      outer loop
         vertex 0.00416576 0.0158725 -0.0064
         vertex 0.0039825 0.0158725 -0.0064
         vertex 0.0039825 0.01838 -0.0064
      endloop
   endfacet
   facet normal 0 0 -1
      outer loop
         vertex 0.00416576 0.01838 -0.0064
         vertex 0.0039825 0.01838 -0.0064
         vertex 0.0039825 0.021 -0.0064
      endloop
   endfacet
   facet normal 0 0 -1
      outer loop
         vertex 0.00508168 0.01392 -0.0064
         vertex 0.00416576 0.01392 -0.0064
         vertex 0.00416576 0.0158725 -0.0064
      endloop
   endfacet
   facet normal 0 0 -1
      outer loop
         vertex 0.00508168 0.0158725 -0.0064
         vertex 0.00416576 0.0158725 -0.0064
         vertex 0.00416576 0.01838 -0.0064
      endloop
   endfacet
   facet normal 0 0 -1
      outer loop
         vertex 0.00416576 0.01838 -0.0064
         vertex 0.00416576 0.021 -0.0064
         vertex 0.00421653 0.019825 -0.0064
      endloop
   endfacet
   facet normal 0 0 -1
      outer loop
         vertex 0.00416576 0.021 -0.0064
         vertex 0.00508168 0.021 -0.0064
         vertex 0.00467653 0.019825 -0.0064
      endloop
   endfacet
   facet normal 0 0 -1
      outer loop
         vertex 0.00467653 0.019825 -0.0064
         vertex 0.00421653 0.019825 -0.0064
         vertex 0.00416576 0.021 -0.0064
      endloop
   endfacet
   facet normal 0 0 -1
      outer loop
         vertex 0.00508168 0.01838 -0.0064
         vertex 0.00467653 0.019475 -0.0064
         vertex 0.00467653 0.019825 -0.0064
      endloop
   endfacet
   facet normal 0 0 -1
      outer loop
         vertex 0.00467653 0.019825 -0.0064
         vertex 0.00508168 0.021 -0.0064
         vertex 0.00508168 0.01838 -0.0064
      endloop
   endfacet
   facet normal 0 0 -1
      outer loop
         vertex 0.00416576 0.01838 -0.0064
         vertex 0.00421653 0.019475 -0.0064
         vertex 0.00467653 0.019475 -0.0064
      endloop
   endfacet
   facet normal 0 0 -1
      outer loop
         vertex 0.00467653 0.019475 -0.0064
         vertex 0.00508168 0.01838 -0.0064
         vertex 0.00416576 0.01838 -0.0064
      endloop
   endfacet
   facet normal 0 0 -1
      outer loop
         vertex 0.00551418 0.01838 -0.0064
         vertex 0.00508168 0.01838 -0.0064
         vertex 0.00508168 0.021 -0.0064
      endloop
   endfacet
   facet normal 0 0 -1
      outer loop
         vertex 0.00616842 0.01838 -0.0064
         vertex 0.00551418 0.01838 -0.0064
         vertex 0.00551418 0.021 -0.0064
      endloop
   endfacet
   facet normal 0 0 -1
      outer loop
         vertex -0.0071025 0.0158725 -0.0064
         vertex -0.0071025 0.01392 -0.0064
         vertex -0.0077 0.01545 -0.0064
      endloop
   endfacet
   facet normal 0 0 -1
      outer loop
         vertex -0.00775 0.01392 -0.0064
         vertex -0.00775 0.01545 -0.0064
         vertex -0.0077 0.01545 -0.0064
      endloop
   endfacet
   facet normal 0 0 -1
      outer loop
         vertex -0.0077 0.01545 -0.0064
         vertex -0.0071025 0.01392 -0.0064
         vertex -0.00775 0.01392 -0.0064
      endloop
   endfacet
   facet normal 0 0 -1
      outer loop
         vertex -0.0071025 0.01838 -0.0064
         vertex -0.0071025 0.0158725 -0.0064
         vertex -0.007375 0.0166 -0.0064
      endloop
   endfacet
   facet normal 0 0 -1
      outer loop
         vertex -0.0077 0.0158725 -0.0064
         vertex -0.0077 0.0166 -0.0064
         vertex -0.007375 0.0166 -0.0064
      endloop
   endfacet
   facet normal 0 0 -1
      outer loop
         vertex -0.007375 0.0166 -0.0064
         vertex -0.0071025 0.0158725 -0.0064
         vertex -0.0077 0.0158725 -0.0064
      endloop
   endfacet
   facet normal 0 0 -1
      outer loop
         vertex -0.0071025 0.01838 -0.0064
         vertex -0.007375 0.01838 -0.0064
         vertex -0.007375 0.021 -0.0064
      endloop
   endfacet
   facet normal 0 0 -1
      outer loop
         vertex 0.007375 0.01838 -0.0064
         vertex 0.00616842 0.01838 -0.0064
         vertex 0.00616842 0.021 -0.0064
      endloop
   endfacet
   facet normal 0 0 -1
      outer loop
         vertex 0.0077 0.0158725 -0.0064
         vertex 0.00616842 0.0158725 -0.0064
         vertex 0.007375 0.0166 -0.0064
      endloop
   endfacet
   facet normal 0 0 -1
      outer loop
         vertex 0.00616842 0.01838 -0.0064
         vertex 0.007375 0.01838 -0.0064
         vertex 0.007375 0.0166 -0.0064
      endloop
   endfacet
   facet normal 0 0 -1
      outer loop
         vertex 0.007375 0.0166 -0.0064
         vertex 0.00616842 0.0158725 -0.0064
         vertex 0.00616842 0.01838 -0.0064
      endloop
   endfacet
   facet normal 0 0 -1
      outer loop
         vertex 0.00775 0.01392 -0.0064
         vertex 0.00616842 0.01392 -0.0064
         vertex 0.0077 0.01545 -0.0064
      endloop
   endfacet
   facet normal 0 0 -1
      outer loop
         vertex 0.00616842 0.0158725 -0.0064
         vertex 0.0077 0.0158725 -0.0064
         vertex 0.0077 0.01545 -0.0064
      endloop
   endfacet
   facet normal 0 0 -1
      outer loop
         vertex 0.0077 0.01545 -0.0064
         vertex 0.00616842 0.01392 -0.0064
         vertex 0.00616842 0.0158725 -0.0064
      endloop
   endfacet
   facet normal 0 0 -1
      outer loop
         vertex 0.00616842 0.0058925 -0.0064
         vertex 0.00775 0.0058925 -0.0064
         vertex 0.007 0.0027 -0.0064
      endloop
   endfacet
   facet normal 0 0 -1
      outer loop
         vertex 0.00775 0.0002 -0.0064
         vertex 0.007 0.0002 -0.0064
         vertex 0.007 0.0027 -0.0064
      endloop
   endfacet
   facet normal 0 0 -1
      outer loop
         vertex 0.007 0.0027 -0.0064
         vertex 0.00775 0.0058925 -0.0064
         vertex 0.00775 0.0002 -0.0064
      endloop
   endfacet
   facet normal 0 0 -1
      outer loop
         vertex 0.00508168 0.0027 -0.0064
         vertex 0.00416576 0.0027 -0.0064
         vertex 0.00416576 0.0058925 -0.0064
      endloop
   endfacet
   facet normal 0 0 -1
      outer loop
         vertex 0.00416576 0.0027 -0.0064
         vertex 0.0039825 0.0027 -0.0064
         vertex 0.0039825 0.0058925 -0.0064
      endloop
   endfacet
   facet normal 0 0 -1
      outer loop
         vertex 0.0039825 0.0027 -0.0064
         vertex 0.00297403 0.0027 -0.0064
         vertex 0.00297403 0.0058925 -0.0064
      endloop
   endfacet
   facet normal 0 0 -1
      outer loop
         vertex 0.00297403 0.0027 -0.0064
         vertex 0.00254153 0.0027 -0.0064
         vertex 0.00254153 0.0058925 -0.0064
      endloop
   endfacet
   facet normal 0 0 -1
      outer loop
         vertex 0.00254153 0.0027 -0.0064
         vertex 0.00127153 0.0027 -0.0064
         vertex 0.00127153 0.0058925 -0.0064
      endloop
   endfacet
   facet normal 0 0 -1
      outer loop
         vertex 0.00127153 0.0027 -0.0064
         vertex 1.52858e-06 0.0027 -0.0064
         vertex 1.52858e-06 0.0058925 -0.0064
      endloop
   endfacet
   facet normal 0 0 -1
      outer loop
         vertex 1.52858e-06 0.0027 -0.0064
         vertex -0.00253847 0.0027 -0.0064
         vertex -0.00253847 0.0058925 -0.0064
      endloop
   endfacet
   facet normal 0 0 -1
      outer loop
         vertex -0.00253847 0.0027 -0.0064
         vertex -0.0033775 0.0027 -0.0064
         vertex -0.0033775 0.0058925 -0.0064
      endloop
   endfacet
   facet normal 0 0 -1
      outer loop
         vertex -0.0033775 0.0027 -0.0064
         vertex -0.0039825 0.0027 -0.0064
         vertex -0.0039825 0.0058925 -0.0064
      endloop
   endfacet
   facet normal 0 0 -1
      outer loop
         vertex -0.0039825 0.0027 -0.0064
         vertex -0.00451174 0.0027 -0.0064
         vertex -0.00451174 0.0058925 -0.0064
      endloop
   endfacet
   facet normal 0 0 -1
      outer loop
         vertex -0.00451174 0.0027 -0.0064
         vertex -0.00507847 0.0027 -0.0064
         vertex -0.00507847 0.0058925 -0.0064
      endloop
   endfacet
   facet normal 0 0 -1
      outer loop
         vertex -0.0071025 0.0002 -0.0064
         vertex -0.0071025 0.0058925 -0.0064
         vertex -0.007 0.0027 -0.0064
      endloop
   endfacet
   facet normal 0 0 -1
      outer loop
         vertex -0.00616674 0.0058925 -0.0064
         vertex -0.00616674 0.0027 -0.0064
         vertex -0.007 0.0027 -0.0064
      endloop
   endfacet
   facet normal 0 0 -1
      outer loop
         vertex -0.007 0.0027 -0.0064
         vertex -0.0071025 0.0058925 -0.0064
         vertex -0.00616674 0.0058925 -0.0064
      endloop
   endfacet
   facet normal 0 0 -1
      outer loop
         vertex -0.0071025 0.0100075 -0.0064
         vertex -0.0071025 0.0104677 -0.0064
         vertex -0.00676751 0.010401 -0.0064
      endloop
   endfacet
   facet normal 0 0 -1
      outer loop
         vertex -0.00676751 0.010401 -0.0064
         vertex -0.00634576 0.0101192 -0.0064
         vertex -0.0071025 0.0100075 -0.0064
      endloop
   endfacet
   facet normal 0 0 -1
      outer loop
         vertex -0.00616674 0.0058925 -0.0064
         vertex -0.00639 0.006435 -0.0064
         vertex -0.00639 0.006935 -0.0064
      endloop
   endfacet
   facet normal 0 0 -1
      outer loop
         vertex -0.0071025 0.0058925 -0.0064
         vertex -0.00689 0.006435 -0.0064
         vertex -0.00639 0.006435 -0.0064
      endloop
   endfacet
   facet normal 0 0 -1
      outer loop
         vertex -0.0071025 0.0100075 -0.0064
         vertex -0.00616674 0.00988624 -0.0064
         vertex -0.00639 0.006935 -0.0064
      endloop
   endfacet
   facet normal 0 0 -1
      outer loop
         vertex -0.00639 0.006435 -0.0064
         vertex -0.00616674 0.0058925 -0.0064
         vertex -0.0071025 0.0058925 -0.0064
      endloop
   endfacet
   facet normal 0 0 -1
      outer loop
         vertex -0.0071025 0.0058925 -0.0064
         vertex -0.0071025 0.0100075 -0.0064
         vertex -0.00689 0.006935 -0.0064
      endloop
   endfacet
   facet normal 0 0 -1
      outer loop
         vertex -0.0071025 0.0100075 -0.0064
         vertex -0.00625991 0.0100075 -0.0064
         vertex -0.00616674 0.00988624 -0.0064
      endloop
   endfacet
   facet normal 0 0 -1
      outer loop
         vertex -0.00689 0.006935 -0.0064
         vertex -0.00689 0.006435 -0.0064
         vertex -0.0071025 0.0058925 -0.0064
      endloop
   endfacet
   facet normal 0 0 -1
      outer loop
         vertex -0.00639 0.006935 -0.0064
         vertex -0.00616674 0.00988624 -0.0064
         vertex -0.00616674 0.0058925 -0.0064
      endloop
   endfacet
   facet normal 0 0 -1
      outer loop
         vertex -0.00616674 0.0058925 -0.0064
         vertex -0.00616674 0.00988624 -0.0064
         vertex -0.00614 0.00985144 -0.0064
      endloop
   endfacet
   facet normal 0 0 -1
      outer loop
         vertex -0.0059175 0.0027 -0.0064
         vertex -0.00616674 0.0027 -0.0064
         vertex -0.00614 0.00535 -0.0064
      endloop
   endfacet
   facet normal 0 0 -1
      outer loop
         vertex -0.00616674 0.0058925 -0.0064
         vertex -0.00614 0.0058925 -0.0064
         vertex -0.00614 0.00535 -0.0064
      endloop
   endfacet
   facet normal 0 0 -1
      outer loop
         vertex -0.00614 0.00535 -0.0064
         vertex -0.00616674 0.0027 -0.0064
         vertex -0.00616674 0.0058925 -0.0064
      endloop
   endfacet
   facet normal 0 0 -1
      outer loop
         vertex -0.00507847 0.0058925 -0.0064
         vertex -0.00507847 0.0027 -0.0064
         vertex -0.00529 0.00535 -0.0064
      endloop
   endfacet
   facet normal 0 0 -1
      outer loop
         vertex -0.0059175 0.0027 -0.0064
         vertex -0.0059175 0.00535 -0.0064
         vertex -0.00529 0.00535 -0.0064
      endloop
   endfacet
   facet normal 0 0 -1
      outer loop
         vertex -0.00529 0.00535 -0.0064
         vertex -0.00507847 0.0027 -0.0064
         vertex -0.0059175 0.0027 -0.0064
      endloop
   endfacet
   facet normal 0 0 -1
      outer loop
         vertex -0.00507847 0.0058925 -0.0064
         vertex -0.00529 0.0058925 -0.0064
         vertex -0.00529 0.00985144 -0.0064
      endloop
   endfacet
   facet normal 0 0 -1
      outer loop
         vertex -0.00529 0.00985144 -0.0064
         vertex -0.00507847 0.0100075 -0.0064
         vertex -0.00507847 0.0058925 -0.0064
      endloop
   endfacet
   facet normal 0 0 -1
      outer loop
         vertex -0.00507847 0.0100075 -0.0064
         vertex -0.00517009 0.0100075 -0.0064
         vertex -0.00508424 0.0101192 -0.0064
      endloop
   endfacet
   facet normal 0 0 -1
      outer loop
         vertex -0.00451174 0.0100075 -0.0064
         vertex -0.00507847 0.0100075 -0.0064
         vertex -0.00507847 0.0101231 -0.0064
      endloop
   endfacet
   facet normal 0 0 -1
      outer loop
         vertex -0.00507847 0.0101231 -0.0064
         vertex -0.00466249 0.010401 -0.0064
         vertex -0.00451174 0.0100075 -0.0064
      endloop
   endfacet
   facet normal 0 0 -1
      outer loop
         vertex -0.0039825 0.0100075 -0.0064
         vertex -0.00451174 0.0100075 -0.0064
         vertex -0.00451174 0.010431 -0.0064
      endloop
   endfacet
   facet normal 0 0 -1
      outer loop
         vertex -0.0039825 0.01392 -0.0064
         vertex -0.004165 0.011 -0.0064
         vertex -0.00451174 0.011069 -0.0064
      endloop
   endfacet
   facet normal 0 0 -1
      outer loop
         vertex -0.0039825 0.0100075 -0.0064
         vertex -0.004115 0.0105 -0.0064
         vertex -0.004115 0.011 -0.0064
      endloop
   endfacet
   facet normal 0 0 -1
      outer loop
         vertex -0.00451174 0.010431 -0.0064
         vertex -0.004165 0.0105 -0.0064
         vertex -0.0039825 0.0100075 -0.0064
      endloop
   endfacet
   facet normal 0 0 -1
      outer loop
         vertex -0.0039825 0.01392 -0.0064
         vertex -0.004115 0.011 -0.0064
         vertex -0.004165 0.011 -0.0064
      endloop
   endfacet
   facet normal 0 0 -1
      outer loop
         vertex -0.004165 0.0105 -0.0064
         vertex -0.004115 0.0105 -0.0064
         vertex -0.0039825 0.0100075 -0.0064
      endloop
   endfacet
   facet normal 0 0 -1
      outer loop
         vertex -0.004115 0.011 -0.0064
         vertex -0.0039825 0.01392 -0.0064
         vertex -0.0039825 0.0100075 -0.0064
      endloop
   endfacet
   facet normal 0 0 -1
      outer loop
         vertex -0.00451174 0.01392 -0.0064
         vertex -0.00466249 0.011099 -0.0064
         vertex -0.00507847 0.0113769 -0.0064
      endloop
   endfacet
   facet normal 0 0 -1
      outer loop
         vertex -0.00451174 0.01392 -0.0064
         vertex -0.00451174 0.011069 -0.0064
         vertex -0.00466249 0.011099 -0.0064
      endloop
   endfacet
   facet normal 0 0 -1
      outer loop
         vertex -0.00507847 0.01392 -0.0064
         vertex -0.00508424 0.0113808 -0.0064
         vertex -0.00529 0.0116486 -0.0064
      endloop
   endfacet
   facet normal 0 0 -1
      outer loop
         vertex -0.00507847 0.01392 -0.0064
         vertex -0.00507847 0.0113769 -0.0064
         vertex -0.00508424 0.0113808 -0.0064
      endloop
   endfacet
   facet normal 0 0 -1
      outer loop
         vertex -0.0059175 0.0158725 -0.0064
         vertex -0.00507847 0.0158725 -0.0064
         vertex -0.00554153 0.01481 -0.0064
      endloop
   endfacet
   facet normal 0 0 -1
      outer loop
         vertex -0.00529 0.0143 -0.0064
         vertex -0.00554153 0.01435 -0.0064
         vertex -0.00554153 0.01481 -0.0064
      endloop
   endfacet
   facet normal 0 0 -1
      outer loop
         vertex -0.00554153 0.01481 -0.0064
         vertex -0.00507847 0.0158725 -0.0064
         vertex -0.00529 0.0143 -0.0064
      endloop
   endfacet
   facet normal 0 0 -1
      outer loop
         vertex -0.0059175 0.0143 -0.0064
         vertex -0.00589153 0.01435 -0.0064
         vertex -0.00554153 0.01435 -0.0064
      endloop
   endfacet
   facet normal 0 0 -1
      outer loop
         vertex -0.00554153 0.01435 -0.0064
         vertex -0.00529 0.0143 -0.0064
         vertex -0.0059175 0.0143 -0.0064
      endloop
   endfacet
   facet normal 0 0 -1
      outer loop
         vertex -0.0059175 0.0143 -0.0064
         vertex -0.0059175 0.0158725 -0.0064
         vertex -0.00589153 0.01481 -0.0064
      endloop
   endfacet
   facet normal 0 0 -1
      outer loop
         vertex -0.00589153 0.01481 -0.0064
         vertex -0.00589153 0.01435 -0.0064
         vertex -0.0059175 0.0143 -0.0064
      endloop
   endfacet
   facet normal 0 0 -1
      outer loop
         vertex -0.00507847 0.01392 -0.0064
         vertex -0.00529 0.01392 -0.0064
         vertex -0.00529 0.0143 -0.0064
      endloop
   endfacet
   facet normal 0 0 -1
      outer loop
         vertex -0.00529 0.0143 -0.0064
         vertex -0.00507847 0.0158725 -0.0064
         vertex -0.00507847 0.01392 -0.0064
      endloop
   endfacet
   facet normal 0 0 -1
      outer loop
         vertex -0.00616674 0.01392 -0.0064
         vertex -0.00616674 0.0158725 -0.0064
         vertex -0.00614 0.0143 -0.0064
      endloop
   endfacet
   facet normal 0 0 -1
      outer loop
         vertex -0.0059175 0.0158725 -0.0064
         vertex -0.0059175 0.0143 -0.0064
         vertex -0.00614 0.0143 -0.0064
      endloop
   endfacet
   facet normal 0 0 -1
      outer loop
         vertex -0.00614 0.0143 -0.0064
         vertex -0.00616674 0.0158725 -0.0064
         vertex -0.0059175 0.0158725 -0.0064
      endloop
   endfacet
   facet normal 0 0 -1
      outer loop
         vertex -0.00616674 0.01392 -0.0064
         vertex -0.00614 0.01392 -0.0064
         vertex -0.00614 0.0116486 -0.0064
      endloop
   endfacet
   facet normal 0 0 -1
      outer loop
         vertex -0.0071025 0.01392 -0.0064
         vertex -0.00620826 0.0115428 -0.0064
         vertex -0.00653859 0.0112219 -0.0064
      endloop
   endfacet
   facet normal 0 0 -1
      outer loop
         vertex -0.00653859 0.0112219 -0.0064
         vertex -0.0069601 0.0110363 -0.0064
         vertex -0.0071025 0.01392 -0.0064
      endloop
   endfacet
   facet normal 0 0 -1
      outer loop
         vertex -0.0071025 0.01392 -0.0064
         vertex -0.00616674 0.01392 -0.0064
         vertex -0.00616674 0.0116071 -0.0064
      endloop
   endfacet
   facet normal 0 0 -1
      outer loop
         vertex -0.00616674 0.0116071 -0.0064
         vertex -0.00620826 0.0115428 -0.0064
         vertex -0.0071025 0.01392 -0.0064
      endloop
   endfacet
   facet normal 0 0 -1
      outer loop
         vertex -0.007265 0.011 -0.0064
         vertex -0.007315 0.011 -0.0064
         vertex -0.00774365 0.01275 -0.0064
      endloop
   endfacet
   facet normal 0 0 -1
      outer loop
         vertex -0.00774365 0.01275 -0.0064
         vertex -0.00775 0.01275 -0.0064
         vertex -0.00775 0.01315 -0.0064
      endloop
   endfacet
   facet normal 0 0 -1
      outer loop
         vertex -0.00774365 0.01075 -0.0064
         vertex -0.00774365 0.01275 -0.0064
         vertex -0.007315 0.011 -0.0064
      endloop
   endfacet
   facet normal 0 0 -1
      outer loop
         vertex -0.0071025 0.01392 -0.0064
         vertex -0.0071025 0.0110193 -0.0064
         vertex -0.007265 0.011 -0.0064
      endloop
   endfacet
   facet normal 0 0 -1
      outer loop
         vertex -0.00775 0.01315 -0.0064
         vertex -0.0071025 0.01392 -0.0064
         vertex -0.00774365 0.01275 -0.0064
      endloop
   endfacet
   facet normal 0 0 -1
      outer loop
         vertex -0.00774365 0.01275 -0.0064
         vertex -0.0071025 0.01392 -0.0064
         vertex -0.007265 0.011 -0.0064
      endloop
   endfacet
   facet normal 0 0 -1
      outer loop
         vertex -0.0071025 0.0100075 -0.0064
         vertex -0.00775 0.0100075 -0.0064
         vertex -0.007315 0.0105 -0.0064
      endloop
   endfacet
   facet normal 0 0 -1
      outer loop
         vertex -0.007315 0.011 -0.0064
         vertex -0.007315 0.0105 -0.0064
         vertex -0.00774365 0.01075 -0.0064
      endloop
   endfacet
   facet normal 0 0 -1
      outer loop
         vertex -0.00775 0.0100075 -0.0064
         vertex -0.00775 0.01075 -0.0064
         vertex -0.00774365 0.01075 -0.0064
      endloop
   endfacet
   facet normal 0 0 -1
      outer loop
         vertex -0.007315 0.0105 -0.0064
         vertex -0.007265 0.0105 -0.0064
         vertex -0.0071025 0.0100075 -0.0064
      endloop
   endfacet
   facet normal 0 0 -1
      outer loop
         vertex -0.00774365 0.01075 -0.0064
         vertex -0.007315 0.0105 -0.0064
         vertex -0.00775 0.0100075 -0.0064
      endloop
   endfacet
   facet normal 0 0 -1
      outer loop
         vertex -0.00775 0.01315 -0.0064
         vertex -0.00775 0.01392 -0.0064
         vertex -0.0071025 0.01392 -0.0064
      endloop
   endfacet
   facet normal 0 0 -1
      outer loop
         vertex 0.00616842 0.0058925 -0.0064
         vertex 0.00614 0.0058925 -0.0064
         vertex 0.00614 0.00985144 -0.0064
      endloop
   endfacet
   facet normal 0 0 -1
      outer loop
         vertex 0.00616842 0.00988843 -0.0064
         vertex 0.00775 0.00834365 -0.0064
         vertex 0.00689 0.006935 -0.0064
      endloop
   endfacet
   facet normal 0 0 -1
      outer loop
         vertex 0.00775 0.00834365 -0.0064
         vertex 0.00616842 0.00988843 -0.0064
         vertex 0.00625991 0.0100075 -0.0064
      endloop
   endfacet
   facet normal 0 0 -1
      outer loop
         vertex 0.00625991 0.0100075 -0.0064
         vertex 0.00775 0.0100075 -0.0064
         vertex 0.00775 0.00834365 -0.0064
      endloop
   endfacet
   facet normal 0 0 -1
      outer loop
         vertex 0.00775 0.0058925 -0.0064
         vertex 0.00689 0.006435 -0.0064
         vertex 0.00689 0.006935 -0.0064
      endloop
   endfacet
   facet normal 0 0 -1
      outer loop
         vertex 0.00689 0.006935 -0.0064
         vertex 0.00775 0.00834365 -0.0064
         vertex 0.00775 0.0058925 -0.0064
      endloop
   endfacet
   facet normal 0 0 -1
      outer loop
         vertex 0.00616842 0.0058925 -0.0064
         vertex 0.00639 0.006435 -0.0064
         vertex 0.00689 0.006435 -0.0064
      endloop
   endfacet
   facet normal 0 0 -1
      outer loop
         vertex 0.00689 0.006435 -0.0064
         vertex 0.00775 0.0058925 -0.0064
         vertex 0.00616842 0.0058925 -0.0064
      endloop
   endfacet
   facet normal 0 0 -1
      outer loop
         vertex 0.00616842 0.0058925 -0.0064
         vertex 0.00616842 0.00988843 -0.0064
         vertex 0.00639 0.006935 -0.0064
      endloop
   endfacet
   facet normal 0 0 -1
      outer loop
         vertex 0.00639 0.006935 -0.0064
         vertex 0.00639 0.006435 -0.0064
         vertex 0.00616842 0.0058925 -0.0064
      endloop
   endfacet
   facet normal 0 0 -1
      outer loop
         vertex 0.00774365 0.01275 -0.0064
         vertex 0.00696217 0.0110358 -0.0064
         vertex 0.00654266 0.0112192 -0.0064
      endloop
   endfacet
   facet normal 0 0 -1
      outer loop
         vertex 0.00775 0.0100075 -0.0064
         vertex 0.00634576 0.0101192 -0.0064
         vertex 0.00676751 0.010401 -0.0064
      endloop
   endfacet
   facet normal 0 0 -1
      outer loop
         vertex 0.00774365 0.01275 -0.0064
         vertex 0.00621274 0.0115366 -0.0064
         vertex 0.00616842 0.0116048 -0.0064
      endloop
   endfacet
   facet normal 0 0 -1
      outer loop
         vertex 0.00774365 0.01275 -0.0064
         vertex 0.007265 0.011 -0.0064
         vertex 0.00696217 0.0110358 -0.0064
      endloop
   endfacet
   facet normal 0 0 -1
      outer loop
         vertex 0.00775 0.0100075 -0.0064
         vertex 0.00625991 0.0100075 -0.0064
         vertex 0.00634576 0.0101192 -0.0064
      endloop
   endfacet
   facet normal 0 0 -1
      outer loop
         vertex 0.00654266 0.0112192 -0.0064
         vertex 0.00621274 0.0115366 -0.0064
         vertex 0.00774365 0.01275 -0.0064
      endloop
   endfacet
   facet normal 0 0 -1
      outer loop
         vertex 0.00775 0.0100075 -0.0064
         vertex 0.007315 0.0105 -0.0064
         vertex 0.00774365 0.01075 -0.0064
      endloop
   endfacet
   facet normal 0 0 -1
      outer loop
         vertex 0.00676751 0.010401 -0.0064
         vertex 0.007265 0.0105 -0.0064
         vertex 0.00775 0.0100075 -0.0064
      endloop
   endfacet
   facet normal 0 0 -1
      outer loop
         vertex 0.00774365 0.01275 -0.0064
         vertex 0.007315 0.011 -0.0064
         vertex 0.007265 0.011 -0.0064
      endloop
   endfacet
   facet normal 0 0 -1
      outer loop
         vertex 0.00774365 0.01075 -0.0064
         vertex 0.007315 0.0105 -0.0064
         vertex 0.007315 0.011 -0.0064
      endloop
   endfacet
   facet normal 0 0 -1
      outer loop
         vertex 0.007265 0.0105 -0.0064
         vertex 0.007315 0.0105 -0.0064
         vertex 0.00775 0.0100075 -0.0064
      endloop
   endfacet
   facet normal 0 0 -1
      outer loop
         vertex 0.007315 0.011 -0.0064
         vertex 0.00774365 0.01275 -0.0064
         vertex 0.00774365 0.01075 -0.0064
      endloop
   endfacet
   facet normal 0 0 -1
      outer loop
         vertex 0.00775 0.01315 -0.0064
         vertex 0.00775 0.01275 -0.0064
         vertex 0.00774365 0.01275 -0.0064
      endloop
   endfacet
   facet normal 0 0 -1
      outer loop
         vertex 0.00616842 0.0116048 -0.0064
         vertex 0.00616842 0.01392 -0.0064
         vertex 0.00774365 0.01275 -0.0064
      endloop
   endfacet
   facet normal 0 0 -1
      outer loop
         vertex 0.00616842 0.01392 -0.0064
         vertex 0.00775 0.01392 -0.0064
         vertex 0.00775 0.01315 -0.0064
      endloop
   endfacet
   facet normal 0 0 -1
      outer loop
         vertex 0.00774365 0.01275 -0.0064
         vertex 0.00616842 0.01392 -0.0064
         vertex 0.00775 0.01315 -0.0064
      endloop
   endfacet
   facet normal 0 0 -1
      outer loop
         vertex 0.00616842 0.01392 -0.0064
         vertex 0.00616842 0.0116048 -0.0064
         vertex 0.00614 0.0116486 -0.0064
      endloop
   endfacet
   facet normal 0 0 -1
      outer loop
         vertex 0.00551418 0.0158725 -0.0064
         vertex 0.00616842 0.0158725 -0.0064
         vertex 0.00589153 0.01481 -0.0064
      endloop
   endfacet
   facet normal 0 0 -1
      outer loop
         vertex 0.00614 0.0143 -0.0064
         vertex 0.00589153 0.01435 -0.0064
         vertex 0.00589153 0.01481 -0.0064
      endloop
   endfacet
   facet normal 0 0 -1
      outer loop
         vertex 0.00589153 0.01481 -0.0064
         vertex 0.00616842 0.0158725 -0.0064
         vertex 0.00614 0.0143 -0.0064
      endloop
   endfacet
   facet normal 0 0 -1
      outer loop
         vertex 0.00551418 0.0143 -0.0064
         vertex 0.00554153 0.01435 -0.0064
         vertex 0.00589153 0.01435 -0.0064
      endloop
   endfacet
   facet normal 0 0 -1
      outer loop
         vertex 0.00589153 0.01435 -0.0064
         vertex 0.00614 0.0143 -0.0064
         vertex 0.00551418 0.0143 -0.0064
      endloop
   endfacet
   facet normal 0 0 -1
      outer loop
         vertex 0.00551418 0.0143 -0.0064
         vertex 0.00551418 0.0158725 -0.0064
         vertex 0.00554153 0.01481 -0.0064
      endloop
   endfacet
   facet normal 0 0 -1
      outer loop
         vertex 0.00554153 0.01481 -0.0064
         vertex 0.00554153 0.01435 -0.0064
         vertex 0.00551418 0.0143 -0.0064
      endloop
   endfacet
   facet normal 0 0 -1
      outer loop
         vertex 0.00616842 0.01392 -0.0064
         vertex 0.00614 0.01392 -0.0064
         vertex 0.00614 0.0143 -0.0064
      endloop
   endfacet
   facet normal 0 0 -1
      outer loop
         vertex 0.00614 0.0143 -0.0064
         vertex 0.00616842 0.0158725 -0.0064
         vertex 0.00616842 0.01392 -0.0064
      endloop
   endfacet
   facet normal 0 0 -1
      outer loop
         vertex 0.00508168 0.01392 -0.0064
         vertex 0.00508168 0.0158725 -0.0064
         vertex 0.00529 0.0143 -0.0064
      endloop
   endfacet
   facet normal 0 0 -1
      outer loop
         vertex 0.00551418 0.0158725 -0.0064
         vertex 0.00551418 0.0143 -0.0064
         vertex 0.00529 0.0143 -0.0064
      endloop
   endfacet
   facet normal 0 0 -1
      outer loop
         vertex 0.00529 0.0143 -0.0064
         vertex 0.00508168 0.0158725 -0.0064
         vertex 0.00551418 0.0158725 -0.0064
      endloop
   endfacet
   facet normal 0 0 -1
      outer loop
         vertex 0.00508168 0.01392 -0.0064
         vertex 0.00529 0.01392 -0.0064
         vertex 0.00529 0.0116486 -0.0064
      endloop
   endfacet
   facet normal 0 0 -1
      outer loop
         vertex 0.00529 0.0116486 -0.0064
         vertex 0.00508424 0.0113808 -0.0064
         vertex 0.00508168 0.01392 -0.0064
      endloop
   endfacet
   facet normal 0 0 -1
      outer loop
         vertex 0.00416576 0.01392 -0.0064
         vertex 0.00508168 0.01392 -0.0064
         vertex 0.00508168 0.0113791 -0.0064
      endloop
   endfacet
   facet normal 0 0 -1
      outer loop
         vertex 0.00508168 0.0113791 -0.0064
         vertex 0.00466249 0.011099 -0.0064
         vertex 0.00416576 0.01392 -0.0064
      endloop
   endfacet
   facet normal 0 0 -1
      outer loop
         vertex 0.0039825 0.01392 -0.0064
         vertex 0.00416576 0.01392 -0.0064
         vertex 0.00416576 0.0110002 -0.0064
      endloop
   endfacet
   facet normal 0 0 -1
      outer loop
         vertex 0.00416576 0.0100075 -0.0064
         vertex 0.0039825 0.0100075 -0.0064
         vertex 0.004115 0.0105 -0.0064
      endloop
   endfacet
   facet normal 0 0 -1
      outer loop
         vertex 0.0039825 0.0100075 -0.0064
         vertex 0.0039825 0.01392 -0.0064
         vertex 0.004115 0.011 -0.0064
      endloop
   endfacet
   facet normal 0 0 -1
      outer loop
         vertex 0.00416576 0.0110002 -0.0064
         vertex 0.004165 0.011 -0.0064
         vertex 0.0039825 0.01392 -0.0064
      endloop
   endfacet
   facet normal 0 0 -1
      outer loop
         vertex 0.004115 0.0105 -0.0064
         vertex 0.004165 0.0105 -0.0064
         vertex 0.00416576 0.0100075 -0.0064
      endloop
   endfacet
   facet normal 0 0 -1
      outer loop
         vertex 0.004165 0.011 -0.0064
         vertex 0.004115 0.011 -0.0064
         vertex 0.0039825 0.01392 -0.0064
      endloop
   endfacet
   facet normal 0 0 -1
      outer loop
         vertex 0.004115 0.011 -0.0064
         vertex 0.004115 0.0105 -0.0064
         vertex 0.0039825 0.0100075 -0.0064
      endloop
   endfacet
   facet normal 0 0 -1
      outer loop
         vertex 0.00416576 0.0100075 -0.0064
         vertex 0.00466249 0.010401 -0.0064
         vertex 0.00508168 0.0101209 -0.0064
      endloop
   endfacet
   facet normal 0 0 -1
      outer loop
         vertex 0.00416576 0.0100075 -0.0064
         vertex 0.00416576 0.0104998 -0.0064
         vertex 0.00466249 0.010401 -0.0064
      endloop
   endfacet
   facet normal 0 0 -1
      outer loop
         vertex 0.00508168 0.0100075 -0.0064
         vertex 0.00508168 0.0101209 -0.0064
         vertex 0.00508424 0.0101192 -0.0064
      endloop
   endfacet
   facet normal 0 0 -1
      outer loop
         vertex 0.00508168 0.0058925 -0.0064
         vertex 0.00508168 0.0100075 -0.0064
         vertex 0.00529 0.00985144 -0.0064
      endloop
   endfacet
   facet normal 0 0 -1
      outer loop
         vertex 0.00508168 0.0100075 -0.0064
         vertex 0.00517009 0.0100075 -0.0064
         vertex 0.00529 0.00985144 -0.0064
      endloop
   endfacet
   facet normal 0 0 -1
      outer loop
         vertex 0.00551418 0.0027 -0.0064
         vertex 0.00508168 0.0027 -0.0064
         vertex 0.00529 0.00535 -0.0064
      endloop
   endfacet
   facet normal 0 0 -1
      outer loop
         vertex 0.00508168 0.0058925 -0.0064
         vertex 0.00529 0.0058925 -0.0064
         vertex 0.00529 0.00535 -0.0064
      endloop
   endfacet
   facet normal 0 0 -1
      outer loop
         vertex 0.00529 0.00535 -0.0064
         vertex 0.00508168 0.0027 -0.0064
         vertex 0.00508168 0.0058925 -0.0064
      endloop
   endfacet
   facet normal 0 0 -1
      outer loop
         vertex 0.00616842 0.0058925 -0.0064
         vertex 0.00616842 0.0027 -0.0064
         vertex 0.00614 0.00535 -0.0064
      endloop
   endfacet
   facet normal 0 0 -1
      outer loop
         vertex 0.00551418 0.0027 -0.0064
         vertex 0.00551418 0.00535 -0.0064
         vertex 0.00614 0.00535 -0.0064
      endloop
   endfacet
   facet normal 0 0 -1
      outer loop
         vertex 0.00614 0.00535 -0.0064
         vertex 0.00616842 0.0027 -0.0064
         vertex 0.00551418 0.0027 -0.0064
      endloop
   endfacet
   facet normal 0 0 -1
      outer loop
         vertex 0.00551418 0.01838 -0.0064
         vertex 0.00616842 0.01838 -0.0064
         vertex 0.00594684 0.017285 -0.0064
      endloop
   endfacet
   facet normal 0 0 -1
      outer loop
         vertex 0.00616842 0.0158725 -0.0064
         vertex 0.00594684 0.016935 -0.0064
         vertex 0.00594684 0.017285 -0.0064
      endloop
   endfacet
   facet normal 0 0 -1
      outer loop
         vertex 0.00594684 0.017285 -0.0064
         vertex 0.00616842 0.01838 -0.0064
         vertex 0.00616842 0.0158725 -0.0064
      endloop
   endfacet
   facet normal 0 0 -1
      outer loop
         vertex 0.00551418 0.0158725 -0.0064
         vertex 0.00551418 0.016935 -0.0064
         vertex 0.00594684 0.016935 -0.0064
      endloop
   endfacet
   facet normal 0 0 -1
      outer loop
         vertex 0.00594684 0.016935 -0.0064
         vertex 0.00616842 0.0158725 -0.0064
         vertex 0.00551418 0.0158725 -0.0064
      endloop
   endfacet
   facet normal 0 0 -1
      outer loop
         vertex 0.00508168 0.0158725 -0.0064
         vertex 0.00508168 0.01838 -0.0064
         vertex 0.00548684 0.017285 -0.0064
      endloop
   endfacet
   facet normal 0 0 -1
      outer loop
         vertex 0.00551418 0.01838 -0.0064
         vertex 0.00551418 0.017285 -0.0064
         vertex 0.00548684 0.017285 -0.0064
      endloop
   endfacet
   facet normal 0 0 -1
      outer loop
         vertex 0.00551418 0.0158725 -0.0064
         vertex 0.00508168 0.0158725 -0.0064
         vertex 0.00548684 0.016935 -0.0064
      endloop
   endfacet
   facet normal 0 0 -1
      outer loop
         vertex 0.00548684 0.017285 -0.0064
         vertex 0.00508168 0.01838 -0.0064
         vertex 0.00551418 0.01838 -0.0064
      endloop
   endfacet
   facet normal 0 0 -1
      outer loop
         vertex 0.00548684 0.017285 -0.0064
         vertex 0.00548684 0.016935 -0.0064
         vertex 0.00508168 0.0158725 -0.0064
      endloop
   endfacet
   facet normal 0 0 -1
      outer loop
         vertex 0.00297403 0.01838 -0.0064
         vertex 0.0039825 0.01838 -0.0064
         vertex 0.00340653 0.017285 -0.0064
      endloop
   endfacet
   facet normal 0 0 -1
      outer loop
         vertex 0.0039825 0.0158725 -0.0064
         vertex 0.00340653 0.016935 -0.0064
         vertex 0.00340653 0.017285 -0.0064
      endloop
   endfacet
   facet normal 0 0 -1
      outer loop
         vertex 0.00340653 0.017285 -0.0064
         vertex 0.0039825 0.01838 -0.0064
         vertex 0.0039825 0.0158725 -0.0064
      endloop
   endfacet
   facet normal 0 0 -1
      outer loop
         vertex 0.00297403 0.0158725 -0.0064
         vertex 0.00297403 0.016935 -0.0064
         vertex 0.00340653 0.016935 -0.0064
      endloop
   endfacet
   facet normal 0 0 -1
      outer loop
         vertex 0.00340653 0.016935 -0.0064
         vertex 0.0039825 0.0158725 -0.0064
         vertex 0.00297403 0.0158725 -0.0064
      endloop
   endfacet
   facet normal 0 0 -1
      outer loop
         vertex 0.00254153 0.0158725 -0.0064
         vertex 0.00254153 0.01838 -0.0064
         vertex 0.00294653 0.017285 -0.0064
      endloop
   endfacet
   facet normal 0 0 -1
      outer loop
         vertex 0.00297403 0.01838 -0.0064
         vertex 0.00297403 0.017285 -0.0064
         vertex 0.00294653 0.017285 -0.0064
      endloop
   endfacet
   facet normal 0 0 -1
      outer loop
         vertex 0.00297403 0.0158725 -0.0064
         vertex 0.00254153 0.0158725 -0.0064
         vertex 0.00294653 0.016935 -0.0064
      endloop
   endfacet
   facet normal 0 0 -1
      outer loop
         vertex 0.00294653 0.017285 -0.0064
         vertex 0.00254153 0.01838 -0.0064
         vertex 0.00297403 0.01838 -0.0064
      endloop
   endfacet
   facet normal 0 0 -1
      outer loop
         vertex 0.00294653 0.017285 -0.0064
         vertex 0.00294653 0.016935 -0.0064
         vertex 0.00254153 0.0158725 -0.0064
      endloop
   endfacet
   facet normal 0 0 -1
      outer loop
         vertex 0.00416576 0.0058925 -0.0064
         vertex 0.0039825 0.0058925 -0.0064
         vertex 0.0039825 0.006435 -0.0064
      endloop
   endfacet
   facet normal 0 0 -1
      outer loop
         vertex 0.00416576 0.0100075 -0.0064
         vertex 0.00508168 0.0100075 -0.0064
         vertex 0.00435 0.006935 -0.0064
      endloop
   endfacet
   facet normal 0 0 -1
      outer loop
         vertex 0.00508168 0.0058925 -0.0064
         vertex 0.00435 0.006435 -0.0064
         vertex 0.00435 0.006935 -0.0064
      endloop
   endfacet
   facet normal 0 0 -1
      outer loop
         vertex 0.00435 0.006935 -0.0064
         vertex 0.00508168 0.0100075 -0.0064
         vertex 0.00508168 0.0058925 -0.0064
      endloop
   endfacet
   facet normal 0 0 -1
      outer loop
         vertex 0.00416576 0.0058925 -0.0064
         vertex 0.00416576 0.006435 -0.0064
         vertex 0.00435 0.006435 -0.0064
      endloop
   endfacet
   facet normal 0 0 -1
      outer loop
         vertex 0.00435 0.006435 -0.0064
         vertex 0.00508168 0.0058925 -0.0064
         vertex 0.00416576 0.0058925 -0.0064
      endloop
   endfacet
   facet normal 0 0 -1
      outer loop
         vertex 0.00416576 0.006935 -0.0064
         vertex 0.0039825 0.006935 -0.0064
         vertex 0.0039825 0.0100075 -0.0064
      endloop
   endfacet
   facet normal 0 0 -1
      outer loop
         vertex 0.0039825 0.0058925 -0.0064
         vertex 0.00297403 0.0058925 -0.0064
         vertex 0.00385 0.006435 -0.0064
      endloop
   endfacet
   facet normal 0 0 -1
      outer loop
         vertex 0.00297403 0.0058925 -0.0064
         vertex 0.00297403 0.0100075 -0.0064
         vertex 0.00385 0.006935 -0.0064
      endloop
   endfacet
   facet normal 0 0 -1
      outer loop
         vertex 0.00385 0.006935 -0.0064
         vertex 0.00385 0.006435 -0.0064
         vertex 0.00297403 0.0058925 -0.0064
      endloop
   endfacet
   facet normal 0 0 -1
      outer loop
         vertex 0.0039825 0.0100075 -0.0064
         vertex 0.0039825 0.006935 -0.0064
         vertex 0.00385 0.006935 -0.0064
      endloop
   endfacet
   facet normal 0 0 -1
      outer loop
         vertex 0.00385 0.006935 -0.0064
         vertex 0.00297403 0.0100075 -0.0064
         vertex 0.0039825 0.0100075 -0.0064
      endloop
   endfacet
   facet normal 0 0 -1
      outer loop
         vertex -0.0039825 0.0058925 -0.0064
         vertex -0.00451174 0.0058925 -0.0064
         vertex -0.00435 0.006435 -0.0064
      endloop
   endfacet
   facet normal 0 0 -1
      outer loop
         vertex -0.00451174 0.0058925 -0.0064
         vertex -0.00451174 0.0100075 -0.0064
         vertex -0.00435 0.006935 -0.0064
      endloop
   endfacet
   facet normal 0 0 -1
      outer loop
         vertex -0.00435 0.006935 -0.0064
         vertex -0.00435 0.006435 -0.0064
         vertex -0.00451174 0.0058925 -0.0064
      endloop
   endfacet
   facet normal 0 0 -1
      outer loop
         vertex -0.0039825 0.0100075 -0.0064
         vertex -0.0039825 0.006935 -0.0064
         vertex -0.00435 0.006935 -0.0064
      endloop
   endfacet
   facet normal 0 0 -1
      outer loop
         vertex -0.00435 0.006935 -0.0064
         vertex -0.00451174 0.0100075 -0.0064
         vertex -0.0039825 0.0100075 -0.0064
      endloop
   endfacet
   facet normal 0 0 -1
      outer loop
         vertex -0.0033775 0.0058925 -0.0064
         vertex -0.00385 0.006435 -0.0064
         vertex -0.00385 0.006935 -0.0064
      endloop
   endfacet
   facet normal 0 0 -1
      outer loop
         vertex -0.0039825 0.0058925 -0.0064
         vertex -0.0039825 0.006435 -0.0064
         vertex -0.00385 0.006435 -0.0064
      endloop
   endfacet
   facet normal 0 0 -1
      outer loop
         vertex -0.0039825 0.0100075 -0.0064
         vertex -0.0033775 0.0100075 -0.0064
         vertex -0.00385 0.006935 -0.0064
      endloop
   endfacet
   facet normal 0 0 -1
      outer loop
         vertex -0.00385 0.006435 -0.0064
         vertex -0.0033775 0.0058925 -0.0064
         vertex -0.0039825 0.0058925 -0.0064
      endloop
   endfacet
   facet normal 0 0 -1
      outer loop
         vertex -0.00385 0.006935 -0.0064
         vertex -0.0033775 0.0100075 -0.0064
         vertex -0.0033775 0.0058925 -0.0064
      endloop
   endfacet
   facet normal 0 0 -1
      outer loop
         vertex -0.00451174 0.0158725 -0.0064
         vertex -0.00507847 0.0158725 -0.0064
         vertex -0.00467347 0.016935 -0.0064
      endloop
   endfacet
   facet normal 0 0 -1
      outer loop
         vertex -0.00507847 0.0158725 -0.0064
         vertex -0.00507847 0.01838 -0.0064
         vertex -0.00467347 0.017285 -0.0064
      endloop
   endfacet
   facet normal 0 0 -1
      outer loop
         vertex -0.00467347 0.017285 -0.0064
         vertex -0.00467347 0.016935 -0.0064
         vertex -0.00507847 0.0158725 -0.0064
      endloop
   endfacet
   facet normal 0 0 -1
      outer loop
         vertex -0.00451174 0.01838 -0.0064
         vertex -0.00451174 0.017285 -0.0064
         vertex -0.00467347 0.017285 -0.0064
      endloop
   endfacet
   facet normal 0 0 -1
      outer loop
         vertex -0.00467347 0.017285 -0.0064
         vertex -0.00507847 0.01838 -0.0064
         vertex -0.00451174 0.01838 -0.0064
      endloop
   endfacet
   facet normal 0 0 -1
      outer loop
         vertex -0.00451174 0.01838 -0.0064
         vertex -0.0039825 0.01838 -0.0064
         vertex -0.00421347 0.017285 -0.0064
      endloop
   endfacet
   facet normal 0 0 -1
      outer loop
         vertex -0.0039825 0.0158725 -0.0064
         vertex -0.00421347 0.016935 -0.0064
         vertex -0.00421347 0.017285 -0.0064
      endloop
   endfacet
   facet normal 0 0 -1
      outer loop
         vertex -0.00421347 0.017285 -0.0064
         vertex -0.0039825 0.01838 -0.0064
         vertex -0.0039825 0.0158725 -0.0064
      endloop
   endfacet
   facet normal 0 0 -1
      outer loop
         vertex -0.00451174 0.0158725 -0.0064
         vertex -0.00451174 0.016935 -0.0064
         vertex -0.00421347 0.016935 -0.0064
      endloop
   endfacet
   facet normal 0 0 -1
      outer loop
         vertex -0.00421347 0.016935 -0.0064
         vertex -0.0039825 0.0158725 -0.0064
         vertex -0.00451174 0.0158725 -0.0064
      endloop
   endfacet
   facet normal 0 0 -1
      outer loop
         vertex -0.0059175 0.01838 -0.0064
         vertex -0.00616674 0.01838 -0.0064
         vertex -0.00594347 0.019475 -0.0064
      endloop
   endfacet
   facet normal 0 0 -1
      outer loop
         vertex -0.00616674 0.01838 -0.0064
         vertex -0.00616674 0.021 -0.0064
         vertex -0.00594347 0.019825 -0.0064
      endloop
   endfacet
   facet normal 0 0 -1
      outer loop
         vertex -0.00594347 0.019825 -0.0064
         vertex -0.00594347 0.019475 -0.0064
         vertex -0.00616674 0.01838 -0.0064
      endloop
   endfacet
   facet normal 0 0 -1
      outer loop
         vertex -0.0059175 0.021 -0.0064
         vertex -0.0059175 0.019825 -0.0064
         vertex -0.00594347 0.019825 -0.0064
      endloop
   endfacet
   facet normal 0 0 -1
      outer loop
         vertex -0.00594347 0.019825 -0.0064
         vertex -0.00616674 0.021 -0.0064
         vertex -0.0059175 0.021 -0.0064
      endloop
   endfacet
   facet normal 0 0 -1
      outer loop
         vertex -0.0059175 0.021 -0.0064
         vertex -0.00507847 0.021 -0.0064
         vertex -0.00548347 0.019825 -0.0064
      endloop
   endfacet
   facet normal 0 0 -1
      outer loop
         vertex -0.00507847 0.01838 -0.0064
         vertex -0.00548347 0.019475 -0.0064
         vertex -0.00548347 0.019825 -0.0064
      endloop
   endfacet
   facet normal 0 0 -1
      outer loop
         vertex -0.00548347 0.019825 -0.0064
         vertex -0.00507847 0.021 -0.0064
         vertex -0.00507847 0.01838 -0.0064
      endloop
   endfacet
   facet normal 0 0 -1
      outer loop
         vertex -0.0059175 0.01838 -0.0064
         vertex -0.0059175 0.019475 -0.0064
         vertex -0.00548347 0.019475 -0.0064
      endloop
   endfacet
   facet normal 0 0 -1
      outer loop
         vertex -0.00548347 0.019475 -0.0064
         vertex -0.00507847 0.01838 -0.0064
         vertex -0.0059175 0.01838 -0.0064
      endloop
   endfacet
   facet normal 0 0 -1
      outer loop
         vertex -0.0033775 0.01838 -0.0064
         vertex -0.0039825 0.01838 -0.0064
         vertex -0.00340347 0.019475 -0.0064
      endloop
   endfacet
   facet normal 0 0 -1
      outer loop
         vertex -0.0039825 0.01838 -0.0064
         vertex -0.0039825 0.021 -0.0064
         vertex -0.00340347 0.019825 -0.0064
      endloop
   endfacet
   facet normal 0 0 -1
      outer loop
         vertex -0.00340347 0.019825 -0.0064
         vertex -0.00340347 0.019475 -0.0064
         vertex -0.0039825 0.01838 -0.0064
      endloop
   endfacet
   facet normal 0 0 -1
      outer loop
         vertex -0.0033775 0.021 -0.0064
         vertex -0.0033775 0.019825 -0.0064
         vertex -0.00340347 0.019825 -0.0064
      endloop
   endfacet
   facet normal 0 0 -1
      outer loop
         vertex -0.00340347 0.019825 -0.0064
         vertex -0.0039825 0.021 -0.0064
         vertex -0.0033775 0.021 -0.0064
      endloop
   endfacet
   facet normal 0 0 -1
      outer loop
         vertex -0.0033775 0.021 -0.0064
         vertex -0.00253847 0.021 -0.0064
         vertex -0.00294347 0.019825 -0.0064
      endloop
   endfacet
   facet normal 0 0 -1
      outer loop
         vertex -0.00253847 0.01838 -0.0064
         vertex -0.00294347 0.019475 -0.0064
         vertex -0.00294347 0.019825 -0.0064
      endloop
   endfacet
   facet normal 0 0 -1
      outer loop
         vertex -0.00294347 0.019825 -0.0064
         vertex -0.00253847 0.021 -0.0064
         vertex -0.00253847 0.01838 -0.0064
      endloop
   endfacet
   facet normal 0 0 -1
      outer loop
         vertex -0.0033775 0.01838 -0.0064
         vertex -0.0033775 0.019475 -0.0064
         vertex -0.00294347 0.019475 -0.0064
      endloop
   endfacet
   facet normal 0 0 -1
      outer loop
         vertex -0.00294347 0.019475 -0.0064
         vertex -0.00253847 0.01838 -0.0064
         vertex -0.0033775 0.01838 -0.0064
      endloop
   endfacet
   facet normal 0 0 -1
      outer loop
         vertex -0.00294347 0.019825 -0.0064
         vertex -0.0033775 0.019825 -0.0064
         vertex -0.0033775 0.021 -0.0064
      endloop
   endfacet
   facet normal 0 0 -1
      outer loop
         vertex -0.00340347 0.019475 -0.0064
         vertex -0.0033775 0.019475 -0.0064
         vertex -0.0033775 0.01838 -0.0064
      endloop
   endfacet
   facet normal 0 0 -1
      outer loop
         vertex -0.00548347 0.019825 -0.0064
         vertex -0.0059175 0.019825 -0.0064
         vertex -0.0059175 0.021 -0.0064
      endloop
   endfacet
   facet normal 0 0 -1
      outer loop
         vertex -0.00594347 0.019475 -0.0064
         vertex -0.0059175 0.019475 -0.0064
         vertex -0.0059175 0.01838 -0.0064
      endloop
   endfacet
   facet normal 0 0 -1
      outer loop
         vertex -0.00421347 0.017285 -0.0064
         vertex -0.00451174 0.017285 -0.0064
         vertex -0.00451174 0.01838 -0.0064
      endloop
   endfacet
   facet normal 0 0 -1
      outer loop
         vertex -0.00467347 0.016935 -0.0064
         vertex -0.00451174 0.016935 -0.0064
         vertex -0.00451174 0.0158725 -0.0064
      endloop
   endfacet
   facet normal 0 0 -1
      outer loop
         vertex -0.00385 0.006935 -0.0064
         vertex -0.0039825 0.006935 -0.0064
         vertex -0.0039825 0.0100075 -0.0064
      endloop
   endfacet
   facet normal 0 0 -1
      outer loop
         vertex -0.00435 0.006435 -0.0064
         vertex -0.0039825 0.006435 -0.0064
         vertex -0.0039825 0.0058925 -0.0064
      endloop
   endfacet
   facet normal 0 0 -1
      outer loop
         vertex 0.00385 0.006435 -0.0064
         vertex 0.0039825 0.006435 -0.0064
         vertex 0.0039825 0.0058925 -0.0064
      endloop
   endfacet
   facet normal 0 0 -1
      outer loop
         vertex 0.0039825 0.0100075 -0.0064
         vertex 0.00416576 0.0100075 -0.0064
         vertex 0.00416576 0.006935 -0.0064
      endloop
   endfacet
   facet normal 0 0 -1
      outer loop
         vertex 0.00435 0.006935 -0.0064
         vertex 0.00416576 0.006935 -0.0064
         vertex 0.00416576 0.0100075 -0.0064
      endloop
   endfacet
   facet normal 0 0 -1
      outer loop
         vertex 0.0039825 0.006435 -0.0064
         vertex 0.00416576 0.006435 -0.0064
         vertex 0.00416576 0.0058925 -0.0064
      endloop
   endfacet
   facet normal 0 0 -1
      outer loop
         vertex 0.00294653 0.016935 -0.0064
         vertex 0.00297403 0.016935 -0.0064
         vertex 0.00297403 0.0158725 -0.0064
      endloop
   endfacet
   facet normal 0 0 -1
      outer loop
         vertex 0.00340653 0.017285 -0.0064
         vertex 0.00297403 0.017285 -0.0064
         vertex 0.00297403 0.01838 -0.0064
      endloop
   endfacet
   facet normal 0 0 -1
      outer loop
         vertex 0.00548684 0.016935 -0.0064
         vertex 0.00551418 0.016935 -0.0064
         vertex 0.00551418 0.0158725 -0.0064
      endloop
   endfacet
   facet normal 0 0 -1
      outer loop
         vertex 0.00594684 0.017285 -0.0064
         vertex 0.00551418 0.017285 -0.0064
         vertex 0.00551418 0.01838 -0.0064
      endloop
   endfacet
   facet normal 0 0 -1
      outer loop
         vertex 0.00614 0.00535 -0.0064
         vertex 0.00614 0.0058925 -0.0064
         vertex 0.00616842 0.0058925 -0.0064
      endloop
   endfacet
   facet normal 0 0 -1
      outer loop
         vertex 0.00529 0.00535 -0.0064
         vertex 0.00551418 0.00535 -0.0064
         vertex 0.00551418 0.0027 -0.0064
      endloop
   endfacet
   facet normal 0 0 -1
      outer loop
         vertex 0.00529 0.00985144 -0.0064
         vertex 0.00529 0.0058925 -0.0064
         vertex 0.00508168 0.0058925 -0.0064
      endloop
   endfacet
   facet normal 0 0 -1
      outer loop
         vertex 0.00508424 0.0101192 -0.0064
         vertex 0.00517009 0.0100075 -0.0064
         vertex 0.00508168 0.0100075 -0.0064
      endloop
   endfacet
   facet normal 0 0 -1
      outer loop
         vertex 0.00508168 0.0101209 -0.0064
         vertex 0.00508168 0.0100075 -0.0064
         vertex 0.00416576 0.0100075 -0.0064
      endloop
   endfacet
   facet normal 0 0 -1
      outer loop
         vertex 0.004165 0.0105 -0.0064
         vertex 0.00416576 0.0104998 -0.0064
         vertex 0.00416576 0.0100075 -0.0064
      endloop
   endfacet
   facet normal 0 0 -1
      outer loop
         vertex 0.00466249 0.011099 -0.0064
         vertex 0.00416576 0.0110002 -0.0064
         vertex 0.00416576 0.01392 -0.0064
      endloop
   endfacet
   facet normal 0 0 -1
      outer loop
         vertex 0.00508424 0.0113808 -0.0064
         vertex 0.00508168 0.0113791 -0.0064
         vertex 0.00508168 0.01392 -0.0064
      endloop
   endfacet
   facet normal 0 0 -1
      outer loop
         vertex 0.00529 0.0143 -0.0064
         vertex 0.00529 0.01392 -0.0064
         vertex 0.00508168 0.01392 -0.0064
      endloop
   endfacet
   facet normal 0 0 -1
      outer loop
         vertex 0.00589153 0.01481 -0.0064
         vertex 0.00554153 0.01481 -0.0064
         vertex 0.00551418 0.0158725 -0.0064
      endloop
   endfacet
   facet normal 0 0 -1
      outer loop
         vertex 0.00614 0.0116486 -0.0064
         vertex 0.00614 0.01392 -0.0064
         vertex 0.00616842 0.01392 -0.0064
      endloop
   endfacet
   facet normal 0 0 -1
      outer loop
         vertex 0.00774365 0.01075 -0.0064
         vertex 0.00775 0.01075 -0.0064
         vertex 0.00775 0.0100075 -0.0064
      endloop
   endfacet
   facet normal 0 0 -1
      outer loop
         vertex 0.00689 0.006935 -0.0064
         vertex 0.00639 0.006935 -0.0064
         vertex 0.00616842 0.00988843 -0.0064
      endloop
   endfacet
   facet normal 0 0 -1
      outer loop
         vertex 0.00614 0.00985144 -0.0064
         vertex 0.00616842 0.00988843 -0.0064
         vertex 0.00616842 0.0058925 -0.0064
      endloop
   endfacet
   facet normal 0 0 -1
      outer loop
         vertex -0.007265 0.0105 -0.0064
         vertex -0.0071025 0.0104677 -0.0064
         vertex -0.0071025 0.0100075 -0.0064
      endloop
   endfacet
   facet normal 0 0 -1
      outer loop
         vertex -0.0069601 0.0110363 -0.0064
         vertex -0.0071025 0.0110193 -0.0064
         vertex -0.0071025 0.01392 -0.0064
      endloop
   endfacet
   facet normal 0 0 -1
      outer loop
         vertex -0.00614 0.0116486 -0.0064
         vertex -0.00616674 0.0116071 -0.0064
         vertex -0.00616674 0.01392 -0.0064
      endloop
   endfacet
   facet normal 0 0 -1
      outer loop
         vertex -0.00614 0.0143 -0.0064
         vertex -0.00614 0.01392 -0.0064
         vertex -0.00616674 0.01392 -0.0064
      endloop
   endfacet
   facet normal 0 0 -1
      outer loop
         vertex -0.00554153 0.01481 -0.0064
         vertex -0.00589153 0.01481 -0.0064
         vertex -0.0059175 0.0158725 -0.0064
      endloop
   endfacet
   facet normal 0 0 -1
      outer loop
         vertex -0.00529 0.0116486 -0.0064
         vertex -0.00529 0.01392 -0.0064
         vertex -0.00507847 0.01392 -0.0064
      endloop
   endfacet
   facet normal 0 0 -1
      outer loop
         vertex -0.00507847 0.0113769 -0.0064
         vertex -0.00507847 0.01392 -0.0064
         vertex -0.00451174 0.01392 -0.0064
      endloop
   endfacet
   facet normal 0 0 -1
      outer loop
         vertex -0.00451174 0.011069 -0.0064
         vertex -0.00451174 0.01392 -0.0064
         vertex -0.0039825 0.01392 -0.0064
      endloop
   endfacet
   facet normal 0 0 -1
      outer loop
         vertex -0.00466249 0.010401 -0.0064
         vertex -0.00451174 0.010431 -0.0064
         vertex -0.00451174 0.0100075 -0.0064
      endloop
   endfacet
   facet normal 0 0 -1
      outer loop
         vertex -0.00508424 0.0101192 -0.0064
         vertex -0.00507847 0.0101231 -0.0064
         vertex -0.00507847 0.0100075 -0.0064
      endloop
   endfacet
   facet normal 0 0 -1
      outer loop
         vertex -0.00529 0.00985144 -0.0064
         vertex -0.00517009 0.0100075 -0.0064
         vertex -0.00507847 0.0100075 -0.0064
      endloop
   endfacet
   facet normal 0 0 -1
      outer loop
         vertex -0.00529 0.00535 -0.0064
         vertex -0.00529 0.0058925 -0.0064
         vertex -0.00507847 0.0058925 -0.0064
      endloop
   endfacet
   facet normal 0 0 -1
      outer loop
         vertex -0.00614 0.00535 -0.0064
         vertex -0.0059175 0.00535 -0.0064
         vertex -0.0059175 0.0027 -0.0064
      endloop
   endfacet
   facet normal 0 0 -1
      outer loop
         vertex -0.00614 0.00985144 -0.0064
         vertex -0.00614 0.0058925 -0.0064
         vertex -0.00616674 0.0058925 -0.0064
      endloop
   endfacet
   facet normal 0 0 -1
      outer loop
         vertex -0.00639 0.006935 -0.0064
         vertex -0.00689 0.006935 -0.0064
         vertex -0.0071025 0.0100075 -0.0064
      endloop
   endfacet
   facet normal 0 0 -1
      outer loop
         vertex -0.00634576 0.0101192 -0.0064
         vertex -0.00625991 0.0100075 -0.0064
         vertex -0.0071025 0.0100075 -0.0064
      endloop
   endfacet
   facet normal 0 0 -1
      outer loop
         vertex -0.007 0.0027 -0.0064
         vertex -0.007 0.0002 -0.0064
         vertex -0.0071025 0.0002 -0.0064
      endloop
   endfacet
   facet normal 0 0 -1
      outer loop
         vertex -0.00507847 0.0058925 -0.0064
         vertex -0.00451174 0.0058925 -0.0064
         vertex -0.00451174 0.0027 -0.0064
      endloop
   endfacet
   facet normal 0 0 -1
      outer loop
         vertex -0.00451174 0.0058925 -0.0064
         vertex -0.0039825 0.0058925 -0.0064
         vertex -0.0039825 0.0027 -0.0064
      endloop
   endfacet
   facet normal 0 0 -1
      outer loop
         vertex -0.0039825 0.0058925 -0.0064
         vertex -0.0033775 0.0058925 -0.0064
         vertex -0.0033775 0.0027 -0.0064
      endloop
   endfacet
   facet normal 0 0 -1
      outer loop
         vertex -0.0033775 0.0058925 -0.0064
         vertex -0.00253847 0.0058925 -0.0064
         vertex -0.00253847 0.0027 -0.0064
      endloop
   endfacet
   facet normal 0 0 -1
      outer loop
         vertex -0.00253847 0.0058925 -0.0064
         vertex 1.52858e-06 0.0058925 -0.0064
         vertex 1.52858e-06 0.0027 -0.0064
      endloop
   endfacet
   facet normal 0 0 -1
      outer loop
         vertex 1.52858e-06 0.0058925 -0.0064
         vertex 0.00127153 0.0058925 -0.0064
         vertex 0.00127153 0.0027 -0.0064
      endloop
   endfacet
   facet normal 0 0 -1
      outer loop
         vertex 0.00127153 0.0058925 -0.0064
         vertex 0.00254153 0.0058925 -0.0064
         vertex 0.00254153 0.0027 -0.0064
      endloop
   endfacet
   facet normal 0 0 -1
      outer loop
         vertex 0.00254153 0.0058925 -0.0064
         vertex 0.00297403 0.0058925 -0.0064
         vertex 0.00297403 0.0027 -0.0064
      endloop
   endfacet
   facet normal 0 0 -1
      outer loop
         vertex 0.00297403 0.0058925 -0.0064
         vertex 0.0039825 0.0058925 -0.0064
         vertex 0.0039825 0.0027 -0.0064
      endloop
   endfacet
   facet normal 0 0 -1
      outer loop
         vertex 0.0039825 0.0058925 -0.0064
         vertex 0.00416576 0.0058925 -0.0064
         vertex 0.00416576 0.0027 -0.0064
      endloop
   endfacet
   facet normal 0 0 -1
      outer loop
         vertex 0.00416576 0.0058925 -0.0064
         vertex 0.00508168 0.0058925 -0.0064
         vertex 0.00508168 0.0027 -0.0064
      endloop
   endfacet
   facet normal 0 0 -1
      outer loop
         vertex 0.007 0.0027 -0.0064
         vertex 0.00616842 0.0027 -0.0064
         vertex 0.00616842 0.0058925 -0.0064
      endloop
   endfacet
   facet normal 0 0 -1
      outer loop
         vertex 0.0077 0.01545 -0.0064
         vertex 0.00775 0.01545 -0.0064
         vertex 0.00775 0.01392 -0.0064
      endloop
   endfacet
   facet normal 0 0 -1
      outer loop
         vertex 0.007375 0.0166 -0.0064
         vertex 0.0077 0.0166 -0.0064
         vertex 0.0077 0.0158725 -0.0064
      endloop
   endfacet
   facet normal 0 0 -1
      outer loop
         vertex 0.00616842 0.021 -0.0064
         vertex 0.007375 0.021 -0.0064
         vertex 0.007375 0.01838 -0.0064
      endloop
   endfacet
   facet normal 0 0 -1
      outer loop
         vertex -0.007375 0.021 -0.0064
         vertex -0.0071025 0.021 -0.0064
         vertex -0.0071025 0.01838 -0.0064
      endloop
   endfacet
   facet normal 0 0 -1
      outer loop
         vertex -0.007375 0.0166 -0.0064
         vertex -0.007375 0.01838 -0.0064
         vertex -0.0071025 0.01838 -0.0064
      endloop
   endfacet
   facet normal 0 0 -1
      outer loop
         vertex -0.0077 0.01545 -0.0064
         vertex -0.0077 0.0158725 -0.0064
         vertex -0.0071025 0.0158725 -0.0064
      endloop
   endfacet
   facet normal 0 0 -1
      outer loop
         vertex 0.00551418 0.021 -0.0064
         vertex 0.00616842 0.021 -0.0064
         vertex 0.00616842 0.01838 -0.0064
      endloop
   endfacet
   facet normal 0 0 -1
      outer loop
         vertex 0.00508168 0.021 -0.0064
         vertex 0.00551418 0.021 -0.0064
         vertex 0.00551418 0.01838 -0.0064
      endloop
   endfacet
   facet normal 0 0 -1
      outer loop
         vertex 0.00421653 0.019825 -0.0064
         vertex 0.00421653 0.019475 -0.0064
         vertex 0.00416576 0.01838 -0.0064
      endloop
   endfacet
   facet normal 0 0 -1
      outer loop
         vertex 0.00416576 0.01838 -0.0064
         vertex 0.00508168 0.01838 -0.0064
         vertex 0.00508168 0.0158725 -0.0064
      endloop
   endfacet
   facet normal 0 0 -1
      outer loop
         vertex 0.00416576 0.0158725 -0.0064
         vertex 0.00508168 0.0158725 -0.0064
         vertex 0.00508168 0.01392 -0.0064
      endloop
   endfacet
   facet normal 0 0 -1
      outer loop
         vertex 0.0039825 0.021 -0.0064
         vertex 0.00416576 0.021 -0.0064
         vertex 0.00416576 0.01838 -0.0064
      endloop
   endfacet
   facet normal 0 0 -1
      outer loop
         vertex 0.0039825 0.01838 -0.0064
         vertex 0.00416576 0.01838 -0.0064
         vertex 0.00416576 0.0158725 -0.0064
      endloop
   endfacet
   facet normal 0 0 -1
      outer loop
         vertex 0.0039825 0.0158725 -0.0064
         vertex 0.00416576 0.0158725 -0.0064
         vertex 0.00416576 0.01392 -0.0064
      endloop
   endfacet
   facet normal 0 0 -1
      outer loop
         vertex 0.00297403 0.021 -0.0064
         vertex 0.0039825 0.021 -0.0064
         vertex 0.0039825 0.01838 -0.0064
      endloop
   endfacet
   facet normal 0 0 -1
      outer loop
         vertex 0.00297403 0.0158725 -0.0064
         vertex 0.0039825 0.0158725 -0.0064
         vertex 0.0039825 0.01392 -0.0064
      endloop
   endfacet
   facet normal 0 0 -1
      outer loop
         vertex 0.00335153 0.01354 -0.0064
         vertex 0.00300153 0.01354 -0.0064
         vertex 0.00297403 0.01392 -0.0064
      endloop
   endfacet
   facet normal 0 0 -1
      outer loop
         vertex 0.00254153 0.021 -0.0064
         vertex 0.00297403 0.021 -0.0064
         vertex 0.00297403 0.01838 -0.0064
      endloop
   endfacet
   facet normal 0 0 -1
      outer loop
         vertex 0.00254153 0.0158725 -0.0064
         vertex 0.00297403 0.0158725 -0.0064
         vertex 0.00297403 0.01392 -0.0064
      endloop
   endfacet
   facet normal 0 0 -1
      outer loop
         vertex 0.00254153 0.01392 -0.0064
         vertex 0.00297403 0.01392 -0.0064
         vertex 0.00297403 0.0100075 -0.0064
      endloop
   endfacet
   facet normal 0 0 -1
      outer loop
         vertex 0.00254153 0.0100075 -0.0064
         vertex 0.00297403 0.0100075 -0.0064
         vertex 0.00297403 0.0058925 -0.0064
      endloop
   endfacet
   facet normal 0 0 -1
      outer loop
         vertex 0.00167653 0.019825 -0.0064
         vertex 0.00167653 0.019475 -0.0064
         vertex 0.00127153 0.01838 -0.0064
      endloop
   endfacet
   facet normal 0 0 -1
      outer loop
         vertex 0.00127153 0.01838 -0.0064
         vertex 0.00254153 0.01838 -0.0064
         vertex 0.00254153 0.0158725 -0.0064
      endloop
   endfacet
   facet normal 0 0 -1
      outer loop
         vertex 0.00127153 0.0158725 -0.0064
         vertex 0.00254153 0.0158725 -0.0064
         vertex 0.00254153 0.01392 -0.0064
      endloop
   endfacet
   facet normal 0 0 -1
      outer loop
         vertex 0.00127153 0.01392 -0.0064
         vertex 0.00254153 0.01392 -0.0064
         vertex 0.00254153 0.0100075 -0.0064
      endloop
   endfacet
   facet normal 0 0 -1
      outer loop
         vertex 0.00127153 0.0100075 -0.0064
         vertex 0.00254153 0.0100075 -0.0064
         vertex 0.00254153 0.0058925 -0.0064
      endloop
   endfacet
   facet normal 0 0 -1
      outer loop
         vertex 1.52858e-06 0.021 -0.0064
         vertex 0.00127153 0.021 -0.0064
         vertex 0.00127153 0.01838 -0.0064
      endloop
   endfacet
   facet normal 0 0 -1
      outer loop
         vertex 0.000406529 0.017285 -0.0064
         vertex 0.000406529 0.016935 -0.0064
         vertex 1.52858e-06 0.0158725 -0.0064
      endloop
   endfacet
   facet normal 0 0 -1
      outer loop
         vertex 1.52858e-06 0.0158725 -0.0064
         vertex 0.00127153 0.0158725 -0.0064
         vertex 0.00127153 0.01392 -0.0064
      endloop
   endfacet
   facet normal 0 0 -1
      outer loop
         vertex 1.52858e-06 0.01392 -0.0064
         vertex 0.00127153 0.01392 -0.0064
         vertex 0.00127153 0.0100075 -0.0064
      endloop
   endfacet
   facet normal 0 0 -1
      outer loop
         vertex 1.52858e-06 0.0100075 -0.0064
         vertex 0.00127153 0.0100075 -0.0064
         vertex 0.00127153 0.0058925 -0.0064
      endloop
   endfacet
   facet normal 0 0 -1
      outer loop
         vertex -0.000863471 0.019825 -0.0064
         vertex -0.000863471 0.019475 -0.0064
         vertex -0.00253847 0.01838 -0.0064
      endloop
   endfacet
   facet normal 0 0 -1
      outer loop
         vertex -0.00167347 0.017285 -0.0064
         vertex -0.00213347 0.017285 -0.0064
         vertex -0.00253847 0.01838 -0.0064
      endloop
   endfacet
   facet normal 0 0 -1
      outer loop
         vertex -0.00253847 0.0158725 -0.0064
         vertex 1.52858e-06 0.0158725 -0.0064
         vertex 1.52858e-06 0.01392 -0.0064
      endloop
   endfacet
   facet normal 0 0 -1
      outer loop
         vertex -0.00253847 0.01392 -0.0064
         vertex 1.52858e-06 0.01392 -0.0064
         vertex 1.52858e-06 0.0100075 -0.0064
      endloop
   endfacet
   facet normal 0 0 -1
      outer loop
         vertex -0.00253847 0.0100075 -0.0064
         vertex 1.52858e-06 0.0100075 -0.0064
         vertex 1.52858e-06 0.0058925 -0.0064
      endloop
   endfacet
   facet normal 0 0 -1
      outer loop
         vertex -0.0033775 0.01838 -0.0064
         vertex -0.00253847 0.01838 -0.0064
         vertex -0.00253847 0.0158725 -0.0064
      endloop
   endfacet
   facet normal 0 0 -1
      outer loop
         vertex -0.0033775 0.0158725 -0.0064
         vertex -0.00253847 0.0158725 -0.0064
         vertex -0.00253847 0.01392 -0.0064
      endloop
   endfacet
   facet normal 0 0 -1
      outer loop
         vertex -0.00300153 0.01354 -0.0064
         vertex -0.00335153 0.01354 -0.0064
         vertex -0.0033775 0.01392 -0.0064
      endloop
   endfacet
   facet normal 0 0 -1
      outer loop
         vertex -0.0033775 0.0100075 -0.0064
         vertex -0.00253847 0.0100075 -0.0064
         vertex -0.00253847 0.0058925 -0.0064
      endloop
   endfacet
   facet normal 0 0 -1
      outer loop
         vertex -0.0039825 0.01838 -0.0064
         vertex -0.0033775 0.01838 -0.0064
         vertex -0.0033775 0.0158725 -0.0064
      endloop
   endfacet
   facet normal 0 0 -1
      outer loop
         vertex -0.0039825 0.0158725 -0.0064
         vertex -0.0033775 0.0158725 -0.0064
         vertex -0.0033775 0.01392 -0.0064
      endloop
   endfacet
   facet normal 0 0 -1
      outer loop
         vertex -0.0039825 0.01392 -0.0064
         vertex -0.0033775 0.01392 -0.0064
         vertex -0.0033775 0.0100075 -0.0064
      endloop
   endfacet
   facet normal 0 0 -1
      outer loop
         vertex -0.00451174 0.021 -0.0064
         vertex -0.0039825 0.021 -0.0064
         vertex -0.0039825 0.01838 -0.0064
      endloop
   endfacet
   facet normal 0 0 -1
      outer loop
         vertex -0.00451174 0.0158725 -0.0064
         vertex -0.0039825 0.0158725 -0.0064
         vertex -0.0039825 0.01392 -0.0064
      endloop
   endfacet
   facet normal 0 0 -1
      outer loop
         vertex -0.00507847 0.021 -0.0064
         vertex -0.00451174 0.021 -0.0064
         vertex -0.00451174 0.01838 -0.0064
      endloop
   endfacet
   facet normal 0 0 -1
      outer loop
         vertex -0.00507847 0.0158725 -0.0064
         vertex -0.00451174 0.0158725 -0.0064
         vertex -0.00451174 0.01392 -0.0064
      endloop
   endfacet
   facet normal 0 0 -1
      outer loop
         vertex -0.00507847 0.0100075 -0.0064
         vertex -0.00451174 0.0100075 -0.0064
         vertex -0.00451174 0.0058925 -0.0064
      endloop
   endfacet
   facet normal 0 0 -1
      outer loop
         vertex -0.0059175 0.01838 -0.0064
         vertex -0.00507847 0.01838 -0.0064
         vertex -0.00507847 0.0158725 -0.0064
      endloop
   endfacet
   facet normal 0 0 -1
      outer loop
         vertex -0.00616674 0.01838 -0.0064
         vertex -0.0059175 0.01838 -0.0064
         vertex -0.0059175 0.0158725 -0.0064
      endloop
   endfacet
   facet normal 0 0 -1
      outer loop
         vertex -0.0071025 0.021 -0.0064
         vertex -0.00616674 0.021 -0.0064
         vertex -0.00616674 0.01838 -0.0064
      endloop
   endfacet
   facet normal 0 0 -1
      outer loop
         vertex -0.0071025 0.01838 -0.0064
         vertex -0.00616674 0.01838 -0.0064
         vertex -0.00616674 0.0158725 -0.0064
      endloop
   endfacet
   facet normal 0 0 -1
      outer loop
         vertex -0.0071025 0.0158725 -0.0064
         vertex -0.00616674 0.0158725 -0.0064
         vertex -0.00616674 0.01392 -0.0064
      endloop
   endfacet
   facet normal 0 0 -1
      outer loop
         vertex -0.00775 0.00834365 -0.0064
         vertex -0.00775 0.0100075 -0.0064
         vertex -0.0071025 0.0100075 -0.0064
      endloop
   endfacet
   facet normal 0 0 -1
      outer loop
         vertex -0.00775 0.0058925 -0.0064
         vertex -0.0071025 0.0058925 -0.0064
         vertex -0.0071025 0.0002 -0.0064
      endloop
   endfacet
   facet normal 0 1 0
      outer loop
         vertex -0.007265 0.011 -0.0064
         vertex -0.007265 0.011 -0.00655
         vertex -0.007315 0.0110005 -0.00655
      endloop
   endfacet
   facet normal 0 1 0
      outer loop
         vertex -0.007315 0.0110005 -0.00655
         vertex -0.007315 0.011 -0.0064
         vertex -0.007265 0.011 -0.0064
      endloop
   endfacet
   facet normal 0 1 0
      outer loop
         vertex 0.007265 0.011 -0.0064
         vertex 0.007315 0.011 -0.0064
         vertex 0.007315 0.0110005 -0.00655
      endloop
   endfacet
   facet normal 0 1 0
      outer loop
         vertex 0.007315 0.0110005 -0.00655
         vertex 0.007265 0.011 -0.00655
         vertex 0.007265 0.011 -0.0064
      endloop
   endfacet
   facet normal -1 0 0
      outer loop
         vertex 0.004115 0.011 -0.00965
         vertex 0.004115 0.0105 -0.00965
         vertex 0.004115 0.0105 -0.0064
      endloop
   endfacet
   facet normal -1 0 0
      outer loop
         vertex 0.004115 0.0105 -0.0064
         vertex 0.004115 0.011 -0.0064
         vertex 0.004115 0.011 -0.00965
      endloop
   endfacet
   facet normal 0 1 0
      outer loop
         vertex 0.004165 0.011 -0.0064
         vertex 0.004165 0.011 -0.00987857
         vertex 0.004115 0.011 -0.00965
      endloop
   endfacet
   facet normal 0 1 0
      outer loop
         vertex 0.004115 0.011 -0.00965
         vertex 0.004115 0.011 -0.0064
         vertex 0.004165 0.011 -0.0064
      endloop
   endfacet
   facet normal 0 -1 0
      outer loop
         vertex 0.004165 0.0105 -0.0064
         vertex 0.004115 0.0105 -0.0064
         vertex 0.004115 0.0105 -0.00965
      endloop
   endfacet
   facet normal 0 -1 0
      outer loop
         vertex 0.004115 0.0105 -0.00965
         vertex 0.004165 0.0105 -0.00987857
         vertex 0.004165 0.0105 -0.0064
      endloop
   endfacet
   facet normal -0.9769 0 -0.213697
      outer loop
         vertex 0.00429 0.011006 -0.01045
         vertex 0.00429 0.010494 -0.01045
         vertex 0.004165 0.0105 -0.00987857
      endloop
   endfacet
   facet normal -0.9769 0 -0.213697
      outer loop
         vertex 0.004115 0.0105 -0.00965
         vertex 0.004115 0.011 -0.00965
         vertex 0.004165 0.011 -0.00987857
      endloop
   endfacet
   facet normal -0.9769 0 -0.213697
      outer loop
         vertex 0.004165 0.011 -0.00987857
         vertex 0.004165 0.0105 -0.00987857
         vertex 0.004115 0.0105 -0.00965
      endloop
   endfacet
   facet normal -0.9769 0 -0.213697
      outer loop
         vertex 0.004165 0.0105 -0.00987857
         vertex 0.004165 0.011 -0.00987857
         vertex 0.00429 0.011006 -0.01045
      endloop
   endfacet
   facet normal 1 0 0
      outer loop
         vertex -0.004115 0.011 -0.00965
         vertex -0.004115 0.011 -0.0064
         vertex -0.004115 0.0105 -0.0064
      endloop
   endfacet
   facet normal 1 0 0
      outer loop
         vertex -0.004115 0.0105 -0.0064
         vertex -0.004115 0.0105 -0.00965
         vertex -0.004115 0.011 -0.00965
      endloop
   endfacet
   facet normal 0 -1 0
      outer loop
         vertex -0.004165 0.0105 -0.0064
         vertex -0.004165 0.0105 -0.00987857
         vertex -0.004115 0.0105 -0.00965
      endloop
   endfacet
   facet normal 0 -1 0
      outer loop
         vertex -0.004115 0.0105 -0.00965
         vertex -0.004115 0.0105 -0.0064
         vertex -0.004165 0.0105 -0.0064
      endloop
   endfacet
   facet normal 0 1 0
      outer loop
         vertex -0.004165 0.011 -0.0064
         vertex -0.004115 0.011 -0.0064
         vertex -0.004115 0.011 -0.00965
      endloop
   endfacet
   facet normal 0 1 0
      outer loop
         vertex -0.004115 0.011 -0.00965
         vertex -0.004165 0.011 -0.00987857
         vertex -0.004165 0.011 -0.0064
      endloop
   endfacet
   facet normal 0.9769 0 -0.213697
      outer loop
         vertex -0.00429 0.011006 -0.01045
         vertex -0.004165 0.011 -0.00987857
         vertex -0.004165 0.0105 -0.00987857
      endloop
   endfacet
   facet normal 0.9769 0 -0.213697
      outer loop
         vertex -0.004115 0.0105 -0.00965
         vertex -0.004165 0.0105 -0.00987857
         vertex -0.004165 0.011 -0.00987857
      endloop
   endfacet
   facet normal 0.9769 0 -0.213697
      outer loop
         vertex -0.004165 0.011 -0.00987857
         vertex -0.004115 0.011 -0.00965
         vertex -0.004115 0.0105 -0.00965
      endloop
   endfacet
   facet normal 0.9769 0 -0.213697
      outer loop
         vertex -0.004165 0.0105 -0.00987857
         vertex -0.00429 0.010494 -0.01045
         vertex -0.00429 0.011006 -0.01045
      endloop
   endfacet
   facet normal 0 -1 0
      outer loop
         vertex -0.007265 0.0105 -0.0064
         vertex -0.007315 0.0105 -0.0064
         vertex -0.007315 0.0105 -0.00965
      endloop
   endfacet
   facet normal 0 -1 0
      outer loop
         vertex -0.007315 0.0105 -0.00965
         vertex -0.007265 0.0105 -0.00987857
         vertex -0.007265 0.0105 -0.0064
      endloop
   endfacet
   facet normal -1 0 0
      outer loop
         vertex -0.007315 0.0105 -0.00965
         vertex -0.007315 0.0105 -0.0064
         vertex -0.007315 0.0110005 -0.00675
      endloop
   endfacet
   facet normal -1 0 0
      outer loop
         vertex -0.007315 0.0105 -0.0064
         vertex -0.007315 0.011 -0.0064
         vertex -0.007315 0.0110005 -0.00655
      endloop
   endfacet
   facet normal -1 0 0
      outer loop
         vertex -0.007315 0.0110005 -0.00655
         vertex -0.007315 0.0110005 -0.00675
         vertex -0.007315 0.0105 -0.0064
      endloop
   endfacet
   facet normal -1 0 0
      outer loop
         vertex -0.007315 0.0110005 -0.00675
         vertex -0.007315 0.011 -0.00965
         vertex -0.007315 0.0105 -0.00965
      endloop
   endfacet
   facet normal -0.9769 0 -0.213697
      outer loop
         vertex -0.007315 0.011 -0.00965
         vertex -0.007265 0.011 -0.00987857
         vertex -0.007265 0.0105 -0.00987857
      endloop
   endfacet
   facet normal -0.9769 0 -0.213697
      outer loop
         vertex -0.00714 0.010494 -0.01045
         vertex -0.007265 0.0105 -0.00987857
         vertex -0.007265 0.011 -0.00987857
      endloop
   endfacet
   facet normal -0.9769 0 -0.213697
      outer loop
         vertex -0.007265 0.011 -0.00987857
         vertex -0.00714 0.011006 -0.01045
         vertex -0.00714 0.010494 -0.01045
      endloop
   endfacet
   facet normal -0.9769 0 -0.213697
      outer loop
         vertex -0.007265 0.0105 -0.00987857
         vertex -0.007315 0.0105 -0.00965
         vertex -0.007315 0.011 -0.00965
      endloop
   endfacet
   facet normal 0 1 0
      outer loop
         vertex -0.007265 0.011 -0.00675
         vertex -0.007265 0.011 -0.00987857
         vertex -0.007315 0.011 -0.00965
      endloop
   endfacet
   facet normal 0 1 0
      outer loop
         vertex -0.007315 0.011 -0.00965
         vertex -0.007315 0.0110005 -0.00675
         vertex -0.007265 0.011 -0.00675
      endloop
   endfacet
   facet normal 0 -1 0
      outer loop
         vertex 0.007265 0.0105 -0.0064
         vertex 0.007265 0.0105 -0.00987857
         vertex 0.007315 0.0105 -0.00965
      endloop
   endfacet
   facet normal 0 -1 0
      outer loop
         vertex 0.007315 0.0105 -0.00965
         vertex 0.007315 0.0105 -0.0064
         vertex 0.007265 0.0105 -0.0064
      endloop
   endfacet
   facet normal 0.9769 0 -0.213697
      outer loop
         vertex 0.00714 0.011006 -0.01045
         vertex 0.007265 0.011 -0.00987857
         vertex 0.007265 0.0105 -0.00987857
      endloop
   endfacet
   facet normal 0.9769 0 -0.213697
      outer loop
         vertex 0.007315 0.0105 -0.00965
         vertex 0.007265 0.0105 -0.00987857
         vertex 0.007265 0.011 -0.00987857
      endloop
   endfacet
   facet normal 0.9769 0 -0.213697
      outer loop
         vertex 0.007265 0.011 -0.00987857
         vertex 0.007315 0.011 -0.00965
         vertex 0.007315 0.0105 -0.00965
      endloop
   endfacet
   facet normal 0.9769 0 -0.213697
      outer loop
         vertex 0.007265 0.0105 -0.00987857
         vertex 0.00714 0.010494 -0.01045
         vertex 0.00714 0.011006 -0.01045
      endloop
   endfacet
   facet normal 1 0 0
      outer loop
         vertex 0.007315 0.0105 -0.0064
         vertex 0.007315 0.0110005 -0.00675
         vertex 0.007315 0.0110005 -0.00655
      endloop
   endfacet
   facet normal 1 0 0
      outer loop
         vertex 0.007315 0.0105 -0.00965
         vertex 0.007315 0.011 -0.00965
         vertex 0.007315 0.0110005 -0.00675
      endloop
   endfacet
   facet normal 1 0 0
      outer loop
         vertex 0.007315 0.0110005 -0.00675
         vertex 0.007315 0.0105 -0.0064
         vertex 0.007315 0.0105 -0.00965
      endloop
   endfacet
   facet normal 1 0 0
      outer loop
         vertex 0.007315 0.0110005 -0.00655
         vertex 0.007315 0.011 -0.0064
         vertex 0.007315 0.0105 -0.0064
      endloop
   endfacet
   facet normal 0 1 0
      outer loop
         vertex 0.007265 0.011 -0.00675
         vertex 0.007315 0.0110005 -0.00675
         vertex 0.007315 0.011 -0.00965
      endloop
   endfacet
   facet normal 0 1 0
      outer loop
         vertex 0.007315 0.011 -0.00965
         vertex 0.007265 0.011 -0.00987857
         vertex 0.007265 0.011 -0.00675
      endloop
   endfacet
   facet normal -1 0 0
      outer loop
         vertex 0.00548684 0.017285 -0.008799
         vertex 0.00548684 0.016935 -0.008799
         vertex 0.00548684 0.016935 -0.0064
      endloop
   endfacet
   facet normal -1 0 0
      outer loop
         vertex 0.00548684 0.016935 -0.0064
         vertex 0.00548684 0.017285 -0.0064
         vertex 0.00548684 0.017285 -0.008799
      endloop
   endfacet
   facet normal 0 -1 0
      outer loop
         vertex 0.00594684 0.016935 -0.008799
         vertex 0.00594684 0.016935 -0.0064
         vertex 0.00551418 0.016935 -0.0064
      endloop
   endfacet
   facet normal 0 -1 0
      outer loop
         vertex 0.00551418 0.016935 -0.0064
         vertex 0.00548684 0.016935 -0.008799
         vertex 0.00594684 0.016935 -0.008799
      endloop
   endfacet
   facet normal 0 -1 0
      outer loop
         vertex 0.00551418 0.016935 -0.0064
         vertex 0.00548684 0.016935 -0.0064
         vertex 0.00548684 0.016935 -0.008799
      endloop
   endfacet
   facet normal 0 0 -1
      outer loop
         vertex 0.00548684 0.016935 -0.008799
         vertex 0.00548684 0.017285 -0.008799
         vertex 0.00594684 0.017285 -0.008799
      endloop
   endfacet
   facet normal 0 0 -1
      outer loop
         vertex 0.00594684 0.017285 -0.008799
         vertex 0.00594684 0.016935 -0.008799
         vertex 0.00548684 0.016935 -0.008799
      endloop
   endfacet
   facet normal 0 1 0
      outer loop
         vertex 0.00594684 0.017285 -0.008799
         vertex 0.00548684 0.017285 -0.008799
         vertex 0.00551418 0.017285 -0.0064
      endloop
   endfacet
   facet normal 0 1 0
      outer loop
         vertex 0.00548684 0.017285 -0.008799
         vertex 0.00548684 0.017285 -0.0064
         vertex 0.00551418 0.017285 -0.0064
      endloop
   endfacet
   facet normal 0 1 0
      outer loop
         vertex 0.00551418 0.017285 -0.0064
         vertex 0.00594684 0.017285 -0.0064
         vertex 0.00594684 0.017285 -0.008799
      endloop
   endfacet
   facet normal 1 0 0
      outer loop
         vertex 0.00594684 0.016935 -0.008799
         vertex 0.00594684 0.017285 -0.008799
         vertex 0.00594684 0.017285 -0.0064
      endloop
   endfacet
   facet normal 1 0 0
      outer loop
         vertex 0.00594684 0.017285 -0.0064
         vertex 0.00594684 0.016935 -0.0064
         vertex 0.00594684 0.016935 -0.008799
      endloop
   endfacet
   facet normal 0 1 0
      outer loop
         vertex 0.00589153 0.01481 -0.008799
         vertex 0.00554153 0.01481 -0.008799
         vertex 0.00554153 0.01481 -0.0064
      endloop
   endfacet
   facet normal 0 1 0
      outer loop
         vertex 0.00554153 0.01481 -0.0064
         vertex 0.00589153 0.01481 -0.0064
         vertex 0.00589153 0.01481 -0.008799
      endloop
   endfacet
   facet normal -1 0 0
      outer loop
         vertex 0.00554153 0.01481 -0.008799
         vertex 0.00554153 0.01435 -0.008799
         vertex 0.00554153 0.01435 -0.0064
      endloop
   endfacet
   facet normal -1 0 0
      outer loop
         vertex 0.00554153 0.01435 -0.0064
         vertex 0.00554153 0.01481 -0.0064
         vertex 0.00554153 0.01481 -0.008799
      endloop
   endfacet
   facet normal 0 0 -1
      outer loop
         vertex 0.00554153 0.01481 -0.008799
         vertex 0.00589153 0.01481 -0.008799
         vertex 0.00589153 0.01435 -0.008799
      endloop
   endfacet
   facet normal 0 0 -1
      outer loop
         vertex 0.00589153 0.01435 -0.008799
         vertex 0.00554153 0.01435 -0.008799
         vertex 0.00554153 0.01481 -0.008799
      endloop
   endfacet
   facet normal 1 0 0
      outer loop
         vertex 0.00589153 0.01435 -0.008799
         vertex 0.00589153 0.01481 -0.008799
         vertex 0.00589153 0.01481 -0.0064
      endloop
   endfacet
   facet normal 1 0 0
      outer loop
         vertex 0.00589153 0.01481 -0.0064
         vertex 0.00589153 0.01435 -0.0064
         vertex 0.00589153 0.01435 -0.008799
      endloop
   endfacet
   facet normal 0 -1 0
      outer loop
         vertex 0.00554153 0.01435 -0.008799
         vertex 0.00589153 0.01435 -0.008799
         vertex 0.00589153 0.01435 -0.0064
      endloop
   endfacet
   facet normal 0 -1 0
      outer loop
         vertex 0.00589153 0.01435 -0.0064
         vertex 0.00554153 0.01435 -0.0064
         vertex 0.00554153 0.01435 -0.008799
      endloop
   endfacet
   facet normal 0 1 0
      outer loop
         vertex 0.00335153 0.01354 -0.008799
         vertex 0.00300153 0.01354 -0.008799
         vertex 0.00300153 0.01354 -0.0064
      endloop
   endfacet
   facet normal 0 1 0
      outer loop
         vertex 0.00300153 0.01354 -0.0064
         vertex 0.00335153 0.01354 -0.0064
         vertex 0.00335153 0.01354 -0.008799
      endloop
   endfacet
   facet normal -1 0 0
      outer loop
         vertex 0.00300153 0.01354 -0.008799
         vertex 0.00300153 0.01308 -0.008799
         vertex 0.00300153 0.01308 -0.0064
      endloop
   endfacet
   facet normal -1 0 0
      outer loop
         vertex 0.00300153 0.01308 -0.0064
         vertex 0.00300153 0.01354 -0.0064
         vertex 0.00300153 0.01354 -0.008799
      endloop
   endfacet
   facet normal 0 0 -1
      outer loop
         vertex 0.00300153 0.01354 -0.008799
         vertex 0.00335153 0.01354 -0.008799
         vertex 0.00335153 0.01308 -0.008799
      endloop
   endfacet
   facet normal 0 0 -1
      outer loop
         vertex 0.00335153 0.01308 -0.008799
         vertex 0.00300153 0.01308 -0.008799
         vertex 0.00300153 0.01354 -0.008799
      endloop
   endfacet
   facet normal 1 0 0
      outer loop
         vertex 0.00335153 0.01308 -0.008799
         vertex 0.00335153 0.01354 -0.008799
         vertex 0.00335153 0.01354 -0.0064
      endloop
   endfacet
   facet normal 1 0 0
      outer loop
         vertex 0.00335153 0.01354 -0.0064
         vertex 0.00335153 0.01308 -0.0064
         vertex 0.00335153 0.01308 -0.008799
      endloop
   endfacet
   facet normal 0 -1 0
      outer loop
         vertex 0.00300153 0.01308 -0.008799
         vertex 0.00335153 0.01308 -0.008799
         vertex 0.00335153 0.01308 -0.0064
      endloop
   endfacet
   facet normal 0 -1 0
      outer loop
         vertex 0.00335153 0.01308 -0.0064
         vertex 0.00300153 0.01308 -0.0064
         vertex 0.00300153 0.01308 -0.008799
      endloop
   endfacet
   facet normal -1 0 0
      outer loop
         vertex 0.00294653 0.017285 -0.008799
         vertex 0.00294653 0.016935 -0.008799
         vertex 0.00294653 0.016935 -0.0064
      endloop
   endfacet
   facet normal -1 0 0
      outer loop
         vertex 0.00294653 0.016935 -0.0064
         vertex 0.00294653 0.017285 -0.0064
         vertex 0.00294653 0.017285 -0.008799
      endloop
   endfacet
   facet normal 0 -1 0
      outer loop
         vertex 0.00340653 0.016935 -0.008799
         vertex 0.00340653 0.016935 -0.0064
         vertex 0.00297403 0.016935 -0.0064
      endloop
   endfacet
   facet normal 0 -1 0
      outer loop
         vertex 0.00297403 0.016935 -0.0064
         vertex 0.00294653 0.016935 -0.008799
         vertex 0.00340653 0.016935 -0.008799
      endloop
   endfacet
   facet normal 0 -1 0
      outer loop
         vertex 0.00297403 0.016935 -0.0064
         vertex 0.00294653 0.016935 -0.0064
         vertex 0.00294653 0.016935 -0.008799
      endloop
   endfacet
   facet normal 0 0 -1
      outer loop
         vertex 0.00294653 0.016935 -0.008799
         vertex 0.00294653 0.017285 -0.008799
         vertex 0.00340653 0.017285 -0.008799
      endloop
   endfacet
   facet normal 0 0 -1
      outer loop
         vertex 0.00340653 0.017285 -0.008799
         vertex 0.00340653 0.016935 -0.008799
         vertex 0.00294653 0.016935 -0.008799
      endloop
   endfacet
   facet normal 0 1 0
      outer loop
         vertex 0.00340653 0.017285 -0.008799
         vertex 0.00294653 0.017285 -0.008799
         vertex 0.00297403 0.017285 -0.0064
      endloop
   endfacet
   facet normal 0 1 0
      outer loop
         vertex 0.00294653 0.017285 -0.008799
         vertex 0.00294653 0.017285 -0.0064
         vertex 0.00297403 0.017285 -0.0064
      endloop
   endfacet
   facet normal 0 1 0
      outer loop
         vertex 0.00297403 0.017285 -0.0064
         vertex 0.00340653 0.017285 -0.0064
         vertex 0.00340653 0.017285 -0.008799
      endloop
   endfacet
   facet normal 1 0 0
      outer loop
         vertex 0.00340653 0.016935 -0.008799
         vertex 0.00340653 0.017285 -0.008799
         vertex 0.00340653 0.017285 -0.0064
      endloop
   endfacet
   facet normal 1 0 0
      outer loop
         vertex 0.00340653 0.017285 -0.0064
         vertex 0.00340653 0.016935 -0.0064
         vertex 0.00340653 0.016935 -0.008799
      endloop
   endfacet
   facet normal -1 0 0
      outer loop
         vertex 0.00421653 0.019825 -0.008799
         vertex 0.00421653 0.019475 -0.008799
         vertex 0.00421653 0.019475 -0.0064
      endloop
   endfacet
   facet normal -1 0 0
      outer loop
         vertex 0.00421653 0.019475 -0.0064
         vertex 0.00421653 0.019825 -0.0064
         vertex 0.00421653 0.019825 -0.008799
      endloop
   endfacet
   facet normal 0 -1 0
      outer loop
         vertex 0.00421653 0.019475 -0.008799
         vertex 0.00467653 0.019475 -0.008799
         vertex 0.00467653 0.019475 -0.0064
      endloop
   endfacet
   facet normal 0 -1 0
      outer loop
         vertex 0.00467653 0.019475 -0.0064
         vertex 0.00421653 0.019475 -0.0064
         vertex 0.00421653 0.019475 -0.008799
      endloop
   endfacet
   facet normal 0 0 -1
      outer loop
         vertex 0.00421653 0.019475 -0.008799
         vertex 0.00421653 0.019825 -0.008799
         vertex 0.00467653 0.019825 -0.008799
      endloop
   endfacet
   facet normal 0 0 -1
      outer loop
         vertex 0.00467653 0.019825 -0.008799
         vertex 0.00467653 0.019475 -0.008799
         vertex 0.00421653 0.019475 -0.008799
      endloop
   endfacet
   facet normal 0 1 0
      outer loop
         vertex 0.00467653 0.019825 -0.008799
         vertex 0.00421653 0.019825 -0.008799
         vertex 0.00421653 0.019825 -0.0064
      endloop
   endfacet
   facet normal 0 1 0
      outer loop
         vertex 0.00421653 0.019825 -0.0064
         vertex 0.00467653 0.019825 -0.0064
         vertex 0.00467653 0.019825 -0.008799
      endloop
   endfacet
   facet normal 1 0 0
      outer loop
         vertex 0.00467653 0.019475 -0.008799
         vertex 0.00467653 0.019825 -0.008799
         vertex 0.00467653 0.019825 -0.0064
      endloop
   endfacet
   facet normal 1 0 0
      outer loop
         vertex 0.00467653 0.019825 -0.0064
         vertex 0.00467653 0.019475 -0.0064
         vertex 0.00467653 0.019475 -0.008799
      endloop
   endfacet
   facet normal -1 0 0
      outer loop
         vertex 0.00167653 0.019825 -0.008799
         vertex 0.00167653 0.019475 -0.008799
         vertex 0.00167653 0.019475 -0.0064
      endloop
   endfacet
   facet normal -1 0 0
      outer loop
         vertex 0.00167653 0.019475 -0.0064
         vertex 0.00167653 0.019825 -0.0064
         vertex 0.00167653 0.019825 -0.008799
      endloop
   endfacet
   facet normal 0 -1 0
      outer loop
         vertex 0.00167653 0.019475 -0.008799
         vertex 0.00213653 0.019475 -0.008799
         vertex 0.00213653 0.019475 -0.0064
      endloop
   endfacet
   facet normal 0 -1 0
      outer loop
         vertex 0.00213653 0.019475 -0.0064
         vertex 0.00167653 0.019475 -0.0064
         vertex 0.00167653 0.019475 -0.008799
      endloop
   endfacet
   facet normal 0 0 -1
      outer loop
         vertex 0.00167653 0.019475 -0.008799
         vertex 0.00167653 0.019825 -0.008799
         vertex 0.00213653 0.019825 -0.008799
      endloop
   endfacet
   facet normal 0 0 -1
      outer loop
         vertex 0.00213653 0.019825 -0.008799
         vertex 0.00213653 0.019475 -0.008799
         vertex 0.00167653 0.019475 -0.008799
      endloop
   endfacet
   facet normal 0 1 0
      outer loop
         vertex 0.00213653 0.019825 -0.008799
         vertex 0.00167653 0.019825 -0.008799
         vertex 0.00167653 0.019825 -0.0064
      endloop
   endfacet
   facet normal 0 1 0
      outer loop
         vertex 0.00167653 0.019825 -0.0064
         vertex 0.00213653 0.019825 -0.0064
         vertex 0.00213653 0.019825 -0.008799
      endloop
   endfacet
   facet normal 1 0 0
      outer loop
         vertex 0.00213653 0.019475 -0.008799
         vertex 0.00213653 0.019825 -0.008799
         vertex 0.00213653 0.019825 -0.0064
      endloop
   endfacet
   facet normal 1 0 0
      outer loop
         vertex 0.00213653 0.019825 -0.0064
         vertex 0.00213653 0.019475 -0.0064
         vertex 0.00213653 0.019475 -0.008799
      endloop
   endfacet
   facet normal -1 0 0
      outer loop
         vertex 0.000406529 0.017285 -0.008799
         vertex 0.000406529 0.016935 -0.008799
         vertex 0.000406529 0.016935 -0.0064
      endloop
   endfacet
   facet normal -1 0 0
      outer loop
         vertex 0.000406529 0.016935 -0.0064
         vertex 0.000406529 0.017285 -0.0064
         vertex 0.000406529 0.017285 -0.008799
      endloop
   endfacet
   facet normal 0 -1 0
      outer loop
         vertex 0.000406529 0.016935 -0.008799
         vertex 0.000866529 0.016935 -0.008799
         vertex 0.000866529 0.016935 -0.0064
      endloop
   endfacet
   facet normal 0 -1 0
      outer loop
         vertex 0.000866529 0.016935 -0.0064
         vertex 0.000406529 0.016935 -0.0064
         vertex 0.000406529 0.016935 -0.008799
      endloop
   endfacet
   facet normal 0 0 -1
      outer loop
         vertex 0.000406529 0.016935 -0.008799
         vertex 0.000406529 0.017285 -0.008799
         vertex 0.000866529 0.017285 -0.008799
      endloop
   endfacet
   facet normal 0 0 -1
      outer loop
         vertex 0.000866529 0.017285 -0.008799
         vertex 0.000866529 0.016935 -0.008799
         vertex 0.000406529 0.016935 -0.008799
      endloop
   endfacet
   facet normal 0 1 0
      outer loop
         vertex 0.000866529 0.017285 -0.008799
         vertex 0.000406529 0.017285 -0.008799
         vertex 0.000406529 0.017285 -0.0064
      endloop
   endfacet
   facet normal 0 1 0
      outer loop
         vertex 0.000406529 0.017285 -0.0064
         vertex 0.000866529 0.017285 -0.0064
         vertex 0.000866529 0.017285 -0.008799
      endloop
   endfacet
   facet normal 1 0 0
      outer loop
         vertex 0.000866529 0.016935 -0.008799
         vertex 0.000866529 0.017285 -0.008799
         vertex 0.000866529 0.017285 -0.0064
      endloop
   endfacet
   facet normal 1 0 0
      outer loop
         vertex 0.000866529 0.017285 -0.0064
         vertex 0.000866529 0.016935 -0.0064
         vertex 0.000866529 0.016935 -0.008799
      endloop
   endfacet
   facet normal 0 1 0
      outer loop
         vertex 0.00689 0.006935 -0.008799
         vertex 0.00639 0.006935 -0.008799
         vertex 0.00639 0.006935 -0.0064
      endloop
   endfacet
   facet normal 0 1 0
      outer loop
         vertex 0.00639 0.006935 -0.0064
         vertex 0.00689 0.006935 -0.0064
         vertex 0.00689 0.006935 -0.008799
      endloop
   endfacet
   facet normal -1 0 0
      outer loop
         vertex 0.00639 0.006935 -0.008799
         vertex 0.00639 0.006435 -0.008799
         vertex 0.00639 0.006435 -0.0064
      endloop
   endfacet
   facet normal -1 0 0
      outer loop
         vertex 0.00639 0.006435 -0.0064
         vertex 0.00639 0.006935 -0.0064
         vertex 0.00639 0.006935 -0.008799
      endloop
   endfacet
   facet normal 0 0 -1
      outer loop
         vertex 0.00639 0.006935 -0.008799
         vertex 0.00689 0.006935 -0.008799
         vertex 0.00689 0.006435 -0.008799
      endloop
   endfacet
   facet normal 0 0 -1
      outer loop
         vertex 0.00689 0.006435 -0.008799
         vertex 0.00639 0.006435 -0.008799
         vertex 0.00639 0.006935 -0.008799
      endloop
   endfacet
   facet normal 1 0 0
      outer loop
         vertex 0.00689 0.006435 -0.008799
         vertex 0.00689 0.006935 -0.008799
         vertex 0.00689 0.006935 -0.0064
      endloop
   endfacet
   facet normal 1 0 0
      outer loop
         vertex 0.00689 0.006935 -0.0064
         vertex 0.00689 0.006435 -0.0064
         vertex 0.00689 0.006435 -0.008799
      endloop
   endfacet
   facet normal 0 -1 0
      outer loop
         vertex 0.00639 0.006435 -0.008799
         vertex 0.00689 0.006435 -0.008799
         vertex 0.00689 0.006435 -0.0064
      endloop
   endfacet
   facet normal 0 -1 0
      outer loop
         vertex 0.00689 0.006435 -0.0064
         vertex 0.00639 0.006435 -0.0064
         vertex 0.00639 0.006435 -0.008799
      endloop
   endfacet
   facet normal 0 1 0
      outer loop
         vertex 0.00385 0.006935 -0.008799
         vertex 0.0039825 0.006935 -0.0064
         vertex 0.00416576 0.006935 -0.0064
      endloop
   endfacet
   facet normal 0 1 0
      outer loop
         vertex 0.00416576 0.006935 -0.0064
         vertex 0.00435 0.006935 -0.008799
         vertex 0.00385 0.006935 -0.008799
      endloop
   endfacet
   facet normal 0 1 0
      outer loop
         vertex 0.00385 0.006935 -0.008799
         vertex 0.00385 0.006935 -0.0064
         vertex 0.0039825 0.006935 -0.0064
      endloop
   endfacet
   facet normal 0 1 0
      outer loop
         vertex 0.00416576 0.006935 -0.0064
         vertex 0.00435 0.006935 -0.0064
         vertex 0.00435 0.006935 -0.008799
      endloop
   endfacet
   facet normal -1 0 0
      outer loop
         vertex 0.00385 0.006935 -0.008799
         vertex 0.00385 0.006435 -0.008799
         vertex 0.00385 0.006435 -0.0064
      endloop
   endfacet
   facet normal -1 0 0
      outer loop
         vertex 0.00385 0.006435 -0.0064
         vertex 0.00385 0.006935 -0.0064
         vertex 0.00385 0.006935 -0.008799
      endloop
   endfacet
   facet normal 0 0 -1
      outer loop
         vertex 0.00385 0.006935 -0.008799
         vertex 0.00435 0.006935 -0.008799
         vertex 0.00435 0.006435 -0.008799
      endloop
   endfacet
   facet normal 0 0 -1
      outer loop
         vertex 0.00435 0.006435 -0.008799
         vertex 0.00385 0.006435 -0.008799
         vertex 0.00385 0.006935 -0.008799
      endloop
   endfacet
   facet normal 1 0 0
      outer loop
         vertex 0.00435 0.006435 -0.008799
         vertex 0.00435 0.006935 -0.008799
         vertex 0.00435 0.006935 -0.0064
      endloop
   endfacet
   facet normal 1 0 0
      outer loop
         vertex 0.00435 0.006935 -0.0064
         vertex 0.00435 0.006435 -0.0064
         vertex 0.00435 0.006435 -0.008799
      endloop
   endfacet
   facet normal 0 -1 0
      outer loop
         vertex 0.00385 0.006435 -0.008799
         vertex 0.00435 0.006435 -0.008799
         vertex 0.00416576 0.006435 -0.0064
      endloop
   endfacet
   facet normal 0 -1 0
      outer loop
         vertex 0.00416576 0.006435 -0.0064
         vertex 0.0039825 0.006435 -0.0064
         vertex 0.00385 0.006435 -0.008799
      endloop
   endfacet
   facet normal 0 -1 0
      outer loop
         vertex 0.00435 0.006435 -0.008799
         vertex 0.00435 0.006435 -0.0064
         vertex 0.00416576 0.006435 -0.0064
      endloop
   endfacet
   facet normal 0 -1 0
      outer loop
         vertex 0.0039825 0.006435 -0.0064
         vertex 0.00385 0.006435 -0.0064
         vertex 0.00385 0.006435 -0.008799
      endloop
   endfacet
   facet normal 1 0 0
      outer loop
         vertex -0.00639 0.006435 -0.008799
         vertex -0.00639 0.006935 -0.008799
         vertex -0.00639 0.006935 -0.0064
      endloop
   endfacet
   facet normal 1 0 0
      outer loop
         vertex -0.00639 0.006935 -0.0064
         vertex -0.00639 0.006435 -0.0064
         vertex -0.00639 0.006435 -0.008799
      endloop
   endfacet
   facet normal 0 1 0
      outer loop
         vertex -0.00639 0.006935 -0.008799
         vertex -0.00689 0.006935 -0.008799
         vertex -0.00689 0.006935 -0.0064
      endloop
   endfacet
   facet normal 0 1 0
      outer loop
         vertex -0.00689 0.006935 -0.0064
         vertex -0.00639 0.006935 -0.0064
         vertex -0.00639 0.006935 -0.008799
      endloop
   endfacet
   facet normal 0 0 -1
      outer loop
         vertex -0.00639 0.006935 -0.008799
         vertex -0.00639 0.006435 -0.008799
         vertex -0.00689 0.006435 -0.008799
      endloop
   endfacet
   facet normal 0 0 -1
      outer loop
         vertex -0.00689 0.006435 -0.008799
         vertex -0.00689 0.006935 -0.008799
         vertex -0.00639 0.006935 -0.008799
      endloop
   endfacet
   facet normal 0 -1 0
      outer loop
         vertex -0.00689 0.006435 -0.008799
         vertex -0.00639 0.006435 -0.008799
         vertex -0.00639 0.006435 -0.0064
      endloop
   endfacet
   facet normal 0 -1 0
      outer loop
         vertex -0.00639 0.006435 -0.0064
         vertex -0.00689 0.006435 -0.0064
         vertex -0.00689 0.006435 -0.008799
      endloop
   endfacet
   facet normal -1 0 0
      outer loop
         vertex -0.00689 0.006935 -0.008799
         vertex -0.00689 0.006435 -0.008799
         vertex -0.00689 0.006435 -0.0064
      endloop
   endfacet
   facet normal -1 0 0
      outer loop
         vertex -0.00689 0.006435 -0.0064
         vertex -0.00689 0.006935 -0.0064
         vertex -0.00689 0.006935 -0.008799
      endloop
   endfacet
   facet normal 1 0 0
      outer loop
         vertex -0.00385 0.006435 -0.008799
         vertex -0.00385 0.006935 -0.008799
         vertex -0.00385 0.006935 -0.0064
      endloop
   endfacet
   facet normal 1 0 0
      outer loop
         vertex -0.00385 0.006935 -0.0064
         vertex -0.00385 0.006435 -0.0064
         vertex -0.00385 0.006435 -0.008799
      endloop
   endfacet
   facet normal 0 1 0
      outer loop
         vertex -0.00435 0.006935 -0.008799
         vertex -0.00435 0.006935 -0.0064
         vertex -0.0039825 0.006935 -0.0064
      endloop
   endfacet
   facet normal 0 1 0
      outer loop
         vertex -0.0039825 0.006935 -0.0064
         vertex -0.00385 0.006935 -0.008799
         vertex -0.00435 0.006935 -0.008799
      endloop
   endfacet
   facet normal 0 1 0
      outer loop
         vertex -0.0039825 0.006935 -0.0064
         vertex -0.00385 0.006935 -0.0064
         vertex -0.00385 0.006935 -0.008799
      endloop
   endfacet
   facet normal 0 0 -1
      outer loop
         vertex -0.00385 0.006935 -0.008799
         vertex -0.00385 0.006435 -0.008799
         vertex -0.00435 0.006435 -0.008799
      endloop
   endfacet
   facet normal 0 0 -1
      outer loop
         vertex -0.00435 0.006435 -0.008799
         vertex -0.00435 0.006935 -0.008799
         vertex -0.00385 0.006935 -0.008799
      endloop
   endfacet
   facet normal 0 -1 0
      outer loop
         vertex -0.00435 0.006435 -0.008799
         vertex -0.00385 0.006435 -0.008799
         vertex -0.0039825 0.006435 -0.0064
      endloop
   endfacet
   facet normal 0 -1 0
      outer loop
         vertex -0.00385 0.006435 -0.008799
         vertex -0.00385 0.006435 -0.0064
         vertex -0.0039825 0.006435 -0.0064
      endloop
   endfacet
   facet normal 0 -1 0
      outer loop
         vertex -0.0039825 0.006435 -0.0064
         vertex -0.00435 0.006435 -0.0064
         vertex -0.00435 0.006435 -0.008799
      endloop
   endfacet
   facet normal -1 0 0
      outer loop
         vertex -0.00435 0.006935 -0.008799
         vertex -0.00435 0.006435 -0.008799
         vertex -0.00435 0.006435 -0.0064
      endloop
   endfacet
   facet normal -1 0 0
      outer loop
         vertex -0.00435 0.006435 -0.0064
         vertex -0.00435 0.006935 -0.0064
         vertex -0.00435 0.006935 -0.008799
      endloop
   endfacet
   facet normal -1 0 0
      outer loop
         vertex -0.000863471 0.019825 -0.008799
         vertex -0.000863471 0.019475 -0.008799
         vertex -0.000863471 0.019475 -0.0064
      endloop
   endfacet
   facet normal -1 0 0
      outer loop
         vertex -0.000863471 0.019475 -0.0064
         vertex -0.000863471 0.019825 -0.0064
         vertex -0.000863471 0.019825 -0.008799
      endloop
   endfacet
   facet normal 0 -1 0
      outer loop
         vertex -0.000863471 0.019475 -0.008799
         vertex -0.000403471 0.019475 -0.008799
         vertex -0.000403471 0.019475 -0.0064
      endloop
   endfacet
   facet normal 0 -1 0
      outer loop
         vertex -0.000403471 0.019475 -0.0064
         vertex -0.000863471 0.019475 -0.0064
         vertex -0.000863471 0.019475 -0.008799
      endloop
   endfacet
   facet normal 0 0 -1
      outer loop
         vertex -0.000863471 0.019475 -0.008799
         vertex -0.000863471 0.019825 -0.008799
         vertex -0.000403471 0.019825 -0.008799
      endloop
   endfacet
   facet normal 0 0 -1
      outer loop
         vertex -0.000403471 0.019825 -0.008799
         vertex -0.000403471 0.019475 -0.008799
         vertex -0.000863471 0.019475 -0.008799
      endloop
   endfacet
   facet normal 0 1 0
      outer loop
         vertex -0.000403471 0.019825 -0.008799
         vertex -0.000863471 0.019825 -0.008799
         vertex -0.000863471 0.019825 -0.0064
      endloop
   endfacet
   facet normal 0 1 0
      outer loop
         vertex -0.000863471 0.019825 -0.0064
         vertex -0.000403471 0.019825 -0.0064
         vertex -0.000403471 0.019825 -0.008799
      endloop
   endfacet
   facet normal 1 0 0
      outer loop
         vertex -0.000403471 0.019475 -0.008799
         vertex -0.000403471 0.019825 -0.008799
         vertex -0.000403471 0.019825 -0.0064
      endloop
   endfacet
   facet normal 1 0 0
      outer loop
         vertex -0.000403471 0.019825 -0.0064
         vertex -0.000403471 0.019475 -0.0064
         vertex -0.000403471 0.019475 -0.008799
      endloop
   endfacet
   facet normal 0 -1 0
      outer loop
         vertex -0.00421347 0.016935 -0.008799
         vertex -0.00421347 0.016935 -0.0064
         vertex -0.00451174 0.016935 -0.0064
      endloop
   endfacet
   facet normal 0 -1 0
      outer loop
         vertex -0.00451174 0.016935 -0.0064
         vertex -0.00467347 0.016935 -0.008799
         vertex -0.00421347 0.016935 -0.008799
      endloop
   endfacet
   facet normal 0 -1 0
      outer loop
         vertex -0.00451174 0.016935 -0.0064
         vertex -0.00467347 0.016935 -0.0064
         vertex -0.00467347 0.016935 -0.008799
      endloop
   endfacet
   facet normal 1 0 0
      outer loop
         vertex -0.00421347 0.016935 -0.008799
         vertex -0.00421347 0.017285 -0.008799
         vertex -0.00421347 0.017285 -0.0064
      endloop
   endfacet
   facet normal 1 0 0
      outer loop
         vertex -0.00421347 0.017285 -0.0064
         vertex -0.00421347 0.016935 -0.0064
         vertex -0.00421347 0.016935 -0.008799
      endloop
   endfacet
   facet normal 0 0 -1
      outer loop
         vertex -0.00421347 0.016935 -0.008799
         vertex -0.00467347 0.016935 -0.008799
         vertex -0.00467347 0.017285 -0.008799
      endloop
   endfacet
   facet normal 0 0 -1
      outer loop
         vertex -0.00467347 0.017285 -0.008799
         vertex -0.00421347 0.017285 -0.008799
         vertex -0.00421347 0.016935 -0.008799
      endloop
   endfacet
   facet normal -1 0 0
      outer loop
         vertex -0.00467347 0.017285 -0.008799
         vertex -0.00467347 0.016935 -0.008799
         vertex -0.00467347 0.016935 -0.0064
      endloop
   endfacet
   facet normal -1 0 0
      outer loop
         vertex -0.00467347 0.016935 -0.0064
         vertex -0.00467347 0.017285 -0.0064
         vertex -0.00467347 0.017285 -0.008799
      endloop
   endfacet
   facet normal 0 1 0
      outer loop
         vertex -0.00421347 0.017285 -0.008799
         vertex -0.00467347 0.017285 -0.008799
         vertex -0.00451174 0.017285 -0.0064
      endloop
   endfacet
   facet normal 0 1 0
      outer loop
         vertex -0.00467347 0.017285 -0.008799
         vertex -0.00467347 0.017285 -0.0064
         vertex -0.00451174 0.017285 -0.0064
      endloop
   endfacet
   facet normal 0 1 0
      outer loop
         vertex -0.00451174 0.017285 -0.0064
         vertex -0.00421347 0.017285 -0.0064
         vertex -0.00421347 0.017285 -0.008799
      endloop
   endfacet
   facet normal 0 -1 0
      outer loop
         vertex -0.00548347 0.019475 -0.008799
         vertex -0.00548347 0.019475 -0.0064
         vertex -0.0059175 0.019475 -0.0064
      endloop
   endfacet
   facet normal 0 -1 0
      outer loop
         vertex -0.0059175 0.019475 -0.0064
         vertex -0.00594347 0.019475 -0.008799
         vertex -0.00548347 0.019475 -0.008799
      endloop
   endfacet
   facet normal 0 -1 0
      outer loop
         vertex -0.0059175 0.019475 -0.0064
         vertex -0.00594347 0.019475 -0.0064
         vertex -0.00594347 0.019475 -0.008799
      endloop
   endfacet
   facet normal 1 0 0
      outer loop
         vertex -0.00548347 0.019475 -0.008799
         vertex -0.00548347 0.019825 -0.008799
         vertex -0.00548347 0.019825 -0.0064
      endloop
   endfacet
   facet normal 1 0 0
      outer loop
         vertex -0.00548347 0.019825 -0.0064
         vertex -0.00548347 0.019475 -0.0064
         vertex -0.00548347 0.019475 -0.008799
      endloop
   endfacet
   facet normal 0 0 -1
      outer loop
         vertex -0.00548347 0.019475 -0.008799
         vertex -0.00594347 0.019475 -0.008799
         vertex -0.00594347 0.019825 -0.008799
      endloop
   endfacet
   facet normal 0 0 -1
      outer loop
         vertex -0.00594347 0.019825 -0.008799
         vertex -0.00548347 0.019825 -0.008799
         vertex -0.00548347 0.019475 -0.008799
      endloop
   endfacet
   facet normal -1 0 0
      outer loop
         vertex -0.00594347 0.019825 -0.008799
         vertex -0.00594347 0.019475 -0.008799
         vertex -0.00594347 0.019475 -0.0064
      endloop
   endfacet
   facet normal -1 0 0
      outer loop
         vertex -0.00594347 0.019475 -0.0064
         vertex -0.00594347 0.019825 -0.0064
         vertex -0.00594347 0.019825 -0.008799
      endloop
   endfacet
   facet normal 0 1 0
      outer loop
         vertex -0.00548347 0.019825 -0.008799
         vertex -0.00594347 0.019825 -0.008799
         vertex -0.0059175 0.019825 -0.0064
      endloop
   endfacet
   facet normal 0 1 0
      outer loop
         vertex -0.00594347 0.019825 -0.008799
         vertex -0.00594347 0.019825 -0.0064
         vertex -0.0059175 0.019825 -0.0064
      endloop
   endfacet
   facet normal 0 1 0
      outer loop
         vertex -0.0059175 0.019825 -0.0064
         vertex -0.00548347 0.019825 -0.0064
         vertex -0.00548347 0.019825 -0.008799
      endloop
   endfacet
   facet normal 0 -1 0
      outer loop
         vertex -0.00294347 0.019475 -0.008799
         vertex -0.00294347 0.019475 -0.0064
         vertex -0.0033775 0.019475 -0.0064
      endloop
   endfacet
   facet normal 0 -1 0
      outer loop
         vertex -0.0033775 0.019475 -0.0064
         vertex -0.00340347 0.019475 -0.008799
         vertex -0.00294347 0.019475 -0.008799
      endloop
   endfacet
   facet normal 0 -1 0
      outer loop
         vertex -0.0033775 0.019475 -0.0064
         vertex -0.00340347 0.019475 -0.0064
         vertex -0.00340347 0.019475 -0.008799
      endloop
   endfacet
   facet normal 1 0 0
      outer loop
         vertex -0.00294347 0.019475 -0.008799
         vertex -0.00294347 0.019825 -0.008799
         vertex -0.00294347 0.019825 -0.0064
      endloop
   endfacet
   facet normal 1 0 0
      outer loop
         vertex -0.00294347 0.019825 -0.0064
         vertex -0.00294347 0.019475 -0.0064
         vertex -0.00294347 0.019475 -0.008799
      endloop
   endfacet
   facet normal 0 0 -1
      outer loop
         vertex -0.00294347 0.019475 -0.008799
         vertex -0.00340347 0.019475 -0.008799
         vertex -0.00340347 0.019825 -0.008799
      endloop
   endfacet
   facet normal 0 0 -1
      outer loop
         vertex -0.00340347 0.019825 -0.008799
         vertex -0.00294347 0.019825 -0.008799
         vertex -0.00294347 0.019475 -0.008799
      endloop
   endfacet
   facet normal -1 0 0
      outer loop
         vertex -0.00340347 0.019825 -0.008799
         vertex -0.00340347 0.019475 -0.008799
         vertex -0.00340347 0.019475 -0.0064
      endloop
   endfacet
   facet normal -1 0 0
      outer loop
         vertex -0.00340347 0.019475 -0.0064
         vertex -0.00340347 0.019825 -0.0064
         vertex -0.00340347 0.019825 -0.008799
      endloop
   endfacet
   facet normal 0 1 0
      outer loop
         vertex -0.00294347 0.019825 -0.008799
         vertex -0.00340347 0.019825 -0.008799
         vertex -0.0033775 0.019825 -0.0064
      endloop
   endfacet
   facet normal 0 1 0
      outer loop
         vertex -0.00340347 0.019825 -0.008799
         vertex -0.00340347 0.019825 -0.0064
         vertex -0.0033775 0.019825 -0.0064
      endloop
   endfacet
   facet normal 0 1 0
      outer loop
         vertex -0.0033775 0.019825 -0.0064
         vertex -0.00294347 0.019825 -0.0064
         vertex -0.00294347 0.019825 -0.008799
      endloop
   endfacet
   facet normal 0 -1 0
      outer loop
         vertex -0.00213347 0.016935 -0.008799
         vertex -0.00167347 0.016935 -0.008799
         vertex -0.00167347 0.016935 -0.0064
      endloop
   endfacet
   facet normal 0 -1 0
      outer loop
         vertex -0.00167347 0.016935 -0.0064
         vertex -0.00213347 0.016935 -0.0064
         vertex -0.00213347 0.016935 -0.008799
      endloop
   endfacet
   facet normal 1 0 0
      outer loop
         vertex -0.00167347 0.016935 -0.008799
         vertex -0.00167347 0.017285 -0.008799
         vertex -0.00167347 0.017285 -0.0064
      endloop
   endfacet
   facet normal 1 0 0
      outer loop
         vertex -0.00167347 0.017285 -0.0064
         vertex -0.00167347 0.016935 -0.0064
         vertex -0.00167347 0.016935 -0.008799
      endloop
   endfacet
   facet normal 0 0 -1
      outer loop
         vertex -0.00167347 0.016935 -0.008799
         vertex -0.00213347 0.016935 -0.008799
         vertex -0.00213347 0.017285 -0.008799
      endloop
   endfacet
   facet normal 0 0 -1
      outer loop
         vertex -0.00213347 0.017285 -0.008799
         vertex -0.00167347 0.017285 -0.008799
         vertex -0.00167347 0.016935 -0.008799
      endloop
   endfacet
   facet normal -1 0 0
      outer loop
         vertex -0.00213347 0.017285 -0.008799
         vertex -0.00213347 0.016935 -0.008799
         vertex -0.00213347 0.016935 -0.0064
      endloop
   endfacet
   facet normal -1 0 0
      outer loop
         vertex -0.00213347 0.016935 -0.0064
         vertex -0.00213347 0.017285 -0.0064
         vertex -0.00213347 0.017285 -0.008799
      endloop
   endfacet
   facet normal 0 1 0
      outer loop
         vertex -0.00167347 0.017285 -0.008799
         vertex -0.00213347 0.017285 -0.008799
         vertex -0.00213347 0.017285 -0.0064
      endloop
   endfacet
   facet normal 0 1 0
      outer loop
         vertex -0.00213347 0.017285 -0.0064
         vertex -0.00167347 0.017285 -0.0064
         vertex -0.00167347 0.017285 -0.008799
      endloop
   endfacet
   facet normal 1 0 0
      outer loop
         vertex -0.00554153 0.01435 -0.008799
         vertex -0.00554153 0.01481 -0.008799
         vertex -0.00554153 0.01481 -0.0064
      endloop
   endfacet
   facet normal 1 0 0
      outer loop
         vertex -0.00554153 0.01481 -0.0064
         vertex -0.00554153 0.01435 -0.0064
         vertex -0.00554153 0.01435 -0.008799
      endloop
   endfacet
   facet normal 0 1 0
      outer loop
         vertex -0.00554153 0.01481 -0.008799
         vertex -0.00589153 0.01481 -0.008799
         vertex -0.00589153 0.01481 -0.0064
      endloop
   endfacet
   facet normal 0 1 0
      outer loop
         vertex -0.00589153 0.01481 -0.0064
         vertex -0.00554153 0.01481 -0.0064
         vertex -0.00554153 0.01481 -0.008799
      endloop
   endfacet
   facet normal 0 0 -1
      outer loop
         vertex -0.00554153 0.01481 -0.008799
         vertex -0.00554153 0.01435 -0.008799
         vertex -0.00589153 0.01435 -0.008799
      endloop
   endfacet
   facet normal 0 0 -1
      outer loop
         vertex -0.00589153 0.01435 -0.008799
         vertex -0.00589153 0.01481 -0.008799
         vertex -0.00554153 0.01481 -0.008799
      endloop
   endfacet
   facet normal 0 -1 0
      outer loop
         vertex -0.00589153 0.01435 -0.008799
         vertex -0.00554153 0.01435 -0.008799
         vertex -0.00554153 0.01435 -0.0064
      endloop
   endfacet
   facet normal 0 -1 0
      outer loop
         vertex -0.00554153 0.01435 -0.0064
         vertex -0.00589153 0.01435 -0.0064
         vertex -0.00589153 0.01435 -0.008799
      endloop
   endfacet
   facet normal -1 0 0
      outer loop
         vertex -0.00589153 0.01481 -0.008799
         vertex -0.00589153 0.01435 -0.008799
         vertex -0.00589153 0.01435 -0.0064
      endloop
   endfacet
   facet normal -1 0 0
      outer loop
         vertex -0.00589153 0.01435 -0.0064
         vertex -0.00589153 0.01481 -0.0064
         vertex -0.00589153 0.01481 -0.008799
      endloop
   endfacet
   facet normal 1 0 0
      outer loop
         vertex -0.00300153 0.01308 -0.008799
         vertex -0.00300153 0.01354 -0.008799
         vertex -0.00300153 0.01354 -0.0064
      endloop
   endfacet
   facet normal 1 0 0
      outer loop
         vertex -0.00300153 0.01354 -0.0064
         vertex -0.00300153 0.01308 -0.0064
         vertex -0.00300153 0.01308 -0.008799
      endloop
   endfacet
   facet normal 0 1 0
      outer loop
         vertex -0.00300153 0.01354 -0.008799
         vertex -0.00335153 0.01354 -0.008799
         vertex -0.00335153 0.01354 -0.0064
      endloop
   endfacet
   facet normal 0 1 0
      outer loop
         vertex -0.00335153 0.01354 -0.0064
         vertex -0.00300153 0.01354 -0.0064
         vertex -0.00300153 0.01354 -0.008799
      endloop
   endfacet
   facet normal 0 0 -1
      outer loop
         vertex -0.00300153 0.01354 -0.008799
         vertex -0.00300153 0.01308 -0.008799
         vertex -0.00335153 0.01308 -0.008799
      endloop
   endfacet
   facet normal 0 0 -1
      outer loop
         vertex -0.00335153 0.01308 -0.008799
         vertex -0.00335153 0.01354 -0.008799
         vertex -0.00300153 0.01354 -0.008799
      endloop
   endfacet
   facet normal 0 -1 0
      outer loop
         vertex -0.00335153 0.01308 -0.008799
         vertex -0.00300153 0.01308 -0.008799
         vertex -0.00300153 0.01308 -0.0064
      endloop
   endfacet
   facet normal 0 -1 0
      outer loop
         vertex -0.00300153 0.01308 -0.0064
         vertex -0.00335153 0.01308 -0.0064
         vertex -0.00335153 0.01308 -0.008799
      endloop
   endfacet
   facet normal -1 0 0
      outer loop
         vertex -0.00335153 0.01354 -0.008799
         vertex -0.00335153 0.01308 -0.008799
         vertex -0.00335153 0.01308 -0.0064
      endloop
   endfacet
   facet normal -1 0 0
      outer loop
         vertex -0.00335153 0.01308 -0.0064
         vertex -0.00335153 0.01354 -0.0064
         vertex -0.00335153 0.01354 -0.008799
      endloop
   endfacet
   facet normal -1 0 0
      outer loop
         vertex -0.00614 0.00985144 -0.006475
         vertex -0.00614 0.00535 -0.006475
         vertex -0.00614 0.0058925 -0.0064
      endloop
   endfacet
   facet normal -1 0 0
      outer loop
         vertex -0.00614 0.00535 -0.006475
         vertex -0.00614 0.00535 -0.0064
         vertex -0.00614 0.0058925 -0.0064
      endloop
   endfacet
   facet normal -1 0 0
      outer loop
         vertex -0.00614 0.0058925 -0.0064
         vertex -0.00614 0.00985144 -0.0064
         vertex -0.00614 0.00985144 -0.006475
      endloop
   endfacet
   facet normal 0 -1 0
      outer loop
         vertex -0.0059175 0.00535 -0.0064
         vertex -0.00541448 0.00535 -0.00677552
         vertex -0.00532235 0.00535 -0.00663764
      endloop
   endfacet
   facet normal 0 -1 0
      outer loop
         vertex -0.0059175 0.00535 -0.0064
         vertex -0.00555236 0.00535 -0.00686765
         vertex -0.00541448 0.00535 -0.00677552
      endloop
   endfacet
   facet normal 0 -1 0
      outer loop
         vertex -0.0059175 0.00535 -0.0064
         vertex -0.00614 0.00535 -0.006475
         vertex -0.00610765 0.00535 -0.00663764
      endloop
   endfacet
   facet normal 0 -1 0
      outer loop
         vertex -0.0059175 0.00535 -0.0064
         vertex -0.005715 0.00535 -0.0069
         vertex -0.00555236 0.00535 -0.00686765
      endloop
   endfacet
   facet normal 0 -1 0
      outer loop
         vertex -0.00610765 0.00535 -0.00663764
         vertex -0.00601552 0.00535 -0.00677552
         vertex -0.0059175 0.00535 -0.0064
      endloop
   endfacet
   facet normal 0 -1 0
      outer loop
         vertex -0.0059175 0.00535 -0.0064
         vertex -0.00587764 0.00535 -0.00686765
         vertex -0.005715 0.00535 -0.0069
      endloop
   endfacet
   facet normal 0 -1 0
      outer loop
         vertex -0.0059175 0.00535 -0.0064
         vertex -0.00614 0.00535 -0.0064
         vertex -0.00614 0.00535 -0.006475
      endloop
   endfacet
   facet normal 0 -1 0
      outer loop
         vertex -0.00532235 0.00535 -0.00663764
         vertex -0.00529 0.00535 -0.006475
         vertex -0.0059175 0.00535 -0.0064
      endloop
   endfacet
   facet normal 0 -1 0
      outer loop
         vertex -0.00529 0.00535 -0.006475
         vertex -0.00529 0.00535 -0.0064
         vertex -0.0059175 0.00535 -0.0064
      endloop
   endfacet
   facet normal 0 -1 0
      outer loop
         vertex -0.00601552 0.00535 -0.00677552
         vertex -0.00587764 0.00535 -0.00686765
         vertex -0.0059175 0.00535 -0.0064
      endloop
   endfacet
   facet normal 1 0 0
      outer loop
         vertex -0.00529 0.00985144 -0.006475
         vertex -0.00529 0.00985144 -0.0064
         vertex -0.00529 0.0058925 -0.0064
      endloop
   endfacet
   facet normal 1 0 0
      outer loop
         vertex -0.00529 0.0058925 -0.0064
         vertex -0.00529 0.00535 -0.006475
         vertex -0.00529 0.00985144 -0.006475
      endloop
   endfacet
   facet normal 1 0 0
      outer loop
         vertex -0.00529 0.0058925 -0.0064
         vertex -0.00529 0.00535 -0.0064
         vertex -0.00529 0.00535 -0.006475
      endloop
   endfacet
   facet normal 1 0 0
      outer loop
         vertex -0.00529 0.0116486 -0.006475
         vertex -0.00529 0.0143 -0.006475
         vertex -0.00529 0.01392 -0.0064
      endloop
   endfacet
   facet normal 1 0 0
      outer loop
         vertex -0.00529 0.0143 -0.006475
         vertex -0.00529 0.0143 -0.0064
         vertex -0.00529 0.01392 -0.0064
      endloop
   endfacet
   facet normal 1 0 0
      outer loop
         vertex -0.00529 0.01392 -0.0064
         vertex -0.00529 0.0116486 -0.0064
         vertex -0.00529 0.0116486 -0.006475
      endloop
   endfacet
   facet normal 0 1 0
      outer loop
         vertex -0.0059175 0.0143 -0.0064
         vertex -0.00529 0.0143 -0.006475
         vertex -0.00532235 0.0143 -0.00663764
      endloop
   endfacet
   facet normal 0 1 0
      outer loop
         vertex -0.00532235 0.0143 -0.00663764
         vertex -0.00541448 0.0143 -0.00677552
         vertex -0.0059175 0.0143 -0.0064
      endloop
   endfacet
   facet normal 0 1 0
      outer loop
         vertex -0.00541448 0.0143 -0.00677552
         vertex -0.00555236 0.0143 -0.00686765
         vertex -0.0059175 0.0143 -0.0064
      endloop
   endfacet
   facet normal 0 1 0
      outer loop
         vertex -0.0059175 0.0143 -0.0064
         vertex -0.00601552 0.0143 -0.00677552
         vertex -0.00610765 0.0143 -0.00663764
      endloop
   endfacet
   facet normal 0 1 0
      outer loop
         vertex -0.00555236 0.0143 -0.00686765
         vertex -0.005715 0.0143 -0.0069
         vertex -0.0059175 0.0143 -0.0064
      endloop
   endfacet
   facet normal 0 1 0
      outer loop
         vertex -0.0059175 0.0143 -0.0064
         vertex -0.00587764 0.0143 -0.00686765
         vertex -0.00601552 0.0143 -0.00677552
      endloop
   endfacet
   facet normal 0 1 0
      outer loop
         vertex -0.0059175 0.0143 -0.0064
         vertex -0.00529 0.0143 -0.0064
         vertex -0.00529 0.0143 -0.006475
      endloop
   endfacet
   facet normal 0 1 0
      outer loop
         vertex -0.00610765 0.0143 -0.00663764
         vertex -0.00614 0.0143 -0.006475
         vertex -0.0059175 0.0143 -0.0064
      endloop
   endfacet
   facet normal 0 1 0
      outer loop
         vertex -0.00614 0.0143 -0.006475
         vertex -0.00614 0.0143 -0.0064
         vertex -0.0059175 0.0143 -0.0064
      endloop
   endfacet
   facet normal 0 1 0
      outer loop
         vertex -0.005715 0.0143 -0.0069
         vertex -0.00587764 0.0143 -0.00686765
         vertex -0.0059175 0.0143 -0.0064
      endloop
   endfacet
   facet normal -1 0 0
      outer loop
         vertex -0.00614 0.0116486 -0.006475
         vertex -0.00614 0.0116486 -0.0064
         vertex -0.00614 0.01392 -0.0064
      endloop
   endfacet
   facet normal -1 0 0
      outer loop
         vertex -0.00614 0.01392 -0.0064
         vertex -0.00614 0.0143 -0.006475
         vertex -0.00614 0.0116486 -0.006475
      endloop
   endfacet
   facet normal -1 0 0
      outer loop
         vertex -0.00614 0.01392 -0.0064
         vertex -0.00614 0.0143 -0.0064
         vertex -0.00614 0.0143 -0.006475
      endloop
   endfacet
   facet normal 1 0 0
      outer loop
         vertex 0.00614 0.0116486 -0.006475
         vertex 0.00614 0.0143 -0.006475
         vertex 0.00614 0.01392 -0.0064
      endloop
   endfacet
   facet normal 1 0 0
      outer loop
         vertex 0.00614 0.0143 -0.006475
         vertex 0.00614 0.0143 -0.0064
         vertex 0.00614 0.01392 -0.0064
      endloop
   endfacet
   facet normal 1 0 0
      outer loop
         vertex 0.00614 0.01392 -0.0064
         vertex 0.00614 0.0116486 -0.0064
         vertex 0.00614 0.0116486 -0.006475
      endloop
   endfacet
   facet normal 0 1 0
      outer loop
         vertex 0.00551418 0.0143 -0.0064
         vertex 0.00610765 0.0143 -0.00663764
         vertex 0.00601552 0.0143 -0.00677552
      endloop
   endfacet
   facet normal 0 1 0
      outer loop
         vertex 0.00601552 0.0143 -0.00677552
         vertex 0.00587764 0.0143 -0.00686765
         vertex 0.00551418 0.0143 -0.0064
      endloop
   endfacet
   facet normal 0 1 0
      outer loop
         vertex 0.00551418 0.0143 -0.0064
         vertex 0.00614 0.0143 -0.006475
         vertex 0.00610765 0.0143 -0.00663764
      endloop
   endfacet
   facet normal 0 1 0
      outer loop
         vertex 0.00551418 0.0143 -0.0064
         vertex 0.00541448 0.0143 -0.00677552
         vertex 0.00532235 0.0143 -0.00663764
      endloop
   endfacet
   facet normal 0 1 0
      outer loop
         vertex 0.00587764 0.0143 -0.00686765
         vertex 0.005715 0.0143 -0.0069
         vertex 0.00551418 0.0143 -0.0064
      endloop
   endfacet
   facet normal 0 1 0
      outer loop
         vertex 0.00551418 0.0143 -0.0064
         vertex 0.00555236 0.0143 -0.00686765
         vertex 0.00541448 0.0143 -0.00677552
      endloop
   endfacet
   facet normal 0 1 0
      outer loop
         vertex 0.00551418 0.0143 -0.0064
         vertex 0.00614 0.0143 -0.0064
         vertex 0.00614 0.0143 -0.006475
      endloop
   endfacet
   facet normal 0 1 0
      outer loop
         vertex 0.00532235 0.0143 -0.00663764
         vertex 0.00529 0.0143 -0.006475
         vertex 0.00551418 0.0143 -0.0064
      endloop
   endfacet
   facet normal 0 1 0
      outer loop
         vertex 0.00529 0.0143 -0.006475
         vertex 0.00529 0.0143 -0.0064
         vertex 0.00551418 0.0143 -0.0064
      endloop
   endfacet
   facet normal 0 1 0
      outer loop
         vertex 0.005715 0.0143 -0.0069
         vertex 0.00555236 0.0143 -0.00686765
         vertex 0.00551418 0.0143 -0.0064
      endloop
   endfacet
   facet normal -1 0 0
      outer loop
         vertex 0.00529 0.0116486 -0.006475
         vertex 0.00529 0.0116486 -0.0064
         vertex 0.00529 0.01392 -0.0064
      endloop
   endfacet
   facet normal -1 0 0
      outer loop
         vertex 0.00529 0.01392 -0.0064
         vertex 0.00529 0.0143 -0.006475
         vertex 0.00529 0.0116486 -0.006475
      endloop
   endfacet
   facet normal -1 0 0
      outer loop
         vertex 0.00529 0.01392 -0.0064
         vertex 0.00529 0.0143 -0.0064
         vertex 0.00529 0.0143 -0.006475
      endloop
   endfacet
   facet normal -1 0 0
      outer loop
         vertex 0.00529 0.00985144 -0.006475
         vertex 0.00529 0.00535 -0.006475
         vertex 0.00529 0.0058925 -0.0064
      endloop
   endfacet
   facet normal -1 0 0
      outer loop
         vertex 0.00529 0.00535 -0.006475
         vertex 0.00529 0.00535 -0.0064
         vertex 0.00529 0.0058925 -0.0064
      endloop
   endfacet
   facet normal -1 0 0
      outer loop
         vertex 0.00529 0.0058925 -0.0064
         vertex 0.00529 0.00985144 -0.0064
         vertex 0.00529 0.00985144 -0.006475
      endloop
   endfacet
   facet normal 0 -1 0
      outer loop
         vertex 0.00551418 0.00535 -0.0064
         vertex 0.00587764 0.00535 -0.00686765
         vertex 0.00601552 0.00535 -0.00677552
      endloop
   endfacet
   facet normal 0 -1 0
      outer loop
         vertex 0.00601552 0.00535 -0.00677552
         vertex 0.00610765 0.00535 -0.00663764
         vertex 0.00551418 0.00535 -0.0064
      endloop
   endfacet
   facet normal 0 -1 0
      outer loop
         vertex 0.00551418 0.00535 -0.0064
         vertex 0.00529 0.00535 -0.006475
         vertex 0.00532235 0.00535 -0.00663764
      endloop
   endfacet
   facet normal 0 -1 0
      outer loop
         vertex 0.00551418 0.00535 -0.0064
         vertex 0.005715 0.00535 -0.0069
         vertex 0.00587764 0.00535 -0.00686765
      endloop
   endfacet
   facet normal 0 -1 0
      outer loop
         vertex 0.00532235 0.00535 -0.00663764
         vertex 0.00541448 0.00535 -0.00677552
         vertex 0.00551418 0.00535 -0.0064
      endloop
   endfacet
   facet normal 0 -1 0
      outer loop
         vertex 0.00551418 0.00535 -0.0064
         vertex 0.00555236 0.00535 -0.00686765
         vertex 0.005715 0.00535 -0.0069
      endloop
   endfacet
   facet normal 0 -1 0
      outer loop
         vertex 0.00551418 0.00535 -0.0064
         vertex 0.00529 0.00535 -0.0064
         vertex 0.00529 0.00535 -0.006475
      endloop
   endfacet
   facet normal 0 -1 0
      outer loop
         vertex 0.00610765 0.00535 -0.00663764
         vertex 0.00614 0.00535 -0.006475
         vertex 0.00551418 0.00535 -0.0064
      endloop
   endfacet
   facet normal 0 -1 0
      outer loop
         vertex 0.00614 0.00535 -0.006475
         vertex 0.00614 0.00535 -0.0064
         vertex 0.00551418 0.00535 -0.0064
      endloop
   endfacet
   facet normal 0 -1 0
      outer loop
         vertex 0.00541448 0.00535 -0.00677552
         vertex 0.00555236 0.00535 -0.00686765
         vertex 0.00551418 0.00535 -0.0064
      endloop
   endfacet
   facet normal 1 0 0
      outer loop
         vertex 0.00614 0.00985144 -0.006475
         vertex 0.00614 0.00985144 -0.0064
         vertex 0.00614 0.0058925 -0.0064
      endloop
   endfacet
   facet normal 1 0 0
      outer loop
         vertex 0.00614 0.0058925 -0.0064
         vertex 0.00614 0.00535 -0.006475
         vertex 0.00614 0.00985144 -0.006475
      endloop
   endfacet
   facet normal 1 0 0
      outer loop
         vertex 0.00614 0.0058925 -0.0064
         vertex 0.00614 0.00535 -0.0064
         vertex 0.00614 0.00535 -0.006475
      endloop
   endfacet
   facet normal 0.555649 0.831417 0
      outer loop
         vertex 0.00654266 0.0112192 -0.0064
         vertex 0.00696217 0.0110358 -0.0064
         vertex 0.00696217 0.0110358 -0.01045
      endloop
   endfacet
   facet normal 0.809431 0.587215 0
      outer loop
         vertex 0.00621274 0.0115366 -0.0064
         vertex 0.00654266 0.0112192 -0.0064
         vertex 0.00654266 0.0112192 -0.01045
      endloop
   endfacet
   facet normal 0.962811 0.270176 0
      outer loop
         vertex 0.00601335 0.0119488 -0.00677768
         vertex 0.00601335 0.0119488 -0.01045
         vertex 0.005965 0.0123 -0.00987857
      endloop
   endfacet
   facet normal 0.962811 0.270176 0
      outer loop
         vertex 0.00601335 0.0119488 -0.01045
         vertex 0.00597102 0.012175 -0.01045
         vertex 0.005965 0.0123 -0.00987857
      endloop
   endfacet
   facet normal 0.865385 0.501108 0
      outer loop
         vertex 0.00614 0.0116486 -0.006475
         vertex 0.00614 0.0116486 -0.0064
         vertex 0.00616842 0.0116048 -0.0064
      endloop
   endfacet
   facet normal 0.809431 0.587215 0
      outer loop
         vertex 0.00621274 0.0115366 -0.0064
         vertex 0.00613765 0.0116526 -0.00651968
         vertex 0.00614 0.0116486 -0.006475
      endloop
   endfacet
   facet normal 0.809431 0.587215 0
      outer loop
         vertex 0.00621274 0.0115366 -0.0064
         vertex 0.00621274 0.0115366 -0.01045
         vertex 0.00613087 0.0116646 -0.00656261
      endloop
   endfacet
   facet normal 0.872407 0.488781 0
      outer loop
         vertex 0.00613087 0.0116646 -0.00656261
         vertex 0.00613765 0.0116526 -0.00651968
         vertex 0.00621274 0.0115366 -0.0064
      endloop
   endfacet
   facet normal 0.809431 0.587215 0
      outer loop
         vertex 0.00621274 0.0115366 -0.01045
         vertex 0.00610765 0.0117079 -0.00663764
         vertex 0.00613087 0.0116646 -0.00656261
      endloop
   endfacet
   facet normal 0.809431 0.587215 0
      outer loop
         vertex 0.00621274 0.0115366 -0.01045
         vertex 0.00601335 0.0119488 -0.01045
         vertex 0.00601335 0.0119488 -0.00677768
      endloop
   endfacet
   facet normal 0.962811 0.270176 0
      outer loop
         vertex 0.00601335 0.0119488 -0.00677768
         vertex 0.00601534 0.0119429 -0.00677536
         vertex 0.00621274 0.0115366 -0.01045
      endloop
   endfacet
   facet normal 0.961519 0.274739 0
      outer loop
         vertex 0.00601534 0.0119429 -0.00677536
         vertex 0.00605952 0.0118134 -0.00672386
         vertex 0.00621274 0.0115366 -0.01045
      endloop
   endfacet
   facet normal 0.927293 0.374336 0
      outer loop
         vertex 0.00605952 0.0118134 -0.00672386
         vertex 0.00610765 0.0117079 -0.00663764
         vertex 0.00621274 0.0115366 -0.01045
      endloop
   endfacet
   facet normal 0.232945 0.97249 0
      outer loop
         vertex 0.00696217 0.0110358 -0.0064
         vertex 0.007265 0.011 -0.00675
         vertex 0.007265 0.011 -0.00987857
      endloop
   endfacet
   facet normal 0 1 0
      outer loop
         vertex 0.007265 0.011 -0.00987857
         vertex 0.00696217 0.0110358 -0.01045
         vertex 0.00696217 0.0110358 -0.0064
      endloop
   endfacet
   facet normal -0.0384438 0.999261 0
      outer loop
         vertex 0.007315 0.0110005 -0.00675
         vertex 0.007265 0.011 -0.00675
         vertex 0.007265 0.011 -0.00655
      endloop
   endfacet
   facet normal 0.232945 0.97249 0
      outer loop
         vertex 0.00696217 0.0110358 -0.0064
         vertex 0.007265 0.011 -0.0064
         vertex 0.007265 0.011 -0.00655
      endloop
   endfacet
   facet normal 0 1 0
      outer loop
         vertex 0.007265 0.011 -0.00655
         vertex 0.007265 0.011 -0.00675
         vertex 0.00696217 0.0110358 -0.0064
      endloop
   endfacet
   facet normal 0 1 0
      outer loop
         vertex 0.007265 0.011 -0.00655
         vertex 0.007315 0.0110005 -0.00655
         vertex 0.007315 0.0110005 -0.00675
      endloop
   endfacet
   facet normal 0 1 0
      outer loop
         vertex 0.007265 0.011 -0.00987857
         vertex 0.00714 0.011006 -0.01045
         vertex 0.00696217 0.0110358 -0.01045
      endloop
   endfacet
   facet normal 0.844584 0.535424 0
      outer loop
         vertex 0.00616842 0.0116048 -0.0064
         vertex 0.00621274 0.0115366 -0.0064
         vertex 0.00614 0.0116486 -0.006475
      endloop
   endfacet
   facet normal 1 0 0
      outer loop
         vertex 0.005965 0.0123 -0.00987857
         vertex 0.005965 0.0123 -0.00681869
         vertex 0.00601335 0.0119488 -0.00677768
      endloop
   endfacet
   facet normal 0.555649 0.831417 0
      outer loop
         vertex 0.00654266 0.0112192 -0.01045
         vertex 0.00621274 0.0115366 -0.01045
         vertex 0.00621274 0.0115366 -0.0064
      endloop
   endfacet
   facet normal 0.232945 0.97249 0
      outer loop
         vertex 0.00696217 0.0110358 -0.01045
         vertex 0.00654266 0.0112192 -0.01045
         vertex 0.00654266 0.0112192 -0.0064
      endloop
   endfacet
   facet normal -0.382683 0.92388 0
      outer loop
         vertex 0.00466249 0.011099 -0.01045
         vertex 0.00466249 0.011099 -0.0064
         vertex 0.00508168 0.0113791 -0.0064
      endloop
   endfacet
   facet normal -0.705465 0.708744 0
      outer loop
         vertex 0.00508168 0.0113791 -0.0064
         vertex 0.00508424 0.0113808 -0.01045
         vertex 0.00466249 0.011099 -0.01045
      endloop
   endfacet
   facet normal -0.707107 0.707107 0
      outer loop
         vertex 0.00508424 0.0113808 -0.01045
         vertex 0.00532235 0.0117079 -0.00663764
         vertex 0.00536604 0.0118025 -0.0067176
      endloop
   endfacet
   facet normal -0.707107 0.707107 0
      outer loop
         vertex 0.00508424 0.0113808 -0.01045
         vertex 0.00508424 0.0113808 -0.0064
         vertex 0.00529915 0.0116646 -0.00656272
      endloop
   endfacet
   facet normal -0.707107 0.707107 0
      outer loop
         vertex 0.00508424 0.0113808 -0.0064
         vertex 0.00529 0.0116486 -0.0064
         vertex 0.00529 0.0116486 -0.006475
      endloop
   endfacet
   facet normal -0.865385 0.501108 0
      outer loop
         vertex 0.00529 0.0116486 -0.006475
         vertex 0.00529239 0.0116527 -0.00652003
         vertex 0.00508424 0.0113808 -0.0064
      endloop
   endfacet
   facet normal -0.867225 0.497917 0
      outer loop
         vertex 0.00529239 0.0116527 -0.00652003
         vertex 0.00529915 0.0116646 -0.00656272
         vertex 0.00508424 0.0113808 -0.0064
      endloop
   endfacet
   facet normal -0.872423 0.488751 0
      outer loop
         vertex 0.00529915 0.0116646 -0.00656272
         vertex 0.00532235 0.0117079 -0.00663764
         vertex 0.00508424 0.0113808 -0.01045
      endloop
   endfacet
   facet normal -0.961138 0.276068 0
      outer loop
         vertex 0.00541448 0.0119411 -0.00677552
         vertex 0.005465 0.0123 -0.00681869
         vertex 0.005465 0.0123 -0.00987857
      endloop
   endfacet
   facet normal -1 0 0
      outer loop
         vertex 0.005465 0.0123 -0.00987857
         vertex 0.00536604 0.0118025 -0.01045
         vertex 0.00541448 0.0119411 -0.00677552
      endloop
   endfacet
   facet normal -0.92388 0.382683 0
      outer loop
         vertex 0.00536604 0.0118025 -0.01045
         vertex 0.00536604 0.0118025 -0.0067176
         vertex 0.00541448 0.0119411 -0.00677552
      endloop
   endfacet
   facet normal -0.000588024 1 0
      outer loop
         vertex 0.00416576 0.0110002 -0.0064
         vertex 0.00466249 0.011099 -0.01045
         vertex 0.004165 0.011 -0.00987857
      endloop
   endfacet
   facet normal -0.382683 0.92388 0
      outer loop
         vertex 0.00466249 0.011099 -0.01045
         vertex 0.00429 0.011006 -0.01045
         vertex 0.004165 0.011 -0.00987857
      endloop
   endfacet
   facet normal 0 1 0
      outer loop
         vertex 0.004165 0.011 -0.00987857
         vertex 0.004165 0.011 -0.0064
         vertex 0.00416576 0.0110002 -0.0064
      endloop
   endfacet
   facet normal -0.000588024 1 0
      outer loop
         vertex 0.00416576 0.0110002 -0.0064
         vertex 0.00466249 0.011099 -0.0064
         vertex 0.00466249 0.011099 -0.01045
      endloop
   endfacet
   facet normal -1 0 0
      outer loop
         vertex 0.005465 0.0123 -0.00987857
         vertex 0.00545898 0.012175 -0.01045
         vertex 0.00536604 0.0118025 -0.01045
      endloop
   endfacet
   facet normal -0.92388 0.382683 0
      outer loop
         vertex 0.00536604 0.0118025 -0.0067176
         vertex 0.00536604 0.0118025 -0.01045
         vertex 0.00508424 0.0113808 -0.01045
      endloop
   endfacet
   facet normal -0.705465 0.708744 0
      outer loop
         vertex 0.00508168 0.0113791 -0.0064
         vertex 0.00508424 0.0113808 -0.0064
         vertex 0.00508424 0.0113808 -0.01045
      endloop
   endfacet
   facet normal 0 0 -1
      outer loop
         vertex 0.00696217 0.0110358 -0.01045
         vertex 0.00714 0.011006 -0.01045
         vertex 0.00714 0.010494 -0.01045
      endloop
   endfacet
   facet normal 0 0 -1
      outer loop
         vertex 0.00601335 0.0119488 -0.01045
         vertex 0.00536604 0.0118025 -0.01045
         vertex 0.00545898 0.012175 -0.01045
      endloop
   endfacet
   facet normal 0 0 -1
      outer loop
         vertex 0.00466249 0.011099 -0.01045
         vertex 0.00466249 0.010401 -0.01045
         vertex 0.00429 0.010494 -0.01045
      endloop
   endfacet
   facet normal 0 0 -1
      outer loop
         vertex 0.00606396 0.00969749 -0.01045
         vertex 0.00597102 0.009325 -0.01045
         vertex 0.00545898 0.009325 -0.01045
      endloop
   endfacet
   facet normal 0 0 -1
      outer loop
         vertex 0.00676751 0.010401 -0.01045
         vertex 0.00654266 0.0112192 -0.01045
         vertex 0.00696217 0.0110358 -0.01045
      endloop
   endfacet
   facet normal 0 0 -1
      outer loop
         vertex 0.00545898 0.012175 -0.01045
         vertex 0.00597102 0.012175 -0.01045
         vertex 0.00601335 0.0119488 -0.01045
      endloop
   endfacet
   facet normal 0 0 -1
      outer loop
         vertex 0.00621274 0.0115366 -0.01045
         vertex 0.00508424 0.0101192 -0.01045
         vertex 0.00508424 0.0113808 -0.01045
      endloop
   endfacet
   facet normal 0 0 -1
      outer loop
         vertex 0.00466249 0.011099 -0.01045
         vertex 0.00508424 0.0101192 -0.01045
         vertex 0.00466249 0.010401 -0.01045
      endloop
   endfacet
   facet normal 0 0 -1
      outer loop
         vertex 0.00545898 0.009325 -0.01045
         vertex 0.00536604 0.00969749 -0.01045
         vertex 0.00606396 0.00969749 -0.01045
      endloop
   endfacet
   facet normal 0 0 -1
      outer loop
         vertex 0.00508424 0.0101192 -0.01045
         vertex 0.00621274 0.0115366 -0.01045
         vertex 0.00634576 0.0101192 -0.01045
      endloop
   endfacet
   facet normal 0 0 -1
      outer loop
         vertex 0.00714 0.010494 -0.01045
         vertex 0.00676751 0.010401 -0.01045
         vertex 0.00696217 0.0110358 -0.01045
      endloop
   endfacet
   facet normal 0 0 -1
      outer loop
         vertex 0.00508424 0.0113808 -0.01045
         vertex 0.00536604 0.0118025 -0.01045
         vertex 0.00621274 0.0115366 -0.01045
      endloop
   endfacet
   facet normal 0 0 -1
      outer loop
         vertex 0.00429 0.010494 -0.01045
         vertex 0.00429 0.011006 -0.01045
         vertex 0.00466249 0.011099 -0.01045
      endloop
   endfacet
   facet normal 0 0 -1
      outer loop
         vertex 0.00634576 0.0101192 -0.01045
         vertex 0.00606396 0.00969749 -0.01045
         vertex 0.00508424 0.0101192 -0.01045
      endloop
   endfacet
   facet normal 0 0 -1
      outer loop
         vertex 0.00634576 0.0101192 -0.01045
         vertex 0.00621274 0.0115366 -0.01045
         vertex 0.00654266 0.0112192 -0.01045
      endloop
   endfacet
   facet normal 0 0 -1
      outer loop
         vertex 0.00466249 0.011099 -0.01045
         vertex 0.00508424 0.0113808 -0.01045
         vertex 0.00508424 0.0101192 -0.01045
      endloop
   endfacet
   facet normal 0 0 -1
      outer loop
         vertex 0.00676751 0.010401 -0.01045
         vertex 0.00634576 0.0101192 -0.01045
         vertex 0.00654266 0.0112192 -0.01045
      endloop
   endfacet
   facet normal 0 0 -1
      outer loop
         vertex 0.00536604 0.00969749 -0.01045
         vertex 0.00508424 0.0101192 -0.01045
         vertex 0.00606396 0.00969749 -0.01045
      endloop
   endfacet
   facet normal 0 0 -1
      outer loop
         vertex 0.00601335 0.0119488 -0.01045
         vertex 0.00621274 0.0115366 -0.01045
         vertex 0.00536604 0.0118025 -0.01045
      endloop
   endfacet
   facet normal -0.707107 -0.707107 0
      outer loop
         vertex 0.00508424 0.0101192 -0.01045
         vertex 0.00508424 0.0101192 -0.0064
         vertex 0.00508168 0.0101209 -0.0064
      endloop
   endfacet
   facet normal -0.705465 -0.708744 0
      outer loop
         vertex 0.00508168 0.0101209 -0.0064
         vertex 0.00466249 0.010401 -0.01045
         vertex 0.00508424 0.0101192 -0.01045
      endloop
   endfacet
   facet normal -0.865385 -0.501108 0
      outer loop
         vertex 0.00529 0.00985144 -0.006475
         vertex 0.00529 0.00985144 -0.0064
         vertex 0.00517009 0.0100075 -0.0064
      endloop
   endfacet
   facet normal -0.707107 -0.707107 0
      outer loop
         vertex 0.00508424 0.0101192 -0.0064
         vertex 0.00529235 0.00984736 -0.00651968
         vertex 0.00529 0.00985144 -0.006475
      endloop
   endfacet
   facet normal -0.707107 -0.707107 0
      outer loop
         vertex 0.00508424 0.0101192 -0.0064
         vertex 0.00529913 0.00983542 -0.00656261
         vertex 0.00529235 0.00984736 -0.00651968
      endloop
   endfacet
   facet normal -0.707107 -0.707107 0
      outer loop
         vertex 0.00508424 0.0101192 -0.01045
         vertex 0.00532235 0.00979206 -0.00663764
         vertex 0.00529913 0.00983542 -0.00656261
      endloop
   endfacet
   facet normal -0.872407 -0.488781 0
      outer loop
         vertex 0.00529913 0.00983542 -0.00656261
         vertex 0.00508424 0.0101192 -0.0064
         vertex 0.00508424 0.0101192 -0.01045
      endloop
   endfacet
   facet normal -0.707107 -0.707107 0
      outer loop
         vertex 0.00508424 0.0101192 -0.01045
         vertex 0.00536604 0.00969749 -0.01045
         vertex 0.00536604 0.00969749 -0.0067176
      endloop
   endfacet
   facet normal -0.92388 -0.382683 0
      outer loop
         vertex 0.00536604 0.00969749 -0.0067176
         vertex 0.00532235 0.00979206 -0.00663764
         vertex 0.00508424 0.0101192 -0.01045
      endloop
   endfacet
   facet normal -0.382683 -0.92388 0
      outer loop
         vertex 0.00466249 0.010401 -0.0064
         vertex 0.00416576 0.0104998 -0.0064
         vertex 0.004165 0.0105 -0.00987857
      endloop
   endfacet
   facet normal 0 -1 0
      outer loop
         vertex 0.004165 0.0105 -0.00987857
         vertex 0.00466249 0.010401 -0.01045
         vertex 0.00466249 0.010401 -0.0064
      endloop
   endfacet
   facet normal 0 -1 0
      outer loop
         vertex 0.004165 0.0105 -0.00987857
         vertex 0.00429 0.010494 -0.01045
         vertex 0.00466249 0.010401 -0.01045
      endloop
   endfacet
   facet normal -0.961138 -0.276068 0
      outer loop
         vertex 0.00541448 0.00955889 -0.00677552
         vertex 0.00536604 0.00969749 -0.01045
         vertex 0.005465 0.0092 -0.00987857
      endloop
   endfacet
   facet normal -0.92388 -0.382683 0
      outer loop
         vertex 0.00536604 0.00969749 -0.01045
         vertex 0.00545898 0.009325 -0.01045
         vertex 0.005465 0.0092 -0.00987857
      endloop
   endfacet
   facet normal -1 0 0
      outer loop
         vertex 0.005465 0.0092 -0.00987857
         vertex 0.005465 0.0092 -0.00681869
         vertex 0.00541448 0.00955889 -0.00677552
      endloop
   endfacet
   facet normal -0.961138 -0.276068 0
      outer loop
         vertex 0.00541448 0.00955889 -0.00677552
         vertex 0.00536604 0.00969749 -0.0067176
         vertex 0.00536604 0.00969749 -0.01045
      endloop
   endfacet
   facet normal -0.000588049 -1 0
      outer loop
         vertex 0.00416576 0.0104998 -0.0064
         vertex 0.004165 0.0105 -0.0064
         vertex 0.004165 0.0105 -0.00987857
      endloop
   endfacet
   facet normal -0.779571 -0.626314 0
      outer loop
         vertex 0.00517009 0.0100075 -0.0064
         vertex 0.00508424 0.0101192 -0.0064
         vertex 0.00529 0.00985144 -0.006475
      endloop
   endfacet
   facet normal -0.705465 -0.708744 0
      outer loop
         vertex 0.00508168 0.0101209 -0.0064
         vertex 0.00466249 0.010401 -0.0064
         vertex 0.00466249 0.010401 -0.01045
      endloop
   endfacet
   facet normal 0.382683 -0.92388 0
      outer loop
         vertex 0.00676751 0.010401 -0.0064
         vertex 0.00634576 0.0101192 -0.0064
         vertex 0.00634576 0.0101192 -0.01045
      endloop
   endfacet
   facet normal 0.382683 -0.92388 0
      outer loop
         vertex 0.00676751 0.010401 -0.0064
         vertex 0.00676751 0.010401 -0.01045
         vertex 0.007265 0.0105 -0.00987857
      endloop
   endfacet
   facet normal 0.382683 -0.92388 0
      outer loop
         vertex 0.00676751 0.010401 -0.01045
         vertex 0.00714 0.010494 -0.01045
         vertex 0.007265 0.0105 -0.00987857
      endloop
   endfacet
   facet normal 0.707107 -0.707107 0
      outer loop
         vertex 0.00634576 0.0101192 -0.01045
         vertex 0.00610765 0.00979206 -0.00663764
         vertex 0.00606396 0.00969749 -0.0067176
      endloop
   endfacet
   facet normal 0.707107 -0.707107 0
      outer loop
         vertex 0.00634576 0.0101192 -0.01045
         vertex 0.00634576 0.0101192 -0.0064
         vertex 0.00613085 0.00983538 -0.00656272
      endloop
   endfacet
   facet normal 0.865385 -0.501108 0
      outer loop
         vertex 0.00614 0.00985144 -0.006475
         vertex 0.00625991 0.0100075 -0.0064
         vertex 0.00616842 0.00988843 -0.0064
      endloop
   endfacet
   facet normal 0.865385 -0.501108 0
      outer loop
         vertex 0.00614 0.00985144 -0.006475
         vertex 0.00634576 0.0101192 -0.0064
         vertex 0.00625991 0.0100075 -0.0064
      endloop
   endfacet
   facet normal 0.846932 -0.531702 0
      outer loop
         vertex 0.00616842 0.00988843 -0.0064
         vertex 0.00614 0.00985144 -0.0064
         vertex 0.00614 0.00985144 -0.006475
      endloop
   endfacet
   facet normal 0.865385 -0.501108 0
      outer loop
         vertex 0.00614 0.00985144 -0.006475
         vertex 0.00613761 0.00984729 -0.00652003
         vertex 0.00634576 0.0101192 -0.0064
      endloop
   endfacet
   facet normal 0.867225 -0.497917 0
      outer loop
         vertex 0.00613761 0.00984729 -0.00652003
         vertex 0.00613085 0.00983538 -0.00656272
         vertex 0.00634576 0.0101192 -0.0064
      endloop
   endfacet
   facet normal 0.872423 -0.488751 0
      outer loop
         vertex 0.00613085 0.00983538 -0.00656272
         vertex 0.00610765 0.00979206 -0.00663764
         vertex 0.00634576 0.0101192 -0.01045
      endloop
   endfacet
   facet normal 0.961138 -0.276068 0
      outer loop
         vertex 0.00601552 0.00955889 -0.00677552
         vertex 0.005965 0.0092 -0.00681869
         vertex 0.005965 0.0092 -0.00987857
      endloop
   endfacet
   facet normal 1 0 0
      outer loop
         vertex 0.005965 0.0092 -0.00987857
         vertex 0.00606396 0.00969749 -0.01045
         vertex 0.00601552 0.00955889 -0.00677552
      endloop
   endfacet
   facet normal 0.92388 -0.382683 0
      outer loop
         vertex 0.00606396 0.00969749 -0.01045
         vertex 0.00606396 0.00969749 -0.0067176
         vertex 0.00601552 0.00955889 -0.00677552
      endloop
   endfacet
   facet normal 1 0 0
      outer loop
         vertex 0.005965 0.0092 -0.00987857
         vertex 0.00597102 0.009325 -0.01045
         vertex 0.00606396 0.00969749 -0.01045
      endloop
   endfacet
   facet normal 0.92388 -0.382683 0
      outer loop
         vertex 0.00606396 0.00969749 -0.0067176
         vertex 0.00606396 0.00969749 -0.01045
         vertex 0.00634576 0.0101192 -0.01045
      endloop
   endfacet
   facet normal 0 -1 0
      outer loop
         vertex 0.007265 0.0105 -0.00987857
         vertex 0.007265 0.0105 -0.0064
         vertex 0.00676751 0.010401 -0.0064
      endloop
   endfacet
   facet normal 0.707107 -0.707107 0
      outer loop
         vertex 0.00634576 0.0101192 -0.01045
         vertex 0.00676751 0.010401 -0.01045
         vertex 0.00676751 0.010401 -0.0064
      endloop
   endfacet
   facet normal -0.92388 0 -0.382683
      outer loop
         vertex 0.00532235 0.0143 -0.00663764
         vertex 0.00541448 0.0143 -0.00677552
         vertex 0.00541448 0.0119411 -0.00677552
      endloop
   endfacet
   facet normal -0.707107 0 -0.707107
      outer loop
         vertex 0.00541448 0.0119411 -0.00677552
         vertex 0.00536604 0.0118025 -0.0067176
         vertex 0.00532235 0.0143 -0.00663764
      endloop
   endfacet
   facet normal -1 0 0
      outer loop
         vertex 0.00529 0.0143 -0.006475
         vertex 0.00532235 0.0143 -0.00663764
         vertex 0.00532235 0.0117079 -0.00663764
      endloop
   endfacet
   facet normal -0.92388 0 -0.382683
      outer loop
         vertex 0.00532235 0.0117079 -0.00663764
         vertex 0.00529915 0.0116646 -0.00656272
         vertex 0.00529 0.0143 -0.006475
      endloop
   endfacet
   facet normal -0.97847 0 -0.20639
      outer loop
         vertex 0.00529915 0.0116646 -0.00656272
         vertex 0.00529239 0.0116527 -0.00652003
         vertex 0.00529 0.0143 -0.006475
      endloop
   endfacet
   facet normal 1 0 0
      outer loop
         vertex 0.00614 0.0143 -0.006475
         vertex 0.00613087 0.0116646 -0.00656261
         vertex 0.00610765 0.0117079 -0.00663764
      endloop
   endfacet
   facet normal 1 0 0
      outer loop
         vertex 0.00614 0.0143 -0.006475
         vertex 0.00613765 0.0116526 -0.00651968
         vertex 0.00613087 0.0116646 -0.00656261
      endloop
   endfacet
   facet normal 1 0 0
      outer loop
         vertex 0.00614 0.0143 -0.006475
         vertex 0.00614 0.0116486 -0.006475
         vertex 0.00613765 0.0116526 -0.00651968
      endloop
   endfacet
   facet normal 0.92388 0 -0.382683
      outer loop
         vertex 0.00610765 0.0143 -0.00663764
         vertex 0.00605952 0.0118134 -0.00672386
         vertex 0.00601534 0.0119429 -0.00677536
      endloop
   endfacet
   facet normal 0.92388 0 -0.382683
      outer loop
         vertex 0.00610765 0.0143 -0.00663764
         vertex 0.00610765 0.0117079 -0.00663764
         vertex 0.00605952 0.0118134 -0.00672386
      endloop
   endfacet
   facet normal 0.382683 0 -0.92388
      outer loop
         vertex 0.00587764 0.0143 -0.00686765
         vertex 0.00601552 0.0143 -0.00677552
         vertex 0.005965 0.01235 -0.00681869
      endloop
   endfacet
   facet normal 0.707084 0 -0.70713
      outer loop
         vertex 0.00601534 0.0119429 -0.00677536
         vertex 0.00601335 0.0119488 -0.00677768
         vertex 0.005965 0.0123 -0.00681869
      endloop
   endfacet
   facet normal 0.588235 0 -0.80869
      outer loop
         vertex 0.005965 0.0123 -0.00681869
         vertex 0.005965 0.01235 -0.00681869
         vertex 0.00601534 0.0119429 -0.00677536
      endloop
   endfacet
   facet normal 0.588235 0 -0.80869
      outer loop
         vertex 0.005965 0.01235 -0.00681869
         vertex 0.00601552 0.0143 -0.00677552
         vertex 0.00601534 0.0119429 -0.00677536
      endloop
   endfacet
   facet normal 0 0 -1
      outer loop
         vertex 0.005715 0.01235 -0.0069
         vertex 0.005715 0.0143 -0.0069
         vertex 0.00587764 0.0143 -0.00686765
      endloop
   endfacet
   facet normal -0.382683 0 -0.92388
      outer loop
         vertex 0.00555236 0.01235 -0.00686765
         vertex 0.00555236 0.0143 -0.00686765
         vertex 0.005715 0.0143 -0.0069
      endloop
   endfacet
   facet normal -0.707107 0 -0.707107
      outer loop
         vertex 0.00541448 0.0119411 -0.00677552
         vertex 0.00541448 0.0143 -0.00677552
         vertex 0.005465 0.01235 -0.00681869
      endloop
   endfacet
   facet normal -0.382683 0 -0.92388
      outer loop
         vertex 0.00555236 0.0143 -0.00686765
         vertex 0.00555236 0.01235 -0.00686765
         vertex 0.005465 0.01235 -0.00681869
      endloop
   endfacet
   facet normal -0.588235 0 -0.80869
      outer loop
         vertex 0.005465 0.01235 -0.00681869
         vertex 0.00541448 0.0143 -0.00677552
         vertex 0.00555236 0.0143 -0.00686765
      endloop
   endfacet
   facet normal -0.588235 0 -0.80869
      outer loop
         vertex 0.005465 0.01235 -0.00681869
         vertex 0.005465 0.0123 -0.00681869
         vertex 0.00541448 0.0119411 -0.00677552
      endloop
   endfacet
   facet normal 0 0 -1
      outer loop
         vertex 0.005715 0.0143 -0.0069
         vertex 0.005715 0.01235 -0.0069
         vertex 0.00555236 0.01235 -0.00686765
      endloop
   endfacet
   facet normal 0.382683 0 -0.92388
      outer loop
         vertex 0.00587764 0.0143 -0.00686765
         vertex 0.00587764 0.01235 -0.00686765
         vertex 0.005715 0.01235 -0.0069
      endloop
   endfacet
   facet normal 0.588235 0 -0.80869
      outer loop
         vertex 0.005965 0.01235 -0.00681869
         vertex 0.00587764 0.01235 -0.00686765
         vertex 0.00587764 0.0143 -0.00686765
      endloop
   endfacet
   facet normal 0.707084 0 -0.70713
      outer loop
         vertex 0.00601534 0.0119429 -0.00677536
         vertex 0.00601552 0.0143 -0.00677552
         vertex 0.00610765 0.0143 -0.00663764
      endloop
   endfacet
   facet normal 0.92388 0 -0.382683
      outer loop
         vertex 0.00610765 0.0117079 -0.00663764
         vertex 0.00610765 0.0143 -0.00663764
         vertex 0.00614 0.0143 -0.006475
      endloop
   endfacet
   facet normal -0.994372 0 -0.105948
      outer loop
         vertex 0.00529239 0.0116527 -0.00652003
         vertex 0.00529 0.0116486 -0.006475
         vertex 0.00529 0.0143 -0.006475
      endloop
   endfacet
   facet normal -0.821074 0 -0.570821
      outer loop
         vertex 0.00536604 0.0118025 -0.0067176
         vertex 0.00532235 0.0117079 -0.00663764
         vertex 0.00532235 0.0143 -0.00663764
      endloop
   endfacet
   facet normal 0 0.9769 -0.213697
      outer loop
         vertex 0.00545898 0.012175 -0.01045
         vertex 0.005465 0.0123 -0.00987857
         vertex 0.005965 0.0123 -0.00987857
      endloop
   endfacet
   facet normal 0 0.9769 -0.213697
      outer loop
         vertex 0.005965 0.01235 -0.00965
         vertex 0.005965 0.0123 -0.00987857
         vertex 0.005465 0.0123 -0.00987857
      endloop
   endfacet
   facet normal 0 0.9769 -0.213697
      outer loop
         vertex 0.005465 0.0123 -0.00987857
         vertex 0.005465 0.01235 -0.00965
         vertex 0.005965 0.01235 -0.00965
      endloop
   endfacet
   facet normal 0 0.9769 -0.213697
      outer loop
         vertex 0.005965 0.0123 -0.00987857
         vertex 0.00597102 0.012175 -0.01045
         vertex 0.00545898 0.012175 -0.01045
      endloop
   endfacet
   facet normal -1 0 0
      outer loop
         vertex 0.005465 0.0123 -0.00681869
         vertex 0.005465 0.01235 -0.00681869
         vertex 0.005465 0.01235 -0.00965
      endloop
   endfacet
   facet normal -1 0 0
      outer loop
         vertex 0.005465 0.01235 -0.00965
         vertex 0.005465 0.0123 -0.00987857
         vertex 0.005465 0.0123 -0.00681869
      endloop
   endfacet
   facet normal 0 1 0
      outer loop
         vertex 0.005965 0.01235 -0.00965
         vertex 0.005465 0.01235 -0.00965
         vertex 0.005715 0.01235 -0.0069
      endloop
   endfacet
   facet normal 0 1 0
      outer loop
         vertex 0.005715 0.01235 -0.0069
         vertex 0.00587764 0.01235 -0.00686765
         vertex 0.005965 0.01235 -0.00965
      endloop
   endfacet
   facet normal 0 1 0
      outer loop
         vertex 0.005465 0.01235 -0.00965
         vertex 0.005465 0.01235 -0.00681869
         vertex 0.00555236 0.01235 -0.00686765
      endloop
   endfacet
   facet normal 0 1 0
      outer loop
         vertex 0.00555236 0.01235 -0.00686765
         vertex 0.005715 0.01235 -0.0069
         vertex 0.005465 0.01235 -0.00965
      endloop
   endfacet
   facet normal 0 1 0
      outer loop
         vertex 0.00587764 0.01235 -0.00686765
         vertex 0.005965 0.01235 -0.00681869
         vertex 0.005965 0.01235 -0.00965
      endloop
   endfacet
   facet normal 1 0 0
      outer loop
         vertex 0.005965 0.0123 -0.00681869
         vertex 0.005965 0.0123 -0.00987857
         vertex 0.005965 0.01235 -0.00965
      endloop
   endfacet
   facet normal 1 0 0
      outer loop
         vertex 0.005965 0.01235 -0.00965
         vertex 0.005965 0.01235 -0.00681869
         vertex 0.005965 0.0123 -0.00681869
      endloop
   endfacet
   facet normal 0.92388 0 -0.382683
      outer loop
         vertex 0.00610765 0.00535 -0.00663764
         vertex 0.00601552 0.00535 -0.00677552
         vertex 0.00601552 0.00955889 -0.00677552
      endloop
   endfacet
   facet normal 0.707107 0 -0.707107
      outer loop
         vertex 0.00601552 0.00955889 -0.00677552
         vertex 0.00606396 0.00969749 -0.0067176
         vertex 0.00610765 0.00535 -0.00663764
      endloop
   endfacet
   facet normal 1 0 0
      outer loop
         vertex 0.00614 0.00535 -0.006475
         vertex 0.00610765 0.00535 -0.00663764
         vertex 0.00610765 0.00979206 -0.00663764
      endloop
   endfacet
   facet normal 0.92388 0 -0.382683
      outer loop
         vertex 0.00610765 0.00979206 -0.00663764
         vertex 0.00613085 0.00983538 -0.00656272
         vertex 0.00614 0.00535 -0.006475
      endloop
   endfacet
   facet normal 0.97847 0 -0.20639
      outer loop
         vertex 0.00613085 0.00983538 -0.00656272
         vertex 0.00613761 0.00984729 -0.00652003
         vertex 0.00614 0.00535 -0.006475
      endloop
   endfacet
   facet normal -1 0 0
      outer loop
         vertex 0.00529 0.00535 -0.006475
         vertex 0.00529913 0.00983542 -0.00656261
         vertex 0.00532235 0.00979206 -0.00663764
      endloop
   endfacet
   facet normal -1 0 0
      outer loop
         vertex 0.00529 0.00535 -0.006475
         vertex 0.00529235 0.00984736 -0.00651968
         vertex 0.00529913 0.00983542 -0.00656261
      endloop
   endfacet
   facet normal -1 0 0
      outer loop
         vertex 0.00529 0.00535 -0.006475
         vertex 0.00529 0.00985144 -0.006475
         vertex 0.00529235 0.00984736 -0.00651968
      endloop
   endfacet
   facet normal -0.92388 0 -0.382683
      outer loop
         vertex 0.00532235 0.00535 -0.00663764
         vertex 0.00536604 0.00969749 -0.0067176
         vertex 0.00541448 0.00955889 -0.00677552
      endloop
   endfacet
   facet normal -0.92388 0 -0.382683
      outer loop
         vertex 0.00532235 0.00535 -0.00663764
         vertex 0.00532235 0.00979206 -0.00663764
         vertex 0.00536604 0.00969749 -0.0067176
      endloop
   endfacet
   facet normal -0.382683 0 -0.92388
      outer loop
         vertex 0.00555236 0.00535 -0.00686765
         vertex 0.00541448 0.00535 -0.00677552
         vertex 0.005465 0.00915 -0.00681869
      endloop
   endfacet
   facet normal -0.707107 0 -0.707107
      outer loop
         vertex 0.00541448 0.00955889 -0.00677552
         vertex 0.005465 0.0092 -0.00681869
         vertex 0.005465 0.00915 -0.00681869
      endloop
   endfacet
   facet normal -0.588235 0 -0.80869
      outer loop
         vertex 0.005465 0.00915 -0.00681869
         vertex 0.00541448 0.00535 -0.00677552
         vertex 0.00541448 0.00955889 -0.00677552
      endloop
   endfacet
   facet normal -0.382683 0 -0.92388
      outer loop
         vertex 0.00555236 0.00535 -0.00686765
         vertex 0.00555236 0.00915 -0.00686765
         vertex 0.005715 0.00915 -0.0069
      endloop
   endfacet
   facet normal 0 0 -1
      outer loop
         vertex 0.005715 0.00535 -0.0069
         vertex 0.005715 0.00915 -0.0069
         vertex 0.00587764 0.00915 -0.00686765
      endloop
   endfacet
   facet normal 0.707107 0 -0.707107
      outer loop
         vertex 0.00601552 0.00955889 -0.00677552
         vertex 0.00601552 0.00535 -0.00677552
         vertex 0.005965 0.00915 -0.00681869
      endloop
   endfacet
   facet normal 0.382683 0 -0.92388
      outer loop
         vertex 0.00587764 0.00535 -0.00686765
         vertex 0.00587764 0.00915 -0.00686765
         vertex 0.005965 0.00915 -0.00681869
      endloop
   endfacet
   facet normal 0.588235 0 -0.80869
      outer loop
         vertex 0.005965 0.00915 -0.00681869
         vertex 0.00601552 0.00535 -0.00677552
         vertex 0.00587764 0.00535 -0.00686765
      endloop
   endfacet
   facet normal 0.588235 0 -0.80869
      outer loop
         vertex 0.005965 0.00915 -0.00681869
         vertex 0.005965 0.0092 -0.00681869
         vertex 0.00601552 0.00955889 -0.00677552
      endloop
   endfacet
   facet normal 0.382683 0 -0.92388
      outer loop
         vertex 0.00587764 0.00915 -0.00686765
         vertex 0.00587764 0.00535 -0.00686765
         vertex 0.005715 0.00535 -0.0069
      endloop
   endfacet
   facet normal 0 0 -1
      outer loop
         vertex 0.005715 0.00915 -0.0069
         vertex 0.005715 0.00535 -0.0069
         vertex 0.00555236 0.00535 -0.00686765
      endloop
   endfacet
   facet normal -0.588235 0 -0.80869
      outer loop
         vertex 0.005465 0.00915 -0.00681869
         vertex 0.00555236 0.00915 -0.00686765
         vertex 0.00555236 0.00535 -0.00686765
      endloop
   endfacet
   facet normal -0.707107 0 -0.707107
      outer loop
         vertex 0.00541448 0.00955889 -0.00677552
         vertex 0.00541448 0.00535 -0.00677552
         vertex 0.00532235 0.00535 -0.00663764
      endloop
   endfacet
   facet normal -0.92388 0 -0.382683
      outer loop
         vertex 0.00532235 0.00979206 -0.00663764
         vertex 0.00532235 0.00535 -0.00663764
         vertex 0.00529 0.00535 -0.006475
      endloop
   endfacet
   facet normal 0.994372 0 -0.105948
      outer loop
         vertex 0.00613761 0.00984729 -0.00652003
         vertex 0.00614 0.00985144 -0.006475
         vertex 0.00614 0.00535 -0.006475
      endloop
   endfacet
   facet normal 0.821074 0 -0.570821
      outer loop
         vertex 0.00606396 0.00969749 -0.0067176
         vertex 0.00610765 0.00979206 -0.00663764
         vertex 0.00610765 0.00535 -0.00663764
      endloop
   endfacet
   facet normal 0 -0.9769 -0.213697
      outer loop
         vertex 0.005965 0.00915 -0.00965
         vertex 0.005465 0.00915 -0.00965
         vertex 0.005465 0.0092 -0.00987857
      endloop
   endfacet
   facet normal 0 -0.9769 -0.213697
      outer loop
         vertex 0.00545898 0.009325 -0.01045
         vertex 0.00597102 0.009325 -0.01045
         vertex 0.005965 0.0092 -0.00987857
      endloop
   endfacet
   facet normal 0 -0.9769 -0.213697
      outer loop
         vertex 0.005965 0.0092 -0.00987857
         vertex 0.005465 0.0092 -0.00987857
         vertex 0.00545898 0.009325 -0.01045
      endloop
   endfacet
   facet normal 0 -0.9769 -0.213697
      outer loop
         vertex 0.005465 0.0092 -0.00987857
         vertex 0.005965 0.0092 -0.00987857
         vertex 0.005965 0.00915 -0.00965
      endloop
   endfacet
   facet normal -1 0 0
      outer loop
         vertex 0.005465 0.0092 -0.00681869
         vertex 0.005465 0.0092 -0.00987857
         vertex 0.005465 0.00915 -0.00965
      endloop
   endfacet
   facet normal -1 0 0
      outer loop
         vertex 0.005465 0.00915 -0.00965
         vertex 0.005465 0.00915 -0.00681869
         vertex 0.005465 0.0092 -0.00681869
      endloop
   endfacet
   facet normal 0 -1 0
      outer loop
         vertex 0.005465 0.00915 -0.00965
         vertex 0.005965 0.00915 -0.00965
         vertex 0.005715 0.00915 -0.0069
      endloop
   endfacet
   facet normal 0 -1 0
      outer loop
         vertex 0.005715 0.00915 -0.0069
         vertex 0.00555236 0.00915 -0.00686765
         vertex 0.005465 0.00915 -0.00965
      endloop
   endfacet
   facet normal 0 -1 0
      outer loop
         vertex 0.005965 0.00915 -0.00965
         vertex 0.005965 0.00915 -0.00681869
         vertex 0.00587764 0.00915 -0.00686765
      endloop
   endfacet
   facet normal 0 -1 0
      outer loop
         vertex 0.00587764 0.00915 -0.00686765
         vertex 0.005715 0.00915 -0.0069
         vertex 0.005965 0.00915 -0.00965
      endloop
   endfacet
   facet normal 0 -1 0
      outer loop
         vertex 0.00555236 0.00915 -0.00686765
         vertex 0.005465 0.00915 -0.00681869
         vertex 0.005465 0.00915 -0.00965
      endloop
   endfacet
   facet normal 1 0 0
      outer loop
         vertex 0.005965 0.0092 -0.00681869
         vertex 0.005965 0.00915 -0.00681869
         vertex 0.005965 0.00915 -0.00965
      endloop
   endfacet
   facet normal 1 0 0
      outer loop
         vertex 0.005965 0.00915 -0.00965
         vertex 0.005965 0.0092 -0.00987857
         vertex 0.005965 0.0092 -0.00681869
      endloop
   endfacet
   facet normal -0.558776 0.829319 0
      outer loop
         vertex -0.00653859 0.0112219 -0.0064
         vertex -0.00620826 0.0115428 -0.0064
         vertex -0.00620826 0.0115428 -0.01045
      endloop
   endfacet
   facet normal -0.234541 0.972106 0
      outer loop
         vertex -0.0069601 0.0110363 -0.0064
         vertex -0.00653859 0.0112219 -0.0064
         vertex -0.00653859 0.0112219 -0.01045
      endloop
   endfacet
   facet normal -0.812875 0.582438 0
      outer loop
         vertex -0.00620826 0.0115428 -0.01045
         vertex -0.00601552 0.0119411 -0.00677552
         vertex -0.00601298 0.0119592 -0.00677769
      endloop
   endfacet
   facet normal -0.812875 0.582438 0
      outer loop
         vertex -0.00620826 0.0115428 -0.01045
         vertex -0.00605954 0.0118133 -0.00672383
         vertex -0.00601552 0.0119411 -0.00677552
      endloop
   endfacet
   facet normal -0.812875 0.582438 0
      outer loop
         vertex -0.00620826 0.0115428 -0.01045
         vertex -0.00610765 0.0117079 -0.00663764
         vertex -0.00605954 0.0118133 -0.00672383
      endloop
   endfacet
   facet normal -0.812875 0.582438 0
      outer loop
         vertex -0.00620826 0.0115428 -0.0064
         vertex -0.00613761 0.0116527 -0.00652003
         vertex -0.00613085 0.0116646 -0.00656272
      endloop
   endfacet
   facet normal -0.865385 0.501108 0
      outer loop
         vertex -0.00614 0.0116486 -0.006475
         vertex -0.00620826 0.0115428 -0.0064
         vertex -0.00616674 0.0116071 -0.0064
      endloop
   endfacet
   facet normal -0.845763 0.533558 0
      outer loop
         vertex -0.00616674 0.0116071 -0.0064
         vertex -0.00614 0.0116486 -0.0064
         vertex -0.00614 0.0116486 -0.006475
      endloop
   endfacet
   facet normal -0.865385 0.501108 0
      outer loop
         vertex -0.00614 0.0116486 -0.006475
         vertex -0.00613761 0.0116527 -0.00652003
         vertex -0.00620826 0.0115428 -0.0064
      endloop
   endfacet
   facet normal -0.872423 0.488751 0
      outer loop
         vertex -0.00613085 0.0116646 -0.00656272
         vertex -0.00620826 0.0115428 -0.01045
         vertex -0.00620826 0.0115428 -0.0064
      endloop
   endfacet
   facet normal -0.872423 0.488751 0
      outer loop
         vertex -0.00613085 0.0116646 -0.00656272
         vertex -0.00610765 0.0117079 -0.00663764
         vertex -0.00620826 0.0115428 -0.01045
      endloop
   endfacet
   facet normal -0.964884 0.262677 0
      outer loop
         vertex -0.00601298 0.0119592 -0.00677769
         vertex -0.005965 0.0123 -0.00681869
         vertex -0.005965 0.0123 -0.00987857
      endloop
   endfacet
   facet normal -1 0 0
      outer loop
         vertex -0.005965 0.0123 -0.00987857
         vertex -0.00601057 0.0119588 -0.01045
         vertex -0.00601298 0.0119592 -0.00677769
      endloop
   endfacet
   facet normal -0.125877 0.992046 0
      outer loop
         vertex -0.0071025 0.0110193 -0.0064
         vertex -0.007265 0.011 -0.00675
         vertex -0.007265 0.011 -0.00655
      endloop
   endfacet
   facet normal 0 1 0
      outer loop
         vertex -0.007265 0.011 -0.00655
         vertex -0.007265 0.011 -0.0064
         vertex -0.0071025 0.0110193 -0.0064
      endloop
   endfacet
   facet normal 0.0384438 0.999261 0
      outer loop
         vertex -0.007315 0.0110005 -0.00655
         vertex -0.007265 0.011 -0.00655
         vertex -0.007265 0.011 -0.00675
      endloop
   endfacet
   facet normal 0 1 0
      outer loop
         vertex -0.007265 0.011 -0.00675
         vertex -0.007315 0.0110005 -0.00675
         vertex -0.007315 0.0110005 -0.00655
      endloop
   endfacet
   facet normal -0.234541 0.972106 0
      outer loop
         vertex -0.0069601 0.0110363 -0.0064
         vertex -0.0069601 0.0110363 -0.01045
         vertex -0.007265 0.011 -0.00987857
      endloop
   endfacet
   facet normal -0.234541 0.972106 0
      outer loop
         vertex -0.0069601 0.0110363 -0.01045
         vertex -0.00714 0.011006 -0.01045
         vertex -0.007265 0.011 -0.00987857
      endloop
   endfacet
   facet normal 0 1 0
      outer loop
         vertex -0.007265 0.011 -0.00987857
         vertex -0.007265 0.011 -0.00675
         vertex -0.0069601 0.0110363 -0.0064
      endloop
   endfacet
   facet normal -0.125877 0.992046 0
      outer loop
         vertex -0.0071025 0.0110193 -0.0064
         vertex -0.0069601 0.0110363 -0.0064
         vertex -0.007265 0.011 -0.00675
      endloop
   endfacet
   facet normal -1 0 0
      outer loop
         vertex -0.005965 0.0123 -0.00987857
         vertex -0.00597102 0.012175 -0.01045
         vertex -0.00601057 0.0119588 -0.01045
      endloop
   endfacet
   facet normal -0.964884 0.262677 0
      outer loop
         vertex -0.00601298 0.0119592 -0.00677769
         vertex -0.00601057 0.0119588 -0.01045
         vertex -0.00620826 0.0115428 -0.01045
      endloop
   endfacet
   facet normal -0.558776 0.829319 0
      outer loop
         vertex -0.00653859 0.0112219 -0.01045
         vertex -0.0069601 0.0110363 -0.01045
         vertex -0.0069601 0.0110363 -0.0064
      endloop
   endfacet
   facet normal -0.812875 0.582438 0
      outer loop
         vertex -0.00620826 0.0115428 -0.01045
         vertex -0.00653859 0.0112219 -0.01045
         vertex -0.00653859 0.0112219 -0.0064
      endloop
   endfacet
   facet normal 0.707107 0.707107 0
      outer loop
         vertex -0.00508424 0.0113808 -0.01045
         vertex -0.00508424 0.0113808 -0.0064
         vertex -0.00507847 0.0113769 -0.0064
      endloop
   endfacet
   facet normal 0.703393 0.710801 0
      outer loop
         vertex -0.00507847 0.0113769 -0.0064
         vertex -0.00466249 0.011099 -0.01045
         vertex -0.00508424 0.0113808 -0.01045
      endloop
   endfacet
   facet normal 0.961138 0.276068 0
      outer loop
         vertex -0.00541448 0.0119411 -0.00677552
         vertex -0.00536604 0.0118025 -0.01045
         vertex -0.005465 0.0123 -0.00987857
      endloop
   endfacet
   facet normal 0.92388 0.382683 0
      outer loop
         vertex -0.00536604 0.0118025 -0.01045
         vertex -0.00545898 0.012175 -0.01045
         vertex -0.005465 0.0123 -0.00987857
      endloop
   endfacet
   facet normal 1 0 0
      outer loop
         vertex -0.005465 0.0123 -0.00987857
         vertex -0.005465 0.0123 -0.00681869
         vertex -0.00541448 0.0119411 -0.00677552
      endloop
   endfacet
   facet normal 0.707107 0.707107 0
      outer loop
         vertex -0.00508424 0.0113808 -0.0064
         vertex -0.00529235 0.0116526 -0.00651968
         vertex -0.00529 0.0116486 -0.006475
      endloop
   endfacet
   facet normal 0.707107 0.707107 0
      outer loop
         vertex -0.00508424 0.0113808 -0.0064
         vertex -0.00529913 0.0116646 -0.00656261
         vertex -0.00529235 0.0116526 -0.00651968
      endloop
   endfacet
   facet normal 0.707107 0.707107 0
      outer loop
         vertex -0.00508424 0.0113808 -0.01045
         vertex -0.00532235 0.0117079 -0.00663764
         vertex -0.00529913 0.0116646 -0.00656261
      endloop
   endfacet
   facet normal 0.872407 0.488781 0
      outer loop
         vertex -0.00529913 0.0116646 -0.00656261
         vertex -0.00508424 0.0113808 -0.0064
         vertex -0.00508424 0.0113808 -0.01045
      endloop
   endfacet
   facet normal 0.707107 0.707107 0
      outer loop
         vertex -0.00508424 0.0113808 -0.01045
         vertex -0.00536604 0.0118025 -0.01045
         vertex -0.00536604 0.0118025 -0.0067176
      endloop
   endfacet
   facet normal 0.92388 0.382683 0
      outer loop
         vertex -0.00536604 0.0118025 -0.0067176
         vertex -0.00532235 0.0117079 -0.00663764
         vertex -0.00508424 0.0113808 -0.01045
      endloop
   endfacet
   facet normal 0.271114 0.962547 0
      outer loop
         vertex -0.00451174 0.011069 -0.0064
         vertex -0.004165 0.011 -0.0064
         vertex -0.004165 0.011 -0.00987857
      endloop
   endfacet
   facet normal 0 1 0
      outer loop
         vertex -0.004165 0.011 -0.00987857
         vertex -0.00466249 0.011099 -0.01045
         vertex -0.00451174 0.011069 -0.0064
      endloop
   endfacet
   facet normal 0.382683 0.92388 0
      outer loop
         vertex -0.00466249 0.011099 -0.01045
         vertex -0.00466249 0.011099 -0.0064
         vertex -0.00451174 0.011069 -0.0064
      endloop
   endfacet
   facet normal 0 1 0
      outer loop
         vertex -0.004165 0.011 -0.00987857
         vertex -0.00429 0.011006 -0.01045
         vertex -0.00466249 0.011099 -0.01045
      endloop
   endfacet
   facet normal 0.865385 0.501108 0
      outer loop
         vertex -0.00529 0.0116486 -0.006475
         vertex -0.00529 0.0116486 -0.0064
         vertex -0.00508424 0.0113808 -0.0064
      endloop
   endfacet
   facet normal 0.961138 0.276068 0
      outer loop
         vertex -0.00541448 0.0119411 -0.00677552
         vertex -0.00536604 0.0118025 -0.0067176
         vertex -0.00536604 0.0118025 -0.01045
      endloop
   endfacet
   facet normal 0.703393 0.710801 0
      outer loop
         vertex -0.00507847 0.0113769 -0.0064
         vertex -0.00466249 0.011099 -0.0064
         vertex -0.00466249 0.011099 -0.01045
      endloop
   endfacet
   facet normal 0 0 -1
      outer loop
         vertex -0.0069601 0.0110363 -0.01045
         vertex -0.00676751 0.010401 -0.01045
         vertex -0.00714 0.010494 -0.01045
      endloop
   endfacet
   facet normal 0 0 -1
      outer loop
         vertex -0.00601057 0.0119588 -0.01045
         vertex -0.00597102 0.012175 -0.01045
         vertex -0.00545898 0.012175 -0.01045
      endloop
   endfacet
   facet normal 0 0 -1
      outer loop
         vertex -0.00714 0.010494 -0.01045
         vertex -0.00714 0.011006 -0.01045
         vertex -0.0069601 0.0110363 -0.01045
      endloop
   endfacet
   facet normal 0 0 -1
      outer loop
         vertex -0.00606396 0.00969749 -0.01045
         vertex -0.00536604 0.00969749 -0.01045
         vertex -0.00545898 0.009325 -0.01045
      endloop
   endfacet
   facet normal 0 0 -1
      outer loop
         vertex -0.00466249 0.010401 -0.01045
         vertex -0.00466249 0.011099 -0.01045
         vertex -0.00429 0.011006 -0.01045
      endloop
   endfacet
   facet normal 0 0 -1
      outer loop
         vertex -0.00536604 0.0118025 -0.01045
         vertex -0.00620826 0.0115428 -0.01045
         vertex -0.00601057 0.0119588 -0.01045
      endloop
   endfacet
   facet normal 0 0 -1
      outer loop
         vertex -0.00634576 0.0101192 -0.01045
         vertex -0.00653859 0.0112219 -0.01045
         vertex -0.00620826 0.0115428 -0.01045
      endloop
   endfacet
   facet normal 0 0 -1
      outer loop
         vertex -0.00653859 0.0112219 -0.01045
         vertex -0.00634576 0.0101192 -0.01045
         vertex -0.00676751 0.010401 -0.01045
      endloop
   endfacet
   facet normal 0 0 -1
      outer loop
         vertex -0.00545898 0.009325 -0.01045
         vertex -0.00597102 0.009325 -0.01045
         vertex -0.00606396 0.00969749 -0.01045
      endloop
   endfacet
   facet normal 0 0 -1
      outer loop
         vertex -0.00634576 0.0101192 -0.01045
         vertex -0.00508424 0.0113808 -0.01045
         vertex -0.00508424 0.0101192 -0.01045
      endloop
   endfacet
   facet normal 0 0 -1
      outer loop
         vertex -0.00466249 0.010401 -0.01045
         vertex -0.00508424 0.0113808 -0.01045
         vertex -0.00466249 0.011099 -0.01045
      endloop
   endfacet
   facet normal 0 0 -1
      outer loop
         vertex -0.00545898 0.012175 -0.01045
         vertex -0.00536604 0.0118025 -0.01045
         vertex -0.00601057 0.0119588 -0.01045
      endloop
   endfacet
   facet normal 0 0 -1
      outer loop
         vertex -0.0069601 0.0110363 -0.01045
         vertex -0.00653859 0.0112219 -0.01045
         vertex -0.00676751 0.010401 -0.01045
      endloop
   endfacet
   facet normal 0 0 -1
      outer loop
         vertex -0.00508424 0.0101192 -0.01045
         vertex -0.00536604 0.00969749 -0.01045
         vertex -0.00634576 0.0101192 -0.01045
      endloop
   endfacet
   facet normal 0 0 -1
      outer loop
         vertex -0.00429 0.011006 -0.01045
         vertex -0.00429 0.010494 -0.01045
         vertex -0.00466249 0.010401 -0.01045
      endloop
   endfacet
   facet normal 0 0 -1
      outer loop
         vertex -0.00620826 0.0115428 -0.01045
         vertex -0.00508424 0.0113808 -0.01045
         vertex -0.00634576 0.0101192 -0.01045
      endloop
   endfacet
   facet normal 0 0 -1
      outer loop
         vertex -0.00466249 0.010401 -0.01045
         vertex -0.00508424 0.0101192 -0.01045
         vertex -0.00508424 0.0113808 -0.01045
      endloop
   endfacet
   facet normal 0 0 -1
      outer loop
         vertex -0.00606396 0.00969749 -0.01045
         vertex -0.00634576 0.0101192 -0.01045
         vertex -0.00536604 0.00969749 -0.01045
      endloop
   endfacet
   facet normal 0 0 -1
      outer loop
         vertex -0.00536604 0.0118025 -0.01045
         vertex -0.00508424 0.0113808 -0.01045
         vertex -0.00620826 0.0115428 -0.01045
      endloop
   endfacet
   facet normal -0.707107 -0.707107 0
      outer loop
         vertex -0.00634576 0.0101192 -0.0064
         vertex -0.00676751 0.010401 -0.0064
         vertex -0.00676751 0.010401 -0.01045
      endloop
   endfacet
   facet normal -0.961138 -0.276068 0
      outer loop
         vertex -0.00601552 0.00955889 -0.00677552
         vertex -0.00606396 0.00969749 -0.01045
         vertex -0.005965 0.0092 -0.00987857
      endloop
   endfacet
   facet normal -0.92388 -0.382683 0
      outer loop
         vertex -0.00606396 0.00969749 -0.01045
         vertex -0.00597102 0.009325 -0.01045
         vertex -0.005965 0.0092 -0.00987857
      endloop
   endfacet
   facet normal -1 0 0
      outer loop
         vertex -0.005965 0.0092 -0.00987857
         vertex -0.005965 0.0092 -0.00681869
         vertex -0.00601552 0.00955889 -0.00677552
      endloop
   endfacet
   facet normal -0.865385 -0.501108 0
      outer loop
         vertex -0.00614 0.00985144 -0.006475
         vertex -0.00614 0.00985144 -0.0064
         vertex -0.00616674 0.00988624 -0.0064
      endloop
   endfacet
   facet normal -0.84806 -0.5299 0
      outer loop
         vertex -0.00616674 0.00988624 -0.0064
         vertex -0.00625991 0.0100075 -0.0064
         vertex -0.00614 0.00985144 -0.006475
      endloop
   endfacet
   facet normal -0.707107 -0.707107 0
      outer loop
         vertex -0.00634576 0.0101192 -0.0064
         vertex -0.00613765 0.00984736 -0.00651968
         vertex -0.00614 0.00985144 -0.006475
      endloop
   endfacet
   facet normal -0.707107 -0.707107 0
      outer loop
         vertex -0.00634576 0.0101192 -0.0064
         vertex -0.00613087 0.00983542 -0.00656261
         vertex -0.00613765 0.00984736 -0.00651968
      endloop
   endfacet
   facet normal -0.707107 -0.707107 0
      outer loop
         vertex -0.00634576 0.0101192 -0.01045
         vertex -0.00610765 0.00979206 -0.00663764
         vertex -0.00613087 0.00983542 -0.00656261
      endloop
   endfacet
   facet normal -0.872407 -0.488781 0
      outer loop
         vertex -0.00613087 0.00983542 -0.00656261
         vertex -0.00634576 0.0101192 -0.0064
         vertex -0.00634576 0.0101192 -0.01045
      endloop
   endfacet
   facet normal -0.707107 -0.707107 0
      outer loop
         vertex -0.00634576 0.0101192 -0.01045
         vertex -0.00606396 0.00969749 -0.01045
         vertex -0.00606396 0.00969749 -0.0067176
      endloop
   endfacet
   facet normal -0.92388 -0.382683 0
      outer loop
         vertex -0.00606396 0.00969749 -0.0067176
         vertex -0.00610765 0.00979206 -0.00663764
         vertex -0.00634576 0.0101192 -0.01045
      endloop
   endfacet
   facet normal -0.127147 -0.991884 0
      outer loop
         vertex -0.0071025 0.0104677 -0.0064
         vertex -0.007265 0.0105 -0.0064
         vertex -0.007265 0.0105 -0.00987857
      endloop
   endfacet
   facet normal -0.382683 -0.92388 0
      outer loop
         vertex -0.00676751 0.010401 -0.01045
         vertex -0.00676751 0.010401 -0.0064
         vertex -0.0071025 0.0104677 -0.0064
      endloop
   endfacet
   facet normal -0.127147 -0.991884 0
      outer loop
         vertex -0.0071025 0.0104677 -0.0064
         vertex -0.00714 0.010494 -0.01045
         vertex -0.00676751 0.010401 -0.01045
      endloop
   endfacet
   facet normal 0 -1 0
      outer loop
         vertex -0.007265 0.0105 -0.00987857
         vertex -0.00714 0.010494 -0.01045
         vertex -0.0071025 0.0104677 -0.0064
      endloop
   endfacet
   facet normal -0.779571 -0.626314 0
      outer loop
         vertex -0.00625991 0.0100075 -0.0064
         vertex -0.00634576 0.0101192 -0.0064
         vertex -0.00614 0.00985144 -0.006475
      endloop
   endfacet
   facet normal -0.961138 -0.276068 0
      outer loop
         vertex -0.00601552 0.00955889 -0.00677552
         vertex -0.00606396 0.00969749 -0.0067176
         vertex -0.00606396 0.00969749 -0.01045
      endloop
   endfacet
   facet normal -0.382683 -0.92388 0
      outer loop
         vertex -0.00676751 0.010401 -0.01045
         vertex -0.00634576 0.0101192 -0.01045
         vertex -0.00634576 0.0101192 -0.0064
      endloop
   endfacet
   facet normal 0.382683 -0.92388 0
      outer loop
         vertex -0.00466249 0.010401 -0.01045
         vertex -0.00466249 0.010401 -0.0064
         vertex -0.00507847 0.0101231 -0.0064
      endloop
   endfacet
   facet normal 0.703393 -0.710801 0
      outer loop
         vertex -0.00507847 0.0101231 -0.0064
         vertex -0.00508424 0.0101192 -0.01045
         vertex -0.00466249 0.010401 -0.01045
      endloop
   endfacet
   facet normal 0.271114 -0.962547 0
      outer loop
         vertex -0.00451174 0.010431 -0.0064
         vertex -0.00466249 0.010401 -0.01045
         vertex -0.004165 0.0105 -0.00987857
      endloop
   endfacet
   facet normal 0.382683 -0.92388 0
      outer loop
         vertex -0.00466249 0.010401 -0.01045
         vertex -0.00429 0.010494 -0.01045
         vertex -0.004165 0.0105 -0.00987857
      endloop
   endfacet
   facet normal 0 -1 0
      outer loop
         vertex -0.004165 0.0105 -0.00987857
         vertex -0.004165 0.0105 -0.0064
         vertex -0.00451174 0.010431 -0.0064
      endloop
   endfacet
   facet normal 0.707107 -0.707107 0
      outer loop
         vertex -0.00508424 0.0101192 -0.01045
         vertex -0.00532235 0.00979206 -0.00663764
         vertex -0.00536604 0.00969749 -0.0067176
      endloop
   endfacet
   facet normal 0.707107 -0.707107 0
      outer loop
         vertex -0.00508424 0.0101192 -0.01045
         vertex -0.00508424 0.0101192 -0.0064
         vertex -0.00529915 0.00983538 -0.00656272
      endloop
   endfacet
   facet normal 0.865385 -0.501108 0
      outer loop
         vertex -0.00529 0.00985144 -0.006475
         vertex -0.00508424 0.0101192 -0.0064
         vertex -0.00517009 0.0100075 -0.0064
      endloop
   endfacet
   facet normal 0.779571 -0.626314 0
      outer loop
         vertex -0.00517009 0.0100075 -0.0064
         vertex -0.00529 0.00985144 -0.0064
         vertex -0.00529 0.00985144 -0.006475
      endloop
   endfacet
   facet normal 0.865385 -0.501108 0
      outer loop
         vertex -0.00529 0.00985144 -0.006475
         vertex -0.00529239 0.00984729 -0.00652003
         vertex -0.00508424 0.0101192 -0.0064
      endloop
   endfacet
   facet normal 0.867225 -0.497917 0
      outer loop
         vertex -0.00529239 0.00984729 -0.00652003
         vertex -0.00529915 0.00983538 -0.00656272
         vertex -0.00508424 0.0101192 -0.0064
      endloop
   endfacet
   facet normal 0.872423 -0.488751 0
      outer loop
         vertex -0.00529915 0.00983538 -0.00656272
         vertex -0.00532235 0.00979206 -0.00663764
         vertex -0.00508424 0.0101192 -0.01045
      endloop
   endfacet
   facet normal 0.961138 -0.276068 0
      outer loop
         vertex -0.00541448 0.00955889 -0.00677552
         vertex -0.005465 0.0092 -0.00681869
         vertex -0.005465 0.0092 -0.00987857
      endloop
   endfacet
   facet normal 1 0 0
      outer loop
         vertex -0.005465 0.0092 -0.00987857
         vertex -0.00536604 0.00969749 -0.01045
         vertex -0.00541448 0.00955889 -0.00677552
      endloop
   endfacet
   facet normal 0.92388 -0.382683 0
      outer loop
         vertex -0.00536604 0.00969749 -0.01045
         vertex -0.00536604 0.00969749 -0.0067176
         vertex -0.00541448 0.00955889 -0.00677552
      endloop
   endfacet
   facet normal 1 0 0
      outer loop
         vertex -0.005465 0.0092 -0.00987857
         vertex -0.00545898 0.009325 -0.01045
         vertex -0.00536604 0.00969749 -0.01045
      endloop
   endfacet
   facet normal 0.92388 -0.382683 0
      outer loop
         vertex -0.00536604 0.00969749 -0.0067176
         vertex -0.00536604 0.00969749 -0.01045
         vertex -0.00508424 0.0101192 -0.01045
      endloop
   endfacet
   facet normal 0.271114 -0.962547 0
      outer loop
         vertex -0.00451174 0.010431 -0.0064
         vertex -0.00466249 0.010401 -0.0064
         vertex -0.00466249 0.010401 -0.01045
      endloop
   endfacet
   facet normal 0.703393 -0.710801 0
      outer loop
         vertex -0.00507847 0.0101231 -0.0064
         vertex -0.00508424 0.0101192 -0.0064
         vertex -0.00508424 0.0101192 -0.01045
      endloop
   endfacet
   facet normal -1 0 0
      outer loop
         vertex -0.00614 0.00535 -0.006475
         vertex -0.00613087 0.00983542 -0.00656261
         vertex -0.00610765 0.00979206 -0.00663764
      endloop
   endfacet
   facet normal -1 0 0
      outer loop
         vertex -0.00614 0.00535 -0.006475
         vertex -0.00613765 0.00984736 -0.00651968
         vertex -0.00613087 0.00983542 -0.00656261
      endloop
   endfacet
   facet normal -1 0 0
      outer loop
         vertex -0.00614 0.00535 -0.006475
         vertex -0.00614 0.00985144 -0.006475
         vertex -0.00613765 0.00984736 -0.00651968
      endloop
   endfacet
   facet normal -0.92388 0 -0.382683
      outer loop
         vertex -0.00610765 0.00535 -0.00663764
         vertex -0.00606396 0.00969749 -0.0067176
         vertex -0.00601552 0.00955889 -0.00677552
      endloop
   endfacet
   facet normal -0.92388 0 -0.382683
      outer loop
         vertex -0.00610765 0.00535 -0.00663764
         vertex -0.00610765 0.00979206 -0.00663764
         vertex -0.00606396 0.00969749 -0.0067176
      endloop
   endfacet
   facet normal -0.382683 0 -0.92388
      outer loop
         vertex -0.00587764 0.00535 -0.00686765
         vertex -0.00601552 0.00535 -0.00677552
         vertex -0.005965 0.00915 -0.00681869
      endloop
   endfacet
   facet normal -0.707107 0 -0.707107
      outer loop
         vertex -0.00601552 0.00955889 -0.00677552
         vertex -0.005965 0.0092 -0.00681869
         vertex -0.005965 0.00915 -0.00681869
      endloop
   endfacet
   facet normal -0.588235 0 -0.80869
      outer loop
         vertex -0.005965 0.00915 -0.00681869
         vertex -0.00601552 0.00535 -0.00677552
         vertex -0.00601552 0.00955889 -0.00677552
      endloop
   endfacet
   facet normal -0.382683 0 -0.92388
      outer loop
         vertex -0.00587764 0.00535 -0.00686765
         vertex -0.00587764 0.00915 -0.00686765
         vertex -0.005715 0.00915 -0.0069
      endloop
   endfacet
   facet normal 0 0 -1
      outer loop
         vertex -0.005715 0.00535 -0.0069
         vertex -0.005715 0.00915 -0.0069
         vertex -0.00555236 0.00915 -0.00686765
      endloop
   endfacet
   facet normal 0.707107 0 -0.707107
      outer loop
         vertex -0.00541448 0.00955889 -0.00677552
         vertex -0.00541448 0.00535 -0.00677552
         vertex -0.005465 0.00915 -0.00681869
      endloop
   endfacet
   facet normal 0.382683 0 -0.92388
      outer loop
         vertex -0.00555236 0.00535 -0.00686765
         vertex -0.00555236 0.00915 -0.00686765
         vertex -0.005465 0.00915 -0.00681869
      endloop
   endfacet
   facet normal 0.588235 0 -0.80869
      outer loop
         vertex -0.005465 0.00915 -0.00681869
         vertex -0.00541448 0.00535 -0.00677552
         vertex -0.00555236 0.00535 -0.00686765
      endloop
   endfacet
   facet normal 0.92388 0 -0.382683
      outer loop
         vertex -0.00532235 0.00535 -0.00663764
         vertex -0.00541448 0.00535 -0.00677552
         vertex -0.00541448 0.00955889 -0.00677552
      endloop
   endfacet
   facet normal 0.707107 0 -0.707107
      outer loop
         vertex -0.00541448 0.00955889 -0.00677552
         vertex -0.00536604 0.00969749 -0.0067176
         vertex -0.00532235 0.00535 -0.00663764
      endloop
   endfacet
   facet normal 1 0 0
      outer loop
         vertex -0.00529 0.00535 -0.006475
         vertex -0.00532235 0.00535 -0.00663764
         vertex -0.00532235 0.00979206 -0.00663764
      endloop
   endfacet
   facet normal 0.92388 0 -0.382683
      outer loop
         vertex -0.00532235 0.00979206 -0.00663764
         vertex -0.00529915 0.00983538 -0.00656272
         vertex -0.00529 0.00535 -0.006475
      endloop
   endfacet
   facet normal 0.97847 0 -0.20639
      outer loop
         vertex -0.00529915 0.00983538 -0.00656272
         vertex -0.00529239 0.00984729 -0.00652003
         vertex -0.00529 0.00535 -0.006475
      endloop
   endfacet
   facet normal 0.994372 0 -0.105948
      outer loop
         vertex -0.00529239 0.00984729 -0.00652003
         vertex -0.00529 0.00985144 -0.006475
         vertex -0.00529 0.00535 -0.006475
      endloop
   endfacet
   facet normal 0.821074 0 -0.570821
      outer loop
         vertex -0.00536604 0.00969749 -0.0067176
         vertex -0.00532235 0.00979206 -0.00663764
         vertex -0.00532235 0.00535 -0.00663764
      endloop
   endfacet
   facet normal 0.588235 0 -0.80869
      outer loop
         vertex -0.005465 0.00915 -0.00681869
         vertex -0.005465 0.0092 -0.00681869
         vertex -0.00541448 0.00955889 -0.00677552
      endloop
   endfacet
   facet normal 0.382683 0 -0.92388
      outer loop
         vertex -0.00555236 0.00915 -0.00686765
         vertex -0.00555236 0.00535 -0.00686765
         vertex -0.005715 0.00535 -0.0069
      endloop
   endfacet
   facet normal 0 0 -1
      outer loop
         vertex -0.005715 0.00915 -0.0069
         vertex -0.005715 0.00535 -0.0069
         vertex -0.00587764 0.00535 -0.00686765
      endloop
   endfacet
   facet normal -0.588235 0 -0.80869
      outer loop
         vertex -0.005965 0.00915 -0.00681869
         vertex -0.00587764 0.00915 -0.00686765
         vertex -0.00587764 0.00535 -0.00686765
      endloop
   endfacet
   facet normal -0.707107 0 -0.707107
      outer loop
         vertex -0.00601552 0.00955889 -0.00677552
         vertex -0.00601552 0.00535 -0.00677552
         vertex -0.00610765 0.00535 -0.00663764
      endloop
   endfacet
   facet normal -0.92388 0 -0.382683
      outer loop
         vertex -0.00610765 0.00979206 -0.00663764
         vertex -0.00610765 0.00535 -0.00663764
         vertex -0.00614 0.00535 -0.006475
      endloop
   endfacet
   facet normal 0 -0.9769 -0.213697
      outer loop
         vertex -0.00545898 0.009325 -0.01045
         vertex -0.005465 0.0092 -0.00987857
         vertex -0.005965 0.0092 -0.00987857
      endloop
   endfacet
   facet normal 0 -0.9769 -0.213697
      outer loop
         vertex -0.005965 0.00915 -0.00965
         vertex -0.005965 0.0092 -0.00987857
         vertex -0.005465 0.0092 -0.00987857
      endloop
   endfacet
   facet normal 0 -0.9769 -0.213697
      outer loop
         vertex -0.005465 0.0092 -0.00987857
         vertex -0.005465 0.00915 -0.00965
         vertex -0.005965 0.00915 -0.00965
      endloop
   endfacet
   facet normal 0 -0.9769 -0.213697
      outer loop
         vertex -0.005965 0.0092 -0.00987857
         vertex -0.00597102 0.009325 -0.01045
         vertex -0.00545898 0.009325 -0.01045
      endloop
   endfacet
   facet normal 0 -1 0
      outer loop
         vertex -0.005965 0.00915 -0.00965
         vertex -0.005465 0.00915 -0.00965
         vertex -0.005715 0.00915 -0.0069
      endloop
   endfacet
   facet normal 0 -1 0
      outer loop
         vertex -0.005715 0.00915 -0.0069
         vertex -0.00587764 0.00915 -0.00686765
         vertex -0.005965 0.00915 -0.00965
      endloop
   endfacet
   facet normal 0 -1 0
      outer loop
         vertex -0.005465 0.00915 -0.00965
         vertex -0.005465 0.00915 -0.00681869
         vertex -0.00555236 0.00915 -0.00686765
      endloop
   endfacet
   facet normal 0 -1 0
      outer loop
         vertex -0.00555236 0.00915 -0.00686765
         vertex -0.005715 0.00915 -0.0069
         vertex -0.005465 0.00915 -0.00965
      endloop
   endfacet
   facet normal 0 -1 0
      outer loop
         vertex -0.00587764 0.00915 -0.00686765
         vertex -0.005965 0.00915 -0.00681869
         vertex -0.005965 0.00915 -0.00965
      endloop
   endfacet
   facet normal -1 0 0
      outer loop
         vertex -0.005965 0.0092 -0.00681869
         vertex -0.005965 0.0092 -0.00987857
         vertex -0.005965 0.00915 -0.00965
      endloop
   endfacet
   facet normal -1 0 0
      outer loop
         vertex -0.005965 0.00915 -0.00965
         vertex -0.005965 0.00915 -0.00681869
         vertex -0.005965 0.0092 -0.00681869
      endloop
   endfacet
   facet normal 1 0 0
      outer loop
         vertex -0.005465 0.0092 -0.00681869
         vertex -0.005465 0.00915 -0.00681869
         vertex -0.005465 0.00915 -0.00965
      endloop
   endfacet
   facet normal 1 0 0
      outer loop
         vertex -0.005465 0.00915 -0.00965
         vertex -0.005465 0.0092 -0.00987857
         vertex -0.005465 0.0092 -0.00681869
      endloop
   endfacet
   facet normal -0.92388 0 -0.382683
      outer loop
         vertex -0.00610765 0.0143 -0.00663764
         vertex -0.00601552 0.0143 -0.00677552
         vertex -0.00601552 0.0119411 -0.00677552
      endloop
   endfacet
   facet normal -0.707107 0 -0.707107
      outer loop
         vertex -0.00601552 0.0119411 -0.00677552
         vertex -0.00605954 0.0118133 -0.00672383
         vertex -0.00610765 0.0143 -0.00663764
      endloop
   endfacet
   facet normal -1 0 0
      outer loop
         vertex -0.00614 0.0143 -0.006475
         vertex -0.00610765 0.0143 -0.00663764
         vertex -0.00610765 0.0117079 -0.00663764
      endloop
   endfacet
   facet normal -0.92388 0 -0.382683
      outer loop
         vertex -0.00610765 0.0117079 -0.00663764
         vertex -0.00613085 0.0116646 -0.00656272
         vertex -0.00614 0.0143 -0.006475
      endloop
   endfacet
   facet normal -0.97847 0 -0.20639
      outer loop
         vertex -0.00613085 0.0116646 -0.00656272
         vertex -0.00613761 0.0116527 -0.00652003
         vertex -0.00614 0.0143 -0.006475
      endloop
   endfacet
   facet normal 1 0 0
      outer loop
         vertex -0.00529 0.0143 -0.006475
         vertex -0.00529913 0.0116646 -0.00656261
         vertex -0.00532235 0.0117079 -0.00663764
      endloop
   endfacet
   facet normal 1 0 0
      outer loop
         vertex -0.00529 0.0143 -0.006475
         vertex -0.00529235 0.0116526 -0.00651968
         vertex -0.00529913 0.0116646 -0.00656261
      endloop
   endfacet
   facet normal 1 0 0
      outer loop
         vertex -0.00529 0.0143 -0.006475
         vertex -0.00529 0.0116486 -0.006475
         vertex -0.00529235 0.0116526 -0.00651968
      endloop
   endfacet
   facet normal 0.92388 0 -0.382683
      outer loop
         vertex -0.00532235 0.0143 -0.00663764
         vertex -0.00536604 0.0118025 -0.0067176
         vertex -0.00541448 0.0119411 -0.00677552
      endloop
   endfacet
   facet normal 0.92388 0 -0.382683
      outer loop
         vertex -0.00532235 0.0143 -0.00663764
         vertex -0.00532235 0.0117079 -0.00663764
         vertex -0.00536604 0.0118025 -0.0067176
      endloop
   endfacet
   facet normal 0.382683 0 -0.92388
      outer loop
         vertex -0.00555236 0.0143 -0.00686765
         vertex -0.00541448 0.0143 -0.00677552
         vertex -0.005465 0.01235 -0.00681869
      endloop
   endfacet
   facet normal 0.707107 0 -0.707107
      outer loop
         vertex -0.00541448 0.0119411 -0.00677552
         vertex -0.005465 0.0123 -0.00681869
         vertex -0.005465 0.01235 -0.00681869
      endloop
   endfacet
   facet normal 0.588235 0 -0.80869
      outer loop
         vertex -0.005465 0.01235 -0.00681869
         vertex -0.00541448 0.0143 -0.00677552
         vertex -0.00541448 0.0119411 -0.00677552
      endloop
   endfacet
   facet normal 0 0 -1
      outer loop
         vertex -0.005715 0.01235 -0.0069
         vertex -0.005715 0.0143 -0.0069
         vertex -0.00555236 0.0143 -0.00686765
      endloop
   endfacet
   facet normal -0.382683 0 -0.92388
      outer loop
         vertex -0.00587764 0.01235 -0.00686765
         vertex -0.00587764 0.0143 -0.00686765
         vertex -0.005715 0.0143 -0.0069
      endloop
   endfacet
   facet normal -0.70154 0 -0.71263
      outer loop
         vertex -0.00601298 0.0119592 -0.00677769
         vertex -0.00601552 0.0143 -0.00677552
         vertex -0.005965 0.01235 -0.00681869
      endloop
   endfacet
   facet normal -0.588235 0 -0.80869
      outer loop
         vertex -0.005965 0.01235 -0.00681869
         vertex -0.005965 0.0123 -0.00681869
         vertex -0.00601298 0.0119592 -0.00677769
      endloop
   endfacet
   facet normal -0.382683 0 -0.92388
      outer loop
         vertex -0.00587764 0.0143 -0.00686765
         vertex -0.00587764 0.01235 -0.00686765
         vertex -0.005965 0.01235 -0.00681869
      endloop
   endfacet
   facet normal -0.588235 0 -0.80869
      outer loop
         vertex -0.005965 0.01235 -0.00681869
         vertex -0.00601552 0.0143 -0.00677552
         vertex -0.00587764 0.0143 -0.00686765
      endloop
   endfacet
   facet normal -0.70154 0 -0.71263
      outer loop
         vertex -0.00601298 0.0119592 -0.00677769
         vertex -0.00601552 0.0119411 -0.00677552
         vertex -0.00601552 0.0143 -0.00677552
      endloop
   endfacet
   facet normal 0 0 -1
      outer loop
         vertex -0.005715 0.0143 -0.0069
         vertex -0.005715 0.01235 -0.0069
         vertex -0.00587764 0.01235 -0.00686765
      endloop
   endfacet
   facet normal 0.382683 0 -0.92388
      outer loop
         vertex -0.00555236 0.0143 -0.00686765
         vertex -0.00555236 0.01235 -0.00686765
         vertex -0.005715 0.01235 -0.0069
      endloop
   endfacet
   facet normal 0.588235 0 -0.80869
      outer loop
         vertex -0.005465 0.01235 -0.00681869
         vertex -0.00555236 0.01235 -0.00686765
         vertex -0.00555236 0.0143 -0.00686765
      endloop
   endfacet
   facet normal 0.707107 0 -0.707107
      outer loop
         vertex -0.00541448 0.0119411 -0.00677552
         vertex -0.00541448 0.0143 -0.00677552
         vertex -0.00532235 0.0143 -0.00663764
      endloop
   endfacet
   facet normal 0.92388 0 -0.382683
      outer loop
         vertex -0.00532235 0.0117079 -0.00663764
         vertex -0.00532235 0.0143 -0.00663764
         vertex -0.00529 0.0143 -0.006475
      endloop
   endfacet
   facet normal -0.994372 0 -0.105948
      outer loop
         vertex -0.00613761 0.0116527 -0.00652003
         vertex -0.00614 0.0116486 -0.006475
         vertex -0.00614 0.0143 -0.006475
      endloop
   endfacet
   facet normal -0.810679 0 -0.585491
      outer loop
         vertex -0.00605954 0.0118133 -0.00672383
         vertex -0.00610765 0.0117079 -0.00663764
         vertex -0.00610765 0.0143 -0.00663764
      endloop
   endfacet
   facet normal 0 0.9769 -0.213697
      outer loop
         vertex -0.005965 0.01235 -0.00965
         vertex -0.005465 0.01235 -0.00965
         vertex -0.005465 0.0123 -0.00987857
      endloop
   endfacet
   facet normal 0 0.9769 -0.213697
      outer loop
         vertex -0.00545898 0.012175 -0.01045
         vertex -0.00597102 0.012175 -0.01045
         vertex -0.005965 0.0123 -0.00987857
      endloop
   endfacet
   facet normal 0 0.9769 -0.213697
      outer loop
         vertex -0.005965 0.0123 -0.00987857
         vertex -0.005465 0.0123 -0.00987857
         vertex -0.00545898 0.012175 -0.01045
      endloop
   endfacet
   facet normal 0 0.9769 -0.213697
      outer loop
         vertex -0.005465 0.0123 -0.00987857
         vertex -0.005965 0.0123 -0.00987857
         vertex -0.005965 0.01235 -0.00965
      endloop
   endfacet
   facet normal 1 0 0
      outer loop
         vertex -0.005465 0.0123 -0.00681869
         vertex -0.005465 0.0123 -0.00987857
         vertex -0.005465 0.01235 -0.00965
      endloop
   endfacet
   facet normal 1 0 0
      outer loop
         vertex -0.005465 0.01235 -0.00965
         vertex -0.005465 0.01235 -0.00681869
         vertex -0.005465 0.0123 -0.00681869
      endloop
   endfacet
   facet normal 0 1 0
      outer loop
         vertex -0.005965 0.01235 -0.00965
         vertex -0.00587764 0.01235 -0.00686765
         vertex -0.005715 0.01235 -0.0069
      endloop
   endfacet
   facet normal 0 1 0
      outer loop
         vertex -0.005465 0.01235 -0.00965
         vertex -0.005715 0.01235 -0.0069
         vertex -0.00555236 0.01235 -0.00686765
      endloop
   endfacet
   facet normal 0 1 0
      outer loop
         vertex -0.005965 0.01235 -0.00965
         vertex -0.005965 0.01235 -0.00681869
         vertex -0.00587764 0.01235 -0.00686765
      endloop
   endfacet
   facet normal 0 1 0
      outer loop
         vertex -0.005715 0.01235 -0.0069
         vertex -0.005465 0.01235 -0.00965
         vertex -0.005965 0.01235 -0.00965
      endloop
   endfacet
   facet normal 0 1 0
      outer loop
         vertex -0.00555236 0.01235 -0.00686765
         vertex -0.005465 0.01235 -0.00681869
         vertex -0.005465 0.01235 -0.00965
      endloop
   endfacet
   facet normal -1 0 0
      outer loop
         vertex -0.005965 0.0123 -0.00681869
         vertex -0.005965 0.01235 -0.00681869
         vertex -0.005965 0.01235 -0.00965
      endloop
   endfacet
   facet normal -1 0 0
      outer loop
         vertex -0.005965 0.01235 -0.00965
         vertex -0.005965 0.0123 -0.00987857
         vertex -0.005965 0.0123 -0.00681869
      endloop
   endfacet
endsolid Gigabit Ethernet Port, RPi4ModelB. Units = meters