solid Microphone Plug, RPi4ModelB. STL generated by ONSHAPE BY PTC INC, 1.213. Units = meters
   facet normal 0 0 -1
      outer loop
         vertex 0 0.00275 -0.0008
         vertex 0.000105238 0.00300407 -0.0008
         vertex 0.000194454 0.00294445 -0.0008
      endloop
   endfacet
   facet normal 0 0 -1
      outer loop
         vertex 0.000194454 0.00294445 -0.0008
         vertex 0.000254067 0.00285524 -0.0008
         vertex 0 0.00275 -0.0008
      endloop
   endfacet
   facet normal 0 0 -1
      outer loop
         vertex 0.000254067 0.00285524 -0.0008
         vertex 0.000275 0.00275 -0.0008
         vertex 0 0.00275 -0.0008
      endloop
   endfacet
   facet normal 0 0 -1
      outer loop
         vertex 0.000275 0.00275 -0.0008
         vertex 0.000254067 0.00264476 -0.0008
         vertex 0 0.00275 -0.0008
      endloop
   endfacet
   facet normal 0 0 -1
      outer loop
         vertex 0.000254067 0.00264476 -0.0008
         vertex 0.000194454 0.00255555 -0.0008
         vertex 0 0.00275 -0.0008
      endloop
   endfacet
   facet normal 0 0 -1
      outer loop
         vertex 0.000194454 0.00255555 -0.0008
         vertex 0.000105238 0.00249593 -0.0008
         vertex 0 0.00275 -0.0008
      endloop
   endfacet
   facet normal 0 0 -1
      outer loop
         vertex 0.000105238 0.00249593 -0.0008
         vertex 3.36778e-20 0.002475 -0.0008
         vertex 0 0.00275 -0.0008
      endloop
   endfacet
   facet normal 0 0 -1
      outer loop
         vertex 3.36778e-20 0.002475 -0.0008
         vertex -0.000105238 0.00249593 -0.0008
         vertex 0 0.00275 -0.0008
      endloop
   endfacet
   facet normal 0 0 -1
      outer loop
         vertex -0.000105238 0.00249593 -0.0008
         vertex -0.000194454 0.00255555 -0.0008
         vertex 0 0.00275 -0.0008
      endloop
   endfacet
   facet normal 0 0 -1
      outer loop
         vertex -0.000194454 0.00255555 -0.0008
         vertex -0.000254067 0.00264476 -0.0008
         vertex 0 0.00275 -0.0008
      endloop
   endfacet
   facet normal 0 0 -1
      outer loop
         vertex -0.000254067 0.00264476 -0.0008
         vertex -0.000275 0.00275 -0.0008
         vertex 0 0.00275 -0.0008
      endloop
   endfacet
   facet normal 0 0 -1
      outer loop
         vertex -0.000275 0.00275 -0.0008
         vertex -0.000254067 0.00285524 -0.0008
         vertex 0 0.00275 -0.0008
      endloop
   endfacet
   facet normal 0 0 -1
      outer loop
         vertex -0.000254067 0.00285524 -0.0008
         vertex -0.000194454 0.00294445 -0.0008
         vertex 0 0.00275 -0.0008
      endloop
   endfacet
   facet normal 0 0 -1
      outer loop
         vertex -0.000194454 0.00294445 -0.0008
         vertex -0.000105238 0.00300407 -0.0008
         vertex 0 0.00275 -0.0008
      endloop
   endfacet
   facet normal 0 0 -1
      outer loop
         vertex -0.000105238 0.00300407 -0.0008
         vertex 0 0.003025 -0.0008
         vertex 0 0.00275 -0.0008
      endloop
   endfacet
   facet normal 0 0 -1
      outer loop
         vertex 0 0.003025 -0.0008
         vertex 0.000105238 0.00300407 -0.0008
         vertex 0 0.00275 -0.0008
      endloop
   endfacet
   facet normal 0 0.92388 -0.382683
      outer loop
         vertex 0 0.00320978 -0.000676537
         vertex 0 0.003225 -0.0006
         vertex 0.000181775 0.00318884 -0.0006
      endloop
   endfacet
   facet normal 0.353553 0.853553 -0.382683
      outer loop
         vertex 0.000175949 0.00317478 -0.000676537
         vertex 0.000181775 0.00318884 -0.0006
         vertex 0.000335876 0.00308588 -0.0006
      endloop
   endfacet
   facet normal 0.653281 0.653281 -0.382683
      outer loop
         vertex 0.000325111 0.00307511 -0.000676537
         vertex 0.000335876 0.00308588 -0.0006
         vertex 0.000438843 0.00293177 -0.0006
      endloop
   endfacet
   facet normal 0.853553 0.353553 -0.382683
      outer loop
         vertex 0.000424778 0.00292595 -0.000676537
         vertex 0.000438843 0.00293177 -0.0006
         vertex 0.000475 0.00275 -0.0006
      endloop
   endfacet
   facet normal 0.92388 -1.02571e-16 -0.382683
      outer loop
         vertex 0.000459776 0.00275 -0.000676537
         vertex 0.000475 0.00275 -0.0006
         vertex 0.000438843 0.00256823 -0.0006
      endloop
   endfacet
   facet normal 0.853553 -0.353553 -0.382683
      outer loop
         vertex 0.000424778 0.00257405 -0.000676537
         vertex 0.000438843 0.00256823 -0.0006
         vertex 0.000335876 0.00241412 -0.0006
      endloop
   endfacet
   facet normal 0.653281 -0.653281 -0.382683
      outer loop
         vertex 0.000325111 0.00242489 -0.000676537
         vertex 0.000335876 0.00241412 -0.0006
         vertex 0.000181775 0.00231116 -0.0006
      endloop
   endfacet
   facet normal 0.353553 -0.853553 -0.382683
      outer loop
         vertex 0.000175949 0.00232522 -0.000676537
         vertex 0.000181775 0.00231116 -0.0006
         vertex 1.74512e-19 0.002275 -0.0006
      endloop
   endfacet
   facet normal -1.53857e-16 -0.92388 -0.382683
      outer loop
         vertex -7.65681e-20 0.00229022 -0.000676537
         vertex 1.74512e-19 0.002275 -0.0006
         vertex -0.000181775 0.00231116 -0.0006
      endloop
   endfacet
   facet normal -0.353553 -0.853553 -0.382683
      outer loop
         vertex -0.000175949 0.00232522 -0.000676537
         vertex -0.000181775 0.00231116 -0.0006
         vertex -0.000335876 0.00241412 -0.0006
      endloop
   endfacet
   facet normal -0.653281 -0.653281 -0.382683
      outer loop
         vertex -0.000325111 0.00242489 -0.000676537
         vertex -0.000335876 0.00241412 -0.0006
         vertex -0.000438843 0.00256823 -0.0006
      endloop
   endfacet
   facet normal -0.853553 -0.353553 -0.382683
      outer loop
         vertex -0.000424778 0.00257405 -0.000676537
         vertex -0.000438843 0.00256823 -0.0006
         vertex -0.000475 0.00275 -0.0006
      endloop
   endfacet
   facet normal -0.92388 2.56428e-16 -0.382683
      outer loop
         vertex -0.000459776 0.00275 -0.000676537
         vertex -0.000475 0.00275 -0.0006
         vertex -0.000438843 0.00293177 -0.0006
      endloop
   endfacet
   facet normal -0.853553 0.353553 -0.382683
      outer loop
         vertex -0.000424778 0.00292595 -0.000676537
         vertex -0.000438843 0.00293177 -0.0006
         vertex -0.000335876 0.00308588 -0.0006
      endloop
   endfacet
   facet normal -0.653281 0.653281 -0.382683
      outer loop
         vertex -0.000325111 0.00307511 -0.000676537
         vertex -0.000335876 0.00308588 -0.0006
         vertex -0.000181775 0.00318884 -0.0006
      endloop
   endfacet
   facet normal -0.353553 0.853553 -0.382683
      outer loop
         vertex -0.000175949 0.00317478 -0.000676537
         vertex -0.000181775 0.00318884 -0.0006
         vertex 0 0.003225 -0.0006
      endloop
   endfacet
   facet normal 0 0.707107 -0.707107
      outer loop
         vertex 0 0.00316642 -0.000741421
         vertex 0 0.00320978 -0.000676537
         vertex 0.000175949 0.00317478 -0.000676537
      endloop
   endfacet
   facet normal 0.270598 0.653281 -0.707107
      outer loop
         vertex 0.000159358 0.00313472 -0.000741421
         vertex 0.000175949 0.00317478 -0.000676537
         vertex 0.000325111 0.00307511 -0.000676537
      endloop
   endfacet
   facet normal 0.5 0.5 -0.707107
      outer loop
         vertex 0.000294454 0.00304445 -0.000741421
         vertex 0.000325111 0.00307511 -0.000676537
         vertex 0.000424778 0.00292595 -0.000676537
      endloop
   endfacet
   facet normal 0.653281 0.270598 -0.707107
      outer loop
         vertex 0.000384723 0.00290936 -0.000741421
         vertex 0.000424778 0.00292595 -0.000676537
         vertex 0.000459776 0.00275 -0.000676537
      endloop
   endfacet
   facet normal 0.707107 -7.85046e-17 -0.707107
      outer loop
         vertex 0.000416421 0.00275 -0.000741421
         vertex 0.000459776 0.00275 -0.000676537
         vertex 0.000424778 0.00257405 -0.000676537
      endloop
   endfacet
   facet normal 0.653281 -0.270598 -0.707107
      outer loop
         vertex 0.000384723 0.00259064 -0.000741421
         vertex 0.000424778 0.00257405 -0.000676537
         vertex 0.000325111 0.00242489 -0.000676537
      endloop
   endfacet
   facet normal 0.5 -0.5 -0.707107
      outer loop
         vertex 0.000294454 0.00245555 -0.000741421
         vertex 0.000325111 0.00242489 -0.000676537
         vertex 0.000175949 0.00232522 -0.000676537
      endloop
   endfacet
   facet normal 0.270598 -0.653281 -0.707107
      outer loop
         vertex 0.000159358 0.00236528 -0.000741421
         vertex 0.000175949 0.00232522 -0.000676537
         vertex -7.65681e-20 0.00229022 -0.000676537
      endloop
   endfacet
   facet normal -1.17757e-16 -0.707107 -0.707107
      outer loop
         vertex -6.93481e-20 0.00233358 -0.000741421
         vertex -7.65681e-20 0.00229022 -0.000676537
         vertex -0.000175949 0.00232522 -0.000676537
      endloop
   endfacet
   facet normal -0.270598 -0.653281 -0.707107
      outer loop
         vertex -0.000159358 0.00236528 -0.000741421
         vertex -0.000175949 0.00232522 -0.000676537
         vertex -0.000325111 0.00242489 -0.000676537
      endloop
   endfacet
   facet normal -0.5 -0.5 -0.707107
      outer loop
         vertex -0.000294454 0.00245555 -0.000741421
         vertex -0.000325111 0.00242489 -0.000676537
         vertex -0.000424778 0.00257405 -0.000676537
      endloop
   endfacet
   facet normal -0.653281 -0.270598 -0.707107
      outer loop
         vertex -0.000384723 0.00259064 -0.000741421
         vertex -0.000424778 0.00257405 -0.000676537
         vertex -0.000459776 0.00275 -0.000676537
      endloop
   endfacet
   facet normal -0.707107 1.96262e-16 -0.707107
      outer loop
         vertex -0.000416421 0.00275 -0.000741421
         vertex -0.000459776 0.00275 -0.000676537
         vertex -0.000424778 0.00292595 -0.000676537
      endloop
   endfacet
   facet normal -0.653281 0.270598 -0.707107
      outer loop
         vertex -0.000384723 0.00290936 -0.000741421
         vertex -0.000424778 0.00292595 -0.000676537
         vertex -0.000325111 0.00307511 -0.000676537
      endloop
   endfacet
   facet normal -0.5 0.5 -0.707107
      outer loop
         vertex -0.000294454 0.00304445 -0.000741421
         vertex -0.000325111 0.00307511 -0.000676537
         vertex -0.000175949 0.00317478 -0.000676537
      endloop
   endfacet
   facet normal -0.270598 0.653281 -0.707107
      outer loop
         vertex -0.000159358 0.00313472 -0.000741421
         vertex -0.000175949 0.00317478 -0.000676537
         vertex 0 0.00320978 -0.000676537
      endloop
   endfacet
   facet normal 0 0.382683 -0.92388
      outer loop
         vertex 0 0.00310154 -0.000784776
         vertex 0 0.00316642 -0.000741421
         vertex 0.000159358 0.00313472 -0.000741421
      endloop
   endfacet
   facet normal 0.146447 0.353553 -0.92388
      outer loop
         vertex 0.000134527 0.00307478 -0.000784776
         vertex 0.000159358 0.00313472 -0.000741421
         vertex 0.000294454 0.00304445 -0.000741421
      endloop
   endfacet
   facet normal 0.270598 0.270598 -0.92388
      outer loop
         vertex 0.000248574 0.00299857 -0.000784776
         vertex 0.000294454 0.00304445 -0.000741421
         vertex 0.000384723 0.00290936 -0.000741421
      endloop
   endfacet
   facet normal 0.353553 0.146447 -0.92388
      outer loop
         vertex 0.000324778 0.00288453 -0.000784776
         vertex 0.000384723 0.00290936 -0.000741421
         vertex 0.000416421 0.00275 -0.000741421
      endloop
   endfacet
   facet normal 0.382683 -4.24864e-17 -0.92388
      outer loop
         vertex 0.000351537 0.00275 -0.000784776
         vertex 0.000416421 0.00275 -0.000741421
         vertex 0.000384723 0.00259064 -0.000741421
      endloop
   endfacet
   facet normal 0.353553 -0.146447 -0.92388
      outer loop
         vertex 0.000324778 0.00261547 -0.000784776
         vertex 0.000384723 0.00259064 -0.000741421
         vertex 0.000294454 0.00245555 -0.000741421
      endloop
   endfacet
   facet normal 0.270598 -0.270598 -0.92388
      outer loop
         vertex 0.000248574 0.00250143 -0.000784776
         vertex 0.000294454 0.00245555 -0.000741421
         vertex 0.000159358 0.00236528 -0.000741421
      endloop
   endfacet
   facet normal 0.146447 -0.353553 -0.92388
      outer loop
         vertex 0.000134527 0.00242522 -0.000784776
         vertex 0.000159358 0.00236528 -0.000741421
         vertex -6.93481e-20 0.00233358 -0.000741421
      endloop
   endfacet
   facet normal -6.37296e-17 -0.382683 -0.92388
      outer loop
         vertex -5.85426e-20 0.00239846 -0.000784776
         vertex -6.93481e-20 0.00233358 -0.000741421
         vertex -0.000159358 0.00236528 -0.000741421
      endloop
   endfacet
   facet normal -0.146447 -0.353553 -0.92388
      outer loop
         vertex -0.000134527 0.00242522 -0.000784776
         vertex -0.000159358 0.00236528 -0.000741421
         vertex -0.000294454 0.00245555 -0.000741421
      endloop
   endfacet
   facet normal -0.270598 -0.270598 -0.92388
      outer loop
         vertex -0.000248574 0.00250143 -0.000784776
         vertex -0.000294454 0.00245555 -0.000741421
         vertex -0.000384723 0.00259064 -0.000741421
      endloop
   endfacet
   facet normal -0.353553 -0.146447 -0.92388
      outer loop
         vertex -0.000324778 0.00261547 -0.000784776
         vertex -0.000384723 0.00259064 -0.000741421
         vertex -0.000416421 0.00275 -0.000741421
      endloop
   endfacet
   facet normal -0.382683 1.06216e-16 -0.92388
      outer loop
         vertex -0.000351537 0.00275 -0.000784776
         vertex -0.000416421 0.00275 -0.000741421
         vertex -0.000384723 0.00290936 -0.000741421
      endloop
   endfacet
   facet normal -0.353553 0.146447 -0.92388
      outer loop
         vertex -0.000324778 0.00288453 -0.000784776
         vertex -0.000384723 0.00290936 -0.000741421
         vertex -0.000294454 0.00304445 -0.000741421
      endloop
   endfacet
   facet normal -0.270598 0.270598 -0.92388
      outer loop
         vertex -0.000248574 0.00299857 -0.000784776
         vertex -0.000294454 0.00304445 -0.000741421
         vertex -0.000159358 0.00313472 -0.000741421
      endloop
   endfacet
   facet normal -0.146447 0.353553 -0.92388
      outer loop
         vertex -0.000134527 0.00307478 -0.000784776
         vertex -0.000159358 0.00313472 -0.000741421
         vertex 0 0.00316642 -0.000741421
      endloop
   endfacet
   facet normal 0 2.71051e-16 -1
      outer loop
         vertex 0 0.003025 -0.0008
         vertex 0 0.00310154 -0.000784776
         vertex 0.000134527 0.00307478 -0.000784776
      endloop
   endfacet
   facet normal 0 2.71051e-16 -1
      outer loop
         vertex 0.000105238 0.00300407 -0.0008
         vertex 0.000134527 0.00307478 -0.000784776
         vertex 0.000248574 0.00299857 -0.000784776
      endloop
   endfacet
   facet normal 0 2.71051e-16 -1
      outer loop
         vertex 0.000194454 0.00294445 -0.0008
         vertex 0.000248574 0.00299857 -0.000784776
         vertex 0.000324778 0.00288453 -0.000784776
      endloop
   endfacet
   facet normal 0 2.71051e-16 -1
      outer loop
         vertex 0.000254067 0.00285524 -0.0008
         vertex 0.000324778 0.00288453 -0.000784776
         vertex 0.000351537 0.00275 -0.000784776
      endloop
   endfacet
   facet normal 0 2.71051e-16 -1
      outer loop
         vertex 0.000275 0.00275 -0.0008
         vertex 0.000351537 0.00275 -0.000784776
         vertex 0.000324778 0.00261547 -0.000784776
      endloop
   endfacet
   facet normal 0 2.71051e-16 -1
      outer loop
         vertex 0.000254067 0.00264476 -0.0008
         vertex 0.000324778 0.00261547 -0.000784776
         vertex 0.000248574 0.00250143 -0.000784776
      endloop
   endfacet
   facet normal 0 2.71051e-16 -1
      outer loop
         vertex 0.000194454 0.00255555 -0.0008
         vertex 0.000248574 0.00250143 -0.000784776
         vertex 0.000134527 0.00242522 -0.000784776
      endloop
   endfacet
   facet normal 0 2.71051e-16 -1
      outer loop
         vertex 0.000105238 0.00249593 -0.0008
         vertex 0.000134527 0.00242522 -0.000784776
         vertex -5.85426e-20 0.00239846 -0.000784776
      endloop
   endfacet
   facet normal 0 2.71051e-16 -1
      outer loop
         vertex 3.36778e-20 0.002475 -0.0008
         vertex -5.85426e-20 0.00239846 -0.000784776
         vertex -0.000134527 0.00242522 -0.000784776
      endloop
   endfacet
   facet normal 0 2.71051e-16 -1
      outer loop
         vertex -0.000105238 0.00249593 -0.0008
         vertex -0.000134527 0.00242522 -0.000784776
         vertex -0.000248574 0.00250143 -0.000784776
      endloop
   endfacet
   facet normal 0 2.71051e-16 -1
      outer loop
         vertex -0.000194454 0.00255555 -0.0008
         vertex -0.000248574 0.00250143 -0.000784776
         vertex -0.000324778 0.00261547 -0.000784776
      endloop
   endfacet
   facet normal 0 2.71051e-16 -1
      outer loop
         vertex -0.000254067 0.00264476 -0.0008
         vertex -0.000324778 0.00261547 -0.000784776
         vertex -0.000351537 0.00275 -0.000784776
      endloop
   endfacet
   facet normal 0 2.71051e-16 -1
      outer loop
         vertex -0.000275 0.00275 -0.0008
         vertex -0.000351537 0.00275 -0.000784776
         vertex -0.000324778 0.00288453 -0.000784776
      endloop
   endfacet
   facet normal 0 2.71051e-16 -1
      outer loop
         vertex -0.000254067 0.00285524 -0.0008
         vertex -0.000324778 0.00288453 -0.000784776
         vertex -0.000248574 0.00299857 -0.000784776
      endloop
   endfacet
   facet normal 0 2.71051e-16 -1
      outer loop
         vertex -0.000194454 0.00294445 -0.0008
         vertex -0.000248574 0.00299857 -0.000784776
         vertex -0.000134527 0.00307478 -0.000784776
      endloop
   endfacet
   facet normal 0 2.71051e-16 -1
      outer loop
         vertex -0.000105238 0.00300407 -0.0008
         vertex -0.000134527 0.00307478 -0.000784776
         vertex 0 0.00310154 -0.000784776
      endloop
   endfacet
   facet normal 0 0.382683 -0.92388
      outer loop
         vertex 0 0.00310154 -0.000784776
         vertex 0 0.003025 -0.0008
         vertex -0.000105238 0.00300407 -0.0008
      endloop
   endfacet
   facet normal -0.146447 0.353553 -0.92388
      outer loop
         vertex -0.000134527 0.00307478 -0.000784776
         vertex -0.000105238 0.00300407 -0.0008
         vertex -0.000194454 0.00294445 -0.0008
      endloop
   endfacet
   facet normal -0.270598 0.270598 -0.92388
      outer loop
         vertex -0.000248574 0.00299857 -0.000784776
         vertex -0.000194454 0.00294445 -0.0008
         vertex -0.000254067 0.00285524 -0.0008
      endloop
   endfacet
   facet normal -0.353553 0.146447 -0.92388
      outer loop
         vertex -0.000324778 0.00288453 -0.000784776
         vertex -0.000254067 0.00285524 -0.0008
         vertex -0.000275 0.00275 -0.0008
      endloop
   endfacet
   facet normal -0.382683 1.06216e-16 -0.92388
      outer loop
         vertex -0.000351537 0.00275 -0.000784776
         vertex -0.000275 0.00275 -0.0008
         vertex -0.000254067 0.00264476 -0.0008
      endloop
   endfacet
   facet normal -0.353553 -0.146447 -0.92388
      outer loop
         vertex -0.000324778 0.00261547 -0.000784776
         vertex -0.000254067 0.00264476 -0.0008
         vertex -0.000194454 0.00255555 -0.0008
      endloop
   endfacet
   facet normal -0.270598 -0.270598 -0.92388
      outer loop
         vertex -0.000248574 0.00250143 -0.000784776
         vertex -0.000194454 0.00255555 -0.0008
         vertex -0.000105238 0.00249593 -0.0008
      endloop
   endfacet
   facet normal -0.146447 -0.353553 -0.92388
      outer loop
         vertex -0.000134527 0.00242522 -0.000784776
         vertex -0.000105238 0.00249593 -0.0008
         vertex 3.36778e-20 0.002475 -0.0008
      endloop
   endfacet
   facet normal -6.37296e-17 -0.382683 -0.92388
      outer loop
         vertex -5.85426e-20 0.00239846 -0.000784776
         vertex 3.36778e-20 0.002475 -0.0008
         vertex 0.000105238 0.00249593 -0.0008
      endloop
   endfacet
   facet normal 0.146447 -0.353553 -0.92388
      outer loop
         vertex 0.000134527 0.00242522 -0.000784776
         vertex 0.000105238 0.00249593 -0.0008
         vertex 0.000194454 0.00255555 -0.0008
      endloop
   endfacet
   facet normal 0.270598 -0.270598 -0.92388
      outer loop
         vertex 0.000248574 0.00250143 -0.000784776
         vertex 0.000194454 0.00255555 -0.0008
         vertex 0.000254067 0.00264476 -0.0008
      endloop
   endfacet
   facet normal 0.353553 -0.146447 -0.92388
      outer loop
         vertex 0.000324778 0.00261547 -0.000784776
         vertex 0.000254067 0.00264476 -0.0008
         vertex 0.000275 0.00275 -0.0008
      endloop
   endfacet
   facet normal 0.382683 -4.24864e-17 -0.92388
      outer loop
         vertex 0.000351537 0.00275 -0.000784776
         vertex 0.000275 0.00275 -0.0008
         vertex 0.000254067 0.00285524 -0.0008
      endloop
   endfacet
   facet normal 0.353553 0.146447 -0.92388
      outer loop
         vertex 0.000324778 0.00288453 -0.000784776
         vertex 0.000254067 0.00285524 -0.0008
         vertex 0.000194454 0.00294445 -0.0008
      endloop
   endfacet
   facet normal 0.270598 0.270598 -0.92388
      outer loop
         vertex 0.000248574 0.00299857 -0.000784776
         vertex 0.000194454 0.00294445 -0.0008
         vertex 0.000105238 0.00300407 -0.0008
      endloop
   endfacet
   facet normal 0.146447 0.353553 -0.92388
      outer loop
         vertex 0.000134527 0.00307478 -0.000784776
         vertex 0.000105238 0.00300407 -0.0008
         vertex 0 0.003025 -0.0008
      endloop
   endfacet
   facet normal 0 0.707107 -0.707107
      outer loop
         vertex 0 0.00316642 -0.000741421
         vertex 0 0.00310154 -0.000784776
         vertex -0.000134527 0.00307478 -0.000784776
      endloop
   endfacet
   facet normal -0.270598 0.653281 -0.707107
      outer loop
         vertex -0.000159358 0.00313472 -0.000741421
         vertex -0.000134527 0.00307478 -0.000784776
         vertex -0.000248574 0.00299857 -0.000784776
      endloop
   endfacet
   facet normal -0.5 0.5 -0.707107
      outer loop
         vertex -0.000294454 0.00304445 -0.000741421
         vertex -0.000248574 0.00299857 -0.000784776
         vertex -0.000324778 0.00288453 -0.000784776
      endloop
   endfacet
   facet normal -0.653281 0.270598 -0.707107
      outer loop
         vertex -0.000384723 0.00290936 -0.000741421
         vertex -0.000324778 0.00288453 -0.000784776
         vertex -0.000351537 0.00275 -0.000784776
      endloop
   endfacet
   facet normal -0.707107 1.96262e-16 -0.707107
      outer loop
         vertex -0.000416421 0.00275 -0.000741421
         vertex -0.000351537 0.00275 -0.000784776
         vertex -0.000324778 0.00261547 -0.000784776
      endloop
   endfacet
   facet normal -0.653281 -0.270598 -0.707107
      outer loop
         vertex -0.000384723 0.00259064 -0.000741421
         vertex -0.000324778 0.00261547 -0.000784776
         vertex -0.000248574 0.00250143 -0.000784776
      endloop
   endfacet
   facet normal -0.5 -0.5 -0.707107
      outer loop
         vertex -0.000294454 0.00245555 -0.000741421
         vertex -0.000248574 0.00250143 -0.000784776
         vertex -0.000134527 0.00242522 -0.000784776
      endloop
   endfacet
   facet normal -0.270598 -0.653281 -0.707107
      outer loop
         vertex -0.000159358 0.00236528 -0.000741421
         vertex -0.000134527 0.00242522 -0.000784776
         vertex -5.85426e-20 0.00239846 -0.000784776
      endloop
   endfacet
   facet normal -1.17757e-16 -0.707107 -0.707107
      outer loop
         vertex -6.93481e-20 0.00233358 -0.000741421
         vertex -5.85426e-20 0.00239846 -0.000784776
         vertex 0.000134527 0.00242522 -0.000784776
      endloop
   endfacet
   facet normal 0.270598 -0.653281 -0.707107
      outer loop
         vertex 0.000159358 0.00236528 -0.000741421
         vertex 0.000134527 0.00242522 -0.000784776
         vertex 0.000248574 0.00250143 -0.000784776
      endloop
   endfacet
   facet normal 0.5 -0.5 -0.707107
      outer loop
         vertex 0.000294454 0.00245555 -0.000741421
         vertex 0.000248574 0.00250143 -0.000784776
         vertex 0.000324778 0.00261547 -0.000784776
      endloop
   endfacet
   facet normal 0.653281 -0.270598 -0.707107
      outer loop
         vertex 0.000384723 0.00259064 -0.000741421
         vertex 0.000324778 0.00261547 -0.000784776
         vertex 0.000351537 0.00275 -0.000784776
      endloop
   endfacet
   facet normal 0.707107 -7.85046e-17 -0.707107
      outer loop
         vertex 0.000416421 0.00275 -0.000741421
         vertex 0.000351537 0.00275 -0.000784776
         vertex 0.000324778 0.00288453 -0.000784776
      endloop
   endfacet
   facet normal 0.653281 0.270598 -0.707107
      outer loop
         vertex 0.000384723 0.00290936 -0.000741421
         vertex 0.000324778 0.00288453 -0.000784776
         vertex 0.000248574 0.00299857 -0.000784776
      endloop
   endfacet
   facet normal 0.5 0.5 -0.707107
      outer loop
         vertex 0.000294454 0.00304445 -0.000741421
         vertex 0.000248574 0.00299857 -0.000784776
         vertex 0.000134527 0.00307478 -0.000784776
      endloop
   endfacet
   facet normal 0.270598 0.653281 -0.707107
      outer loop
         vertex 0.000159358 0.00313472 -0.000741421
         vertex 0.000134527 0.00307478 -0.000784776
         vertex 0 0.00310154 -0.000784776
      endloop
   endfacet
   facet normal 0 0.92388 -0.382683
      outer loop
         vertex 0 0.00320978 -0.000676537
         vertex 0 0.00316642 -0.000741421
         vertex -0.000159358 0.00313472 -0.000741421
      endloop
   endfacet
   facet normal -0.353553 0.853553 -0.382683
      outer loop
         vertex -0.000175949 0.00317478 -0.000676537
         vertex -0.000159358 0.00313472 -0.000741421
         vertex -0.000294454 0.00304445 -0.000741421
      endloop
   endfacet
   facet normal -0.653281 0.653281 -0.382683
      outer loop
         vertex -0.000325111 0.00307511 -0.000676537
         vertex -0.000294454 0.00304445 -0.000741421
         vertex -0.000384723 0.00290936 -0.000741421
      endloop
   endfacet
   facet normal -0.853553 0.353553 -0.382683
      outer loop
         vertex -0.000424778 0.00292595 -0.000676537
         vertex -0.000384723 0.00290936 -0.000741421
         vertex -0.000416421 0.00275 -0.000741421
      endloop
   endfacet
   facet normal -0.92388 2.56428e-16 -0.382683
      outer loop
         vertex -0.000459776 0.00275 -0.000676537
         vertex -0.000416421 0.00275 -0.000741421
         vertex -0.000384723 0.00259064 -0.000741421
      endloop
   endfacet
   facet normal -0.853553 -0.353553 -0.382683
      outer loop
         vertex -0.000424778 0.00257405 -0.000676537
         vertex -0.000384723 0.00259064 -0.000741421
         vertex -0.000294454 0.00245555 -0.000741421
      endloop
   endfacet
   facet normal -0.653281 -0.653281 -0.382683
      outer loop
         vertex -0.000325111 0.00242489 -0.000676537
         vertex -0.000294454 0.00245555 -0.000741421
         vertex -0.000159358 0.00236528 -0.000741421
      endloop
   endfacet
   facet normal -0.353553 -0.853553 -0.382683
      outer loop
         vertex -0.000175949 0.00232522 -0.000676537
         vertex -0.000159358 0.00236528 -0.000741421
         vertex -6.93481e-20 0.00233358 -0.000741421
      endloop
   endfacet
   facet normal -1.53857e-16 -0.92388 -0.382683
      outer loop
         vertex -7.65681e-20 0.00229022 -0.000676537
         vertex -6.93481e-20 0.00233358 -0.000741421
         vertex 0.000159358 0.00236528 -0.000741421
      endloop
   endfacet
   facet normal 0.353553 -0.853553 -0.382683
      outer loop
         vertex 0.000175949 0.00232522 -0.000676537
         vertex 0.000159358 0.00236528 -0.000741421
         vertex 0.000294454 0.00245555 -0.000741421
      endloop
   endfacet
   facet normal 0.653281 -0.653281 -0.382683
      outer loop
         vertex 0.000325111 0.00242489 -0.000676537
         vertex 0.000294454 0.00245555 -0.000741421
         vertex 0.000384723 0.00259064 -0.000741421
      endloop
   endfacet
   facet normal 0.853553 -0.353553 -0.382683
      outer loop
         vertex 0.000424778 0.00257405 -0.000676537
         vertex 0.000384723 0.00259064 -0.000741421
         vertex 0.000416421 0.00275 -0.000741421
      endloop
   endfacet
   facet normal 0.92388 -1.02571e-16 -0.382683
      outer loop
         vertex 0.000459776 0.00275 -0.000676537
         vertex 0.000416421 0.00275 -0.000741421
         vertex 0.000384723 0.00290936 -0.000741421
      endloop
   endfacet
   facet normal 0.853553 0.353553 -0.382683
      outer loop
         vertex 0.000424778 0.00292595 -0.000676537
         vertex 0.000384723 0.00290936 -0.000741421
         vertex 0.000294454 0.00304445 -0.000741421
      endloop
   endfacet
   facet normal 0.653281 0.653281 -0.382683
      outer loop
         vertex 0.000325111 0.00307511 -0.000676537
         vertex 0.000294454 0.00304445 -0.000741421
         vertex 0.000159358 0.00313472 -0.000741421
      endloop
   endfacet
   facet normal 0.353553 0.853553 -0.382683
      outer loop
         vertex 0.000175949 0.00317478 -0.000676537
         vertex 0.000159358 0.00313472 -0.000741421
         vertex 0 0.00316642 -0.000741421
      endloop
   endfacet
   facet normal 0 1 0
      outer loop
         vertex 0 0.003225 -0.0006
         vertex 0 0.00320978 -0.000676537
         vertex -0.000175949 0.00317478 -0.000676537
      endloop
   endfacet
   facet normal -0.382683 0.92388 0
      outer loop
         vertex -0.000181775 0.00318884 -0.0006
         vertex -0.000175949 0.00317478 -0.000676537
         vertex -0.000325111 0.00307511 -0.000676537
      endloop
   endfacet
   facet normal -0.707107 0.707107 0
      outer loop
         vertex -0.000335876 0.00308588 -0.0006
         vertex -0.000325111 0.00307511 -0.000676537
         vertex -0.000424778 0.00292595 -0.000676537
      endloop
   endfacet
   facet normal -0.92388 0.382683 0
      outer loop
         vertex -0.000438843 0.00293177 -0.0006
         vertex -0.000424778 0.00292595 -0.000676537
         vertex -0.000459776 0.00275 -0.000676537
      endloop
   endfacet
   facet normal -1 2.77556e-16 0
      outer loop
         vertex -0.000475 0.00275 -0.0006
         vertex -0.000459776 0.00275 -0.000676537
         vertex -0.000424778 0.00257405 -0.000676537
      endloop
   endfacet
   facet normal -0.92388 -0.382683 0
      outer loop
         vertex -0.000438843 0.00256823 -0.0006
         vertex -0.000424778 0.00257405 -0.000676537
         vertex -0.000325111 0.00242489 -0.000676537
      endloop
   endfacet
   facet normal -0.707107 -0.707107 0
      outer loop
         vertex -0.000335876 0.00241412 -0.0006
         vertex -0.000325111 0.00242489 -0.000676537
         vertex -0.000175949 0.00232522 -0.000676537
      endloop
   endfacet
   facet normal -0.382683 -0.92388 0
      outer loop
         vertex -0.000181775 0.00231116 -0.0006
         vertex -0.000175949 0.00232522 -0.000676537
         vertex -7.65681e-20 0.00229022 -0.000676537
      endloop
   endfacet
   facet normal 1.22465e-16 -1 0
      outer loop
         vertex 1.74512e-19 0.002275 -0.0006
         vertex -7.65681e-20 0.00229022 -0.000676537
         vertex 0.000175949 0.00232522 -0.000676537
      endloop
   endfacet
   facet normal 0.382683 -0.92388 0
      outer loop
         vertex 0.000181775 0.00231116 -0.0006
         vertex 0.000175949 0.00232522 -0.000676537
         vertex 0.000325111 0.00242489 -0.000676537
      endloop
   endfacet
   facet normal 0.707107 -0.707107 0
      outer loop
         vertex 0.000335876 0.00241412 -0.0006
         vertex 0.000325111 0.00242489 -0.000676537
         vertex 0.000424778 0.00257405 -0.000676537
      endloop
   endfacet
   facet normal 0.92388 -0.382683 0
      outer loop
         vertex 0.000438843 0.00256823 -0.0006
         vertex 0.000424778 0.00257405 -0.000676537
         vertex 0.000459776 0.00275 -0.000676537
      endloop
   endfacet
   facet normal 1 -1.11022e-16 0
      outer loop
         vertex 0.000475 0.00275 -0.0006
         vertex 0.000459776 0.00275 -0.000676537
         vertex 0.000424778 0.00292595 -0.000676537
      endloop
   endfacet
   facet normal 0.92388 0.382683 0
      outer loop
         vertex 0.000438843 0.00293177 -0.0006
         vertex 0.000424778 0.00292595 -0.000676537
         vertex 0.000325111 0.00307511 -0.000676537
      endloop
   endfacet
   facet normal 0.707107 0.707107 0
      outer loop
         vertex 0.000335876 0.00308588 -0.0006
         vertex 0.000325111 0.00307511 -0.000676537
         vertex 0.000175949 0.00317478 -0.000676537
      endloop
   endfacet
   facet normal 0.382683 0.92388 0
      outer loop
         vertex 0.000181775 0.00318884 -0.0006
         vertex 0.000175949 0.00317478 -0.000676537
         vertex 0 0.00320978 -0.000676537
      endloop
   endfacet
   facet normal 0 1 0
      outer loop
         vertex 0 0.003225 -0.0006
         vertex -1.16341e-19 0.003225 0
         vertex 0.000181775 0.00318884 0
      endloop
   endfacet
   facet normal 0.382683 0.92388 0
      outer loop
         vertex 0.000181775 0.00318884 -0.0006
         vertex 0.000181775 0.00318884 0
         vertex 0.000335876 0.00308588 0
      endloop
   endfacet
   facet normal 0.707107 0.707107 0
      outer loop
         vertex 0.000335876 0.00308588 -0.0006
         vertex 0.000335876 0.00308588 0
         vertex 0.000438843 0.00293177 0
      endloop
   endfacet
   facet normal 0.92388 0.382683 0
      outer loop
         vertex 0.000438843 0.00293177 -0.0006
         vertex 0.000438843 0.00293177 0
         vertex 0.000475 0.00275 0
      endloop
   endfacet
   facet normal 1 6.12323e-17 0
      outer loop
         vertex 0.000475 0.00275 -0.0006
         vertex 0.000475 0.00275 0
         vertex 0.000438843 0.00256823 0
      endloop
   endfacet
   facet normal 0.92388 -0.382683 0
      outer loop
         vertex 0.000438843 0.00256823 -0.0006
         vertex 0.000438843 0.00256823 0
         vertex 0.000335876 0.00241412 0
      endloop
   endfacet
   facet normal 0.707107 -0.707107 0
      outer loop
         vertex 0.000335876 0.00241412 -0.0006
         vertex 0.000335876 0.00241412 0
         vertex 0.000181775 0.00231116 0
      endloop
   endfacet
   facet normal 0.382683 -0.92388 0
      outer loop
         vertex 0.000181775 0.00231116 -0.0006
         vertex 0.000181775 0.00231116 0
         vertex 5.81707e-20 0.002275 0
      endloop
   endfacet
   facet normal 1.22465e-16 -1 0
      outer loop
         vertex 1.74512e-19 0.002275 -0.0006
         vertex 5.81707e-20 0.002275 0
         vertex -0.000181775 0.00231116 0
      endloop
   endfacet
   facet normal -0.382683 -0.92388 0
      outer loop
         vertex -0.000181775 0.00231116 -0.0006
         vertex -0.000181775 0.00231116 0
         vertex -0.000335876 0.00241412 0
      endloop
   endfacet
   facet normal -0.707107 -0.707107 0
      outer loop
         vertex -0.000335876 0.00241412 -0.0006
         vertex -0.000335876 0.00241412 0
         vertex -0.000438843 0.00256823 0
      endloop
   endfacet
   facet normal -0.92388 -0.382683 0
      outer loop
         vertex -0.000438843 0.00256823 -0.0006
         vertex -0.000438843 0.00256823 0
         vertex -0.000475 0.00275 0
      endloop
   endfacet
   facet normal -1 -1.83697e-16 0
      outer loop
         vertex -0.000475 0.00275 -0.0006
         vertex -0.000475 0.00275 0
         vertex -0.000438843 0.00293177 0
      endloop
   endfacet
   facet normal -0.92388 0.382683 0
      outer loop
         vertex -0.000438843 0.00293177 -0.0006
         vertex -0.000438843 0.00293177 0
         vertex -0.000335876 0.00308588 0
      endloop
   endfacet
   facet normal -0.707107 0.707107 0
      outer loop
         vertex -0.000335876 0.00308588 -0.0006
         vertex -0.000335876 0.00308588 0
         vertex -0.000181775 0.00318884 0
      endloop
   endfacet
   facet normal -0.382683 0.92388 0
      outer loop
         vertex -0.000181775 0.00318884 -0.0006
         vertex -0.000181775 0.00318884 0
         vertex -1.16341e-19 0.003225 0
      endloop
   endfacet
   facet normal 0 1 0
      outer loop
         vertex -1.16341e-19 0.003225 0
         vertex 0 0.003225 -0.0006
         vertex -0.000181775 0.00318884 -0.0006
      endloop
   endfacet
   facet normal -0.382683 0.92388 0
      outer loop
         vertex -0.000181775 0.00318884 0
         vertex -0.000181775 0.00318884 -0.0006
         vertex -0.000335876 0.00308588 -0.0006
      endloop
   endfacet
   facet normal -0.707107 0.707107 0
      outer loop
         vertex -0.000335876 0.00308588 0
         vertex -0.000335876 0.00308588 -0.0006
         vertex -0.000438843 0.00293177 -0.0006
      endloop
   endfacet
   facet normal -0.92388 0.382683 0
      outer loop
         vertex -0.000438843 0.00293177 0
         vertex -0.000438843 0.00293177 -0.0006
         vertex -0.000475 0.00275 -0.0006
      endloop
   endfacet
   facet normal -1 -1.83697e-16 0
      outer loop
         vertex -0.000475 0.00275 0
         vertex -0.000475 0.00275 -0.0006
         vertex -0.000438843 0.00256823 -0.0006
      endloop
   endfacet
   facet normal -0.92388 -0.382683 0
      outer loop
         vertex -0.000438843 0.00256823 0
         vertex -0.000438843 0.00256823 -0.0006
         vertex -0.000335876 0.00241412 -0.0006
      endloop
   endfacet
   facet normal -0.707107 -0.707107 0
      outer loop
         vertex -0.000335876 0.00241412 0
         vertex -0.000335876 0.00241412 -0.0006
         vertex -0.000181775 0.00231116 -0.0006
      endloop
   endfacet
   facet normal -0.382683 -0.92388 0
      outer loop
         vertex -0.000181775 0.00231116 0
         vertex -0.000181775 0.00231116 -0.0006
         vertex 1.74512e-19 0.002275 -0.0006
      endloop
   endfacet
   facet normal 1.22465e-16 -1 0
      outer loop
         vertex 5.81707e-20 0.002275 0
         vertex 1.74512e-19 0.002275 -0.0006
         vertex 0.000181775 0.00231116 -0.0006
      endloop
   endfacet
   facet normal 0.382683 -0.92388 0
      outer loop
         vertex 0.000181775 0.00231116 0
         vertex 0.000181775 0.00231116 -0.0006
         vertex 0.000335876 0.00241412 -0.0006
      endloop
   endfacet
   facet normal 0.707107 -0.707107 0
      outer loop
         vertex 0.000335876 0.00241412 0
         vertex 0.000335876 0.00241412 -0.0006
         vertex 0.000438843 0.00256823 -0.0006
      endloop
   endfacet
   facet normal 0.92388 -0.382683 0
      outer loop
         vertex 0.000438843 0.00256823 0
         vertex 0.000438843 0.00256823 -0.0006
         vertex 0.000475 0.00275 -0.0006
      endloop
   endfacet
   facet normal 1 6.12323e-17 0
      outer loop
         vertex 0.000475 0.00275 0
         vertex 0.000475 0.00275 -0.0006
         vertex 0.000438843 0.00293177 -0.0006
      endloop
   endfacet
   facet normal 0.92388 0.382683 0
      outer loop
         vertex 0.000438843 0.00293177 0
         vertex 0.000438843 0.00293177 -0.0006
         vertex 0.000335876 0.00308588 -0.0006
      endloop
   endfacet
   facet normal 0.707107 0.707107 0
      outer loop
         vertex 0.000335876 0.00308588 0
         vertex 0.000335876 0.00308588 -0.0006
         vertex 0.000181775 0.00318884 -0.0006
      endloop
   endfacet
   facet normal 0.382683 0.92388 0
      outer loop
         vertex 0.000181775 0.00318884 0
         vertex 0.000181775 0.00318884 -0.0006
         vertex 0 0.003225 -0.0006
      endloop
   endfacet
   facet normal 0 0 -1
      outer loop
         vertex -0.00175 0.002275 -1.34731e-20
         vertex -0.000181775 -0.00381116 0
         vertex -0.000335876 -0.00391412 0
      endloop
   endfacet
   facet normal 0 0 -1
      outer loop
         vertex -0.000335876 -0.00391412 0
         vertex -0.00305 -0.00215 -3.58577e-20
         vertex -0.00175 0.002275 -1.34731e-20
      endloop
   endfacet
   facet normal 0 0 -1
      outer loop
         vertex -0.00175 0.002275 -1.34731e-20
         vertex 0.00305 -0.00215 -3.58577e-20
         vertex 0.000181775 -0.00381116 0
      endloop
   endfacet
   facet normal 0 0 -1
      outer loop
         vertex 0.00305 -0.00575 -7.16449e-20
         vertex -4.94396e-19 -0.00625 4.33681e-19
         vertex 0.000181775 -0.00468884 0
      endloop
   endfacet
   facet normal 0 0 -1
      outer loop
         vertex -0.00305 -0.00215 -3.58577e-20
         vertex -0.000438843 -0.00406823 0
         vertex -0.000475 -0.00425 0
      endloop
   endfacet
   facet normal 0 0 -1
      outer loop
         vertex -0.00175 0.002275 -1.34731e-20
         vertex -1.16341e-19 -0.003775 0
         vertex -0.000181775 -0.00381116 0
      endloop
   endfacet
   facet normal 0 0 -1
      outer loop
         vertex 0.00305 -0.00215 -3.58577e-20
         vertex 0.000335876 -0.00391412 0
         vertex 0.000181775 -0.00381116 0
      endloop
   endfacet
   facet normal 0 0 -1
      outer loop
         vertex 0.000181775 -0.00468884 0
         vertex 0.000335876 -0.00458588 0
         vertex 0.00305 -0.00575 -7.16449e-20
      endloop
   endfacet
   facet normal 0 0 -1
      outer loop
         vertex -4.94396e-19 -0.00625 4.33681e-19
         vertex -0.000181775 -0.00468884 0
         vertex 5.81707e-20 -0.004725 0
      endloop
   endfacet
   facet normal 0 0 -1
      outer loop
         vertex 0.00175 0.002275 1.41172e-22
         vertex 0.0035 -0.00215 0
         vertex 0.00305 -0.00215 -3.58577e-20
      endloop
   endfacet
   facet normal 0 0 -1
      outer loop
         vertex -0.0009 0.002275 -1.38437e-20
         vertex -0.000335876 0.00241412 0
         vertex -0.000181775 0.00231116 0
      endloop
   endfacet
   facet normal 0 0 -1
      outer loop
         vertex 0.0009 0.003425 7.05861e-22
         vertex 0.0009 0.002275 9.45853e-21
         vertex 0.000475 0.00275 0
      endloop
   endfacet
   facet normal 0 0 -1
      outer loop
         vertex -0.000335876 -0.00391412 0
         vertex -0.000438843 -0.00406823 0
         vertex -0.00305 -0.00215 -3.58577e-20
      endloop
   endfacet
   facet normal 0 0 -1
      outer loop
         vertex 0.00305 -0.00215 -3.58577e-20
         vertex 0.000438843 -0.00406823 0
         vertex 0.000335876 -0.00391412 0
      endloop
   endfacet
   facet normal 0 0 -1
      outer loop
         vertex 0.00305 -0.00215 -3.58577e-20
         vertex 0.00305 -0.00575 -7.16449e-20
         vertex 0.000475 -0.00425 0
      endloop
   endfacet
   facet normal 0 0 -1
      outer loop
         vertex 5.81707e-20 -0.004725 0
         vertex 0.000181775 -0.00468884 0
         vertex -4.94396e-19 -0.00625 4.33681e-19
      endloop
   endfacet
   facet normal 0 0 -1
      outer loop
         vertex -0.0035 -0.00625 2.18535e-19
         vertex -0.000335876 -0.00458588 0
         vertex -0.000181775 -0.00468884 0
      endloop
   endfacet
   facet normal 0 0 -1
      outer loop
         vertex -0.000335876 -0.00458588 0
         vertex -0.0035 -0.00625 2.18535e-19
         vertex -0.00305 -0.00575 -7.16449e-20
      endloop
   endfacet
   facet normal 0 0 -1
      outer loop
         vertex 0.00305 -0.00215 -3.58577e-20
         vertex 5.81707e-20 0.002275 0
         vertex 0.0009 0.002275 9.45853e-21
      endloop
   endfacet
   facet normal 0 0 -1
      outer loop
         vertex -0.0009 0.002275 -1.38437e-20
         vertex -0.000438843 0.00256823 0
         vertex -0.000335876 0.00241412 0
      endloop
   endfacet
   facet normal 0 0 -1
      outer loop
         vertex 0.0009 0.003425 7.05861e-22
         vertex 0.000181775 0.00318884 0
         vertex -1.16341e-19 0.003225 0
      endloop
   endfacet
   facet normal 0 0 -1
      outer loop
         vertex 0.0009 0.002275 9.45853e-21
         vertex 0.000438843 0.00256823 0
         vertex 0.000475 0.00275 0
      endloop
   endfacet
   facet normal 0 0 -1
      outer loop
         vertex 0.0009 0.002275 9.45853e-21
         vertex 0.000181775 0.00231116 0
         vertex 0.000335876 0.00241412 0
      endloop
   endfacet
   facet normal 0 0 -1
      outer loop
         vertex 0.000181775 -0.00381116 0
         vertex -1.16341e-19 -0.003775 0
         vertex -0.00175 0.002275 -1.34731e-20
      endloop
   endfacet
   facet normal 0 0 -1
      outer loop
         vertex 0.00305 -0.00575 -7.16449e-20
         vertex 0.000438843 -0.00443177 0
         vertex 0.000475 -0.00425 0
      endloop
   endfacet
   facet normal 0 0 -1
      outer loop
         vertex -0.000181775 -0.00468884 0
         vertex -4.94396e-19 -0.00625 4.33681e-19
         vertex -0.0035 -0.00625 2.18535e-19
      endloop
   endfacet
   facet normal 0 0 -1
      outer loop
         vertex -0.00305 -0.00575 -7.16449e-20
         vertex -0.000475 -0.00425 0
         vertex -0.000438843 -0.00443177 0
      endloop
   endfacet
   facet normal 0 0 -1
      outer loop
         vertex 0.00305 0.00345 -1.30104e-18
         vertex 0.0035 -0.00215 0
         vertex 0.00175 0.002275 1.41172e-22
      endloop
   endfacet
   facet normal 0 0 -1
      outer loop
         vertex 0.00305 -0.00215 -3.58577e-20
         vertex -0.000181775 0.00231116 0
         vertex 5.81707e-20 0.002275 0
      endloop
   endfacet
   facet normal 0 0 -1
      outer loop
         vertex -0.0009 0.002275 -1.38437e-20
         vertex -0.000475 0.00275 0
         vertex -0.000438843 0.00256823 0
      endloop
   endfacet
   facet normal 0 0 -1
      outer loop
         vertex -0.0009 0.003425 -4.76456e-22
         vertex -1.16341e-19 0.003225 0
         vertex -0.000181775 0.00318884 0
      endloop
   endfacet
   facet normal 0 0 -1
      outer loop
         vertex 0.0009 0.003425 7.05861e-22
         vertex 0.000335876 0.00308588 0
         vertex 0.000181775 0.00318884 0
      endloop
   endfacet
   facet normal 0 0 -1
      outer loop
         vertex 0.000335876 0.00241412 0
         vertex 0.000438843 0.00256823 0
         vertex 0.0009 0.002275 9.45853e-21
      endloop
   endfacet
   facet normal 0 0 -1
      outer loop
         vertex -0.0035 -0.00215 0
         vertex -0.00305 0.00345 -1.15648e-18
         vertex -0.00175 0.002275 -1.34731e-20
      endloop
   endfacet
   facet normal 0 0 -1
      outer loop
         vertex 0.000475 -0.00425 0
         vertex 0.000438843 -0.00406823 0
         vertex 0.00305 -0.00215 -3.58577e-20
      endloop
   endfacet
   facet normal 0 0 -1
      outer loop
         vertex -0.00305 -0.00575 -7.16449e-20
         vertex -0.000438843 -0.00443177 0
         vertex -0.000335876 -0.00458588 0
      endloop
   endfacet
   facet normal 0 0 -1
      outer loop
         vertex 0.00175 0.003425 4.23516e-22
         vertex -0.00054 0.005775 -5.67512e-20
         vertex 0.00051 0.005775 -2.8058e-20
      endloop
   endfacet
   facet normal 0 0 -1
      outer loop
         vertex 0.00175 0.002275 1.41172e-22
         vertex 0.00175 0.003425 4.23516e-22
         vertex 0.00305 0.00345 -1.30104e-18
      endloop
   endfacet
   facet normal 0 0 -1
      outer loop
         vertex -0.000181775 0.00231116 0
         vertex 0.00305 -0.00215 -3.58577e-20
         vertex -0.0009 0.002275 -1.38437e-20
      endloop
   endfacet
   facet normal 0 0 -1
      outer loop
         vertex -0.0009 0.003425 -4.76456e-22
         vertex -0.000438843 0.00293177 0
         vertex -0.000475 0.00275 0
      endloop
   endfacet
   facet normal 0 0 -1
      outer loop
         vertex -0.000181775 0.00318884 0
         vertex -0.000335876 0.00308588 0
         vertex -0.0009 0.003425 -4.76456e-22
      endloop
   endfacet
   facet normal 0 0 -1
      outer loop
         vertex 0.0009 0.003425 7.05861e-22
         vertex 0.000438843 0.00293177 0
         vertex 0.000335876 0.00308588 0
      endloop
   endfacet
   facet normal 0 0 -1
      outer loop
         vertex 0.0009 0.002275 9.45853e-21
         vertex 5.81707e-20 0.002275 0
         vertex 0.000181775 0.00231116 0
      endloop
   endfacet
   facet normal 0 0 -1
      outer loop
         vertex -0.00305 0.00345 -1.15648e-18
         vertex -0.00305 0.00475 -3.97541e-19
         vertex -0.00175 0.003425 -1.05879e-22
      endloop
   endfacet
   facet normal 0 0 -1
      outer loop
         vertex -0.0035 -0.00215 0
         vertex -0.0035 0.00345 -1.30099e-18
         vertex -0.00305 0.00345 -1.15648e-18
      endloop
   endfacet
   facet normal 0 0 -1
      outer loop
         vertex 0.000335876 -0.00458588 0
         vertex 0.000438843 -0.00443177 0
         vertex 0.00305 -0.00575 -7.16449e-20
      endloop
   endfacet
   facet normal 0 0 -1
      outer loop
         vertex 0.00305 0.00345 -1.30104e-18
         vertex 0.0035 0.00345 -8.67362e-19
         vertex 0.0035 -0.00215 0
      endloop
   endfacet
   facet normal 0 0 -1
      outer loop
         vertex 0.00305 -0.00215 -3.58577e-20
         vertex -0.00175 0.002275 -1.34731e-20
         vertex -0.0009 0.002275 -1.38437e-20
      endloop
   endfacet
   facet normal 0 0 -1
      outer loop
         vertex -0.000335876 0.00308588 0
         vertex -0.000438843 0.00293177 0
         vertex -0.0009 0.003425 -4.76456e-22
      endloop
   endfacet
   facet normal 0 0 -1
      outer loop
         vertex 0.000475 0.00275 0
         vertex 0.000438843 0.00293177 0
         vertex 0.0009 0.003425 7.05861e-22
      endloop
   endfacet
   facet normal 0 0 -1
      outer loop
         vertex 0.0027 0.0058 1.63477e-19
         vertex 0.0027 0.00475 1.4569e-19
         vertex 0.00051 0.005775 -2.8058e-20
      endloop
   endfacet
   facet normal 0 0 -1
      outer loop
         vertex -0.00175 0.002275 -1.34731e-20
         vertex -0.00305 -0.00215 -3.58577e-20
         vertex -0.0035 -0.00215 0
      endloop
   endfacet
   facet normal 0 0 -1
      outer loop
         vertex -0.0035 -0.00625 2.18535e-19
         vertex -0.0035 -0.00575 1.08773e-19
         vertex -0.00305 -0.00575 -7.16449e-20
      endloop
   endfacet
   facet normal 0 0 -1
      outer loop
         vertex -0.0027 0.0058 2.45216e-19
         vertex 0.0009 0.003425 7.05861e-22
         vertex -0.0009 0.003425 -4.76456e-22
      endloop
   endfacet
   facet normal 0 0 -1
      outer loop
         vertex -0.00175 0.003425 -1.05879e-22
         vertex -0.00305 0.00475 -3.97541e-19
         vertex -0.0027 0.00475 2.16655e-19
      endloop
   endfacet
   facet normal 0 0 -1
      outer loop
         vertex 0.00305 -0.00215 -3.58577e-20
         vertex 0.0009 0.002275 9.45853e-21
         vertex 0.00175 0.002275 1.41172e-22
      endloop
   endfacet
   facet normal 0 0 -1
      outer loop
         vertex -1.16341e-19 0.003225 0
         vertex -0.0009 0.003425 -4.76456e-22
         vertex 0.0009 0.003425 7.05861e-22
      endloop
   endfacet
   facet normal 0 0 -1
      outer loop
         vertex 0.00051 0.005775 -2.8058e-20
         vertex 0.00051 0.00625 1.49872e-19
         vertex 0.0027 0.0058 1.63477e-19
      endloop
   endfacet
   facet normal 0 0 -1
      outer loop
         vertex 0.0035 0.00625 1.63927e-19
         vertex 0.00305 0.0058 7.05861e-23
         vertex 0.0027 0.0058 1.63477e-19
      endloop
   endfacet
   facet normal 0 0 -1
      outer loop
         vertex 0.0035 0.00495 -1.4456e-19
         vertex 0.00305 0.00495 -2.8905e-19
         vertex 0.00305 0.0058 7.05861e-23
      endloop
   endfacet
   facet normal 0 0 -1
      outer loop
         vertex 0.0035 -0.00625 2.92509e-19
         vertex -4.94396e-19 -0.00625 4.33681e-19
         vertex 0.00305 -0.00575 -7.16449e-20
      endloop
   endfacet
   facet normal 0 0 -1
      outer loop
         vertex -0.000475 -0.00425 0
         vertex -0.00305 -0.00575 -7.16449e-20
         vertex -0.00305 -0.00215 -3.58577e-20
      endloop
   endfacet
   facet normal 0 0 -1
      outer loop
         vertex -0.0027 0.00475 2.16655e-19
         vertex -0.0009 0.003425 -4.76456e-22
         vertex -0.00175 0.003425 -1.05879e-22
      endloop
   endfacet
   facet normal 0 0 -1
      outer loop
         vertex -0.000475 0.00275 0
         vertex -0.0009 0.002275 -1.38437e-20
         vertex -0.0009 0.003425 -4.76456e-22
      endloop
   endfacet
   facet normal 0 0 -1
      outer loop
         vertex -0.0035 0.00625 8.20034e-20
         vertex -0.00054 0.005775 -5.67512e-20
         vertex -0.0027 0.0058 2.45216e-19
      endloop
   endfacet
   facet normal 0 0 -1
      outer loop
         vertex -0.00054 0.005775 -5.67512e-20
         vertex 0.00175 0.003425 4.23516e-22
         vertex 0.0009 0.003425 7.05861e-22
      endloop
   endfacet
   facet normal 0 0 -1
      outer loop
         vertex 0.0027 0.00475 1.4569e-19
         vertex 0.00305 0.00345 -1.30104e-18
         vertex 0.00051 0.005775 -2.8058e-20
      endloop
   endfacet
   facet normal 0 0 -1
      outer loop
         vertex 0.00305 0.0058 7.05861e-23
         vertex 0.0035 0.00625 1.63927e-19
         vertex 0.0035 0.00495 -1.4456e-19
      endloop
   endfacet
   facet normal 0 0 -1
      outer loop
         vertex -0.00175 0.003425 -1.05879e-22
         vertex -0.00175 0.002275 -1.34731e-20
         vertex -0.00305 0.00345 -1.15648e-18
      endloop
   endfacet
   facet normal 0 0 -1
      outer loop
         vertex 0.00051 0.005775 -2.8058e-20
         vertex 0.00305 0.00345 -1.30104e-18
         vertex 0.00175 0.003425 4.23516e-22
      endloop
   endfacet
   facet normal 0 0 -1
      outer loop
         vertex 0.0009 0.003425 7.05861e-22
         vertex -0.0027 0.0058 2.45216e-19
         vertex -0.00054 0.005775 -5.67512e-20
      endloop
   endfacet
   facet normal 0 0 -1
      outer loop
         vertex 0.0027 0.0058 1.63477e-19
         vertex 0.00051 0.00625 1.49872e-19
         vertex 0.0035 0.00625 1.63927e-19
      endloop
   endfacet
   facet normal 0 0 -1
      outer loop
         vertex -0.0009 0.003425 -4.76456e-22
         vertex -0.0027 0.00475 2.16655e-19
         vertex -0.0027 0.0058 2.45216e-19
      endloop
   endfacet
   facet normal 0 0 -1
      outer loop
         vertex -0.0035 0.00495 -8.78241e-19
         vertex -0.0035 0.00625 8.20034e-20
         vertex -0.00305 0.0058 2.9977e-19
      endloop
   endfacet
   facet normal 0 0 -1
      outer loop
         vertex -0.0035 0.00625 8.20034e-20
         vertex -0.00054 0.00625 -1.93406e-20
         vertex -0.00054 0.005775 -5.67512e-20
      endloop
   endfacet
   facet normal 0 0 -1
      outer loop
         vertex 0.00305 -0.00575 -7.16449e-20
         vertex 0.0035 -0.00575 1.82747e-19
         vertex 0.0035 -0.00625 2.92509e-19
      endloop
   endfacet
   facet normal 0 0 -1
      outer loop
         vertex -0.0027 0.0058 2.45216e-19
         vertex -0.00305 0.0058 2.9977e-19
         vertex -0.0035 0.00625 8.20034e-20
      endloop
   endfacet
   facet normal 0 0 -1
      outer loop
         vertex -0.00305 0.0058 2.9977e-19
         vertex -0.00305 0.00495 -8.22866e-19
         vertex -0.0035 0.00495 -8.78241e-19
      endloop
   endfacet
   facet normal 0 0 -1
      outer loop
         vertex 0.0027 0.00475 1.4569e-19
         vertex 0.00305 0.00475 -3.97541e-19
         vertex 0.00305 0.00345 -1.30104e-18
      endloop
   endfacet
   facet normal 0 1 0
      outer loop
         vertex 0.0035 0.00345 0.00415
         vertex 0.0035 0.00345 -8.67362e-19
         vertex 0.00305 0.00345 0.00055
      endloop
   endfacet
   facet normal 0 1 0
      outer loop
         vertex 0.0035 0.00345 -8.67362e-19
         vertex 0.00305 0.00345 -1.30104e-18
         vertex 0.00305 0.00345 0.00055
      endloop
   endfacet
   facet normal 0 1 0
      outer loop
         vertex 0.00305 0.00345 0.00055
         vertex 0.00305 0.00345 0.00415
         vertex 0.0035 0.00345 0.00415
      endloop
   endfacet
   facet normal 0 -1 0
      outer loop
         vertex 0.0035 0.00495 -1.4456e-19
         vertex 0.0035 0.00495 0.00415
         vertex 0.00305 0.00495 0.00415
      endloop
   endfacet
   facet normal 0 -1 0
      outer loop
         vertex 0.00305 0.00495 0.00415
         vertex 0.00305 0.00495 -2.8905e-19
         vertex 0.0035 0.00495 -1.4456e-19
      endloop
   endfacet
   facet normal 0 0 -1
      outer loop
         vertex 0.00305 0.00495 0.00415
         vertex 0.0035 0.00495 0.00415
         vertex 0.0035 0.00345 0.00415
      endloop
   endfacet
   facet normal 0 0 -1
      outer loop
         vertex 0.0035 0.00345 0.00415
         vertex 0.00305 0.00345 0.00415
         vertex 0.00305 0.00495 0.00415
      endloop
   endfacet
   facet normal 1 0 0
      outer loop
         vertex 0.0035 0.00625 1.63927e-19
         vertex 0.0035 0.00625 0.006
         vertex 0.0035 0.00495 0.00415
      endloop
   endfacet
   facet normal 1 0 0
      outer loop
         vertex 0.0035 0.00625 0.006
         vertex 0.0035 -0.00215 0.006
         vertex 0.0035 0.00345 0.00415
      endloop
   endfacet
   facet normal 1 0 0
      outer loop
         vertex 0.0035 0.00345 0.00415
         vertex 0.0035 0.00495 0.00415
         vertex 0.0035 0.00625 0.006
      endloop
   endfacet
   facet normal 1 0 0
      outer loop
         vertex 0.0035 -0.00215 0
         vertex 0.0035 0.00345 -8.67362e-19
         vertex 0.0035 0.00345 0.00415
      endloop
   endfacet
   facet normal 1 0 0
      outer loop
         vertex 0.0035 0.00345 0.00415
         vertex 0.0035 -0.00215 0.006
         vertex 0.0035 -0.00215 0
      endloop
   endfacet
   facet normal 1 0 0
      outer loop
         vertex 0.0035 0.00495 0.00415
         vertex 0.0035 0.00495 -1.4456e-19
         vertex 0.0035 0.00625 1.63927e-19
      endloop
   endfacet
   facet normal 0 1 0
      outer loop
         vertex -0.0035 0.00345 0.00415
         vertex -0.00305 0.00345 0.00415
         vertex -0.00305 0.00345 0.00045
      endloop
   endfacet
   facet normal 0 1 0
      outer loop
         vertex -0.00305 0.00345 0.00045
         vertex -0.0035 0.00345 -1.30099e-18
         vertex -0.0035 0.00345 0.00415
      endloop
   endfacet
   facet normal 0 1 0
      outer loop
         vertex -0.00305 0.00345 0.00045
         vertex -0.00305 0.00345 -1.15648e-18
         vertex -0.0035 0.00345 -1.30099e-18
      endloop
   endfacet
   facet normal 0 0 -1
      outer loop
         vertex -0.00305 0.00345 0.00415
         vertex -0.0035 0.00345 0.00415
         vertex -0.0035 0.00495 0.00415
      endloop
   endfacet
   facet normal 0 0 -1
      outer loop
         vertex -0.0035 0.00495 0.00415
         vertex -0.00305 0.00495 0.00415
         vertex -0.00305 0.00345 0.00415
      endloop
   endfacet
   facet normal 0 -1 0
      outer loop
         vertex -0.0035 0.00495 0.00415
         vertex -0.0035 0.00495 -8.78241e-19
         vertex -0.00305 0.00495 -8.22866e-19
      endloop
   endfacet
   facet normal 0 -1 0
      outer loop
         vertex -0.00305 0.00495 -8.22866e-19
         vertex -0.00305 0.00495 0.00415
         vertex -0.0035 0.00495 0.00415
      endloop
   endfacet
   facet normal -1 0 0
      outer loop
         vertex -0.0035 -0.00215 0
         vertex -0.0035 -0.00215 0.006
         vertex -0.0035 0.00345 0.00415
      endloop
   endfacet
   facet normal -1 0 0
      outer loop
         vertex -0.0035 0.00625 0.006
         vertex -0.0035 0.00495 0.00415
         vertex -0.0035 0.00345 0.00415
      endloop
   endfacet
   facet normal -1 0 0
      outer loop
         vertex -0.0035 0.00345 0.00415
         vertex -0.0035 -0.00215 0.006
         vertex -0.0035 0.00625 0.006
      endloop
   endfacet
   facet normal -1 0 0
      outer loop
         vertex -0.0035 0.00625 8.20034e-20
         vertex -0.0035 0.00495 -8.78241e-19
         vertex -0.0035 0.00495 0.00415
      endloop
   endfacet
   facet normal -1 0 0
      outer loop
         vertex -0.0035 0.00495 0.00415
         vertex -0.0035 0.00625 0.006
         vertex -0.0035 0.00625 8.20034e-20
      endloop
   endfacet
   facet normal -1 0 0
      outer loop
         vertex -0.0035 0.00345 0.00415
         vertex -0.0035 0.00345 -1.30099e-18
         vertex -0.0035 -0.00215 0
      endloop
   endfacet
   facet normal 0 0 1
      outer loop
         vertex 0.0035 0.00625 0.006
         vertex 0.00305 0.00625 0.006
         vertex 0.00305 0.00140768 0.006
      endloop
   endfacet
   facet normal 0 0 1
      outer loop
         vertex 0.00305 0.00140768 0.006
         vertex 0.0035 -0.00215 0.006
         vertex 0.0035 0.00625 0.006
      endloop
   endfacet
   facet normal 0 0 1
      outer loop
         vertex 0.00305 0.00140768 0.006
         vertex 0.00255 -0.00215 0.006
         vertex 0.0035 -0.00215 0.006
      endloop
   endfacet
   facet normal 0 -1 0
      outer loop
         vertex 0.0035 -0.00215 0
         vertex 0.0035 -0.00215 0.006
         vertex 0.00305 -0.00215 0.0053
      endloop
   endfacet
   facet normal 0 -1 0
      outer loop
         vertex 0.00255 -0.00215 0.006
         vertex 0.00255 -0.00215 0.0053
         vertex 0.00305 -0.00215 0.0053
      endloop
   endfacet
   facet normal 0 -1 0
      outer loop
         vertex 0.00305 -0.00215 0.0053
         vertex 0.0035 -0.00215 0.006
         vertex 0.00255 -0.00215 0.006
      endloop
   endfacet
   facet normal 0 -1 0
      outer loop
         vertex 0.00305 -0.00215 0.0053
         vertex 0.00305 -0.00215 -3.58577e-20
         vertex 0.0035 -0.00215 0
      endloop
   endfacet
   facet normal 0 1 0
      outer loop
         vertex -0.0035 -0.00575 1.08773e-19
         vertex -0.0035 -0.00575 0.006
         vertex -0.00305 -0.00575 0.0053
      endloop
   endfacet
   facet normal 0 1 0
      outer loop
         vertex -0.0035 -0.00575 0.006
         vertex 0.0035 -0.00575 0.006
         vertex 0.00305 -0.00575 0.0053
      endloop
   endfacet
   facet normal 0 1 0
      outer loop
         vertex 0.00305 -0.00575 0.0053
         vertex -0.00305 -0.00575 0.0053
         vertex -0.0035 -0.00575 0.006
      endloop
   endfacet
   facet normal 0 1 0
      outer loop
         vertex 0.0035 -0.00575 1.82747e-19
         vertex 0.00305 -0.00575 -7.16449e-20
         vertex 0.00305 -0.00575 0.0053
      endloop
   endfacet
   facet normal 0 1 0
      outer loop
         vertex 0.00305 -0.00575 0.0053
         vertex 0.0035 -0.00575 0.006
         vertex 0.0035 -0.00575 1.82747e-19
      endloop
   endfacet
   facet normal 0 1 0
      outer loop
         vertex -0.00305 -0.00575 0.0053
         vertex -0.00305 -0.00575 -7.16449e-20
         vertex -0.0035 -0.00575 1.08773e-19
      endloop
   endfacet
   facet normal 0 0 1
      outer loop
         vertex -0.0035 -0.00575 0.006
         vertex -0.0035 -0.00625 0.006
         vertex -4.94396e-19 -0.00625 0.006
      endloop
   endfacet
   facet normal 0 0 1
      outer loop
         vertex -4.94396e-19 -0.00625 0.006
         vertex 0.0035 -0.00575 0.006
         vertex -0.0035 -0.00575 0.006
      endloop
   endfacet
   facet normal 0 0 1
      outer loop
         vertex -4.94396e-19 -0.00625 0.006
         vertex 0.0035 -0.00625 0.006
         vertex 0.0035 -0.00575 0.006
      endloop
   endfacet
   facet normal -1 0 0
      outer loop
         vertex -0.0035 -0.00575 0.006
         vertex -0.0035 -0.00575 1.08773e-19
         vertex -0.0035 -0.00625 2.18535e-19
      endloop
   endfacet
   facet normal -1 0 0
      outer loop
         vertex -0.0035 -0.00625 2.18535e-19
         vertex -0.0035 -0.00625 0.006
         vertex -0.0035 -0.00575 0.006
      endloop
   endfacet
   facet normal 1 0 0
      outer loop
         vertex 0.0035 -0.00575 0.006
         vertex 0.0035 -0.00625 0.006
         vertex 0.0035 -0.00625 2.92509e-19
      endloop
   endfacet
   facet normal 1 0 0
      outer loop
         vertex 0.0035 -0.00625 2.92509e-19
         vertex 0.0035 -0.00575 1.82747e-19
         vertex 0.0035 -0.00575 0.006
      endloop
   endfacet
   facet normal 0 -1 0
      outer loop
         vertex -0.00242268 -0.00215 0.006
         vertex -0.0035 -0.00215 0.006
         vertex -0.00305 -0.00215 0.0053
      endloop
   endfacet
   facet normal 0 -1 0
      outer loop
         vertex -0.0035 -0.00215 0
         vertex -0.00305 -0.00215 -3.58577e-20
         vertex -0.00305 -0.00215 0.0053
      endloop
   endfacet
   facet normal 0 -1 0
      outer loop
         vertex -0.00305 -0.00215 0.0053
         vertex -0.0035 -0.00215 0.006
         vertex -0.0035 -0.00215 0
      endloop
   endfacet
   facet normal 0 -1 0
      outer loop
         vertex -0.00305 -0.00215 0.0053
         vertex -0.00242268 -0.00215 0.0053
         vertex -0.00242268 -0.00215 0.006
      endloop
   endfacet
   facet normal 0 0 1
      outer loop
         vertex -0.0035 0.00625 0.006
         vertex -0.0035 -0.00215 0.006
         vertex -0.00305 0.00140768 0.006
      endloop
   endfacet
   facet normal 0 0 1
      outer loop
         vertex -0.0035 -0.00215 0.006
         vertex -0.00242268 -0.00215 0.006
         vertex -0.00305 0.00140768 0.006
      endloop
   endfacet
   facet normal 0 0 1
      outer loop
         vertex -0.00305 0.00140768 0.006
         vertex -0.00305 0.00625 0.006
         vertex -0.0035 0.00625 0.006
      endloop
   endfacet
   facet normal 0 0 1
      outer loop
         vertex 0.00305 -0.00575 0.0053
         vertex 0.00255 -0.00215 0.0053
         vertex -0.00242268 -0.00215 0.0053
      endloop
   endfacet
   facet normal 0 0 1
      outer loop
         vertex 0.00305 -0.00575 0.0053
         vertex 0.00305 -0.00215 0.0053
         vertex 0.00255 -0.00215 0.0053
      endloop
   endfacet
   facet normal 0 0 1
      outer loop
         vertex -0.00242268 -0.00215 0.0053
         vertex -0.00305 -0.00575 0.0053
         vertex 0.00305 -0.00575 0.0053
      endloop
   endfacet
   facet normal 0 0 1
      outer loop
         vertex -0.00242268 -0.00215 0.0053
         vertex -0.00305 -0.00215 0.0053
         vertex -0.00305 -0.00575 0.0053
      endloop
   endfacet
   facet normal -0.990268 0.139173 0
      outer loop
         vertex 0.00305 0.00140768 0.00045
         vertex 0.00255 -0.00215 0.00045
         vertex 0.00255 -0.00215 0.0053
      endloop
   endfacet
   facet normal -0.990268 0.139173 0
      outer loop
         vertex 0.00255 -0.00215 0.0053
         vertex 0.00305 0.00140768 0.006
         vertex 0.00305 0.00140768 0.00045
      endloop
   endfacet
   facet normal -0.990268 0.139173 0
      outer loop
         vertex 0.00255 -0.00215 0.0053
         vertex 0.00255 -0.00215 0.006
         vertex 0.00305 0.00140768 0.006
      endloop
   endfacet
   facet normal 0.984808 0.173648 0
      outer loop
         vertex -0.00305 0.00140768 0.00045
         vertex -0.00305 0.00140768 0.006
         vertex -0.00242268 -0.00215 0.0053
      endloop
   endfacet
   facet normal 0.984808 0.173648 0
      outer loop
         vertex -0.00305 0.00140768 0.006
         vertex -0.00242268 -0.00215 0.006
         vertex -0.00242268 -0.00215 0.0053
      endloop
   endfacet
   facet normal 0.984808 0.173648 0
      outer loop
         vertex -0.00242268 -0.00215 0.0053
         vertex -0.00242268 -0.00215 0.00045
         vertex -0.00305 0.00140768 0.00045
      endloop
   endfacet
   facet normal 0 1 0
      outer loop
         vertex 0.00051 0.005775 0.00045
         vertex 0.00051 0.005775 -2.8058e-20
         vertex -0.00054 0.005775 -5.67512e-20
      endloop
   endfacet
   facet normal 0 1 0
      outer loop
         vertex -0.00054 0.005775 -5.67512e-20
         vertex -0.00054 0.005775 0.00045
         vertex 0.00051 0.005775 0.00045
      endloop
   endfacet
   facet normal 1 0 0
      outer loop
         vertex -0.00054 0.005775 -5.67512e-20
         vertex -0.00054 0.00625 -1.93406e-20
         vertex -0.00054 0.00625 0.00045
      endloop
   endfacet
   facet normal 1 0 0
      outer loop
         vertex -0.00054 0.00625 0.00045
         vertex -0.00054 0.005775 0.00045
         vertex -0.00054 0.005775 -5.67512e-20
      endloop
   endfacet
   facet normal 0 -1 0
      outer loop
         vertex -0.0009 0.003425 0.00045
         vertex -0.00175 0.003425 0.00045
         vertex -0.00175 0.003425 -1.05879e-22
      endloop
   endfacet
   facet normal 0 -1 0
      outer loop
         vertex -0.00175 0.003425 -1.05879e-22
         vertex -0.0009 0.003425 -4.76456e-22
         vertex -0.0009 0.003425 0.00045
      endloop
   endfacet
   facet normal -1 0 0
      outer loop
         vertex -0.0009 0.003425 0.00045
         vertex -0.0009 0.003425 -4.76456e-22
         vertex -0.0009 0.002275 -1.38437e-20
      endloop
   endfacet
   facet normal -1 0 0
      outer loop
         vertex -0.0009 0.002275 -1.38437e-20
         vertex -0.0009 0.002275 0.00045
         vertex -0.0009 0.003425 0.00045
      endloop
   endfacet
   facet normal 1 0 0
      outer loop
         vertex 0.0009 0.002275 0.00045
         vertex 0.0009 0.002275 9.45853e-21
         vertex 0.0009 0.003425 7.05861e-22
      endloop
   endfacet
   facet normal 1 0 0
      outer loop
         vertex 0.0009 0.003425 7.05861e-22
         vertex 0.0009 0.003425 0.00045
         vertex 0.0009 0.002275 0.00045
      endloop
   endfacet
   facet normal 0 -1 0
      outer loop
         vertex 0.0009 0.003425 7.05861e-22
         vertex 0.00175 0.003425 4.23516e-22
         vertex 0.00175 0.003425 0.00045
      endloop
   endfacet
   facet normal 0 -1 0
      outer loop
         vertex 0.00175 0.003425 0.00045
         vertex 0.0009 0.003425 0.00045
         vertex 0.0009 0.003425 7.05861e-22
      endloop
   endfacet
   facet normal -1 0 0
      outer loop
         vertex 0.00051 0.005775 -2.8058e-20
         vertex 0.00051 0.005775 0.00045
         vertex 0.00051 0.00625 0.00045
      endloop
   endfacet
   facet normal -1 0 0
      outer loop
         vertex 0.00051 0.00625 0.00045
         vertex 0.00051 0.00625 1.49872e-19
         vertex 0.00051 0.005775 -2.8058e-20
      endloop
   endfacet
   facet normal 1 0 0
      outer loop
         vertex -0.00305 0.00625 0.006
         vertex -0.00305 0.00140768 0.006
         vertex -0.00305 0.0058 0.0055
      endloop
   endfacet
   facet normal 1 0 0
      outer loop
         vertex -0.00305 0.0058 0.0055
         vertex -0.00305 0.00140768 0.006
         vertex -0.00305 0.00345 0.00415
      endloop
   endfacet
   facet normal 1 0 0
      outer loop
         vertex -0.00305 0.0058 2.9977e-19
         vertex -0.00305 0.0058 0.0055
         vertex -0.00305 0.00495 0.00415
      endloop
   endfacet
   facet normal 1 0 0
      outer loop
         vertex -0.00305 0.00345 0.00415
         vertex -0.00305 0.00495 0.00415
         vertex -0.00305 0.0058 0.0055
      endloop
   endfacet
   facet normal 1 0 0
      outer loop
         vertex -0.00305 0.0058 0.0055
         vertex -0.00305 0.00625 0.0055
         vertex -0.00305 0.00625 0.006
      endloop
   endfacet
   facet normal 1 0 0
      outer loop
         vertex -0.00305 0.00140768 0.00045
         vertex -0.00305 0.00345 0.00045
         vertex -0.00305 0.00345 0.00415
      endloop
   endfacet
   facet normal 1 0 0
      outer loop
         vertex -0.00305 0.00345 0.00415
         vertex -0.00305 0.00140768 0.006
         vertex -0.00305 0.00140768 0.00045
      endloop
   endfacet
   facet normal 1 0 0
      outer loop
         vertex -0.00305 0.00495 0.00415
         vertex -0.00305 0.00495 -8.22866e-19
         vertex -0.00305 0.0058 2.9977e-19
      endloop
   endfacet
   facet normal 0 -1 0
      outer loop
         vertex -0.0027 0.0058 0.0055
         vertex -0.00305 0.0058 0.0055
         vertex -0.00305 0.0058 2.9977e-19
      endloop
   endfacet
   facet normal 0 -1 0
      outer loop
         vertex -0.00305 0.0058 2.9977e-19
         vertex -0.0027 0.0058 2.45216e-19
         vertex -0.0027 0.0058 0.0055
      endloop
   endfacet
   facet normal 1 0 0
      outer loop
         vertex -0.00175 0.00625 0.00095
         vertex -0.00175 0.002275 0.00095
         vertex -0.00175 0.003425 0.00045
      endloop
   endfacet
   facet normal 1 0 0
      outer loop
         vertex -0.00175 0.002275 -1.34731e-20
         vertex -0.00175 0.003425 -1.05879e-22
         vertex -0.00175 0.003425 0.00045
      endloop
   endfacet
   facet normal 1 0 0
      outer loop
         vertex -0.00175 0.003425 0.00045
         vertex -0.00175 0.002275 0.00095
         vertex -0.00175 0.002275 -1.34731e-20
      endloop
   endfacet
   facet normal 1 0 0
      outer loop
         vertex -0.00175 0.003425 0.00045
         vertex -0.00175 0.00625 0.00045
         vertex -0.00175 0.00625 0.00095
      endloop
   endfacet
   facet normal 0 1 0
      outer loop
         vertex -0.0009 0.002275 -1.38437e-20
         vertex -0.00175 0.002275 -1.34731e-20
         vertex -0.0016112 0.002275 0.00045
      endloop
   endfacet
   facet normal 0 1 0
      outer loop
         vertex -0.00175 0.002275 0.00095
         vertex -0.0016112 0.002275 0.00095
         vertex -0.0016112 0.002275 0.00045
      endloop
   endfacet
   facet normal 0 1 0
      outer loop
         vertex -0.0016112 0.002275 0.00045
         vertex -0.00175 0.002275 -1.34731e-20
         vertex -0.00175 0.002275 0.00095
      endloop
   endfacet
   facet normal 0 1 0
      outer loop
         vertex -0.0016112 0.002275 0.00045
         vertex -0.0009 0.002275 0.00045
         vertex -0.0009 0.002275 -1.38437e-20
      endloop
   endfacet
   facet normal -1 0 0
      outer loop
         vertex 0.00175 0.002275 1.41172e-22
         vertex 0.00175 0.002275 0.00095
         vertex 0.00175 0.003425 0.00045
      endloop
   endfacet
   facet normal -1 0 0
      outer loop
         vertex 0.00175 0.00625 0.00095
         vertex 0.00175 0.00625 0.00045
         vertex 0.00175 0.003425 0.00045
      endloop
   endfacet
   facet normal -1 0 0
      outer loop
         vertex 0.00175 0.003425 0.00045
         vertex 0.00175 0.002275 0.00095
         vertex 0.00175 0.00625 0.00095
      endloop
   endfacet
   facet normal -1 0 0
      outer loop
         vertex 0.00175 0.003425 0.00045
         vertex 0.00175 0.003425 4.23516e-22
         vertex 0.00175 0.002275 1.41172e-22
      endloop
   endfacet
   facet normal 0 1 0
      outer loop
         vertex 0.00175 0.002275 0.00095
         vertex 0.00175 0.002275 1.41172e-22
         vertex 0.0016112 0.002275 0.00045
      endloop
   endfacet
   facet normal 0 1 0
      outer loop
         vertex 0.0009 0.002275 9.45853e-21
         vertex 0.0009 0.002275 0.00045
         vertex 0.0016112 0.002275 0.00045
      endloop
   endfacet
   facet normal 0 1 0
      outer loop
         vertex 0.0016112 0.002275 0.00045
         vertex 0.00175 0.002275 1.41172e-22
         vertex 0.0009 0.002275 9.45853e-21
      endloop
   endfacet
   facet normal 0 1 0
      outer loop
         vertex 0.0016112 0.002275 0.00045
         vertex 0.0016112 0.002275 0.00095
         vertex 0.00175 0.002275 0.00095
      endloop
   endfacet
   facet normal 0 0 -1
      outer loop
         vertex -0.00175 0.002275 0.00095
         vertex -0.00175 0.00625 0.00095
         vertex -0.0012 0.00276505 0.00095
      endloop
   endfacet
   facet normal 0 0 -1
      outer loop
         vertex -0.00175 0.00625 0.00095
         vertex -0.0012 0.00625 0.00095
         vertex -0.0012 0.00276505 0.00095
      endloop
   endfacet
   facet normal 0 0 -1
      outer loop
         vertex -0.0012 0.00276505 0.00095
         vertex -0.0016112 0.002275 0.00095
         vertex -0.00175 0.002275 0.00095
      endloop
   endfacet
   facet normal 0 0 -1
      outer loop
         vertex 0.00175 0.002275 0.00095
         vertex 0.0016112 0.002275 0.00095
         vertex 0.0012 0.00276505 0.00095
      endloop
   endfacet
   facet normal 0 0 -1
      outer loop
         vertex 0.0012 0.00276505 0.00095
         vertex 0.00175 0.00625 0.00095
         vertex 0.00175 0.002275 0.00095
      endloop
   endfacet
   facet normal 0 0 -1
      outer loop
         vertex 0.0012 0.00276505 0.00095
         vertex 0.0012 0.00625 0.00095
         vertex 0.00175 0.00625 0.00095
      endloop
   endfacet
   facet normal 0 1 0
      outer loop
         vertex 0.00255 -0.00215 0.0053
         vertex 0.00068883 -0.00215 0.00466298
         vertex 1.10218e-19 -0.00215 0.0048
      endloop
   endfacet
   facet normal 0 1 0
      outer loop
         vertex 0.00255 -0.00215 0.0053
         vertex 0.00127279 -0.00215 0.00427279
         vertex 0.00068883 -0.00215 0.00466298
      endloop
   endfacet
   facet normal 0 1 0
      outer loop
         vertex 0.00255 -0.00215 0.00045
         vertex 0.00166298 -0.00215 0.00231117
         vertex 0.0018 -0.00215 0.003
      endloop
   endfacet
   facet normal 0 1 0
      outer loop
         vertex 0.00255 -0.00215 0.00045
         vertex 0.00068883 -0.00215 0.00133702
         vertex 0.00127279 -0.00215 0.00172721
      endloop
   endfacet
   facet normal 0 1 0
      outer loop
         vertex 0.00255 -0.00215 0.00045
         vertex -0.00242268 -0.00215 0.00045
         vertex -3.30655e-19 -0.00215 0.0012
      endloop
   endfacet
   facet normal 0 1 0
      outer loop
         vertex -0.00242268 -0.00215 0.00045
         vertex -0.00242268 -0.00215 0.0053
         vertex -0.0018 -0.00215 0.003
      endloop
   endfacet
   facet normal 0 1 0
      outer loop
         vertex 0.00255 -0.00215 0.0053
         vertex 0.00166298 -0.00215 0.00368883
         vertex 0.00127279 -0.00215 0.00427279
      endloop
   endfacet
   facet normal 0 1 0
      outer loop
         vertex 0.0018 -0.00215 0.003
         vertex 0.00255 -0.00215 0.0053
         vertex 0.00255 -0.00215 0.00045
      endloop
   endfacet
   facet normal 0 1 0
      outer loop
         vertex -3.30655e-19 -0.00215 0.0012
         vertex 0.00068883 -0.00215 0.00133702
         vertex 0.00255 -0.00215 0.00045
      endloop
   endfacet
   facet normal 0 1 0
      outer loop
         vertex -0.00242268 -0.00215 0.00045
         vertex -0.00127279 -0.00215 0.00172721
         vertex -0.00068883 -0.00215 0.00133702
      endloop
   endfacet
   facet normal 0 1 0
      outer loop
         vertex -0.0018 -0.00215 0.003
         vertex -0.00166298 -0.00215 0.00231117
         vertex -0.00242268 -0.00215 0.00045
      endloop
   endfacet
   facet normal 0 1 0
      outer loop
         vertex -0.00242268 -0.00215 0.0053
         vertex 1.10218e-19 -0.00215 0.0048
         vertex -0.00068883 -0.00215 0.00466298
      endloop
   endfacet
   facet normal 0 1 0
      outer loop
         vertex 0.0018 -0.00215 0.003
         vertex 0.00166298 -0.00215 0.00368883
         vertex 0.00255 -0.00215 0.0053
      endloop
   endfacet
   facet normal 0 1 0
      outer loop
         vertex -0.00068883 -0.00215 0.00133702
         vertex -3.30655e-19 -0.00215 0.0012
         vertex -0.00242268 -0.00215 0.00045
      endloop
   endfacet
   facet normal 0 1 0
      outer loop
         vertex -0.00242268 -0.00215 0.0053
         vertex -0.00166298 -0.00215 0.00368883
         vertex -0.0018 -0.00215 0.003
      endloop
   endfacet
   facet normal 0 1 0
      outer loop
         vertex -0.00068883 -0.00215 0.00466298
         vertex -0.00127279 -0.00215 0.00427279
         vertex -0.00242268 -0.00215 0.0053
      endloop
   endfacet
   facet normal 0 1 0
      outer loop
         vertex 0.00127279 -0.00215 0.00172721
         vertex 0.00166298 -0.00215 0.00231117
         vertex 0.00255 -0.00215 0.00045
      endloop
   endfacet
   facet normal 0 1 0
      outer loop
         vertex -0.00127279 -0.00215 0.00427279
         vertex -0.00166298 -0.00215 0.00368883
         vertex -0.00242268 -0.00215 0.0053
      endloop
   endfacet
   facet normal 0 1 0
      outer loop
         vertex -0.00166298 -0.00215 0.00231117
         vertex -0.00127279 -0.00215 0.00172721
         vertex -0.00242268 -0.00215 0.00045
      endloop
   endfacet
   facet normal 0 1 0
      outer loop
         vertex 1.10218e-19 -0.00215 0.0048
         vertex -0.00242268 -0.00215 0.0053
         vertex 0.00255 -0.00215 0.0053
      endloop
   endfacet
   facet normal 1 0 0
      outer loop
         vertex -0.0012 0.00625 0.00095
         vertex -0.0012 0.00625 0.00165
         vertex -0.0012 0.00276505 0.00165
      endloop
   endfacet
   facet normal 1 0 0
      outer loop
         vertex -0.0012 0.00276505 0.00165
         vertex -0.0012 0.00276505 0.00095
         vertex -0.0012 0.00625 0.00095
      endloop
   endfacet
   facet normal -1 0 0
      outer loop
         vertex 0.0012 0.00625 0.00165
         vertex 0.0012 0.00625 0.00095
         vertex 0.0012 0.00276505 0.00095
      endloop
   endfacet
   facet normal -1 0 0
      outer loop
         vertex 0.0012 0.00276505 0.00095
         vertex 0.0012 0.00276505 0.00165
         vertex 0.0012 0.00625 0.00165
      endloop
   endfacet
   facet normal 0 1 0
      outer loop
         vertex 0.00305 0.00475 0.00055
         vertex 0.00305 0.00475 -3.97541e-19
         vertex 0.0027 0.00475 1.4569e-19
      endloop
   endfacet
   facet normal 0 1 0
      outer loop
         vertex 0.0027 0.00475 1.4569e-19
         vertex 0.0027 0.00475 0.00055
         vertex 0.00305 0.00475 0.00055
      endloop
   endfacet
   facet normal 1 0 0
      outer loop
         vertex 0.00305 0.00345 0.00055
         vertex 0.00305 0.00345 -1.30104e-18
         vertex 0.00305 0.00475 -3.97541e-19
      endloop
   endfacet
   facet normal 1 0 0
      outer loop
         vertex 0.00305 0.00475 -3.97541e-19
         vertex 0.00305 0.00475 0.00055
         vertex 0.00305 0.00345 0.00055
      endloop
   endfacet
   facet normal 0 1 0
      outer loop
         vertex -0.00305 0.00475 0.00055
         vertex -0.0027 0.00475 0.00055
         vertex -0.0027 0.00475 2.16655e-19
      endloop
   endfacet
   facet normal 0 1 0
      outer loop
         vertex -0.0027 0.00475 2.16655e-19
         vertex -0.00305 0.00475 -3.97541e-19
         vertex -0.00305 0.00475 0.00055
      endloop
   endfacet
   facet normal -1 0 0
      outer loop
         vertex -0.0027 0.0058 0.0055
         vertex -0.0027 0.0058 2.45216e-19
         vertex -0.0027 0.0057 0.00055
      endloop
   endfacet
   facet normal -1 0 0
      outer loop
         vertex -0.0027 0.00475 2.16655e-19
         vertex -0.0027 0.00475 0.00055
         vertex -0.0027 0.0057 0.00055
      endloop
   endfacet
   facet normal -1 0 0
      outer loop
         vertex -0.0027 0.0057 0.00055
         vertex -0.0027 0.0058 2.45216e-19
         vertex -0.0027 0.00475 2.16655e-19
      endloop
   endfacet
   facet normal -1 0 0
      outer loop
         vertex -0.0027 0.0057 0.00055
         vertex -0.0027 0.0057 0.0055
         vertex -0.0027 0.0058 0.0055
      endloop
   endfacet
   facet normal -1 0 0
      outer loop
         vertex -0.00305 0.00475 0.00055
         vertex -0.00305 0.00475 -3.97541e-19
         vertex -0.00305 0.0038 0.00045
      endloop
   endfacet
   facet normal -1 0 0
      outer loop
         vertex -0.00305 0.00345 -1.15648e-18
         vertex -0.00305 0.00345 0.00045
         vertex -0.00305 0.0038 0.00045
      endloop
   endfacet
   facet normal -1 0 0
      outer loop
         vertex -0.00305 0.0038 0.00045
         vertex -0.00305 0.00475 -3.97541e-19
         vertex -0.00305 0.00345 -1.15648e-18
      endloop
   endfacet
   facet normal -1 0 0
      outer loop
         vertex -0.00305 0.0038 0.00045
         vertex -0.00305 0.0038 0.00055
         vertex -0.00305 0.00475 0.00055
      endloop
   endfacet
   facet normal 0 0 1
      outer loop
         vertex -0.00305 0.0038 0.00055
         vertex -0.00254886 0.0038 0.00055
         vertex -0.0027 0.00475 0.00055
      endloop
   endfacet
   facet normal 0 0 1
      outer loop
         vertex -0.00254886 0.0057 0.00055
         vertex -0.0027 0.0057 0.00055
         vertex -0.0027 0.00475 0.00055
      endloop
   endfacet
   facet normal 0 0 1
      outer loop
         vertex -0.0027 0.00475 0.00055
         vertex -0.00254886 0.0038 0.00055
         vertex -0.00254886 0.0057 0.00055
      endloop
   endfacet
   facet normal 0 0 1
      outer loop
         vertex -0.0027 0.00475 0.00055
         vertex -0.00305 0.00475 0.00055
         vertex -0.00305 0.0038 0.00055
      endloop
   endfacet
   facet normal 0 -1 0
      outer loop
         vertex -0.0027 0.0057 0.0055
         vertex -0.0027 0.0057 0.00055
         vertex -0.00254886 0.0057 0.00055
      endloop
   endfacet
   facet normal 0 -1 0
      outer loop
         vertex -0.00254886 0.0057 0.00055
         vertex -0.00254886 0.0057 0.0055
         vertex -0.0027 0.0057 0.0055
      endloop
   endfacet
   facet normal -1 0 0
      outer loop
         vertex -0.00254886 0.0038 0.0055
         vertex -0.00254886 0.0057 0.0055
         vertex -0.00254886 0.0057 0.00055
      endloop
   endfacet
   facet normal -1 0 0
      outer loop
         vertex -0.00254886 0.0057 0.00055
         vertex -0.00254886 0.0038 0.00055
         vertex -0.00254886 0.0038 0.0055
      endloop
   endfacet
   facet normal 0 -1 0
      outer loop
         vertex -0.00254886 0.0038 0.00055
         vertex -0.00305 0.0038 0.00055
         vertex -0.00305 0.0038 0.00045
      endloop
   endfacet
   facet normal 0 -1 0
      outer loop
         vertex -0.00305 0.0038 0.00045
         vertex -0.00254886 0.0038 0.00045
         vertex -0.00254886 0.0038 0.00055
      endloop
   endfacet
   facet normal 0 -1 0
      outer loop
         vertex 0.0027 0.0058 0.0055
         vertex 0.0027 0.0058 1.63477e-19
         vertex 0.00305 0.0058 7.05861e-23
      endloop
   endfacet
   facet normal 0 -1 0
      outer loop
         vertex 0.00305 0.0058 7.05861e-23
         vertex 0.00305 0.0058 0.0055
         vertex 0.0027 0.0058 0.0055
      endloop
   endfacet
   facet normal -1 0 0
      outer loop
         vertex 0.00305 0.00140768 0.00045
         vertex 0.00305 0.00140768 0.006
         vertex 0.00305 0.00325 0.00055
      endloop
   endfacet
   facet normal -1 0 0
      outer loop
         vertex 0.00305 0.00325 0.00055
         vertex 0.00305 0.00140768 0.006
         vertex 0.00305 0.00345 0.00415
      endloop
   endfacet
   facet normal -1 0 0
      outer loop
         vertex 0.00305 0.0058 0.0055
         vertex 0.00305 0.00495 0.00415
         vertex 0.00305 0.00345 0.00415
      endloop
   endfacet
   facet normal -1 0 0
      outer loop
         vertex 0.00305 0.00625 0.006
         vertex 0.00305 0.00625 0.0055
         vertex 0.00305 0.0058 0.0055
      endloop
   endfacet
   facet normal -1 0 0
      outer loop
         vertex 0.00305 0.00345 0.00415
         vertex 0.00305 0.00345 0.00055
         vertex 0.00305 0.00325 0.00055
      endloop
   endfacet
   facet normal -1 0 0
      outer loop
         vertex 0.00305 0.0058 0.0055
         vertex 0.00305 0.00140768 0.006
         vertex 0.00305 0.00625 0.006
      endloop
   endfacet
   facet normal -1 0 0
      outer loop
         vertex 0.00305 0.00345 0.00415
         vertex 0.00305 0.00140768 0.006
         vertex 0.00305 0.0058 0.0055
      endloop
   endfacet
   facet normal -1 0 0
      outer loop
         vertex 0.00305 0.0058 7.05861e-23
         vertex 0.00305 0.00495 -2.8905e-19
         vertex 0.00305 0.00495 0.00415
      endloop
   endfacet
   facet normal -1 0 0
      outer loop
         vertex 0.00305 0.00495 0.00415
         vertex 0.00305 0.0058 0.0055
         vertex 0.00305 0.0058 7.05861e-23
      endloop
   endfacet
   facet normal -1 0 0
      outer loop
         vertex 0.00305 0.00325 0.00055
         vertex 0.00305 0.00325 0.00045
         vertex 0.00305 0.00140768 0.00045
      endloop
   endfacet
   facet normal 1 0 0
      outer loop
         vertex 0.0027 0.00475 1.4569e-19
         vertex 0.0027 0.0058 1.63477e-19
         vertex 0.0027 0.0057 0.00055
      endloop
   endfacet
   facet normal 1 0 0
      outer loop
         vertex 0.0027 0.0058 0.0055
         vertex 0.0027 0.0057 0.0055
         vertex 0.0027 0.0057 0.00055
      endloop
   endfacet
   facet normal 1 0 0
      outer loop
         vertex 0.0027 0.0057 0.00055
         vertex 0.0027 0.0058 1.63477e-19
         vertex 0.0027 0.0058 0.0055
      endloop
   endfacet
   facet normal 1 0 0
      outer loop
         vertex 0.0027 0.0057 0.00055
         vertex 0.0027 0.00475 0.00055
         vertex 0.0027 0.00475 1.4569e-19
      endloop
   endfacet
   facet normal 0 0 1
      outer loop
         vertex 0.0027 0.00475 0.00055
         vertex 0.0026 0.00325 0.00055
         vertex 0.00305 0.00345 0.00055
      endloop
   endfacet
   facet normal 0 0 1
      outer loop
         vertex 0.0026 0.0057 0.00055
         vertex 0.0026 0.00325 0.00055
         vertex 0.0027 0.00475 0.00055
      endloop
   endfacet
   facet normal 0 0 1
      outer loop
         vertex 0.0026 0.00325 0.00055
         vertex 0.00305 0.00325 0.00055
         vertex 0.00305 0.00345 0.00055
      endloop
   endfacet
   facet normal 0 0 1
      outer loop
         vertex 0.00305 0.00345 0.00055
         vertex 0.00305 0.00475 0.00055
         vertex 0.0027 0.00475 0.00055
      endloop
   endfacet
   facet normal 0 0 1
      outer loop
         vertex 0.0027 0.00475 0.00055
         vertex 0.0027 0.0057 0.00055
         vertex 0.0026 0.0057 0.00055
      endloop
   endfacet
   facet normal 0 -1 0
      outer loop
         vertex 0.0027 0.0057 0.00055
         vertex 0.0027 0.0057 0.0055
         vertex 0.0026 0.0057 0.0055
      endloop
   endfacet
   facet normal 0 -1 0
      outer loop
         vertex 0.0026 0.0057 0.0055
         vertex 0.0026 0.0057 0.00055
         vertex 0.0027 0.0057 0.00055
      endloop
   endfacet
   facet normal 1 0 0
      outer loop
         vertex 0.0026 0.0057 0.0055
         vertex 0.0026 0.00325 0.0055
         vertex 0.0026 0.00325 0.00055
      endloop
   endfacet
   facet normal 1 0 0
      outer loop
         vertex 0.0026 0.00325 0.00055
         vertex 0.0026 0.0057 0.00055
         vertex 0.0026 0.0057 0.0055
      endloop
   endfacet
   facet normal 0 -1 0
      outer loop
         vertex 0.00305 0.00325 0.00055
         vertex 0.0026 0.00325 0.00055
         vertex 0.0026 0.00325 0.00045
      endloop
   endfacet
   facet normal 0 -1 0
      outer loop
         vertex 0.0026 0.00325 0.00045
         vertex 0.00305 0.00325 0.00045
         vertex 0.00305 0.00325 0.00055
      endloop
   endfacet
   facet normal 0 -1 0
      outer loop
         vertex -0.0035 -0.00625 2.18535e-19
         vertex -0.00277164 -0.00625 0.00185195
         vertex -0.003 -0.00625 0.003
      endloop
   endfacet
   facet normal 0 -1 0
      outer loop
         vertex -0.0035 -0.00625 0.006
         vertex -0.00277164 -0.00625 0.00414805
         vertex -0.00212132 -0.00625 0.00512132
      endloop
   endfacet
   facet normal 0 -1 0
      outer loop
         vertex -0.003 -0.00625 0.003
         vertex -0.0035 -0.00625 0.006
         vertex -0.0035 -0.00625 2.18535e-19
      endloop
   endfacet
   facet normal 0 -1 0
      outer loop
         vertex -0.00212132 -0.00625 0.00512132
         vertex -0.00114805 -0.00625 0.00577164
         vertex -0.0035 -0.00625 0.006
      endloop
   endfacet
   facet normal 0 -1 0
      outer loop
         vertex -0.0035 -0.00625 2.18535e-19
         vertex -0.00212132 -0.00625 0.00087868
         vertex -0.00277164 -0.00625 0.00185195
      endloop
   endfacet
   facet normal 0 -1 0
      outer loop
         vertex -0.003 -0.00625 0.003
         vertex -0.00277164 -0.00625 0.00414805
         vertex -0.0035 -0.00625 0.006
      endloop
   endfacet
   facet normal 0 -1 0
      outer loop
         vertex -0.0035 -0.00625 2.18535e-19
         vertex -0.00114805 -0.00625 0.000228361
         vertex -0.00212132 -0.00625 0.00087868
      endloop
   endfacet
   facet normal 0 -1 0
      outer loop
         vertex -0.0035 -0.00625 2.18535e-19
         vertex -4.94396e-19 -0.00625 4.33681e-19
         vertex -0.00114805 -0.00625 0.000228361
      endloop
   endfacet
   facet normal 0 -1 0
      outer loop
         vertex -0.00114805 -0.00625 0.00577164
         vertex -4.94396e-19 -0.00625 0.006
         vertex -0.0035 -0.00625 0.006
      endloop
   endfacet
   facet normal 0 -1 0
      outer loop
         vertex 0.0035 -0.00625 0.006
         vertex 0.00277164 -0.00625 0.00414805
         vertex 0.003 -0.00625 0.003
      endloop
   endfacet
   facet normal 0 -1 0
      outer loop
         vertex 0.0035 -0.00625 2.92509e-19
         vertex 0.00277164 -0.00625 0.00185195
         vertex 0.00212132 -0.00625 0.00087868
      endloop
   endfacet
   facet normal 0 -1 0
      outer loop
         vertex 0.003 -0.00625 0.003
         vertex 0.0035 -0.00625 2.92509e-19
         vertex 0.0035 -0.00625 0.006
      endloop
   endfacet
   facet normal 0 -1 0
      outer loop
         vertex 0.00212132 -0.00625 0.00087868
         vertex 0.00114805 -0.00625 0.000228361
         vertex 0.0035 -0.00625 2.92509e-19
      endloop
   endfacet
   facet normal 0 -1 0
      outer loop
         vertex 0.0035 -0.00625 0.006
         vertex 0.00212132 -0.00625 0.00512132
         vertex 0.00277164 -0.00625 0.00414805
      endloop
   endfacet
   facet normal 0 -1 0
      outer loop
         vertex 0.003 -0.00625 0.003
         vertex 0.00277164 -0.00625 0.00185195
         vertex 0.0035 -0.00625 2.92509e-19
      endloop
   endfacet
   facet normal 0 -1 0
      outer loop
         vertex 0.0035 -0.00625 0.006
         vertex -4.94396e-19 -0.00625 0.006
         vertex 0.00114805 -0.00625 0.00577164
      endloop
   endfacet
   facet normal 0 -1 0
      outer loop
         vertex 0.00114805 -0.00625 0.00577164
         vertex 0.00212132 -0.00625 0.00512132
         vertex 0.0035 -0.00625 0.006
      endloop
   endfacet
   facet normal 0 -1 0
      outer loop
         vertex 0.00114805 -0.00625 0.000228361
         vertex -4.94396e-19 -0.00625 4.33681e-19
         vertex 0.0035 -0.00625 2.92509e-19
      endloop
   endfacet
   facet normal 1 0 0
      outer loop
         vertex 0.003 -0.00845 0.003
         vertex 0.003 -0.00625 0.003
         vertex 0.00277164 -0.00625 0.00414805
      endloop
   endfacet
   facet normal 0.92388 0 0.382683
      outer loop
         vertex 0.00277164 -0.00845 0.00414805
         vertex 0.00277164 -0.00625 0.00414805
         vertex 0.00212132 -0.00625 0.00512132
      endloop
   endfacet
   facet normal 0.707107 0 0.707107
      outer loop
         vertex 0.00212132 -0.00845 0.00512132
         vertex 0.00212132 -0.00625 0.00512132
         vertex 0.00114805 -0.00625 0.00577164
      endloop
   endfacet
   facet normal 0.382683 0 0.92388
      outer loop
         vertex 0.00114805 -0.00845 0.00577164
         vertex 0.00114805 -0.00625 0.00577164
         vertex -4.94396e-19 -0.00625 0.006
      endloop
   endfacet
   facet normal 6.12323e-17 0 1
      outer loop
         vertex 1.83697e-19 -0.00845 0.006
         vertex -4.94396e-19 -0.00625 0.006
         vertex -0.00114805 -0.00625 0.00577164
      endloop
   endfacet
   facet normal -0.382683 0 0.92388
      outer loop
         vertex -0.00114805 -0.00845 0.00577164
         vertex -0.00114805 -0.00625 0.00577164
         vertex -0.00212132 -0.00625 0.00512132
      endloop
   endfacet
   facet normal -0.707107 0 0.707107
      outer loop
         vertex -0.00212132 -0.00845 0.00512132
         vertex -0.00212132 -0.00625 0.00512132
         vertex -0.00277164 -0.00625 0.00414805
      endloop
   endfacet
   facet normal -0.92388 0 0.382683
      outer loop
         vertex -0.00277164 -0.00845 0.00414805
         vertex -0.00277164 -0.00625 0.00414805
         vertex -0.003 -0.00625 0.003
      endloop
   endfacet
   facet normal -1 0 1.22465e-16
      outer loop
         vertex -0.003 -0.00845 0.003
         vertex -0.003 -0.00625 0.003
         vertex -0.00277164 -0.00625 0.00185195
      endloop
   endfacet
   facet normal -0.92388 0 -0.382683
      outer loop
         vertex -0.00277164 -0.00845 0.00185195
         vertex -0.00277164 -0.00625 0.00185195
         vertex -0.00212132 -0.00625 0.00087868
      endloop
   endfacet
   facet normal -0.707107 0 -0.707107
      outer loop
         vertex -0.00212132 -0.00845 0.00087868
         vertex -0.00212132 -0.00625 0.00087868
         vertex -0.00114805 -0.00625 0.000228361
      endloop
   endfacet
   facet normal -0.382683 0 -0.92388
      outer loop
         vertex -0.00114805 -0.00845 0.000228361
         vertex -0.00114805 -0.00625 0.000228361
         vertex -4.94396e-19 -0.00625 4.33681e-19
      endloop
   endfacet
   facet normal -1.83697e-16 0 -1
      outer loop
         vertex -5.51091e-19 -0.00845 0
         vertex -4.94396e-19 -0.00625 4.33681e-19
         vertex 0.00114805 -0.00625 0.000228361
      endloop
   endfacet
   facet normal 0.382683 0 -0.92388
      outer loop
         vertex 0.00114805 -0.00845 0.000228361
         vertex 0.00114805 -0.00625 0.000228361
         vertex 0.00212132 -0.00625 0.00087868
      endloop
   endfacet
   facet normal 0.707107 0 -0.707107
      outer loop
         vertex 0.00212132 -0.00845 0.00087868
         vertex 0.00212132 -0.00625 0.00087868
         vertex 0.00277164 -0.00625 0.00185195
      endloop
   endfacet
   facet normal 0.92388 0 -0.382683
      outer loop
         vertex 0.00277164 -0.00845 0.00185195
         vertex 0.00277164 -0.00625 0.00185195
         vertex 0.003 -0.00625 0.003
      endloop
   endfacet
   facet normal 1 0 0
      outer loop
         vertex 0.003 -0.00625 0.003
         vertex 0.003 -0.00845 0.003
         vertex 0.00277164 -0.00845 0.00185195
      endloop
   endfacet
   facet normal 0.92388 0 -0.382683
      outer loop
         vertex 0.00277164 -0.00625 0.00185195
         vertex 0.00277164 -0.00845 0.00185195
         vertex 0.00212132 -0.00845 0.00087868
      endloop
   endfacet
   facet normal 0.707107 0 -0.707107
      outer loop
         vertex 0.00212132 -0.00625 0.00087868
         vertex 0.00212132 -0.00845 0.00087868
         vertex 0.00114805 -0.00845 0.000228361
      endloop
   endfacet
   facet normal 0.382683 0 -0.92388
      outer loop
         vertex 0.00114805 -0.00625 0.000228361
         vertex 0.00114805 -0.00845 0.000228361
         vertex -5.51091e-19 -0.00845 0
      endloop
   endfacet
   facet normal -1.83697e-16 0 -1
      outer loop
         vertex -4.94396e-19 -0.00625 4.33681e-19
         vertex -5.51091e-19 -0.00845 0
         vertex -0.00114805 -0.00845 0.000228361
      endloop
   endfacet
   facet normal -0.382683 0 -0.92388
      outer loop
         vertex -0.00114805 -0.00625 0.000228361
         vertex -0.00114805 -0.00845 0.000228361
         vertex -0.00212132 -0.00845 0.00087868
      endloop
   endfacet
   facet normal -0.707107 0 -0.707107
      outer loop
         vertex -0.00212132 -0.00625 0.00087868
         vertex -0.00212132 -0.00845 0.00087868
         vertex -0.00277164 -0.00845 0.00185195
      endloop
   endfacet
   facet normal -0.92388 0 -0.382683
      outer loop
         vertex -0.00277164 -0.00625 0.00185195
         vertex -0.00277164 -0.00845 0.00185195
         vertex -0.003 -0.00845 0.003
      endloop
   endfacet
   facet normal -1 0 1.22465e-16
      outer loop
         vertex -0.003 -0.00625 0.003
         vertex -0.003 -0.00845 0.003
         vertex -0.00277164 -0.00845 0.00414805
      endloop
   endfacet
   facet normal -0.92388 0 0.382683
      outer loop
         vertex -0.00277164 -0.00625 0.00414805
         vertex -0.00277164 -0.00845 0.00414805
         vertex -0.00212132 -0.00845 0.00512132
      endloop
   endfacet
   facet normal -0.707107 0 0.707107
      outer loop
         vertex -0.00212132 -0.00625 0.00512132
         vertex -0.00212132 -0.00845 0.00512132
         vertex -0.00114805 -0.00845 0.00577164
      endloop
   endfacet
   facet normal -0.382683 0 0.92388
      outer loop
         vertex -0.00114805 -0.00625 0.00577164
         vertex -0.00114805 -0.00845 0.00577164
         vertex 1.83697e-19 -0.00845 0.006
      endloop
   endfacet
   facet normal 6.12323e-17 0 1
      outer loop
         vertex -4.94396e-19 -0.00625 0.006
         vertex 1.83697e-19 -0.00845 0.006
         vertex 0.00114805 -0.00845 0.00577164
      endloop
   endfacet
   facet normal 0.382683 0 0.92388
      outer loop
         vertex 0.00114805 -0.00625 0.00577164
         vertex 0.00114805 -0.00845 0.00577164
         vertex 0.00212132 -0.00845 0.00512132
      endloop
   endfacet
   facet normal 0.707107 0 0.707107
      outer loop
         vertex 0.00212132 -0.00625 0.00512132
         vertex 0.00212132 -0.00845 0.00512132
         vertex 0.00277164 -0.00845 0.00414805
      endloop
   endfacet
   facet normal 0.92388 0 0.382683
      outer loop
         vertex 0.00277164 -0.00625 0.00414805
         vertex 0.00277164 -0.00845 0.00414805
         vertex 0.003 -0.00845 0.003
      endloop
   endfacet
   facet normal 0 1 0
      outer loop
         vertex 0 -0.003775 -0.0006
         vertex -1.16341e-19 -0.003775 0
         vertex 0.000181775 -0.00381116 0
      endloop
   endfacet
   facet normal 0.382683 0.92388 0
      outer loop
         vertex 0.000181775 -0.00381116 -0.0006
         vertex 0.000181775 -0.00381116 0
         vertex 0.000335876 -0.00391412 0
      endloop
   endfacet
   facet normal 0.707107 0.707107 0
      outer loop
         vertex 0.000335876 -0.00391412 -0.0006
         vertex 0.000335876 -0.00391412 0
         vertex 0.000438843 -0.00406823 0
      endloop
   endfacet
   facet normal 0.92388 0.382683 0
      outer loop
         vertex 0.000438843 -0.00406823 -0.0006
         vertex 0.000438843 -0.00406823 0
         vertex 0.000475 -0.00425 0
      endloop
   endfacet
   facet normal 1 6.12323e-17 0
      outer loop
         vertex 0.000475 -0.00425 -0.0006
         vertex 0.000475 -0.00425 0
         vertex 0.000438843 -0.00443177 0
      endloop
   endfacet
   facet normal 0.92388 -0.382683 0
      outer loop
         vertex 0.000438843 -0.00443177 -0.0006
         vertex 0.000438843 -0.00443177 0
         vertex 0.000335876 -0.00458588 0
      endloop
   endfacet
   facet normal 0.707107 -0.707107 0
      outer loop
         vertex 0.000335876 -0.00458588 -0.0006
         vertex 0.000335876 -0.00458588 0
         vertex 0.000181775 -0.00468884 0
      endloop
   endfacet
   facet normal 0.382683 -0.92388 0
      outer loop
         vertex 0.000181775 -0.00468884 -0.0006
         vertex 0.000181775 -0.00468884 0
         vertex 5.81707e-20 -0.004725 0
      endloop
   endfacet
   facet normal 1.22465e-16 -1 0
      outer loop
         vertex 1.74512e-19 -0.004725 -0.0006
         vertex 5.81707e-20 -0.004725 0
         vertex -0.000181775 -0.00468884 0
      endloop
   endfacet
   facet normal -0.382683 -0.92388 0
      outer loop
         vertex -0.000181775 -0.00468884 -0.0006
         vertex -0.000181775 -0.00468884 0
         vertex -0.000335876 -0.00458588 0
      endloop
   endfacet
   facet normal -0.707107 -0.707107 0
      outer loop
         vertex -0.000335876 -0.00458588 -0.0006
         vertex -0.000335876 -0.00458588 0
         vertex -0.000438843 -0.00443177 0
      endloop
   endfacet
   facet normal -0.92388 -0.382683 0
      outer loop
         vertex -0.000438843 -0.00443177 -0.0006
         vertex -0.000438843 -0.00443177 0
         vertex -0.000475 -0.00425 0
      endloop
   endfacet
   facet normal -1 -1.83697e-16 0
      outer loop
         vertex -0.000475 -0.00425 -0.0006
         vertex -0.000475 -0.00425 0
         vertex -0.000438843 -0.00406823 0
      endloop
   endfacet
   facet normal -0.92388 0.382683 0
      outer loop
         vertex -0.000438843 -0.00406823 -0.0006
         vertex -0.000438843 -0.00406823 0
         vertex -0.000335876 -0.00391412 0
      endloop
   endfacet
   facet normal -0.707107 0.707107 0
      outer loop
         vertex -0.000335876 -0.00391412 -0.0006
         vertex -0.000335876 -0.00391412 0
         vertex -0.000181775 -0.00381116 0
      endloop
   endfacet
   facet normal -0.382683 0.92388 0
      outer loop
         vertex -0.000181775 -0.00381116 -0.0006
         vertex -0.000181775 -0.00381116 0
         vertex -1.16341e-19 -0.003775 0
      endloop
   endfacet
   facet normal 0 1 0
      outer loop
         vertex -1.16341e-19 -0.003775 0
         vertex 0 -0.003775 -0.0006
         vertex -0.000181775 -0.00381116 -0.0006
      endloop
   endfacet
   facet normal -0.382683 0.92388 0
      outer loop
         vertex -0.000181775 -0.00381116 0
         vertex -0.000181775 -0.00381116 -0.0006
         vertex -0.000335876 -0.00391412 -0.0006
      endloop
   endfacet
   facet normal -0.707107 0.707107 0
      outer loop
         vertex -0.000335876 -0.00391412 0
         vertex -0.000335876 -0.00391412 -0.0006
         vertex -0.000438843 -0.00406823 -0.0006
      endloop
   endfacet
   facet normal -0.92388 0.382683 0
      outer loop
         vertex -0.000438843 -0.00406823 0
         vertex -0.000438843 -0.00406823 -0.0006
         vertex -0.000475 -0.00425 -0.0006
      endloop
   endfacet
   facet normal -1 -1.83697e-16 0
      outer loop
         vertex -0.000475 -0.00425 0
         vertex -0.000475 -0.00425 -0.0006
         vertex -0.000438843 -0.00443177 -0.0006
      endloop
   endfacet
   facet normal -0.92388 -0.382683 0
      outer loop
         vertex -0.000438843 -0.00443177 0
         vertex -0.000438843 -0.00443177 -0.0006
         vertex -0.000335876 -0.00458588 -0.0006
      endloop
   endfacet
   facet normal -0.707107 -0.707107 0
      outer loop
         vertex -0.000335876 -0.00458588 0
         vertex -0.000335876 -0.00458588 -0.0006
         vertex -0.000181775 -0.00468884 -0.0006
      endloop
   endfacet
   facet normal -0.382683 -0.92388 0
      outer loop
         vertex -0.000181775 -0.00468884 0
         vertex -0.000181775 -0.00468884 -0.0006
         vertex 1.74512e-19 -0.004725 -0.0006
      endloop
   endfacet
   facet normal 1.22465e-16 -1 0
      outer loop
         vertex 5.81707e-20 -0.004725 0
         vertex 1.74512e-19 -0.004725 -0.0006
         vertex 0.000181775 -0.00468884 -0.0006
      endloop
   endfacet
   facet normal 0.382683 -0.92388 0
      outer loop
         vertex 0.000181775 -0.00468884 0
         vertex 0.000181775 -0.00468884 -0.0006
         vertex 0.000335876 -0.00458588 -0.0006
      endloop
   endfacet
   facet normal 0.707107 -0.707107 0
      outer loop
         vertex 0.000335876 -0.00458588 0
         vertex 0.000335876 -0.00458588 -0.0006
         vertex 0.000438843 -0.00443177 -0.0006
      endloop
   endfacet
   facet normal 0.92388 -0.382683 0
      outer loop
         vertex 0.000438843 -0.00443177 0
         vertex 0.000438843 -0.00443177 -0.0006
         vertex 0.000475 -0.00425 -0.0006
      endloop
   endfacet
   facet normal 1 6.12323e-17 0
      outer loop
         vertex 0.000475 -0.00425 0
         vertex 0.000475 -0.00425 -0.0006
         vertex 0.000438843 -0.00406823 -0.0006
      endloop
   endfacet
   facet normal 0.92388 0.382683 0
      outer loop
         vertex 0.000438843 -0.00406823 0
         vertex 0.000438843 -0.00406823 -0.0006
         vertex 0.000335876 -0.00391412 -0.0006
      endloop
   endfacet
   facet normal 0.707107 0.707107 0
      outer loop
         vertex 0.000335876 -0.00391412 0
         vertex 0.000335876 -0.00391412 -0.0006
         vertex 0.000181775 -0.00381116 -0.0006
      endloop
   endfacet
   facet normal 0.382683 0.92388 0
      outer loop
         vertex 0.000181775 -0.00381116 0
         vertex 0.000181775 -0.00381116 -0.0006
         vertex 0 -0.003775 -0.0006
      endloop
   endfacet
   facet normal 0 0.92388 -0.382683
      outer loop
         vertex 0 -0.00379022 -0.000676537
         vertex 0 -0.003775 -0.0006
         vertex 0.000181775 -0.00381116 -0.0006
      endloop
   endfacet
   facet normal 0.353553 0.853553 -0.382683
      outer loop
         vertex 0.000175949 -0.00382522 -0.000676537
         vertex 0.000181775 -0.00381116 -0.0006
         vertex 0.000335876 -0.00391412 -0.0006
      endloop
   endfacet
   facet normal 0.653281 0.653281 -0.382683
      outer loop
         vertex 0.000325111 -0.00392489 -0.000676537
         vertex 0.000335876 -0.00391412 -0.0006
         vertex 0.000438843 -0.00406823 -0.0006
      endloop
   endfacet
   facet normal 0.853553 0.353553 -0.382683
      outer loop
         vertex 0.000424778 -0.00407405 -0.000676537
         vertex 0.000438843 -0.00406823 -0.0006
         vertex 0.000475 -0.00425 -0.0006
      endloop
   endfacet
   facet normal 0.92388 -1.02571e-16 -0.382683
      outer loop
         vertex 0.000459776 -0.00425 -0.000676537
         vertex 0.000475 -0.00425 -0.0006
         vertex 0.000438843 -0.00443177 -0.0006
      endloop
   endfacet
   facet normal 0.853553 -0.353553 -0.382683
      outer loop
         vertex 0.000424778 -0.00442595 -0.000676537
         vertex 0.000438843 -0.00443177 -0.0006
         vertex 0.000335876 -0.00458588 -0.0006
      endloop
   endfacet
   facet normal 0.653281 -0.653281 -0.382683
      outer loop
         vertex 0.000325111 -0.00457511 -0.000676537
         vertex 0.000335876 -0.00458588 -0.0006
         vertex 0.000181775 -0.00468884 -0.0006
      endloop
   endfacet
   facet normal 0.353553 -0.853553 -0.382683
      outer loop
         vertex 0.000175949 -0.00467478 -0.000676537
         vertex 0.000181775 -0.00468884 -0.0006
         vertex 1.74512e-19 -0.004725 -0.0006
      endloop
   endfacet
   facet normal -1.53857e-16 -0.92388 -0.382683
      outer loop
         vertex -7.65681e-20 -0.00470978 -0.000676537
         vertex 1.74512e-19 -0.004725 -0.0006
         vertex -0.000181775 -0.00468884 -0.0006
      endloop
   endfacet
   facet normal -0.353553 -0.853553 -0.382683
      outer loop
         vertex -0.000175949 -0.00467478 -0.000676537
         vertex -0.000181775 -0.00468884 -0.0006
         vertex -0.000335876 -0.00458588 -0.0006
      endloop
   endfacet
   facet normal -0.653281 -0.653281 -0.382683
      outer loop
         vertex -0.000325111 -0.00457511 -0.000676537
         vertex -0.000335876 -0.00458588 -0.0006
         vertex -0.000438843 -0.00443177 -0.0006
      endloop
   endfacet
   facet normal -0.853553 -0.353553 -0.382683
      outer loop
         vertex -0.000424778 -0.00442595 -0.000676537
         vertex -0.000438843 -0.00443177 -0.0006
         vertex -0.000475 -0.00425 -0.0006
      endloop
   endfacet
   facet normal -0.92388 2.56428e-16 -0.382683
      outer loop
         vertex -0.000459776 -0.00425 -0.000676537
         vertex -0.000475 -0.00425 -0.0006
         vertex -0.000438843 -0.00406823 -0.0006
      endloop
   endfacet
   facet normal -0.853553 0.353553 -0.382683
      outer loop
         vertex -0.000424778 -0.00407405 -0.000676537
         vertex -0.000438843 -0.00406823 -0.0006
         vertex -0.000335876 -0.00391412 -0.0006
      endloop
   endfacet
   facet normal -0.653281 0.653281 -0.382683
      outer loop
         vertex -0.000325111 -0.00392489 -0.000676537
         vertex -0.000335876 -0.00391412 -0.0006
         vertex -0.000181775 -0.00381116 -0.0006
      endloop
   endfacet
   facet normal -0.353553 0.853553 -0.382683
      outer loop
         vertex -0.000175949 -0.00382522 -0.000676537
         vertex -0.000181775 -0.00381116 -0.0006
         vertex 0 -0.003775 -0.0006
      endloop
   endfacet
   facet normal 0 0.707107 -0.707107
      outer loop
         vertex 0 -0.00383358 -0.000741421
         vertex 0 -0.00379022 -0.000676537
         vertex 0.000175949 -0.00382522 -0.000676537
      endloop
   endfacet
   facet normal 0.270598 0.653281 -0.707107
      outer loop
         vertex 0.000159358 -0.00386528 -0.000741421
         vertex 0.000175949 -0.00382522 -0.000676537
         vertex 0.000325111 -0.00392489 -0.000676537
      endloop
   endfacet
   facet normal 0.5 0.5 -0.707107
      outer loop
         vertex 0.000294454 -0.00395555 -0.000741421
         vertex 0.000325111 -0.00392489 -0.000676537
         vertex 0.000424778 -0.00407405 -0.000676537
      endloop
   endfacet
   facet normal 0.653281 0.270598 -0.707107
      outer loop
         vertex 0.000384723 -0.00409064 -0.000741421
         vertex 0.000424778 -0.00407405 -0.000676537
         vertex 0.000459776 -0.00425 -0.000676537
      endloop
   endfacet
   facet normal 0.707107 -7.85046e-17 -0.707107
      outer loop
         vertex 0.000416421 -0.00425 -0.000741421
         vertex 0.000459776 -0.00425 -0.000676537
         vertex 0.000424778 -0.00442595 -0.000676537
      endloop
   endfacet
   facet normal 0.653281 -0.270598 -0.707107
      outer loop
         vertex 0.000384723 -0.00440936 -0.000741421
         vertex 0.000424778 -0.00442595 -0.000676537
         vertex 0.000325111 -0.00457511 -0.000676537
      endloop
   endfacet
   facet normal 0.5 -0.5 -0.707107
      outer loop
         vertex 0.000294454 -0.00454445 -0.000741421
         vertex 0.000325111 -0.00457511 -0.000676537
         vertex 0.000175949 -0.00467478 -0.000676537
      endloop
   endfacet
   facet normal 0.270598 -0.653281 -0.707107
      outer loop
         vertex 0.000159358 -0.00463472 -0.000741421
         vertex 0.000175949 -0.00467478 -0.000676537
         vertex -7.65681e-20 -0.00470978 -0.000676537
      endloop
   endfacet
   facet normal -1.17757e-16 -0.707107 -0.707107
      outer loop
         vertex -6.93481e-20 -0.00466642 -0.000741421
         vertex -7.65681e-20 -0.00470978 -0.000676537
         vertex -0.000175949 -0.00467478 -0.000676537
      endloop
   endfacet
   facet normal -0.270598 -0.653281 -0.707107
      outer loop
         vertex -0.000159358 -0.00463472 -0.000741421
         vertex -0.000175949 -0.00467478 -0.000676537
         vertex -0.000325111 -0.00457511 -0.000676537
      endloop
   endfacet
   facet normal -0.5 -0.5 -0.707107
      outer loop
         vertex -0.000294454 -0.00454445 -0.000741421
         vertex -0.000325111 -0.00457511 -0.000676537
         vertex -0.000424778 -0.00442595 -0.000676537
      endloop
   endfacet
   facet normal -0.653281 -0.270598 -0.707107
      outer loop
         vertex -0.000384723 -0.00440936 -0.000741421
         vertex -0.000424778 -0.00442595 -0.000676537
         vertex -0.000459776 -0.00425 -0.000676537
      endloop
   endfacet
   facet normal -0.707107 1.96262e-16 -0.707107
      outer loop
         vertex -0.000416421 -0.00425 -0.000741421
         vertex -0.000459776 -0.00425 -0.000676537
         vertex -0.000424778 -0.00407405 -0.000676537
      endloop
   endfacet
   facet normal -0.653281 0.270598 -0.707107
      outer loop
         vertex -0.000384723 -0.00409064 -0.000741421
         vertex -0.000424778 -0.00407405 -0.000676537
         vertex -0.000325111 -0.00392489 -0.000676537
      endloop
   endfacet
   facet normal -0.5 0.5 -0.707107
      outer loop
         vertex -0.000294454 -0.00395555 -0.000741421
         vertex -0.000325111 -0.00392489 -0.000676537
         vertex -0.000175949 -0.00382522 -0.000676537
      endloop
   endfacet
   facet normal -0.270598 0.653281 -0.707107
      outer loop
         vertex -0.000159358 -0.00386528 -0.000741421
         vertex -0.000175949 -0.00382522 -0.000676537
         vertex 0 -0.00379022 -0.000676537
      endloop
   endfacet
   facet normal 0 0.382683 -0.92388
      outer loop
         vertex 0 -0.00389846 -0.000784776
         vertex 0 -0.00383358 -0.000741421
         vertex 0.000159358 -0.00386528 -0.000741421
      endloop
   endfacet
   facet normal 0.146447 0.353553 -0.92388
      outer loop
         vertex 0.000134527 -0.00392522 -0.000784776
         vertex 0.000159358 -0.00386528 -0.000741421
         vertex 0.000294454 -0.00395555 -0.000741421
      endloop
   endfacet
   facet normal 0.270598 0.270598 -0.92388
      outer loop
         vertex 0.000248574 -0.00400143 -0.000784776
         vertex 0.000294454 -0.00395555 -0.000741421
         vertex 0.000384723 -0.00409064 -0.000741421
      endloop
   endfacet
   facet normal 0.353553 0.146447 -0.92388
      outer loop
         vertex 0.000324778 -0.00411547 -0.000784776
         vertex 0.000384723 -0.00409064 -0.000741421
         vertex 0.000416421 -0.00425 -0.000741421
      endloop
   endfacet
   facet normal 0.382683 -4.24864e-17 -0.92388
      outer loop
         vertex 0.000351537 -0.00425 -0.000784776
         vertex 0.000416421 -0.00425 -0.000741421
         vertex 0.000384723 -0.00440936 -0.000741421
      endloop
   endfacet
   facet normal 0.353553 -0.146447 -0.92388
      outer loop
         vertex 0.000324778 -0.00438453 -0.000784776
         vertex 0.000384723 -0.00440936 -0.000741421
         vertex 0.000294454 -0.00454445 -0.000741421
      endloop
   endfacet
   facet normal 0.270598 -0.270598 -0.92388
      outer loop
         vertex 0.000248574 -0.00449857 -0.000784776
         vertex 0.000294454 -0.00454445 -0.000741421
         vertex 0.000159358 -0.00463472 -0.000741421
      endloop
   endfacet
   facet normal 0.146447 -0.353553 -0.92388
      outer loop
         vertex 0.000134527 -0.00457478 -0.000784776
         vertex 0.000159358 -0.00463472 -0.000741421
         vertex -6.93481e-20 -0.00466642 -0.000741421
      endloop
   endfacet
   facet normal -6.37296e-17 -0.382683 -0.92388
      outer loop
         vertex -5.85426e-20 -0.00460154 -0.000784776
         vertex -6.93481e-20 -0.00466642 -0.000741421
         vertex -0.000159358 -0.00463472 -0.000741421
      endloop
   endfacet
   facet normal -0.146447 -0.353553 -0.92388
      outer loop
         vertex -0.000134527 -0.00457478 -0.000784776
         vertex -0.000159358 -0.00463472 -0.000741421
         vertex -0.000294454 -0.00454445 -0.000741421
      endloop
   endfacet
   facet normal -0.270598 -0.270598 -0.92388
      outer loop
         vertex -0.000248574 -0.00449857 -0.000784776
         vertex -0.000294454 -0.00454445 -0.000741421
         vertex -0.000384723 -0.00440936 -0.000741421
      endloop
   endfacet
   facet normal -0.353553 -0.146447 -0.92388
      outer loop
         vertex -0.000324778 -0.00438453 -0.000784776
         vertex -0.000384723 -0.00440936 -0.000741421
         vertex -0.000416421 -0.00425 -0.000741421
      endloop
   endfacet
   facet normal -0.382683 1.06216e-16 -0.92388
      outer loop
         vertex -0.000351537 -0.00425 -0.000784776
         vertex -0.000416421 -0.00425 -0.000741421
         vertex -0.000384723 -0.00409064 -0.000741421
      endloop
   endfacet
   facet normal -0.353553 0.146447 -0.92388
      outer loop
         vertex -0.000324778 -0.00411547 -0.000784776
         vertex -0.000384723 -0.00409064 -0.000741421
         vertex -0.000294454 -0.00395555 -0.000741421
      endloop
   endfacet
   facet normal -0.270598 0.270598 -0.92388
      outer loop
         vertex -0.000248574 -0.00400143 -0.000784776
         vertex -0.000294454 -0.00395555 -0.000741421
         vertex -0.000159358 -0.00386528 -0.000741421
      endloop
   endfacet
   facet normal -0.146447 0.353553 -0.92388
      outer loop
         vertex -0.000134527 -0.00392522 -0.000784776
         vertex -0.000159358 -0.00386528 -0.000741421
         vertex 0 -0.00383358 -0.000741421
      endloop
   endfacet
   facet normal 0 2.71051e-16 -1
      outer loop
         vertex 0 -0.003975 -0.0008
         vertex 0 -0.00389846 -0.000784776
         vertex 0.000134527 -0.00392522 -0.000784776
      endloop
   endfacet
   facet normal 0 2.71051e-16 -1
      outer loop
         vertex 0.000105238 -0.00399593 -0.0008
         vertex 0.000134527 -0.00392522 -0.000784776
         vertex 0.000248574 -0.00400143 -0.000784776
      endloop
   endfacet
   facet normal 0 2.71051e-16 -1
      outer loop
         vertex 0.000194454 -0.00405555 -0.0008
         vertex 0.000248574 -0.00400143 -0.000784776
         vertex 0.000324778 -0.00411547 -0.000784776
      endloop
   endfacet
   facet normal 0 2.71051e-16 -1
      outer loop
         vertex 0.000254067 -0.00414476 -0.0008
         vertex 0.000324778 -0.00411547 -0.000784776
         vertex 0.000351537 -0.00425 -0.000784776
      endloop
   endfacet
   facet normal 0 2.71051e-16 -1
      outer loop
         vertex 0.000275 -0.00425 -0.0008
         vertex 0.000351537 -0.00425 -0.000784776
         vertex 0.000324778 -0.00438453 -0.000784776
      endloop
   endfacet
   facet normal 0 2.71051e-16 -1
      outer loop
         vertex 0.000254067 -0.00435524 -0.0008
         vertex 0.000324778 -0.00438453 -0.000784776
         vertex 0.000248574 -0.00449857 -0.000784776
      endloop
   endfacet
   facet normal 0 2.71051e-16 -1
      outer loop
         vertex 0.000194454 -0.00444445 -0.0008
         vertex 0.000248574 -0.00449857 -0.000784776
         vertex 0.000134527 -0.00457478 -0.000784776
      endloop
   endfacet
   facet normal 0 2.71051e-16 -1
      outer loop
         vertex 0.000105238 -0.00450407 -0.0008
         vertex 0.000134527 -0.00457478 -0.000784776
         vertex -5.85426e-20 -0.00460154 -0.000784776
      endloop
   endfacet
   facet normal 0 2.71051e-16 -1
      outer loop
         vertex 3.36778e-20 -0.004525 -0.0008
         vertex -5.85426e-20 -0.00460154 -0.000784776
         vertex -0.000134527 -0.00457478 -0.000784776
      endloop
   endfacet
   facet normal 0 2.71051e-16 -1
      outer loop
         vertex -0.000105238 -0.00450407 -0.0008
         vertex -0.000134527 -0.00457478 -0.000784776
         vertex -0.000248574 -0.00449857 -0.000784776
      endloop
   endfacet
   facet normal 0 2.71051e-16 -1
      outer loop
         vertex -0.000194454 -0.00444445 -0.0008
         vertex -0.000248574 -0.00449857 -0.000784776
         vertex -0.000324778 -0.00438453 -0.000784776
      endloop
   endfacet
   facet normal 0 2.71051e-16 -1
      outer loop
         vertex -0.000254067 -0.00435524 -0.0008
         vertex -0.000324778 -0.00438453 -0.000784776
         vertex -0.000351537 -0.00425 -0.000784776
      endloop
   endfacet
   facet normal 0 2.71051e-16 -1
      outer loop
         vertex -0.000275 -0.00425 -0.0008
         vertex -0.000351537 -0.00425 -0.000784776
         vertex -0.000324778 -0.00411547 -0.000784776
      endloop
   endfacet
   facet normal 0 2.71051e-16 -1
      outer loop
         vertex -0.000254067 -0.00414476 -0.0008
         vertex -0.000324778 -0.00411547 -0.000784776
         vertex -0.000248574 -0.00400143 -0.000784776
      endloop
   endfacet
   facet normal 0 2.71051e-16 -1
      outer loop
         vertex -0.000194454 -0.00405555 -0.0008
         vertex -0.000248574 -0.00400143 -0.000784776
         vertex -0.000134527 -0.00392522 -0.000784776
      endloop
   endfacet
   facet normal 0 2.71051e-16 -1
      outer loop
         vertex -0.000105238 -0.00399593 -0.0008
         vertex -0.000134527 -0.00392522 -0.000784776
         vertex 0 -0.00389846 -0.000784776
      endloop
   endfacet
   facet normal 0 0.382683 -0.92388
      outer loop
         vertex 0 -0.00389846 -0.000784776
         vertex 0 -0.003975 -0.0008
         vertex -0.000105238 -0.00399593 -0.0008
      endloop
   endfacet
   facet normal -0.146447 0.353553 -0.92388
      outer loop
         vertex -0.000134527 -0.00392522 -0.000784776
         vertex -0.000105238 -0.00399593 -0.0008
         vertex -0.000194454 -0.00405555 -0.0008
      endloop
   endfacet
   facet normal -0.270598 0.270598 -0.92388
      outer loop
         vertex -0.000248574 -0.00400143 -0.000784776
         vertex -0.000194454 -0.00405555 -0.0008
         vertex -0.000254067 -0.00414476 -0.0008
      endloop
   endfacet
   facet normal -0.353553 0.146447 -0.92388
      outer loop
         vertex -0.000324778 -0.00411547 -0.000784776
         vertex -0.000254067 -0.00414476 -0.0008
         vertex -0.000275 -0.00425 -0.0008
      endloop
   endfacet
   facet normal -0.382683 1.06216e-16 -0.92388
      outer loop
         vertex -0.000351537 -0.00425 -0.000784776
         vertex -0.000275 -0.00425 -0.0008
         vertex -0.000254067 -0.00435524 -0.0008
      endloop
   endfacet
   facet normal -0.353553 -0.146447 -0.92388
      outer loop
         vertex -0.000324778 -0.00438453 -0.000784776
         vertex -0.000254067 -0.00435524 -0.0008
         vertex -0.000194454 -0.00444445 -0.0008
      endloop
   endfacet
   facet normal -0.270598 -0.270598 -0.92388
      outer loop
         vertex -0.000248574 -0.00449857 -0.000784776
         vertex -0.000194454 -0.00444445 -0.0008
         vertex -0.000105238 -0.00450407 -0.0008
      endloop
   endfacet
   facet normal -0.146447 -0.353553 -0.92388
      outer loop
         vertex -0.000134527 -0.00457478 -0.000784776
         vertex -0.000105238 -0.00450407 -0.0008
         vertex 3.36778e-20 -0.004525 -0.0008
      endloop
   endfacet
   facet normal -6.37296e-17 -0.382683 -0.92388
      outer loop
         vertex -5.85426e-20 -0.00460154 -0.000784776
         vertex 3.36778e-20 -0.004525 -0.0008
         vertex 0.000105238 -0.00450407 -0.0008
      endloop
   endfacet
   facet normal 0.146447 -0.353553 -0.92388
      outer loop
         vertex 0.000134527 -0.00457478 -0.000784776
         vertex 0.000105238 -0.00450407 -0.0008
         vertex 0.000194454 -0.00444445 -0.0008
      endloop
   endfacet
   facet normal 0.270598 -0.270598 -0.92388
      outer loop
         vertex 0.000248574 -0.00449857 -0.000784776
         vertex 0.000194454 -0.00444445 -0.0008
         vertex 0.000254067 -0.00435524 -0.0008
      endloop
   endfacet
   facet normal 0.353553 -0.146447 -0.92388
      outer loop
         vertex 0.000324778 -0.00438453 -0.000784776
         vertex 0.000254067 -0.00435524 -0.0008
         vertex 0.000275 -0.00425 -0.0008
      endloop
   endfacet
   facet normal 0.382683 -4.24864e-17 -0.92388
      outer loop
         vertex 0.000351537 -0.00425 -0.000784776
         vertex 0.000275 -0.00425 -0.0008
         vertex 0.000254067 -0.00414476 -0.0008
      endloop
   endfacet
   facet normal 0.353553 0.146447 -0.92388
      outer loop
         vertex 0.000324778 -0.00411547 -0.000784776
         vertex 0.000254067 -0.00414476 -0.0008
         vertex 0.000194454 -0.00405555 -0.0008
      endloop
   endfacet
   facet normal 0.270598 0.270598 -0.92388
      outer loop
         vertex 0.000248574 -0.00400143 -0.000784776
         vertex 0.000194454 -0.00405555 -0.0008
         vertex 0.000105238 -0.00399593 -0.0008
      endloop
   endfacet
   facet normal 0.146447 0.353553 -0.92388
      outer loop
         vertex 0.000134527 -0.00392522 -0.000784776
         vertex 0.000105238 -0.00399593 -0.0008
         vertex 0 -0.003975 -0.0008
      endloop
   endfacet
   facet normal 0 0.707107 -0.707107
      outer loop
         vertex 0 -0.00383358 -0.000741421
         vertex 0 -0.00389846 -0.000784776
         vertex -0.000134527 -0.00392522 -0.000784776
      endloop
   endfacet
   facet normal -0.270598 0.653281 -0.707107
      outer loop
         vertex -0.000159358 -0.00386528 -0.000741421
         vertex -0.000134527 -0.00392522 -0.000784776
         vertex -0.000248574 -0.00400143 -0.000784776
      endloop
   endfacet
   facet normal -0.5 0.5 -0.707107
      outer loop
         vertex -0.000294454 -0.00395555 -0.000741421
         vertex -0.000248574 -0.00400143 -0.000784776
         vertex -0.000324778 -0.00411547 -0.000784776
      endloop
   endfacet
   facet normal -0.653281 0.270598 -0.707107
      outer loop
         vertex -0.000384723 -0.00409064 -0.000741421
         vertex -0.000324778 -0.00411547 -0.000784776
         vertex -0.000351537 -0.00425 -0.000784776
      endloop
   endfacet
   facet normal -0.707107 1.96262e-16 -0.707107
      outer loop
         vertex -0.000416421 -0.00425 -0.000741421
         vertex -0.000351537 -0.00425 -0.000784776
         vertex -0.000324778 -0.00438453 -0.000784776
      endloop
   endfacet
   facet normal -0.653281 -0.270598 -0.707107
      outer loop
         vertex -0.000384723 -0.00440936 -0.000741421
         vertex -0.000324778 -0.00438453 -0.000784776
         vertex -0.000248574 -0.00449857 -0.000784776
      endloop
   endfacet
   facet normal -0.5 -0.5 -0.707107
      outer loop
         vertex -0.000294454 -0.00454445 -0.000741421
         vertex -0.000248574 -0.00449857 -0.000784776
         vertex -0.000134527 -0.00457478 -0.000784776
      endloop
   endfacet
   facet normal -0.270598 -0.653281 -0.707107
      outer loop
         vertex -0.000159358 -0.00463472 -0.000741421
         vertex -0.000134527 -0.00457478 -0.000784776
         vertex -5.85426e-20 -0.00460154 -0.000784776
      endloop
   endfacet
   facet normal -1.17757e-16 -0.707107 -0.707107
      outer loop
         vertex -6.93481e-20 -0.00466642 -0.000741421
         vertex -5.85426e-20 -0.00460154 -0.000784776
         vertex 0.000134527 -0.00457478 -0.000784776
      endloop
   endfacet
   facet normal 0.270598 -0.653281 -0.707107
      outer loop
         vertex 0.000159358 -0.00463472 -0.000741421
         vertex 0.000134527 -0.00457478 -0.000784776
         vertex 0.000248574 -0.00449857 -0.000784776
      endloop
   endfacet
   facet normal 0.5 -0.5 -0.707107
      outer loop
         vertex 0.000294454 -0.00454445 -0.000741421
         vertex 0.000248574 -0.00449857 -0.000784776
         vertex 0.000324778 -0.00438453 -0.000784776
      endloop
   endfacet
   facet normal 0.653281 -0.270598 -0.707107
      outer loop
         vertex 0.000384723 -0.00440936 -0.000741421
         vertex 0.000324778 -0.00438453 -0.000784776
         vertex 0.000351537 -0.00425 -0.000784776
      endloop
   endfacet
   facet normal 0.707107 -7.85046e-17 -0.707107
      outer loop
         vertex 0.000416421 -0.00425 -0.000741421
         vertex 0.000351537 -0.00425 -0.000784776
         vertex 0.000324778 -0.00411547 -0.000784776
      endloop
   endfacet
   facet normal 0.653281 0.270598 -0.707107
      outer loop
         vertex 0.000384723 -0.00409064 -0.000741421
         vertex 0.000324778 -0.00411547 -0.000784776
         vertex 0.000248574 -0.00400143 -0.000784776
      endloop
   endfacet
   facet normal 0.5 0.5 -0.707107
      outer loop
         vertex 0.000294454 -0.00395555 -0.000741421
         vertex 0.000248574 -0.00400143 -0.000784776
         vertex 0.000134527 -0.00392522 -0.000784776
      endloop
   endfacet
   facet normal 0.270598 0.653281 -0.707107
      outer loop
         vertex 0.000159358 -0.00386528 -0.000741421
         vertex 0.000134527 -0.00392522 -0.000784776
         vertex 0 -0.00389846 -0.000784776
      endloop
   endfacet
   facet normal 0 0.92388 -0.382683
      outer loop
         vertex 0 -0.00379022 -0.000676537
         vertex 0 -0.00383358 -0.000741421
         vertex -0.000159358 -0.00386528 -0.000741421
      endloop
   endfacet
   facet normal -0.353553 0.853553 -0.382683
      outer loop
         vertex -0.000175949 -0.00382522 -0.000676537
         vertex -0.000159358 -0.00386528 -0.000741421
         vertex -0.000294454 -0.00395555 -0.000741421
      endloop
   endfacet
   facet normal -0.653281 0.653281 -0.382683
      outer loop
         vertex -0.000325111 -0.00392489 -0.000676537
         vertex -0.000294454 -0.00395555 -0.000741421
         vertex -0.000384723 -0.00409064 -0.000741421
      endloop
   endfacet
   facet normal -0.853553 0.353553 -0.382683
      outer loop
         vertex -0.000424778 -0.00407405 -0.000676537
         vertex -0.000384723 -0.00409064 -0.000741421
         vertex -0.000416421 -0.00425 -0.000741421
      endloop
   endfacet
   facet normal -0.92388 2.56428e-16 -0.382683
      outer loop
         vertex -0.000459776 -0.00425 -0.000676537
         vertex -0.000416421 -0.00425 -0.000741421
         vertex -0.000384723 -0.00440936 -0.000741421
      endloop
   endfacet
   facet normal -0.853553 -0.353553 -0.382683
      outer loop
         vertex -0.000424778 -0.00442595 -0.000676537
         vertex -0.000384723 -0.00440936 -0.000741421
         vertex -0.000294454 -0.00454445 -0.000741421
      endloop
   endfacet
   facet normal -0.653281 -0.653281 -0.382683
      outer loop
         vertex -0.000325111 -0.00457511 -0.000676537
         vertex -0.000294454 -0.00454445 -0.000741421
         vertex -0.000159358 -0.00463472 -0.000741421
      endloop
   endfacet
   facet normal -0.353553 -0.853553 -0.382683
      outer loop
         vertex -0.000175949 -0.00467478 -0.000676537
         vertex -0.000159358 -0.00463472 -0.000741421
         vertex -6.93481e-20 -0.00466642 -0.000741421
      endloop
   endfacet
   facet normal -1.53857e-16 -0.92388 -0.382683
      outer loop
         vertex -7.65681e-20 -0.00470978 -0.000676537
         vertex -6.93481e-20 -0.00466642 -0.000741421
         vertex 0.000159358 -0.00463472 -0.000741421
      endloop
   endfacet
   facet normal 0.353553 -0.853553 -0.382683
      outer loop
         vertex 0.000175949 -0.00467478 -0.000676537
         vertex 0.000159358 -0.00463472 -0.000741421
         vertex 0.000294454 -0.00454445 -0.000741421
      endloop
   endfacet
   facet normal 0.653281 -0.653281 -0.382683
      outer loop
         vertex 0.000325111 -0.00457511 -0.000676537
         vertex 0.000294454 -0.00454445 -0.000741421
         vertex 0.000384723 -0.00440936 -0.000741421
      endloop
   endfacet
   facet normal 0.853553 -0.353553 -0.382683
      outer loop
         vertex 0.000424778 -0.00442595 -0.000676537
         vertex 0.000384723 -0.00440936 -0.000741421
         vertex 0.000416421 -0.00425 -0.000741421
      endloop
   endfacet
   facet normal 0.92388 -1.02571e-16 -0.382683
      outer loop
         vertex 0.000459776 -0.00425 -0.000676537
         vertex 0.000416421 -0.00425 -0.000741421
         vertex 0.000384723 -0.00409064 -0.000741421
      endloop
   endfacet
   facet normal 0.853553 0.353553 -0.382683
      outer loop
         vertex 0.000424778 -0.00407405 -0.000676537
         vertex 0.000384723 -0.00409064 -0.000741421
         vertex 0.000294454 -0.00395555 -0.000741421
      endloop
   endfacet
   facet normal 0.653281 0.653281 -0.382683
      outer loop
         vertex 0.000325111 -0.00392489 -0.000676537
         vertex 0.000294454 -0.00395555 -0.000741421
         vertex 0.000159358 -0.00386528 -0.000741421
      endloop
   endfacet
   facet normal 0.353553 0.853553 -0.382683
      outer loop
         vertex 0.000175949 -0.00382522 -0.000676537
         vertex 0.000159358 -0.00386528 -0.000741421
         vertex 0 -0.00383358 -0.000741421
      endloop
   endfacet
   facet normal 0 1 0
      outer loop
         vertex 0 -0.003775 -0.0006
         vertex 0 -0.00379022 -0.000676537
         vertex -0.000175949 -0.00382522 -0.000676537
      endloop
   endfacet
   facet normal -0.382683 0.92388 0
      outer loop
         vertex -0.000181775 -0.00381116 -0.0006
         vertex -0.000175949 -0.00382522 -0.000676537
         vertex -0.000325111 -0.00392489 -0.000676537
      endloop
   endfacet
   facet normal -0.707107 0.707107 0
      outer loop
         vertex -0.000335876 -0.00391412 -0.0006
         vertex -0.000325111 -0.00392489 -0.000676537
         vertex -0.000424778 -0.00407405 -0.000676537
      endloop
   endfacet
   facet normal -0.92388 0.382683 0
      outer loop
         vertex -0.000438843 -0.00406823 -0.0006
         vertex -0.000424778 -0.00407405 -0.000676537
         vertex -0.000459776 -0.00425 -0.000676537
      endloop
   endfacet
   facet normal -1 2.77556e-16 0
      outer loop
         vertex -0.000475 -0.00425 -0.0006
         vertex -0.000459776 -0.00425 -0.000676537
         vertex -0.000424778 -0.00442595 -0.000676537
      endloop
   endfacet
   facet normal -0.92388 -0.382683 0
      outer loop
         vertex -0.000438843 -0.00443177 -0.0006
         vertex -0.000424778 -0.00442595 -0.000676537
         vertex -0.000325111 -0.00457511 -0.000676537
      endloop
   endfacet
   facet normal -0.707107 -0.707107 0
      outer loop
         vertex -0.000335876 -0.00458588 -0.0006
         vertex -0.000325111 -0.00457511 -0.000676537
         vertex -0.000175949 -0.00467478 -0.000676537
      endloop
   endfacet
   facet normal -0.382683 -0.92388 0
      outer loop
         vertex -0.000181775 -0.00468884 -0.0006
         vertex -0.000175949 -0.00467478 -0.000676537
         vertex -7.65681e-20 -0.00470978 -0.000676537
      endloop
   endfacet
   facet normal 1.22465e-16 -1 0
      outer loop
         vertex 1.74512e-19 -0.004725 -0.0006
         vertex -7.65681e-20 -0.00470978 -0.000676537
         vertex 0.000175949 -0.00467478 -0.000676537
      endloop
   endfacet
   facet normal 0.382683 -0.92388 0
      outer loop
         vertex 0.000181775 -0.00468884 -0.0006
         vertex 0.000175949 -0.00467478 -0.000676537
         vertex 0.000325111 -0.00457511 -0.000676537
      endloop
   endfacet
   facet normal 0.707107 -0.707107 0
      outer loop
         vertex 0.000335876 -0.00458588 -0.0006
         vertex 0.000325111 -0.00457511 -0.000676537
         vertex 0.000424778 -0.00442595 -0.000676537
      endloop
   endfacet
   facet normal 0.92388 -0.382683 0
      outer loop
         vertex 0.000438843 -0.00443177 -0.0006
         vertex 0.000424778 -0.00442595 -0.000676537
         vertex 0.000459776 -0.00425 -0.000676537
      endloop
   endfacet
   facet normal 1 -1.11022e-16 0
      outer loop
         vertex 0.000475 -0.00425 -0.0006
         vertex 0.000459776 -0.00425 -0.000676537
         vertex 0.000424778 -0.00407405 -0.000676537
      endloop
   endfacet
   facet normal 0.92388 0.382683 0
      outer loop
         vertex 0.000438843 -0.00406823 -0.0006
         vertex 0.000424778 -0.00407405 -0.000676537
         vertex 0.000325111 -0.00392489 -0.000676537
      endloop
   endfacet
   facet normal 0.707107 0.707107 0
      outer loop
         vertex 0.000335876 -0.00391412 -0.0006
         vertex 0.000325111 -0.00392489 -0.000676537
         vertex 0.000175949 -0.00382522 -0.000676537
      endloop
   endfacet
   facet normal 0.382683 0.92388 0
      outer loop
         vertex 0.000181775 -0.00381116 -0.0006
         vertex 0.000175949 -0.00382522 -0.000676537
         vertex 0 -0.00379022 -0.000676537
      endloop
   endfacet
   facet normal 0 2.71051e-16 -1
      outer loop
         vertex 0 -0.00425 -0.0008
         vertex 0.000105238 -0.00399593 -0.0008
         vertex 0.000194454 -0.00405555 -0.0008
      endloop
   endfacet
   facet normal 0 2.71051e-16 -1
      outer loop
         vertex 0.000194454 -0.00405555 -0.0008
         vertex 0.000254067 -0.00414476 -0.0008
         vertex 0 -0.00425 -0.0008
      endloop
   endfacet
   facet normal 0 2.71051e-16 -1
      outer loop
         vertex 0.000254067 -0.00414476 -0.0008
         vertex 0.000275 -0.00425 -0.0008
         vertex 0 -0.00425 -0.0008
      endloop
   endfacet
   facet normal 0 2.71051e-16 -1
      outer loop
         vertex 0.000275 -0.00425 -0.0008
         vertex 0.000254067 -0.00435524 -0.0008
         vertex 0 -0.00425 -0.0008
      endloop
   endfacet
   facet normal 0 2.71051e-16 -1
      outer loop
         vertex 0.000254067 -0.00435524 -0.0008
         vertex 0.000194454 -0.00444445 -0.0008
         vertex 0 -0.00425 -0.0008
      endloop
   endfacet
   facet normal 0 2.71051e-16 -1
      outer loop
         vertex 0.000194454 -0.00444445 -0.0008
         vertex 0.000105238 -0.00450407 -0.0008
         vertex 0 -0.00425 -0.0008
      endloop
   endfacet
   facet normal 0 2.71051e-16 -1
      outer loop
         vertex 0.000105238 -0.00450407 -0.0008
         vertex 3.36778e-20 -0.004525 -0.0008
         vertex 0 -0.00425 -0.0008
      endloop
   endfacet
   facet normal 0 2.71051e-16 -1
      outer loop
         vertex 3.36778e-20 -0.004525 -0.0008
         vertex -0.000105238 -0.00450407 -0.0008
         vertex 0 -0.00425 -0.0008
      endloop
   endfacet
   facet normal 0 2.71051e-16 -1
      outer loop
         vertex -0.000105238 -0.00450407 -0.0008
         vertex -0.000194454 -0.00444445 -0.0008
         vertex 0 -0.00425 -0.0008
      endloop
   endfacet
   facet normal 0 2.71051e-16 -1
      outer loop
         vertex -0.000194454 -0.00444445 -0.0008
         vertex -0.000254067 -0.00435524 -0.0008
         vertex 0 -0.00425 -0.0008
      endloop
   endfacet
   facet normal 0 2.71051e-16 -1
      outer loop
         vertex -0.000254067 -0.00435524 -0.0008
         vertex -0.000275 -0.00425 -0.0008
         vertex 0 -0.00425 -0.0008
      endloop
   endfacet
   facet normal 0 2.71051e-16 -1
      outer loop
         vertex -0.000275 -0.00425 -0.0008
         vertex -0.000254067 -0.00414476 -0.0008
         vertex 0 -0.00425 -0.0008
      endloop
   endfacet
   facet normal 0 2.71051e-16 -1
      outer loop
         vertex -0.000254067 -0.00414476 -0.0008
         vertex -0.000194454 -0.00405555 -0.0008
         vertex 0 -0.00425 -0.0008
      endloop
   endfacet
   facet normal 0 2.71051e-16 -1
      outer loop
         vertex -0.000194454 -0.00405555 -0.0008
         vertex -0.000105238 -0.00399593 -0.0008
         vertex 0 -0.00425 -0.0008
      endloop
   endfacet
   facet normal 0 2.71051e-16 -1
      outer loop
         vertex -0.000105238 -0.00399593 -0.0008
         vertex 0 -0.003975 -0.0008
         vertex 0 -0.00425 -0.0008
      endloop
   endfacet
   facet normal 0 2.71051e-16 -1
      outer loop
         vertex 0 -0.003975 -0.0008
         vertex 0.000105238 -0.00399593 -0.0008
         vertex 0 -0.00425 -0.0008
      endloop
   endfacet
   facet normal 0.92388 -0.382683 0
      outer loop
         vertex 0.00297716 -0.00856481 0.003
         vertex 0.003 -0.00845 0.003
         vertex 0.00277164 -0.00845 0.00414805
      endloop
   endfacet
   facet normal 0.853553 -0.382683 0.353553
      outer loop
         vertex 0.00275054 -0.00856481 0.00413931
         vertex 0.00277164 -0.00845 0.00414805
         vertex 0.00212132 -0.00845 0.00512132
      endloop
   endfacet
   facet normal 0.653281 -0.382683 0.653281
      outer loop
         vertex 0.00210517 -0.00856481 0.00510517
         vertex 0.00212132 -0.00845 0.00512132
         vertex 0.00114805 -0.00845 0.00577164
      endloop
   endfacet
   facet normal 0.353553 -0.382683 0.853553
      outer loop
         vertex 0.00113931 -0.00856481 0.00575054
         vertex 0.00114805 -0.00845 0.00577164
         vertex 1.83697e-19 -0.00845 0.006
      endloop
   endfacet
   facet normal -1.02571e-16 -0.382683 0.92388
      outer loop
         vertex -3.30532e-19 -0.00856481 0.00597716
         vertex 1.83697e-19 -0.00845 0.006
         vertex -0.00114805 -0.00845 0.00577164
      endloop
   endfacet
   facet normal -0.353553 -0.382683 0.853553
      outer loop
         vertex -0.00113931 -0.00856481 0.00575054
         vertex -0.00114805 -0.00845 0.00577164
         vertex -0.00212132 -0.00845 0.00512132
      endloop
   endfacet
   facet normal -0.653281 -0.382683 0.653281
      outer loop
         vertex -0.00210517 -0.00856481 0.00510517
         vertex -0.00212132 -0.00845 0.00512132
         vertex -0.00277164 -0.00845 0.00414805
      endloop
   endfacet
   facet normal -0.853553 -0.382683 0.353553
      outer loop
         vertex -0.00275054 -0.00856481 0.00413931
         vertex -0.00277164 -0.00845 0.00414805
         vertex -0.003 -0.00845 0.003
      endloop
   endfacet
   facet normal -0.92388 -0.382683 -1.53857e-16
      outer loop
         vertex -0.00297716 -0.00856481 0.003
         vertex -0.003 -0.00845 0.003
         vertex -0.00277164 -0.00845 0.00185195
      endloop
   endfacet
   facet normal -0.853553 -0.382683 -0.353553
      outer loop
         vertex -0.00275054 -0.00856481 0.00186069
         vertex -0.00277164 -0.00845 0.00185195
         vertex -0.00212132 -0.00845 0.00087868
      endloop
   endfacet
   facet normal -0.653281 -0.382683 -0.653281
      outer loop
         vertex -0.00210517 -0.00856481 0.000894827
         vertex -0.00212132 -0.00845 0.00087868
         vertex -0.00114805 -0.00845 0.000228361
      endloop
   endfacet
   facet normal -0.353553 -0.382683 -0.853553
      outer loop
         vertex -0.00113931 -0.00856481 0.000249459
         vertex -0.00114805 -0.00845 0.000228361
         vertex -5.51091e-19 -0.00845 0
      endloop
   endfacet
   facet normal 2.56428e-16 -0.382683 -0.92388
      outer loop
         vertex 8.26329e-19 -0.00856481 2.28361e-05
         vertex -5.51091e-19 -0.00845 0
         vertex 0.00114805 -0.00845 0.000228361
      endloop
   endfacet
   facet normal 0.353553 -0.382683 -0.853553
      outer loop
         vertex 0.00113931 -0.00856481 0.000249459
         vertex 0.00114805 -0.00845 0.000228361
         vertex 0.00212132 -0.00845 0.00087868
      endloop
   endfacet
   facet normal 0.653281 -0.382683 -0.653281
      outer loop
         vertex 0.00210517 -0.00856481 0.000894827
         vertex 0.00212132 -0.00845 0.00087868
         vertex 0.00277164 -0.00845 0.00185195
      endloop
   endfacet
   facet normal 0.853553 -0.382683 -0.353553
      outer loop
         vertex 0.00275054 -0.00856481 0.00186069
         vertex 0.00277164 -0.00845 0.00185195
         vertex 0.003 -0.00845 0.003
      endloop
   endfacet
   facet normal 0.707107 -0.707107 0
      outer loop
         vertex 0.00291213 -0.00866213 0.003
         vertex 0.00297716 -0.00856481 0.003
         vertex 0.00275054 -0.00856481 0.00413931
      endloop
   endfacet
   facet normal 0.653281 -0.707107 0.270598
      outer loop
         vertex 0.00269046 -0.00866213 0.00411442
         vertex 0.00275054 -0.00856481 0.00413931
         vertex 0.00210517 -0.00856481 0.00510517
      endloop
   endfacet
   facet normal 0.5 -0.707107 0.5
      outer loop
         vertex 0.00205919 -0.00866213 0.00505919
         vertex 0.00210517 -0.00856481 0.00510517
         vertex 0.00113931 -0.00856481 0.00575054
      endloop
   endfacet
   facet normal 0.270598 -0.707107 0.653281
      outer loop
         vertex 0.00111442 -0.00866213 0.00569046
         vertex 0.00113931 -0.00856481 0.00575054
         vertex -3.30532e-19 -0.00856481 0.00597716
      endloop
   endfacet
   facet normal -7.85046e-17 -0.707107 0.707107
      outer loop
         vertex -3.23312e-19 -0.00866213 0.00591213
         vertex -3.30532e-19 -0.00856481 0.00597716
         vertex -0.00113931 -0.00856481 0.00575054
      endloop
   endfacet
   facet normal -0.270598 -0.707107 0.653281
      outer loop
         vertex -0.00111442 -0.00866213 0.00569046
         vertex -0.00113931 -0.00856481 0.00575054
         vertex -0.00210517 -0.00856481 0.00510517
      endloop
   endfacet
   facet normal -0.5 -0.707107 0.5
      outer loop
         vertex -0.00205919 -0.00866213 0.00505919
         vertex -0.00210517 -0.00856481 0.00510517
         vertex -0.00275054 -0.00856481 0.00413931
      endloop
   endfacet
   facet normal -0.653281 -0.707107 0.270598
      outer loop
         vertex -0.00269046 -0.00866213 0.00411442
         vertex -0.00275054 -0.00856481 0.00413931
         vertex -0.00297716 -0.00856481 0.003
      endloop
   endfacet
   facet normal -0.707107 -0.707107 -1.17757e-16
      outer loop
         vertex -0.00291213 -0.00866213 0.003
         vertex -0.00297716 -0.00856481 0.003
         vertex -0.00275054 -0.00856481 0.00186069
      endloop
   endfacet
   facet normal -0.653281 -0.707107 -0.270598
      outer loop
         vertex -0.00269046 -0.00866213 0.00188558
         vertex -0.00275054 -0.00856481 0.00186069
         vertex -0.00210517 -0.00856481 0.000894827
      endloop
   endfacet
   facet normal -0.5 -0.707107 -0.5
      outer loop
         vertex -0.00205919 -0.00866213 0.000940812
         vertex -0.00210517 -0.00856481 0.000894827
         vertex -0.00113931 -0.00856481 0.000249459
      endloop
   endfacet
   facet normal -0.270598 -0.707107 -0.653281
      outer loop
         vertex -0.00111442 -0.00866213 0.000309541
         vertex -0.00113931 -0.00856481 0.000249459
         vertex 8.26329e-19 -0.00856481 2.28361e-05
      endloop
   endfacet
   facet normal 1.96262e-16 -0.707107 -0.707107
      outer loop
         vertex 8.08279e-19 -0.00866213 8.7868e-05
         vertex 8.26329e-19 -0.00856481 2.28361e-05
         vertex 0.00113931 -0.00856481 0.000249459
      endloop
   endfacet
   facet normal 0.270598 -0.707107 -0.653281
      outer loop
         vertex 0.00111442 -0.00866213 0.000309541
         vertex 0.00113931 -0.00856481 0.000249459
         vertex 0.00210517 -0.00856481 0.000894827
      endloop
   endfacet
   facet normal 0.5 -0.707107 -0.5
      outer loop
         vertex 0.00205919 -0.00866213 0.000940812
         vertex 0.00210517 -0.00856481 0.000894827
         vertex 0.00275054 -0.00856481 0.00186069
      endloop
   endfacet
   facet normal 0.653281 -0.707107 -0.270598
      outer loop
         vertex 0.00269046 -0.00866213 0.00188558
         vertex 0.00275054 -0.00856481 0.00186069
         vertex 0.00297716 -0.00856481 0.003
      endloop
   endfacet
   facet normal 0.382683 -0.92388 0
      outer loop
         vertex 0.00281481 -0.00872716 0.003
         vertex 0.00291213 -0.00866213 0.003
         vertex 0.00269046 -0.00866213 0.00411442
      endloop
   endfacet
   facet normal 0.353553 -0.92388 0.146447
      outer loop
         vertex 0.00260054 -0.00872716 0.00407718
         vertex 0.00269046 -0.00866213 0.00411442
         vertex 0.00205919 -0.00866213 0.00505919
      endloop
   endfacet
   facet normal 0.270598 -0.92388 0.270598
      outer loop
         vertex 0.00199037 -0.00872716 0.00499037
         vertex 0.00205919 -0.00866213 0.00505919
         vertex 0.00111442 -0.00866213 0.00569046
      endloop
   endfacet
   facet normal 0.146447 -0.92388 0.353553
      outer loop
         vertex 0.00107718 -0.00872716 0.00560054
         vertex 0.00111442 -0.00866213 0.00569046
         vertex -3.23312e-19 -0.00866213 0.00591213
      endloop
   endfacet
   facet normal -4.24864e-17 -0.92388 0.382683
      outer loop
         vertex -3.12506e-19 -0.00872716 0.00581481
         vertex -3.23312e-19 -0.00866213 0.00591213
         vertex -0.00111442 -0.00866213 0.00569046
      endloop
   endfacet
   facet normal -0.146447 -0.92388 0.353553
      outer loop
         vertex -0.00107718 -0.00872716 0.00560054
         vertex -0.00111442 -0.00866213 0.00569046
         vertex -0.00205919 -0.00866213 0.00505919
      endloop
   endfacet
   facet normal -0.270598 -0.92388 0.270598
      outer loop
         vertex -0.00199037 -0.00872716 0.00499037
         vertex -0.00205919 -0.00866213 0.00505919
         vertex -0.00269046 -0.00866213 0.00411442
      endloop
   endfacet
   facet normal -0.353553 -0.92388 0.146447
      outer loop
         vertex -0.00260054 -0.00872716 0.00407718
         vertex -0.00269046 -0.00866213 0.00411442
         vertex -0.00291213 -0.00866213 0.003
      endloop
   endfacet
   facet normal -0.382683 -0.92388 -6.37296e-17
      outer loop
         vertex -0.00281481 -0.00872716 0.003
         vertex -0.00291213 -0.00866213 0.003
         vertex -0.00269046 -0.00866213 0.00188558
      endloop
   endfacet
   facet normal -0.353553 -0.92388 -0.146447
      outer loop
         vertex -0.00260054 -0.00872716 0.00192282
         vertex -0.00269046 -0.00866213 0.00188558
         vertex -0.00205919 -0.00866213 0.000940812
      endloop
   endfacet
   facet normal -0.270598 -0.92388 -0.270598
      outer loop
         vertex -0.00199037 -0.00872716 0.00100963
         vertex -0.00205919 -0.00866213 0.000940812
         vertex -0.00111442 -0.00866213 0.000309541
      endloop
   endfacet
   facet normal -0.146447 -0.92388 -0.353553
      outer loop
         vertex -0.00107718 -0.00872716 0.000399459
         vertex -0.00111442 -0.00866213 0.000309541
         vertex 8.08279e-19 -0.00866213 8.7868e-05
      endloop
   endfacet
   facet normal 1.06216e-16 -0.92388 -0.382683
      outer loop
         vertex 7.81265e-19 -0.00872716 0.000185195
         vertex 8.08279e-19 -0.00866213 8.7868e-05
         vertex 0.00111442 -0.00866213 0.000309541
      endloop
   endfacet
   facet normal 0.146447 -0.92388 -0.353553
      outer loop
         vertex 0.00107718 -0.00872716 0.000399459
         vertex 0.00111442 -0.00866213 0.000309541
         vertex 0.00205919 -0.00866213 0.000940812
      endloop
   endfacet
   facet normal 0.270598 -0.92388 -0.270598
      outer loop
         vertex 0.00199037 -0.00872716 0.00100963
         vertex 0.00205919 -0.00866213 0.000940812
         vertex 0.00269046 -0.00866213 0.00188558
      endloop
   endfacet
   facet normal 0.353553 -0.92388 -0.146447
      outer loop
         vertex 0.00260054 -0.00872716 0.00192282
         vertex 0.00269046 -0.00866213 0.00188558
         vertex 0.00291213 -0.00866213 0.003
      endloop
   endfacet
   facet normal 0 -1 0
      outer loop
         vertex 0.0027 -0.00875 0.003
         vertex 0.00281481 -0.00872716 0.003
         vertex 0.00260054 -0.00872716 0.00407718
      endloop
   endfacet
   facet normal 0 -1 0
      outer loop
         vertex 0.00249447 -0.00875 0.00403325
         vertex 0.00260054 -0.00872716 0.00407718
         vertex 0.00199037 -0.00872716 0.00499037
      endloop
   endfacet
   facet normal 0 -1 0
      outer loop
         vertex 0.00190919 -0.00875 0.00490919
         vertex 0.00199037 -0.00872716 0.00499037
         vertex 0.00107718 -0.00872716 0.00560054
      endloop
   endfacet
   facet normal 0 -1 0
      outer loop
         vertex 0.00103325 -0.00875 0.00549447
         vertex 0.00107718 -0.00872716 0.00560054
         vertex -3.12506e-19 -0.00872716 0.00581481
      endloop
   endfacet
   facet normal 0 -1 0
      outer loop
         vertex 1.65327e-19 -0.00875 0.0057
         vertex -3.12506e-19 -0.00872716 0.00581481
         vertex -0.00107718 -0.00872716 0.00560054
      endloop
   endfacet
   facet normal 0 -1 0
      outer loop
         vertex -0.00103325 -0.00875 0.00549447
         vertex -0.00107718 -0.00872716 0.00560054
         vertex -0.00199037 -0.00872716 0.00499037
      endloop
   endfacet
   facet normal 0 -1 0
      outer loop
         vertex -0.00190919 -0.00875 0.00490919
         vertex -0.00199037 -0.00872716 0.00499037
         vertex -0.00260054 -0.00872716 0.00407718
      endloop
   endfacet
   facet normal 0 -1 0
      outer loop
         vertex -0.00249447 -0.00875 0.00403325
         vertex -0.00260054 -0.00872716 0.00407718
         vertex -0.00281481 -0.00872716 0.003
      endloop
   endfacet
   facet normal 0 -1 0
      outer loop
         vertex -0.0027 -0.00875 0.003
         vertex -0.00281481 -0.00872716 0.003
         vertex -0.00260054 -0.00872716 0.00192282
      endloop
   endfacet
   facet normal 0 -1 0
      outer loop
         vertex -0.00249447 -0.00875 0.00196675
         vertex -0.00260054 -0.00872716 0.00192282
         vertex -0.00199037 -0.00872716 0.00100963
      endloop
   endfacet
   facet normal 0 -1 0
      outer loop
         vertex -0.00190919 -0.00875 0.00109081
         vertex -0.00199037 -0.00872716 0.00100963
         vertex -0.00107718 -0.00872716 0.000399459
      endloop
   endfacet
   facet normal 0 -1 0
      outer loop
         vertex -0.00103325 -0.00875 0.000505525
         vertex -0.00107718 -0.00872716 0.000399459
         vertex 7.81265e-19 -0.00872716 0.000185195
      endloop
   endfacet
   facet normal 0 -1 0
      outer loop
         vertex -4.95982e-19 -0.00875 0.0003
         vertex 7.81265e-19 -0.00872716 0.000185195
         vertex 0.00107718 -0.00872716 0.000399459
      endloop
   endfacet
   facet normal 0 -1 0
      outer loop
         vertex 0.00103325 -0.00875 0.000505525
         vertex 0.00107718 -0.00872716 0.000399459
         vertex 0.00199037 -0.00872716 0.00100963
      endloop
   endfacet
   facet normal 0 -1 0
      outer loop
         vertex 0.00190919 -0.00875 0.00109081
         vertex 0.00199037 -0.00872716 0.00100963
         vertex 0.00260054 -0.00872716 0.00192282
      endloop
   endfacet
   facet normal 0 -1 0
      outer loop
         vertex 0.00249447 -0.00875 0.00196675
         vertex 0.00260054 -0.00872716 0.00192282
         vertex 0.00281481 -0.00872716 0.003
      endloop
   endfacet
   facet normal 0.382683 -0.92388 0
      outer loop
         vertex 0.00281481 -0.00872716 0.003
         vertex 0.0027 -0.00875 0.003
         vertex 0.00249447 -0.00875 0.00196675
      endloop
   endfacet
   facet normal 0.353553 -0.92388 -0.146447
      outer loop
         vertex 0.00260054 -0.00872716 0.00192282
         vertex 0.00249447 -0.00875 0.00196675
         vertex 0.00190919 -0.00875 0.00109081
      endloop
   endfacet
   facet normal 0.270598 -0.92388 -0.270598
      outer loop
         vertex 0.00199037 -0.00872716 0.00100963
         vertex 0.00190919 -0.00875 0.00109081
         vertex 0.00103325 -0.00875 0.000505525
      endloop
   endfacet
   facet normal 0.146447 -0.92388 -0.353553
      outer loop
         vertex 0.00107718 -0.00872716 0.000399459
         vertex 0.00103325 -0.00875 0.000505525
         vertex -4.95982e-19 -0.00875 0.0003
      endloop
   endfacet
   facet normal 1.06216e-16 -0.92388 -0.382683
      outer loop
         vertex 7.81265e-19 -0.00872716 0.000185195
         vertex -4.95982e-19 -0.00875 0.0003
         vertex -0.00103325 -0.00875 0.000505525
      endloop
   endfacet
   facet normal -0.146447 -0.92388 -0.353553
      outer loop
         vertex -0.00107718 -0.00872716 0.000399459
         vertex -0.00103325 -0.00875 0.000505525
         vertex -0.00190919 -0.00875 0.00109081
      endloop
   endfacet
   facet normal -0.270598 -0.92388 -0.270598
      outer loop
         vertex -0.00199037 -0.00872716 0.00100963
         vertex -0.00190919 -0.00875 0.00109081
         vertex -0.00249447 -0.00875 0.00196675
      endloop
   endfacet
   facet normal -0.353553 -0.92388 -0.146447
      outer loop
         vertex -0.00260054 -0.00872716 0.00192282
         vertex -0.00249447 -0.00875 0.00196675
         vertex -0.0027 -0.00875 0.003
      endloop
   endfacet
   facet normal -0.382683 -0.92388 -6.37296e-17
      outer loop
         vertex -0.00281481 -0.00872716 0.003
         vertex -0.0027 -0.00875 0.003
         vertex -0.00249447 -0.00875 0.00403325
      endloop
   endfacet
   facet normal -0.353553 -0.92388 0.146447
      outer loop
         vertex -0.00260054 -0.00872716 0.00407718
         vertex -0.00249447 -0.00875 0.00403325
         vertex -0.00190919 -0.00875 0.00490919
      endloop
   endfacet
   facet normal -0.270598 -0.92388 0.270598
      outer loop
         vertex -0.00199037 -0.00872716 0.00499037
         vertex -0.00190919 -0.00875 0.00490919
         vertex -0.00103325 -0.00875 0.00549447
      endloop
   endfacet
   facet normal -0.146447 -0.92388 0.353553
      outer loop
         vertex -0.00107718 -0.00872716 0.00560054
         vertex -0.00103325 -0.00875 0.00549447
         vertex 1.65327e-19 -0.00875 0.0057
      endloop
   endfacet
   facet normal -4.24864e-17 -0.92388 0.382683
      outer loop
         vertex -3.12506e-19 -0.00872716 0.00581481
         vertex 1.65327e-19 -0.00875 0.0057
         vertex 0.00103325 -0.00875 0.00549447
      endloop
   endfacet
   facet normal 0.146447 -0.92388 0.353553
      outer loop
         vertex 0.00107718 -0.00872716 0.00560054
         vertex 0.00103325 -0.00875 0.00549447
         vertex 0.00190919 -0.00875 0.00490919
      endloop
   endfacet
   facet normal 0.270598 -0.92388 0.270598
      outer loop
         vertex 0.00199037 -0.00872716 0.00499037
         vertex 0.00190919 -0.00875 0.00490919
         vertex 0.00249447 -0.00875 0.00403325
      endloop
   endfacet
   facet normal 0.353553 -0.92388 0.146447
      outer loop
         vertex 0.00260054 -0.00872716 0.00407718
         vertex 0.00249447 -0.00875 0.00403325
         vertex 0.0027 -0.00875 0.003
      endloop
   endfacet
   facet normal 0.707107 -0.707107 0
      outer loop
         vertex 0.00291213 -0.00866213 0.003
         vertex 0.00281481 -0.00872716 0.003
         vertex 0.00260054 -0.00872716 0.00192282
      endloop
   endfacet
   facet normal 0.653281 -0.707107 -0.270598
      outer loop
         vertex 0.00269046 -0.00866213 0.00188558
         vertex 0.00260054 -0.00872716 0.00192282
         vertex 0.00199037 -0.00872716 0.00100963
      endloop
   endfacet
   facet normal 0.5 -0.707107 -0.5
      outer loop
         vertex 0.00205919 -0.00866213 0.000940812
         vertex 0.00199037 -0.00872716 0.00100963
         vertex 0.00107718 -0.00872716 0.000399459
      endloop
   endfacet
   facet normal 0.270598 -0.707107 -0.653281
      outer loop
         vertex 0.00111442 -0.00866213 0.000309541
         vertex 0.00107718 -0.00872716 0.000399459
         vertex 7.81265e-19 -0.00872716 0.000185195
      endloop
   endfacet
   facet normal 1.96262e-16 -0.707107 -0.707107
      outer loop
         vertex 8.08279e-19 -0.00866213 8.7868e-05
         vertex 7.81265e-19 -0.00872716 0.000185195
         vertex -0.00107718 -0.00872716 0.000399459
      endloop
   endfacet
   facet normal -0.270598 -0.707107 -0.653281
      outer loop
         vertex -0.00111442 -0.00866213 0.000309541
         vertex -0.00107718 -0.00872716 0.000399459
         vertex -0.00199037 -0.00872716 0.00100963
      endloop
   endfacet
   facet normal -0.5 -0.707107 -0.5
      outer loop
         vertex -0.00205919 -0.00866213 0.000940812
         vertex -0.00199037 -0.00872716 0.00100963
         vertex -0.00260054 -0.00872716 0.00192282
      endloop
   endfacet
   facet normal -0.653281 -0.707107 -0.270598
      outer loop
         vertex -0.00269046 -0.00866213 0.00188558
         vertex -0.00260054 -0.00872716 0.00192282
         vertex -0.00281481 -0.00872716 0.003
      endloop
   endfacet
   facet normal -0.707107 -0.707107 -1.17757e-16
      outer loop
         vertex -0.00291213 -0.00866213 0.003
         vertex -0.00281481 -0.00872716 0.003
         vertex -0.00260054 -0.00872716 0.00407718
      endloop
   endfacet
   facet normal -0.653281 -0.707107 0.270598
      outer loop
         vertex -0.00269046 -0.00866213 0.00411442
         vertex -0.00260054 -0.00872716 0.00407718
         vertex -0.00199037 -0.00872716 0.00499037
      endloop
   endfacet
   facet normal -0.5 -0.707107 0.5
      outer loop
         vertex -0.00205919 -0.00866213 0.00505919
         vertex -0.00199037 -0.00872716 0.00499037
         vertex -0.00107718 -0.00872716 0.00560054
      endloop
   endfacet
   facet normal -0.270598 -0.707107 0.653281
      outer loop
         vertex -0.00111442 -0.00866213 0.00569046
         vertex -0.00107718 -0.00872716 0.00560054
         vertex -3.12506e-19 -0.00872716 0.00581481
      endloop
   endfacet
   facet normal -7.85046e-17 -0.707107 0.707107
      outer loop
         vertex -3.23312e-19 -0.00866213 0.00591213
         vertex -3.12506e-19 -0.00872716 0.00581481
         vertex 0.00107718 -0.00872716 0.00560054
      endloop
   endfacet
   facet normal 0.270598 -0.707107 0.653281
      outer loop
         vertex 0.00111442 -0.00866213 0.00569046
         vertex 0.00107718 -0.00872716 0.00560054
         vertex 0.00199037 -0.00872716 0.00499037
      endloop
   endfacet
   facet normal 0.5 -0.707107 0.5
      outer loop
         vertex 0.00205919 -0.00866213 0.00505919
         vertex 0.00199037 -0.00872716 0.00499037
         vertex 0.00260054 -0.00872716 0.00407718
      endloop
   endfacet
   facet normal 0.653281 -0.707107 0.270598
      outer loop
         vertex 0.00269046 -0.00866213 0.00411442
         vertex 0.00260054 -0.00872716 0.00407718
         vertex 0.00281481 -0.00872716 0.003
      endloop
   endfacet
   facet normal 0.92388 -0.382683 0
      outer loop
         vertex 0.00297716 -0.00856481 0.003
         vertex 0.00291213 -0.00866213 0.003
         vertex 0.00269046 -0.00866213 0.00188558
      endloop
   endfacet
   facet normal 0.853553 -0.382683 -0.353553
      outer loop
         vertex 0.00275054 -0.00856481 0.00186069
         vertex 0.00269046 -0.00866213 0.00188558
         vertex 0.00205919 -0.00866213 0.000940812
      endloop
   endfacet
   facet normal 0.653281 -0.382683 -0.653281
      outer loop
         vertex 0.00210517 -0.00856481 0.000894827
         vertex 0.00205919 -0.00866213 0.000940812
         vertex 0.00111442 -0.00866213 0.000309541
      endloop
   endfacet
   facet normal 0.353553 -0.382683 -0.853553
      outer loop
         vertex 0.00113931 -0.00856481 0.000249459
         vertex 0.00111442 -0.00866213 0.000309541
         vertex 8.08279e-19 -0.00866213 8.7868e-05
      endloop
   endfacet
   facet normal 2.56428e-16 -0.382683 -0.92388
      outer loop
         vertex 8.26329e-19 -0.00856481 2.28361e-05
         vertex 8.08279e-19 -0.00866213 8.7868e-05
         vertex -0.00111442 -0.00866213 0.000309541
      endloop
   endfacet
   facet normal -0.353553 -0.382683 -0.853553
      outer loop
         vertex -0.00113931 -0.00856481 0.000249459
         vertex -0.00111442 -0.00866213 0.000309541
         vertex -0.00205919 -0.00866213 0.000940812
      endloop
   endfacet
   facet normal -0.653281 -0.382683 -0.653281
      outer loop
         vertex -0.00210517 -0.00856481 0.000894827
         vertex -0.00205919 -0.00866213 0.000940812
         vertex -0.00269046 -0.00866213 0.00188558
      endloop
   endfacet
   facet normal -0.853553 -0.382683 -0.353553
      outer loop
         vertex -0.00275054 -0.00856481 0.00186069
         vertex -0.00269046 -0.00866213 0.00188558
         vertex -0.00291213 -0.00866213 0.003
      endloop
   endfacet
   facet normal -0.92388 -0.382683 -1.53857e-16
      outer loop
         vertex -0.00297716 -0.00856481 0.003
         vertex -0.00291213 -0.00866213 0.003
         vertex -0.00269046 -0.00866213 0.00411442
      endloop
   endfacet
   facet normal -0.853553 -0.382683 0.353553
      outer loop
         vertex -0.00275054 -0.00856481 0.00413931
         vertex -0.00269046 -0.00866213 0.00411442
         vertex -0.00205919 -0.00866213 0.00505919
      endloop
   endfacet
   facet normal -0.653281 -0.382683 0.653281
      outer loop
         vertex -0.00210517 -0.00856481 0.00510517
         vertex -0.00205919 -0.00866213 0.00505919
         vertex -0.00111442 -0.00866213 0.00569046
      endloop
   endfacet
   facet normal -0.353553 -0.382683 0.853553
      outer loop
         vertex -0.00113931 -0.00856481 0.00575054
         vertex -0.00111442 -0.00866213 0.00569046
         vertex -3.23312e-19 -0.00866213 0.00591213
      endloop
   endfacet
   facet normal -1.02571e-16 -0.382683 0.92388
      outer loop
         vertex -3.30532e-19 -0.00856481 0.00597716
         vertex -3.23312e-19 -0.00866213 0.00591213
         vertex 0.00111442 -0.00866213 0.00569046
      endloop
   endfacet
   facet normal 0.353553 -0.382683 0.853553
      outer loop
         vertex 0.00113931 -0.00856481 0.00575054
         vertex 0.00111442 -0.00866213 0.00569046
         vertex 0.00205919 -0.00866213 0.00505919
      endloop
   endfacet
   facet normal 0.653281 -0.382683 0.653281
      outer loop
         vertex 0.00210517 -0.00856481 0.00510517
         vertex 0.00205919 -0.00866213 0.00505919
         vertex 0.00269046 -0.00866213 0.00411442
      endloop
   endfacet
   facet normal 0.853553 -0.382683 0.353553
      outer loop
         vertex 0.00275054 -0.00856481 0.00413931
         vertex 0.00269046 -0.00866213 0.00411442
         vertex 0.00291213 -0.00866213 0.003
      endloop
   endfacet
   facet normal 1 0 0
      outer loop
         vertex 0.003 -0.00845 0.003
         vertex 0.00297716 -0.00856481 0.003
         vertex 0.00275054 -0.00856481 0.00186069
      endloop
   endfacet
   facet normal 0.92388 0 -0.382683
      outer loop
         vertex 0.00277164 -0.00845 0.00185195
         vertex 0.00275054 -0.00856481 0.00186069
         vertex 0.00210517 -0.00856481 0.000894827
      endloop
   endfacet
   facet normal 0.707107 0 -0.707107
      outer loop
         vertex 0.00212132 -0.00845 0.00087868
         vertex 0.00210517 -0.00856481 0.000894827
         vertex 0.00113931 -0.00856481 0.000249459
      endloop
   endfacet
   facet normal 0.382683 0 -0.92388
      outer loop
         vertex 0.00114805 -0.00845 0.000228361
         vertex 0.00113931 -0.00856481 0.000249459
         vertex 8.26329e-19 -0.00856481 2.28361e-05
      endloop
   endfacet
   facet normal 2.77556e-16 0 -1
      outer loop
         vertex -5.51091e-19 -0.00845 0
         vertex 8.26329e-19 -0.00856481 2.28361e-05
         vertex -0.00113931 -0.00856481 0.000249459
      endloop
   endfacet
   facet normal -0.382683 0 -0.92388
      outer loop
         vertex -0.00114805 -0.00845 0.000228361
         vertex -0.00113931 -0.00856481 0.000249459
         vertex -0.00210517 -0.00856481 0.000894827
      endloop
   endfacet
   facet normal -0.707107 0 -0.707107
      outer loop
         vertex -0.00212132 -0.00845 0.00087868
         vertex -0.00210517 -0.00856481 0.000894827
         vertex -0.00275054 -0.00856481 0.00186069
      endloop
   endfacet
   facet normal -0.92388 0 -0.382683
      outer loop
         vertex -0.00277164 -0.00845 0.00185195
         vertex -0.00275054 -0.00856481 0.00186069
         vertex -0.00297716 -0.00856481 0.003
      endloop
   endfacet
   facet normal -1 0 -1.66533e-16
      outer loop
         vertex -0.003 -0.00845 0.003
         vertex -0.00297716 -0.00856481 0.003
         vertex -0.00275054 -0.00856481 0.00413931
      endloop
   endfacet
   facet normal -0.92388 0 0.382683
      outer loop
         vertex -0.00277164 -0.00845 0.00414805
         vertex -0.00275054 -0.00856481 0.00413931
         vertex -0.00210517 -0.00856481 0.00510517
      endloop
   endfacet
   facet normal -0.707107 0 0.707107
      outer loop
         vertex -0.00212132 -0.00845 0.00512132
         vertex -0.00210517 -0.00856481 0.00510517
         vertex -0.00113931 -0.00856481 0.00575054
      endloop
   endfacet
   facet normal -0.382683 0 0.92388
      outer loop
         vertex -0.00114805 -0.00845 0.00577164
         vertex -0.00113931 -0.00856481 0.00575054
         vertex -3.30532e-19 -0.00856481 0.00597716
      endloop
   endfacet
   facet normal -1.11022e-16 0 1
      outer loop
         vertex 1.83697e-19 -0.00845 0.006
         vertex -3.30532e-19 -0.00856481 0.00597716
         vertex 0.00113931 -0.00856481 0.00575054
      endloop
   endfacet
   facet normal 0.382683 0 0.92388
      outer loop
         vertex 0.00114805 -0.00845 0.00577164
         vertex 0.00113931 -0.00856481 0.00575054
         vertex 0.00210517 -0.00856481 0.00510517
      endloop
   endfacet
   facet normal 0.707107 0 0.707107
      outer loop
         vertex 0.00212132 -0.00845 0.00512132
         vertex 0.00210517 -0.00856481 0.00510517
         vertex 0.00275054 -0.00856481 0.00413931
      endloop
   endfacet
   facet normal 0.92388 0 0.382683
      outer loop
         vertex 0.00277164 -0.00845 0.00414805
         vertex 0.00275054 -0.00856481 0.00413931
         vertex 0.00297716 -0.00856481 0.003
      endloop
   endfacet
   facet normal 0 -1 0
      outer loop
         vertex 1.65327e-19 -0.00875 0.0057
         vertex 1.28588e-19 -0.00875 0.0051
         vertex 0.000803635 -0.00875 0.00494015
      endloop
   endfacet
   facet normal 0 -1 0
      outer loop
         vertex 1.65327e-19 -0.00875 0.0057
         vertex -0.00103325 -0.00875 0.00549447
         vertex -0.000803635 -0.00875 0.00494015
      endloop
   endfacet
   facet normal 0 -1 0
      outer loop
         vertex -0.000803635 -0.00875 0.00494015
         vertex 1.28588e-19 -0.00875 0.0051
         vertex 1.65327e-19 -0.00875 0.0057
      endloop
   endfacet
   facet normal 0 -1 0
      outer loop
         vertex -0.00103325 -0.00875 0.00549447
         vertex -0.00190919 -0.00875 0.00490919
         vertex -0.00148492 -0.00875 0.00448492
      endloop
   endfacet
   facet normal 0 -1 0
      outer loop
         vertex 0.00190919 -0.00875 0.00109081
         vertex 0.00148492 -0.00875 0.00151508
         vertex 0.000803635 -0.00875 0.00105985
      endloop
   endfacet
   facet normal 0 -1 0
      outer loop
         vertex 0.00190919 -0.00875 0.00109081
         vertex 0.00249447 -0.00875 0.00196675
         vertex 0.00194015 -0.00875 0.00219636
      endloop
   endfacet
   facet normal 0 -1 0
      outer loop
         vertex 0.00249447 -0.00875 0.00196675
         vertex 0.0027 -0.00875 0.003
         vertex 0.0021 -0.00875 0.003
      endloop
   endfacet
   facet normal 0 -1 0
      outer loop
         vertex 0.0027 -0.00875 0.003
         vertex 0.00249447 -0.00875 0.00403325
         vertex 0.00194015 -0.00875 0.00380364
      endloop
   endfacet
   facet normal 0 -1 0
      outer loop
         vertex -0.00148492 -0.00875 0.00448492
         vertex -0.000803635 -0.00875 0.00494015
         vertex -0.00103325 -0.00875 0.00549447
      endloop
   endfacet
   facet normal 0 -1 0
      outer loop
         vertex -0.00249447 -0.00875 0.00403325
         vertex -0.00194015 -0.00875 0.00380364
         vertex -0.00148492 -0.00875 0.00448492
      endloop
   endfacet
   facet normal 0 -1 0
      outer loop
         vertex -0.0027 -0.00875 0.003
         vertex -0.0021 -0.00875 0.003
         vertex -0.00194015 -0.00875 0.00380364
      endloop
   endfacet
   facet normal 0 -1 0
      outer loop
         vertex -0.0027 -0.00875 0.003
         vertex -0.00249447 -0.00875 0.00196675
         vertex -0.00194015 -0.00875 0.00219636
      endloop
   endfacet
   facet normal 0 -1 0
      outer loop
         vertex 0.00194015 -0.00875 0.00219636
         vertex 0.00148492 -0.00875 0.00151508
         vertex 0.00190919 -0.00875 0.00109081
      endloop
   endfacet
   facet normal 0 -1 0
      outer loop
         vertex 0.00194015 -0.00875 0.00380364
         vertex 0.0021 -0.00875 0.003
         vertex 0.0027 -0.00875 0.003
      endloop
   endfacet
   facet normal 0 -1 0
      outer loop
         vertex -0.00148492 -0.00875 0.00448492
         vertex -0.00190919 -0.00875 0.00490919
         vertex -0.00249447 -0.00875 0.00403325
      endloop
   endfacet
   facet normal 0 -1 0
      outer loop
         vertex -0.00194015 -0.00875 0.00219636
         vertex -0.0021 -0.00875 0.003
         vertex -0.0027 -0.00875 0.003
      endloop
   endfacet
   facet normal 0 -1 0
      outer loop
         vertex 0.00103325 -0.00875 0.000505525
         vertex 0.000803635 -0.00875 0.00105985
         vertex -3.85764e-19 -0.00875 0.0009
      endloop
   endfacet
   facet normal 0 -1 0
      outer loop
         vertex 0.0021 -0.00875 0.003
         vertex 0.00194015 -0.00875 0.00219636
         vertex 0.00249447 -0.00875 0.00196675
      endloop
   endfacet
   facet normal 0 -1 0
      outer loop
         vertex 0.00190919 -0.00875 0.00490919
         vertex 0.00148492 -0.00875 0.00448492
         vertex 0.00194015 -0.00875 0.00380364
      endloop
   endfacet
   facet normal 0 -1 0
      outer loop
         vertex 0.00190919 -0.00875 0.00490919
         vertex 0.00103325 -0.00875 0.00549447
         vertex 0.000803635 -0.00875 0.00494015
      endloop
   endfacet
   facet normal 0 -1 0
      outer loop
         vertex -0.00194015 -0.00875 0.00380364
         vertex -0.00249447 -0.00875 0.00403325
         vertex -0.0027 -0.00875 0.003
      endloop
   endfacet
   facet normal 0 -1 0
      outer loop
         vertex -0.00249447 -0.00875 0.00196675
         vertex -0.00190919 -0.00875 0.00109081
         vertex -0.00148492 -0.00875 0.00151508
      endloop
   endfacet
   facet normal 0 -1 0
      outer loop
         vertex -0.00103325 -0.00875 0.000505525
         vertex -0.000803635 -0.00875 0.00105985
         vertex -0.00148492 -0.00875 0.00151508
      endloop
   endfacet
   facet normal 0 -1 0
      outer loop
         vertex -0.00103325 -0.00875 0.000505525
         vertex -4.95982e-19 -0.00875 0.0003
         vertex -3.85764e-19 -0.00875 0.0009
      endloop
   endfacet
   facet normal 0 -1 0
      outer loop
         vertex 0.000803635 -0.00875 0.00105985
         vertex 0.00103325 -0.00875 0.000505525
         vertex 0.00190919 -0.00875 0.00109081
      endloop
   endfacet
   facet normal 0 -1 0
      outer loop
         vertex 0.000803635 -0.00875 0.00494015
         vertex 0.00148492 -0.00875 0.00448492
         vertex 0.00190919 -0.00875 0.00490919
      endloop
   endfacet
   facet normal 0 -1 0
      outer loop
         vertex -0.00148492 -0.00875 0.00151508
         vertex -0.00194015 -0.00875 0.00219636
         vertex -0.00249447 -0.00875 0.00196675
      endloop
   endfacet
   facet normal 0 -1 0
      outer loop
         vertex -3.85764e-19 -0.00875 0.0009
         vertex -0.000803635 -0.00875 0.00105985
         vertex -0.00103325 -0.00875 0.000505525
      endloop
   endfacet
   facet normal 0 -1 0
      outer loop
         vertex 0.00194015 -0.00875 0.00380364
         vertex 0.00249447 -0.00875 0.00403325
         vertex 0.00190919 -0.00875 0.00490919
      endloop
   endfacet
   facet normal 0 -1 0
      outer loop
         vertex -0.00148492 -0.00875 0.00151508
         vertex -0.00190919 -0.00875 0.00109081
         vertex -0.00103325 -0.00875 0.000505525
      endloop
   endfacet
   facet normal 0 -1 0
      outer loop
         vertex 0.000803635 -0.00875 0.00494015
         vertex 0.00103325 -0.00875 0.00549447
         vertex 1.65327e-19 -0.00875 0.0057
      endloop
   endfacet
   facet normal 0 -1 0
      outer loop
         vertex -3.85764e-19 -0.00875 0.0009
         vertex -4.95982e-19 -0.00875 0.0003
         vertex 0.00103325 -0.00875 0.000505525
      endloop
   endfacet
   facet normal -0.92388 0 0.382683
      outer loop
         vertex 0.00166298 -0.00845 0.00231117
         vertex 0.0018 -0.00845 0.003
         vertex 0.0018 -0.00215 0.003
      endloop
   endfacet
   facet normal -0.707107 0 0.707107
      outer loop
         vertex 0.00127279 -0.00845 0.00172721
         vertex 0.00166298 -0.00845 0.00231117
         vertex 0.00166298 -0.00215 0.00231117
      endloop
   endfacet
   facet normal -0.382683 0 0.92388
      outer loop
         vertex 0.00068883 -0.00845 0.00133702
         vertex 0.00127279 -0.00845 0.00172721
         vertex 0.00127279 -0.00215 0.00172721
      endloop
   endfacet
   facet normal 1.83697e-16 0 1
      outer loop
         vertex -3.30655e-19 -0.00845 0.0012
         vertex 0.00068883 -0.00845 0.00133702
         vertex 0.00068883 -0.00215 0.00133702
      endloop
   endfacet
   facet normal 0.382683 0 0.92388
      outer loop
         vertex -0.00068883 -0.00845 0.00133702
         vertex -3.30655e-19 -0.00845 0.0012
         vertex -3.30655e-19 -0.00215 0.0012
      endloop
   endfacet
   facet normal 0.707107 0 0.707107
      outer loop
         vertex -0.00127279 -0.00845 0.00172721
         vertex -0.00068883 -0.00845 0.00133702
         vertex -0.00068883 -0.00215 0.00133702
      endloop
   endfacet
   facet normal 0.92388 0 0.382683
      outer loop
         vertex -0.00166298 -0.00845 0.00231117
         vertex -0.00127279 -0.00845 0.00172721
         vertex -0.00127279 -0.00215 0.00172721
      endloop
   endfacet
   facet normal 1 0 -2.40934e-16
      outer loop
         vertex -0.0018 -0.00845 0.003
         vertex -0.00166298 -0.00845 0.00231117
         vertex -0.00166298 -0.00215 0.00231117
      endloop
   endfacet
   facet normal 0.92388 0 -0.382683
      outer loop
         vertex -0.00166298 -0.00845 0.00368883
         vertex -0.0018 -0.00845 0.003
         vertex -0.0018 -0.00215 0.003
      endloop
   endfacet
   facet normal 0.707107 0 -0.707107
      outer loop
         vertex -0.00127279 -0.00845 0.00427279
         vertex -0.00166298 -0.00845 0.00368883
         vertex -0.00166298 -0.00215 0.00368883
      endloop
   endfacet
   facet normal 0.382683 0 -0.92388
      outer loop
         vertex -0.00068883 -0.00845 0.00466298
         vertex -0.00127279 -0.00845 0.00427279
         vertex -0.00127279 -0.00215 0.00427279
      endloop
   endfacet
   facet normal -6.12323e-17 0 -1
      outer loop
         vertex 1.10218e-19 -0.00845 0.0048
         vertex -0.00068883 -0.00845 0.00466298
         vertex -0.00068883 -0.00215 0.00466298
      endloop
   endfacet
   facet normal -0.382683 0 -0.92388
      outer loop
         vertex 0.00068883 -0.00845 0.00466298
         vertex 1.10218e-19 -0.00845 0.0048
         vertex 1.10218e-19 -0.00215 0.0048
      endloop
   endfacet
   facet normal -0.707107 0 -0.707107
      outer loop
         vertex 0.00127279 -0.00845 0.00427279
         vertex 0.00068883 -0.00845 0.00466298
         vertex 0.00068883 -0.00215 0.00466298
      endloop
   endfacet
   facet normal -0.92388 0 -0.382683
      outer loop
         vertex 0.00166298 -0.00845 0.00368883
         vertex 0.00127279 -0.00845 0.00427279
         vertex 0.00127279 -0.00215 0.00427279
      endloop
   endfacet
   facet normal -1 0 2.44929e-16
      outer loop
         vertex 0.0018 -0.00845 0.003
         vertex 0.00166298 -0.00845 0.00368883
         vertex 0.00166298 -0.00215 0.00368883
      endloop
   endfacet
   facet normal -0.92388 0 -0.382683
      outer loop
         vertex 0.00166298 -0.00215 0.00368883
         vertex 0.0018 -0.00215 0.003
         vertex 0.0018 -0.00845 0.003
      endloop
   endfacet
   facet normal -0.707107 0 -0.707107
      outer loop
         vertex 0.00127279 -0.00215 0.00427279
         vertex 0.00166298 -0.00215 0.00368883
         vertex 0.00166298 -0.00845 0.00368883
      endloop
   endfacet
   facet normal -0.382683 0 -0.92388
      outer loop
         vertex 0.00068883 -0.00215 0.00466298
         vertex 0.00127279 -0.00215 0.00427279
         vertex 0.00127279 -0.00845 0.00427279
      endloop
   endfacet
   facet normal -6.12323e-17 0 -1
      outer loop
         vertex 1.10218e-19 -0.00215 0.0048
         vertex 0.00068883 -0.00215 0.00466298
         vertex 0.00068883 -0.00845 0.00466298
      endloop
   endfacet
   facet normal 0.382683 0 -0.92388
      outer loop
         vertex -0.00068883 -0.00215 0.00466298
         vertex 1.10218e-19 -0.00215 0.0048
         vertex 1.10218e-19 -0.00845 0.0048
      endloop
   endfacet
   facet normal 0.707107 0 -0.707107
      outer loop
         vertex -0.00127279 -0.00215 0.00427279
         vertex -0.00068883 -0.00215 0.00466298
         vertex -0.00068883 -0.00845 0.00466298
      endloop
   endfacet
   facet normal 0.92388 0 -0.382683
      outer loop
         vertex -0.00166298 -0.00215 0.00368883
         vertex -0.00127279 -0.00215 0.00427279
         vertex -0.00127279 -0.00845 0.00427279
      endloop
   endfacet
   facet normal 1 0 -1.22465e-16
      outer loop
         vertex -0.0018 -0.00215 0.003
         vertex -0.00166298 -0.00215 0.00368883
         vertex -0.00166298 -0.00845 0.00368883
      endloop
   endfacet
   facet normal 0.92388 0 0.382683
      outer loop
         vertex -0.00166298 -0.00215 0.00231117
         vertex -0.0018 -0.00215 0.003
         vertex -0.0018 -0.00845 0.003
      endloop
   endfacet
   facet normal 0.707107 0 0.707107
      outer loop
         vertex -0.00127279 -0.00215 0.00172721
         vertex -0.00166298 -0.00215 0.00231117
         vertex -0.00166298 -0.00845 0.00231117
      endloop
   endfacet
   facet normal 0.382683 0 0.92388
      outer loop
         vertex -0.00068883 -0.00215 0.00133702
         vertex -0.00127279 -0.00215 0.00172721
         vertex -0.00127279 -0.00845 0.00172721
      endloop
   endfacet
   facet normal 1.83697e-16 0 1
      outer loop
         vertex -3.30655e-19 -0.00215 0.0012
         vertex -0.00068883 -0.00215 0.00133702
         vertex -0.00068883 -0.00845 0.00133702
      endloop
   endfacet
   facet normal -0.382683 0 0.92388
      outer loop
         vertex 0.00068883 -0.00215 0.00133702
         vertex -3.30655e-19 -0.00215 0.0012
         vertex -3.30655e-19 -0.00845 0.0012
      endloop
   endfacet
   facet normal -0.707107 0 0.707107
      outer loop
         vertex 0.00127279 -0.00215 0.00172721
         vertex 0.00068883 -0.00215 0.00133702
         vertex 0.00068883 -0.00845 0.00133702
      endloop
   endfacet
   facet normal -0.92388 0 0.382683
      outer loop
         vertex 0.00166298 -0.00215 0.00231117
         vertex 0.00127279 -0.00215 0.00172721
         vertex 0.00127279 -0.00845 0.00172721
      endloop
   endfacet
   facet normal -1 0 2.44929e-16
      outer loop
         vertex 0.0018 -0.00215 0.003
         vertex 0.00166298 -0.00215 0.00231117
         vertex 0.00166298 -0.00845 0.00231117
      endloop
   endfacet
   facet normal -0.707107 -0.707107 0
      outer loop
         vertex 0.0021 -0.00875 0.003
         vertex 0.00194015 -0.00875 0.00380364
         vertex 0.00166298 -0.00845 0.00368883
      endloop
   endfacet
   facet normal -0.653281 -0.707107 -0.270598
      outer loop
         vertex 0.00194015 -0.00875 0.00380364
         vertex 0.00148492 -0.00875 0.00448492
         vertex 0.00127279 -0.00845 0.00427279
      endloop
   endfacet
   facet normal -0.5 -0.707107 -0.5
      outer loop
         vertex 0.00148492 -0.00875 0.00448492
         vertex 0.000803635 -0.00875 0.00494015
         vertex 0.00068883 -0.00845 0.00466298
      endloop
   endfacet
   facet normal -0.270598 -0.707107 -0.653281
      outer loop
         vertex 0.000803635 -0.00875 0.00494015
         vertex 1.28588e-19 -0.00875 0.0051
         vertex 1.10218e-19 -0.00845 0.0048
      endloop
   endfacet
   facet normal 7.85046e-17 -0.707107 -0.707107
      outer loop
         vertex 1.28588e-19 -0.00875 0.0051
         vertex -0.000803635 -0.00875 0.00494015
         vertex -0.00068883 -0.00845 0.00466298
      endloop
   endfacet
   facet normal 0.270598 -0.707107 -0.653281
      outer loop
         vertex -0.000803635 -0.00875 0.00494015
         vertex -0.00148492 -0.00875 0.00448492
         vertex -0.00127279 -0.00845 0.00427279
      endloop
   endfacet
   facet normal 0.5 -0.707107 -0.5
      outer loop
         vertex -0.00148492 -0.00875 0.00448492
         vertex -0.00194015 -0.00875 0.00380364
         vertex -0.00166298 -0.00845 0.00368883
      endloop
   endfacet
   facet normal 0.653281 -0.707107 -0.270598
      outer loop
         vertex -0.00194015 -0.00875 0.00380364
         vertex -0.0021 -0.00875 0.003
         vertex -0.0018 -0.00845 0.003
      endloop
   endfacet
   facet normal 0.707107 -0.707107 1.17757e-16
      outer loop
         vertex -0.0021 -0.00875 0.003
         vertex -0.00194015 -0.00875 0.00219636
         vertex -0.00166298 -0.00845 0.00231117
      endloop
   endfacet
   facet normal 0.653281 -0.707107 0.270598
      outer loop
         vertex -0.00194015 -0.00875 0.00219636
         vertex -0.00148492 -0.00875 0.00151508
         vertex -0.00127279 -0.00845 0.00172721
      endloop
   endfacet
   facet normal 0.5 -0.707107 0.5
      outer loop
         vertex -0.00148492 -0.00875 0.00151508
         vertex -0.000803635 -0.00875 0.00105985
         vertex -0.00068883 -0.00845 0.00133702
      endloop
   endfacet
   facet normal 0.270598 -0.707107 0.653281
      outer loop
         vertex -0.000803635 -0.00875 0.00105985
         vertex -3.85764e-19 -0.00875 0.0009
         vertex -3.30655e-19 -0.00845 0.0012
      endloop
   endfacet
   facet normal -1.96262e-16 -0.707107 0.707107
      outer loop
         vertex -3.85764e-19 -0.00875 0.0009
         vertex 0.000803635 -0.00875 0.00105985
         vertex 0.00068883 -0.00845 0.00133702
      endloop
   endfacet
   facet normal -0.270598 -0.707107 0.653281
      outer loop
         vertex 0.000803635 -0.00875 0.00105985
         vertex 0.00148492 -0.00875 0.00151508
         vertex 0.00127279 -0.00845 0.00172721
      endloop
   endfacet
   facet normal -0.5 -0.707107 0.5
      outer loop
         vertex 0.00148492 -0.00875 0.00151508
         vertex 0.00194015 -0.00875 0.00219636
         vertex 0.00166298 -0.00845 0.00231117
      endloop
   endfacet
   facet normal -0.653281 -0.707107 0.270598
      outer loop
         vertex 0.00194015 -0.00875 0.00219636
         vertex 0.0021 -0.00875 0.003
         vertex 0.0018 -0.00845 0.003
      endloop
   endfacet
   facet normal -0.707107 -0.707107 0
      outer loop
         vertex 0.0018 -0.00845 0.003
         vertex 0.00166298 -0.00845 0.00231117
         vertex 0.00194015 -0.00875 0.00219636
      endloop
   endfacet
   facet normal -0.653281 -0.707107 0.270598
      outer loop
         vertex 0.00166298 -0.00845 0.00231117
         vertex 0.00127279 -0.00845 0.00172721
         vertex 0.00148492 -0.00875 0.00151508
      endloop
   endfacet
   facet normal -0.5 -0.707107 0.5
      outer loop
         vertex 0.00127279 -0.00845 0.00172721
         vertex 0.00068883 -0.00845 0.00133702
         vertex 0.000803635 -0.00875 0.00105985
      endloop
   endfacet
   facet normal -0.270598 -0.707107 0.653281
      outer loop
         vertex 0.00068883 -0.00845 0.00133702
         vertex -3.30655e-19 -0.00845 0.0012
         vertex -3.85764e-19 -0.00875 0.0009
      endloop
   endfacet
   facet normal -1.96262e-16 -0.707107 0.707107
      outer loop
         vertex -3.30655e-19 -0.00845 0.0012
         vertex -0.00068883 -0.00845 0.00133702
         vertex -0.000803635 -0.00875 0.00105985
      endloop
   endfacet
   facet normal 0.270598 -0.707107 0.653281
      outer loop
         vertex -0.00068883 -0.00845 0.00133702
         vertex -0.00127279 -0.00845 0.00172721
         vertex -0.00148492 -0.00875 0.00151508
      endloop
   endfacet
   facet normal 0.5 -0.707107 0.5
      outer loop
         vertex -0.00127279 -0.00845 0.00172721
         vertex -0.00166298 -0.00845 0.00231117
         vertex -0.00194015 -0.00875 0.00219636
      endloop
   endfacet
   facet normal 0.653281 -0.707107 0.270598
      outer loop
         vertex -0.00166298 -0.00845 0.00231117
         vertex -0.0018 -0.00845 0.003
         vertex -0.0021 -0.00875 0.003
      endloop
   endfacet
   facet normal 0.707107 -0.707107 1.17757e-16
      outer loop
         vertex -0.0018 -0.00845 0.003
         vertex -0.00166298 -0.00845 0.00368883
         vertex -0.00194015 -0.00875 0.00380364
      endloop
   endfacet
   facet normal 0.653281 -0.707107 -0.270598
      outer loop
         vertex -0.00166298 -0.00845 0.00368883
         vertex -0.00127279 -0.00845 0.00427279
         vertex -0.00148492 -0.00875 0.00448492
      endloop
   endfacet
   facet normal 0.5 -0.707107 -0.5
      outer loop
         vertex -0.00127279 -0.00845 0.00427279
         vertex -0.00068883 -0.00845 0.00466298
         vertex -0.000803635 -0.00875 0.00494015
      endloop
   endfacet
   facet normal 0.270598 -0.707107 -0.653281
      outer loop
         vertex -0.00068883 -0.00845 0.00466298
         vertex 1.10218e-19 -0.00845 0.0048
         vertex 1.28588e-19 -0.00875 0.0051
      endloop
   endfacet
   facet normal 7.85046e-17 -0.707107 -0.707107
      outer loop
         vertex 1.10218e-19 -0.00845 0.0048
         vertex 0.00068883 -0.00845 0.00466298
         vertex 0.000803635 -0.00875 0.00494015
      endloop
   endfacet
   facet normal -0.270598 -0.707107 -0.653281
      outer loop
         vertex 0.00068883 -0.00845 0.00466298
         vertex 0.00127279 -0.00845 0.00427279
         vertex 0.00148492 -0.00875 0.00448492
      endloop
   endfacet
   facet normal -0.5 -0.707107 -0.5
      outer loop
         vertex 0.00127279 -0.00845 0.00427279
         vertex 0.00166298 -0.00845 0.00368883
         vertex 0.00194015 -0.00875 0.00380364
      endloop
   endfacet
   facet normal -0.653281 -0.707107 -0.270598
      outer loop
         vertex 0.00166298 -0.00845 0.00368883
         vertex 0.0018 -0.00845 0.003
         vertex 0.0021 -0.00875 0.003
      endloop
   endfacet
   facet normal 0 0 1
      outer loop
         vertex -0.001425 0.0038 0.0055
         vertex -0.001425 0.00625 0.0055
         vertex -0.00254886 0.0057 0.0055
      endloop
   endfacet
   facet normal 0 0 1
      outer loop
         vertex -0.0027 0.0058 0.0055
         vertex -0.0027 0.0057 0.0055
         vertex -0.00254886 0.0057 0.0055
      endloop
   endfacet
   facet normal 0 0 1
      outer loop
         vertex -0.00254886 0.0057 0.0055
         vertex -0.001425 0.00625 0.0055
         vertex -0.0027 0.0058 0.0055
      endloop
   endfacet
   facet normal 0 0 1
      outer loop
         vertex -0.00305 0.00625 0.0055
         vertex -0.00305 0.0058 0.0055
         vertex -0.0027 0.0058 0.0055
      endloop
   endfacet
   facet normal 0 0 1
      outer loop
         vertex -0.0027 0.0058 0.0055
         vertex -0.001425 0.00625 0.0055
         vertex -0.00305 0.00625 0.0055
      endloop
   endfacet
   facet normal 0 0 1
      outer loop
         vertex -0.00254886 0.0057 0.0055
         vertex -0.00254886 0.0038 0.0055
         vertex -0.001425 0.0038 0.0055
      endloop
   endfacet
   facet normal -1 0 0
      outer loop
         vertex -0.001425 0.00625 0.006
         vertex -0.001425 0.00625 0.0055
         vertex -0.001425 0.0038 0.0055
      endloop
   endfacet
   facet normal -1 0 0
      outer loop
         vertex -0.001425 0.0038 0.0055
         vertex -0.001425 0.0038 0.006
         vertex -0.001425 0.00625 0.006
      endloop
   endfacet
   facet normal 0 1 0
      outer loop
         vertex -0.001425 0.0038 0.006
         vertex -0.001425 0.0038 0.0055
         vertex -0.00254886 0.0038 0.0055
      endloop
   endfacet
   facet normal 0 1 0
      outer loop
         vertex -0.00254886 0.0038 0.0055
         vertex -0.00254886 0.0038 0.006
         vertex -0.001425 0.0038 0.006
      endloop
   endfacet
   facet normal -0.993605 -0.11291 0
      outer loop
         vertex -0.00215682 0.00035 0.00045
         vertex -0.00215682 0.00035 0.006
         vertex -0.00254886 0.0038 0.0055
      endloop
   endfacet
   facet normal -0.993605 -0.11291 0
      outer loop
         vertex -0.00254886 0.0038 0.0055
         vertex -0.00254886 0.0038 0.00055
         vertex -0.00215682 0.00035 0.00045
      endloop
   endfacet
   facet normal -0.993605 -0.11291 0
      outer loop
         vertex -0.00215682 0.00035 0.006
         vertex -0.00254886 0.0038 0.006
         vertex -0.00254886 0.0038 0.0055
      endloop
   endfacet
   facet normal -0.993605 -0.11291 0
      outer loop
         vertex -0.00254886 0.0038 0.00055
         vertex -0.00254886 0.0038 0.00045
         vertex -0.00215682 0.00035 0.00045
      endloop
   endfacet
   facet normal 0 -1 0
      outer loop
         vertex -0.00215682 0.00035 0.006
         vertex -0.00215682 0.00035 0.00045
         vertex -0.002 0.00035 0.00045
      endloop
   endfacet
   facet normal 0 -1 0
      outer loop
         vertex -0.002 0.00035 0.00045
         vertex -0.002 0.00035 0.006
         vertex -0.00215682 0.00035 0.006
      endloop
   endfacet
   facet normal 1 0 0
      outer loop
         vertex -0.002 0.00035 0.00045
         vertex -0.002 0.00181165 0.00045
         vertex -0.002 0.00181165 0.006
      endloop
   endfacet
   facet normal 1 0 0
      outer loop
         vertex -0.002 0.00181165 0.006
         vertex -0.002 0.00035 0.006
         vertex -0.002 0.00035 0.00045
      endloop
   endfacet
   facet normal 0 0 1
      outer loop
         vertex -0.0009 0.002275 0.00045
         vertex -0.0016112 0.002275 0.00045
         vertex -0.002 0.00181165 0.00045
      endloop
   endfacet
   facet normal 0 0 1
      outer loop
         vertex 0.00051 0.005775 0.00045
         vertex -0.00054 0.005775 0.00045
         vertex 0.0009 0.003425 0.00045
      endloop
   endfacet
   facet normal 0 0 1
      outer loop
         vertex -0.00254886 0.0038 0.00045
         vertex -0.00305 0.00345 0.00045
         vertex -0.00305 0.00140768 0.00045
      endloop
   endfacet
   facet normal 0 0 1
      outer loop
         vertex -0.002 0.00035 0.00045
         vertex 0.002 -0.00015 0.00045
         vertex -0.0009 0.002275 0.00045
      endloop
   endfacet
   facet normal 0 0 1
      outer loop
         vertex 0.0009 0.003425 0.00045
         vertex 0.00175 0.003425 0.00045
         vertex 0.00051 0.005775 0.00045
      endloop
   endfacet
   facet normal 0 0 1
      outer loop
         vertex -0.00305 0.00140768 0.00045
         vertex -0.00215682 0.00035 0.00045
         vertex -0.00254886 0.0038 0.00045
      endloop
   endfacet
   facet normal 0 0 1
      outer loop
         vertex -0.002 0.00035 0.00045
         vertex 0.00255 -0.00215 0.00045
         vertex 0.002 -0.00015 0.00045
      endloop
   endfacet
   facet normal 0 0 1
      outer loop
         vertex 0.0026 0.00325 0.00045
         vertex 0.0021 -0.00015 0.00045
         vertex 0.00305 0.00140768 0.00045
      endloop
   endfacet
   facet normal 0 0 1
      outer loop
         vertex -0.00054 0.005775 0.00045
         vertex -0.00175 0.00625 0.00045
         vertex 0.0009 0.003425 0.00045
      endloop
   endfacet
   facet normal 0 0 1
      outer loop
         vertex 0.00175 0.00625 0.00045
         vertex 0.00051 0.00625 0.00045
         vertex 0.00051 0.005775 0.00045
      endloop
   endfacet
   facet normal 0 0 1
      outer loop
         vertex 0.0009 0.002275 0.00045
         vertex 0.0009 0.003425 0.00045
         vertex -0.0009 0.003425 0.00045
      endloop
   endfacet
   facet normal 0 0 1
      outer loop
         vertex -0.00175 0.00625 0.00045
         vertex -0.00175 0.003425 0.00045
         vertex -0.0009 0.003425 0.00045
      endloop
   endfacet
   facet normal 0 0 1
      outer loop
         vertex -0.00254886 0.0038 0.00045
         vertex -0.00305 0.0038 0.00045
         vertex -0.00305 0.00345 0.00045
      endloop
   endfacet
   facet normal 0 0 1
      outer loop
         vertex -0.00242268 -0.00215 0.00045
         vertex 0.00255 -0.00215 0.00045
         vertex -0.002 0.00035 0.00045
      endloop
   endfacet
   facet normal 0 0 1
      outer loop
         vertex 0.00255 -0.00215 0.00045
         vertex 0.0021 -0.00015 0.00045
         vertex 0.002 -0.00015 0.00045
      endloop
   endfacet
   facet normal 0 0 1
      outer loop
         vertex 0.0021 -0.00015 0.00045
         vertex 0.00255 -0.00215 0.00045
         vertex 0.00305 0.00140768 0.00045
      endloop
   endfacet
   facet normal 0 0 1
      outer loop
         vertex 0.00051 0.005775 0.00045
         vertex 0.00175 0.003425 0.00045
         vertex 0.00175 0.00625 0.00045
      endloop
   endfacet
   facet normal 0 0 1
      outer loop
         vertex -0.0009 0.003425 0.00045
         vertex 0.0009 0.003425 0.00045
         vertex -0.00175 0.00625 0.00045
      endloop
   endfacet
   facet normal 0 0 1
      outer loop
         vertex 0.0009 0.002275 0.00045
         vertex 0.002 -0.00015 0.00045
         vertex 0.002 0.00181165 0.00045
      endloop
   endfacet
   facet normal 0 0 1
      outer loop
         vertex -0.002 0.00035 0.00045
         vertex -0.00215682 0.00035 0.00045
         vertex -0.00242268 -0.00215 0.00045
      endloop
   endfacet
   facet normal 0 0 1
      outer loop
         vertex 0.00305 0.00140768 0.00045
         vertex 0.00305 0.00325 0.00045
         vertex 0.0026 0.00325 0.00045
      endloop
   endfacet
   facet normal 0 0 1
      outer loop
         vertex -0.0009 0.003425 0.00045
         vertex -0.0009 0.002275 0.00045
         vertex 0.0009 0.002275 0.00045
      endloop
   endfacet
   facet normal 0 0 1
      outer loop
         vertex 0.002 0.00181165 0.00045
         vertex 0.0016112 0.002275 0.00045
         vertex 0.0009 0.002275 0.00045
      endloop
   endfacet
   facet normal 0 0 1
      outer loop
         vertex -0.002 0.00181165 0.00045
         vertex -0.002 0.00035 0.00045
         vertex -0.0009 0.002275 0.00045
      endloop
   endfacet
   facet normal 0 0 1
      outer loop
         vertex 0.0009 0.002275 0.00045
         vertex -0.0009 0.002275 0.00045
         vertex 0.002 -0.00015 0.00045
      endloop
   endfacet
   facet normal 0 0 1
      outer loop
         vertex -0.00054 0.005775 0.00045
         vertex -0.00054 0.00625 0.00045
         vertex -0.00175 0.00625 0.00045
      endloop
   endfacet
   facet normal 0 0 1
      outer loop
         vertex -0.00305 0.00140768 0.00045
         vertex -0.00242268 -0.00215 0.00045
         vertex -0.00215682 0.00035 0.00045
      endloop
   endfacet
   facet normal 0 -1 0
      outer loop
         vertex 0.002 -0.00015 0.006
         vertex 0.002 -0.00015 0.00045
         vertex 0.0021 -0.00015 0.00045
      endloop
   endfacet
   facet normal 0 -1 0
      outer loop
         vertex 0.0021 -0.00015 0.00045
         vertex 0.0021 -0.00015 0.006
         vertex 0.002 -0.00015 0.006
      endloop
   endfacet
   facet normal -1 0 0
      outer loop
         vertex 0.002 -0.00015 0.006
         vertex 0.002 0.00181165 0.006
         vertex 0.002 0.00181165 0.00045
      endloop
   endfacet
   facet normal -1 0 0
      outer loop
         vertex 0.002 0.00181165 0.00045
         vertex 0.002 -0.00015 0.00045
         vertex 0.002 -0.00015 0.006
      endloop
   endfacet
   facet normal 0.989359 -0.145494 0
      outer loop
         vertex 0.0021 -0.00015 0.00045
         vertex 0.0026 0.00325 0.00055
         vertex 0.0026 0.00325 0.0055
      endloop
   endfacet
   facet normal 0.989359 -0.145494 0
      outer loop
         vertex 0.0021 -0.00015 0.00045
         vertex 0.0026 0.00325 0.00045
         vertex 0.0026 0.00325 0.00055
      endloop
   endfacet
   facet normal 0.989359 -0.145494 0
      outer loop
         vertex 0.0026 0.00325 0.0055
         vertex 0.0021 -0.00015 0.006
         vertex 0.0021 -0.00015 0.00045
      endloop
   endfacet
   facet normal 0.989359 -0.145494 0
      outer loop
         vertex 0.0026 0.00325 0.0055
         vertex 0.0026 0.00325 0.006
         vertex 0.0021 -0.00015 0.006
      endloop
   endfacet
   facet normal 0 0 1
      outer loop
         vertex 0.00305 0.00625 0.0055
         vertex 0.001425 0.00625 0.0055
         vertex 0.0027 0.0058 0.0055
      endloop
   endfacet
   facet normal 0 0 1
      outer loop
         vertex 0.0027 0.0058 0.0055
         vertex 0.001425 0.00625 0.0055
         vertex 0.0026 0.0057 0.0055
      endloop
   endfacet
   facet normal 0 0 1
      outer loop
         vertex 0.0026 0.0057 0.0055
         vertex 0.0027 0.0057 0.0055
         vertex 0.0027 0.0058 0.0055
      endloop
   endfacet
   facet normal 0 0 1
      outer loop
         vertex 0.001425 0.00325 0.0055
         vertex 0.0026 0.00325 0.0055
         vertex 0.0026 0.0057 0.0055
      endloop
   endfacet
   facet normal 0 0 1
      outer loop
         vertex 0.0026 0.0057 0.0055
         vertex 0.001425 0.00625 0.0055
         vertex 0.001425 0.00325 0.0055
      endloop
   endfacet
   facet normal 0 0 1
      outer loop
         vertex 0.0027 0.0058 0.0055
         vertex 0.00305 0.0058 0.0055
         vertex 0.00305 0.00625 0.0055
      endloop
   endfacet
   facet normal 1 0 0
      outer loop
         vertex 0.001425 0.00325 0.006
         vertex 0.001425 0.00325 0.0055
         vertex 0.001425 0.00625 0.0055
      endloop
   endfacet
   facet normal 1 0 0
      outer loop
         vertex 0.001425 0.00625 0.0055
         vertex 0.001425 0.00625 0.006
         vertex 0.001425 0.00325 0.006
      endloop
   endfacet
   facet normal 0 1 0
      outer loop
         vertex 0.001425 0.00325 0.006
         vertex 0.0026 0.00325 0.006
         vertex 0.0026 0.00325 0.0055
      endloop
   endfacet
   facet normal 0 1 0
      outer loop
         vertex 0.0026 0.00325 0.0055
         vertex 0.001425 0.00325 0.0055
         vertex 0.001425 0.00325 0.006
      endloop
   endfacet
   facet normal 0 1 0
      outer loop
         vertex 0.0012 0.00625 0.00165
         vertex 0.00120354 0.00625 0.00202327
         vertex 0.00147785 0.00625 0.00253259
      endloop
   endfacet
   facet normal 0 1 0
      outer loop
         vertex 0.0012 0.00625 0.00165
         vertex 0.000761577 0.00625 0.00165
         vertex 0.00120354 0.00625 0.00202327
      endloop
   endfacet
   facet normal 0 1 0
      outer loop
         vertex -0.0012 0.00625 0.00165
         vertex -0.00305 0.00625 0.0055
         vertex -0.00147785 0.00625 0.00253259
      endloop
   endfacet
   facet normal 0 1 0
      outer loop
         vertex 0.00305 0.00625 0.0055
         vertex 0.0015463 0.00625 0.00310702
         vertex 0.00139936 0.00625 0.00366655
      endloop
   endfacet
   facet normal 0 1 0
      outer loop
         vertex 0.00147785 0.00625 0.00253259
         vertex 0.00305 0.00625 0.0055
         vertex 0.0012 0.00625 0.00165
      endloop
   endfacet
   facet normal 0 1 0
      outer loop
         vertex -0.00147785 0.00625 0.00253259
         vertex -0.00120354 0.00625 0.00202327
         vertex -0.0012 0.00625 0.00165
      endloop
   endfacet
   facet normal 0 1 0
      outer loop
         vertex 0.0010575 0.00625 0.00413322
         vertex 0.000568333 0.00625 0.00444205
         vertex 0.001425 0.00625 0.0055
      endloop
   endfacet
   facet normal 0 1 0
      outer loop
         vertex 0.00147785 0.00625 0.00253259
         vertex 0.0015463 0.00625 0.00310702
         vertex 0.00305 0.00625 0.0055
      endloop
   endfacet
   facet normal 0 1 0
      outer loop
         vertex -0.00305 0.00625 0.0055
         vertex -0.0015463 0.00625 0.00310702
         vertex -0.00147785 0.00625 0.00253259
      endloop
   endfacet
   facet normal 0 1 0
      outer loop
         vertex -0.0010575 0.00625 0.00413322
         vertex -0.00305 0.00625 0.0055
         vertex -0.001425 0.00625 0.0055
      endloop
   endfacet
   facet normal 0 1 0
      outer loop
         vertex 0.00139936 0.00625 0.00366655
         vertex 0.0010575 0.00625 0.00413322
         vertex 0.00305 0.00625 0.0055
      endloop
   endfacet
   facet normal 0 1 0
      outer loop
         vertex 0.00175 0.00625 0.00095
         vertex 0.0012 0.00625 0.00095
         vertex 0.0012 0.00625 0.00165
      endloop
   endfacet
   facet normal 0 1 0
      outer loop
         vertex -0.00305 0.00625 0.0055
         vertex -0.00139936 0.00625 0.00366655
         vertex -0.0015463 0.00625 0.00310702
      endloop
   endfacet
   facet normal 0 1 0
      outer loop
         vertex -0.001425 0.00625 0.0055
         vertex -0.000568333 0.00625 0.00444205
         vertex -0.0010575 0.00625 0.00413322
      endloop
   endfacet
   facet normal 0 1 0
      outer loop
         vertex 0.0035 0.00625 0.006
         vertex 0.00175 0.00625 0.00095
         vertex 0.00305 0.00625 0.0055
      endloop
   endfacet
   facet normal 0 1 0
      outer loop
         vertex 0.0012 0.00625 0.00165
         vertex 0.00305 0.00625 0.0055
         vertex 0.00175 0.00625 0.00095
      endloop
   endfacet
   facet normal 0 1 0
      outer loop
         vertex 0.001425 0.00625 0.0055
         vertex 0.000568333 0.00625 0.00444205
         vertex -0.001425 0.00625 0.0055
      endloop
   endfacet
   facet normal 0 1 0
      outer loop
         vertex -0.0035 0.00625 8.20034e-20
         vertex -0.00305 0.00625 0.0055
         vertex -0.00175 0.00625 0.00095
      endloop
   endfacet
   facet normal 0 1 0
      outer loop
         vertex -0.00175 0.00625 0.00095
         vertex -0.00305 0.00625 0.0055
         vertex -0.0012 0.00625 0.00165
      endloop
   endfacet
   facet normal 0 1 0
      outer loop
         vertex -0.0010575 0.00625 0.00413322
         vertex -0.00139936 0.00625 0.00366655
         vertex -0.00305 0.00625 0.0055
      endloop
   endfacet
   facet normal 0 1 0
      outer loop
         vertex -0.001425 0.00625 0.0055
         vertex 0.000568333 0.00625 0.00444205
         vertex 1.53084e-15 0.00625 0.00455
      endloop
   endfacet
   facet normal 0 1 0
      outer loop
         vertex 0.001425 0.00625 0.0055
         vertex 0.00305 0.00625 0.0055
         vertex 0.0010575 0.00625 0.00413322
      endloop
   endfacet
   facet normal 0 1 0
      outer loop
         vertex -0.001425 0.00625 0.006
         vertex 0.001425 0.00625 0.006
         vertex 0.001425 0.00625 0.0055
      endloop
   endfacet
   facet normal 0 1 0
      outer loop
         vertex -0.0012 0.00625 0.00165
         vertex -0.0012 0.00625 0.00095
         vertex -0.00175 0.00625 0.00095
      endloop
   endfacet
   facet normal 0 1 0
      outer loop
         vertex 1.53084e-15 0.00625 0.00455
         vertex -0.000568333 0.00625 0.00444205
         vertex -0.001425 0.00625 0.0055
      endloop
   endfacet
   facet normal 0 1 0
      outer loop
         vertex -0.001425 0.00625 0.0055
         vertex -0.001425 0.00625 0.006
         vertex 0.001425 0.00625 0.0055
      endloop
   endfacet
   facet normal 0 1 0
      outer loop
         vertex -0.00120354 0.00625 0.00202327
         vertex -0.000761577 0.00625 0.00165
         vertex -0.0012 0.00625 0.00165
      endloop
   endfacet
   facet normal 0 1 0
      outer loop
         vertex -0.00175 0.00625 0.00095
         vertex -0.00175 0.00625 0.00045
         vertex -0.0035 0.00625 8.20034e-20
      endloop
   endfacet
   facet normal 0 1 0
      outer loop
         vertex -0.0035 0.00625 0.006
         vertex -0.00305 0.00625 0.006
         vertex -0.00305 0.00625 0.0055
      endloop
   endfacet
   facet normal 0 1 0
      outer loop
         vertex -0.00054 0.00625 -1.93406e-20
         vertex -0.0035 0.00625 8.20034e-20
         vertex -0.00175 0.00625 0.00045
      endloop
   endfacet
   facet normal 0 1 0
      outer loop
         vertex -0.00305 0.00625 0.0055
         vertex -0.0035 0.00625 8.20034e-20
         vertex -0.0035 0.00625 0.006
      endloop
   endfacet
   facet normal 0 1 0
      outer loop
         vertex 0.0035 0.00625 1.63927e-19
         vertex 0.00175 0.00625 0.00045
         vertex 0.00175 0.00625 0.00095
      endloop
   endfacet
   facet normal 0 1 0
      outer loop
         vertex 0.00051 0.00625 1.49872e-19
         vertex 0.00051 0.00625 0.00045
         vertex 0.00175 0.00625 0.00045
      endloop
   endfacet
   facet normal 0 1 0
      outer loop
         vertex 0.00305 0.00625 0.0055
         vertex 0.00305 0.00625 0.006
         vertex 0.0035 0.00625 0.006
      endloop
   endfacet
   facet normal 0 1 0
      outer loop
         vertex 0.00175 0.00625 0.00045
         vertex 0.0035 0.00625 1.63927e-19
         vertex 0.00051 0.00625 1.49872e-19
      endloop
   endfacet
   facet normal 0 1 0
      outer loop
         vertex 0.00175 0.00625 0.00095
         vertex 0.0035 0.00625 0.006
         vertex 0.0035 0.00625 1.63927e-19
      endloop
   endfacet
   facet normal 0 1 0
      outer loop
         vertex -0.00175 0.00625 0.00045
         vertex -0.00054 0.00625 0.00045
         vertex -0.00054 0.00625 -1.93406e-20
      endloop
   endfacet
   facet normal -0.776474 0 0.630149
      outer loop
         vertex 0.00120354 0.00625 0.00202327
         vertex 0.000761577 0.00625 0.00165
         vertex 0.000761577 0.00425 0.00165
      endloop
   endfacet
   facet normal -0.953449 0 0.301553
      outer loop
         vertex 0.00147785 0.00625 0.00253259
         vertex 0.00120354 0.00625 0.00202327
         vertex 0.00120354 0.00425 0.00202327
      endloop
   endfacet
   facet normal -0.997613 0 -0.0690472
      outer loop
         vertex 0.0015463 0.00625 0.00310702
         vertex 0.00147785 0.00625 0.00253259
         vertex 0.00147785 0.00425 0.00253259
      endloop
   endfacet
   facet normal -0.902815 0 -0.43003
      outer loop
         vertex 0.00139936 0.00625 0.00366655
         vertex 0.0015463 0.00625 0.00310702
         vertex 0.0015463 0.00425 0.00310702
      endloop
   endfacet
   facet normal -0.682258 0 -0.731111
      outer loop
         vertex 0.0010575 0.00625 0.00413322
         vertex 0.00139936 0.00625 0.00366655
         vertex 0.00139936 0.00425 0.00366655
      endloop
   endfacet
   facet normal -0.366667 0 -0.930352
      outer loop
         vertex 0.000568333 0.00625 0.00444205
         vertex 0.0010575 0.00625 0.00413322
         vertex 0.0010575 0.00425 0.00413322
      endloop
   endfacet
   facet normal -9.92677e-13 0 -1
      outer loop
         vertex 1.53084e-15 0.00625 0.00455
         vertex 0.000568333 0.00625 0.00444205
         vertex 0.000568333 0.00425 0.00444205
      endloop
   endfacet
   facet normal 0.366667 0 -0.930352
      outer loop
         vertex -0.000568333 0.00625 0.00444205
         vertex 1.53084e-15 0.00625 0.00455
         vertex 1.53084e-15 0.00425 0.00455
      endloop
   endfacet
   facet normal 0.682258 0 -0.731111
      outer loop
         vertex -0.0010575 0.00625 0.00413322
         vertex -0.000568333 0.00625 0.00444205
         vertex -0.000568333 0.00425 0.00444205
      endloop
   endfacet
   facet normal 0.902815 0 -0.43003
      outer loop
         vertex -0.00139936 0.00625 0.00366655
         vertex -0.0010575 0.00625 0.00413322
         vertex -0.0010575 0.00425 0.00413322
      endloop
   endfacet
   facet normal 0.997613 0 -0.0690472
      outer loop
         vertex -0.0015463 0.00625 0.00310702
         vertex -0.00139936 0.00625 0.00366655
         vertex -0.00139936 0.00425 0.00366655
      endloop
   endfacet
   facet normal 0.953449 0 0.301553
      outer loop
         vertex -0.00147785 0.00625 0.00253259
         vertex -0.0015463 0.00625 0.00310702
         vertex -0.0015463 0.00425 0.00310702
      endloop
   endfacet
   facet normal 0.776474 0 0.630149
      outer loop
         vertex -0.00120354 0.00625 0.00202327
         vertex -0.00147785 0.00625 0.00253259
         vertex -0.00147785 0.00425 0.00253259
      endloop
   endfacet
   facet normal 0.49134 0 0.870968
      outer loop
         vertex -0.000761577 0.00625 0.00165
         vertex -0.00120354 0.00625 0.00202327
         vertex -0.00120354 0.00425 0.00202327
      endloop
   endfacet
   facet normal 0.776474 0 0.630149
      outer loop
         vertex -0.00120354 0.00425 0.00202327
         vertex -0.000761577 0.00425 0.00165
         vertex -0.000761577 0.00625 0.00165
      endloop
   endfacet
   facet normal 0.953449 0 0.301553
      outer loop
         vertex -0.00147785 0.00425 0.00253259
         vertex -0.00120354 0.00425 0.00202327
         vertex -0.00120354 0.00625 0.00202327
      endloop
   endfacet
   facet normal 0.997613 0 -0.0690472
      outer loop
         vertex -0.0015463 0.00425 0.00310702
         vertex -0.00147785 0.00425 0.00253259
         vertex -0.00147785 0.00625 0.00253259
      endloop
   endfacet
   facet normal 0.902815 0 -0.43003
      outer loop
         vertex -0.00139936 0.00425 0.00366655
         vertex -0.0015463 0.00425 0.00310702
         vertex -0.0015463 0.00625 0.00310702
      endloop
   endfacet
   facet normal 0.682258 0 -0.731111
      outer loop
         vertex -0.0010575 0.00425 0.00413322
         vertex -0.00139936 0.00425 0.00366655
         vertex -0.00139936 0.00625 0.00366655
      endloop
   endfacet
   facet normal 0.366667 0 -0.930352
      outer loop
         vertex -0.000568333 0.00425 0.00444205
         vertex -0.0010575 0.00425 0.00413322
         vertex -0.0010575 0.00625 0.00413322
      endloop
   endfacet
   facet normal -9.92677e-13 0 -1
      outer loop
         vertex 1.53084e-15 0.00425 0.00455
         vertex -0.000568333 0.00425 0.00444205
         vertex -0.000568333 0.00625 0.00444205
      endloop
   endfacet
   facet normal -0.366667 0 -0.930352
      outer loop
         vertex 0.000568333 0.00425 0.00444205
         vertex 1.53084e-15 0.00425 0.00455
         vertex 1.53084e-15 0.00625 0.00455
      endloop
   endfacet
   facet normal -0.682258 0 -0.731111
      outer loop
         vertex 0.0010575 0.00425 0.00413322
         vertex 0.000568333 0.00425 0.00444205
         vertex 0.000568333 0.00625 0.00444205
      endloop
   endfacet
   facet normal -0.902815 0 -0.43003
      outer loop
         vertex 0.00139936 0.00425 0.00366655
         vertex 0.0010575 0.00425 0.00413322
         vertex 0.0010575 0.00625 0.00413322
      endloop
   endfacet
   facet normal -0.997613 0 -0.0690472
      outer loop
         vertex 0.0015463 0.00425 0.00310702
         vertex 0.00139936 0.00425 0.00366655
         vertex 0.00139936 0.00625 0.00366655
      endloop
   endfacet
   facet normal -0.953449 0 0.301553
      outer loop
         vertex 0.00147785 0.00425 0.00253259
         vertex 0.0015463 0.00425 0.00310702
         vertex 0.0015463 0.00625 0.00310702
      endloop
   endfacet
   facet normal -0.776474 0 0.630149
      outer loop
         vertex 0.00120354 0.00425 0.00202327
         vertex 0.00147785 0.00425 0.00253259
         vertex 0.00147785 0.00625 0.00253259
      endloop
   endfacet
   facet normal -0.49134 0 0.870968
      outer loop
         vertex 0.000761577 0.00425 0.00165
         vertex 0.00120354 0.00425 0.00202327
         vertex 0.00120354 0.00625 0.00202327
      endloop
   endfacet
   facet normal 0 0 -1
      outer loop
         vertex -0.0012 0.00276505 0.00165
         vertex -0.0012 0.00625 0.00165
         vertex -0.00119059 0.00425 0.00165
      endloop
   endfacet
   facet normal 0 0 -1
      outer loop
         vertex -0.000761577 0.00625 0.00165
         vertex -0.000761577 0.00425 0.00165
         vertex -0.00119059 0.00425 0.00165
      endloop
   endfacet
   facet normal 0 0 -1
      outer loop
         vertex -0.00119059 0.00425 0.00165
         vertex -0.0012 0.00625 0.00165
         vertex -0.000761577 0.00625 0.00165
      endloop
   endfacet
   facet normal 0 0 -1
      outer loop
         vertex -0.00119059 0.00425 0.00165
         vertex -0.00119059 0.00277627 0.00165
         vertex -0.0012 0.00276505 0.00165
      endloop
   endfacet
   facet normal 0.766044 -0.642788 0
      outer loop
         vertex -0.002 0.00181165 0.006
         vertex -0.00174412 0.0021166 0.00344504
         vertex -0.00163402 0.00224781 0.00375497
      endloop
   endfacet
   facet normal 0.766044 -0.642788 0
      outer loop
         vertex -0.002 0.00181165 0.006
         vertex -0.00146936 0.00244404 0.0040397
         vertex -0.001 0.0030034 0.00449666
      endloop
   endfacet
   facet normal 0.766044 -0.642788 0
      outer loop
         vertex -0.002 0.00181165 0.006
         vertex -0.00179598 0.00205479 0.00312024
         vertex -0.00174412 0.0021166 0.00344504
      endloop
   endfacet
   facet normal 0.766044 -0.642788 0
      outer loop
         vertex -0.002 0.00181165 0.00045
         vertex -0.00178788 0.00206445 0.00279143
         vertex -0.00179598 0.00205479 0.00312024
      endloop
   endfacet
   facet normal 0.766044 -0.642788 0
      outer loop
         vertex -0.002 0.00181165 0.00045
         vertex -0.0016112 0.002275 0.00045
         vertex -0.0016112 0.002275 0.00095
      endloop
   endfacet
   facet normal 0.766044 -0.642788 0
      outer loop
         vertex -0.0016112 0.002275 0.00095
         vertex -0.00159484 0.00229449 0.00216545
         vertex -0.00172008 0.00214525 0.00246959
      endloop
   endfacet
   facet normal 0.766044 -0.642788 0
      outer loop
         vertex -0.0016112 0.002275 0.00095
         vertex -0.0012 0.00276505 0.00095
         vertex -0.0012 0.00276505 0.00165
      endloop
   endfacet
   facet normal 0.766044 -0.642788 0
      outer loop
         vertex -0.00163402 0.00224781 0.00375497
         vertex -0.00146936 0.00244404 0.0040397
         vertex -0.002 0.00181165 0.006
      endloop
   endfacet
   facet normal 0.766044 -0.642788 0
      outer loop
         vertex -0.0016112 0.002275 0.00095
         vertex -0.00178788 0.00206445 0.00279143
         vertex -0.002 0.00181165 0.00045
      endloop
   endfacet
   facet normal 0.766044 -0.642788 0
      outer loop
         vertex -0.0012 0.00276505 0.00165
         vertex -0.00159484 0.00229449 0.00216545
         vertex -0.0016112 0.002275 0.00095
      endloop
   endfacet
   facet normal 0.766044 -0.642788 0
      outer loop
         vertex -0.00179598 0.00205479 0.00312024
         vertex -0.002 0.00181165 0.006
         vertex -0.002 0.00181165 0.00045
      endloop
   endfacet
   facet normal 0.766044 -0.642788 0
      outer loop
         vertex -0.001 0.0030034 0.00449666
         vertex -0.001 0.0030034 0.006
         vertex -0.002 0.00181165 0.006
      endloop
   endfacet
   facet normal 0.766044 -0.642788 0
      outer loop
         vertex -0.00172008 0.00214525 0.00246959
         vertex -0.00178788 0.00206445 0.00279143
         vertex -0.0016112 0.002275 0.00095
      endloop
   endfacet
   facet normal 0.766044 -0.642788 0
      outer loop
         vertex -0.0012 0.00276505 0.00165
         vertex -0.00119059 0.00277627 0.00165
         vertex -0.00159484 0.00229449 0.00216545
      endloop
   endfacet
   facet normal 0.816312 0 -0.577612
      outer loop
         vertex -0.00146936 0.00425 0.0040397
         vertex -0.001 0.00425 0.00449666
         vertex -0.001 0.0030034 0.00449666
      endloop
   endfacet
   facet normal 0.968953 0 -0.247243
      outer loop
         vertex -0.00174412 0.00425 0.00344504
         vertex -0.00146936 0.00425 0.0040397
         vertex -0.00146936 0.00244404 0.0040397
      endloop
   endfacet
   facet normal 0.816312 0 -0.577612
      outer loop
         vertex -0.00146936 0.00244404 0.0040397
         vertex -0.00163402 0.00224781 0.00375497
         vertex -0.00174412 0.00425 0.00344504
      endloop
   endfacet
   facet normal 0.993264 0 0.11587
      outer loop
         vertex -0.00178788 0.00425 0.00279143
         vertex -0.00174412 0.00425 0.00344504
         vertex -0.00174412 0.0021166 0.00344504
      endloop
   endfacet
   facet normal 0.968953 0 -0.247243
      outer loop
         vertex -0.00174412 0.0021166 0.00344504
         vertex -0.00179598 0.00205479 0.00312024
         vertex -0.00178788 0.00425 0.00279143
      endloop
   endfacet
   facet normal 0.993264 0 0.11587
      outer loop
         vertex -0.00178788 0.00425 0.00279143
         vertex -0.00172008 0.00214525 0.00246959
         vertex -0.00159484 0.00229449 0.00216545
      endloop
   endfacet
   facet normal 0.993264 0 0.11587
      outer loop
         vertex -0.00178788 0.00425 0.00279143
         vertex -0.00178788 0.00206445 0.00279143
         vertex -0.00172008 0.00214525 0.00246959
      endloop
   endfacet
   facet normal 0.886025 0 0.463638
      outer loop
         vertex -0.00159484 0.00425 0.00216545
         vertex -0.00159484 0.00229449 0.00216545
         vertex -0.00119059 0.00277627 0.00165
      endloop
   endfacet
   facet normal 0.661438 0 0.75
      outer loop
         vertex -0.00119059 0.00277627 0.00165
         vertex -0.00119059 0.00425 0.00165
         vertex -0.00159484 0.00425 0.00216545
      endloop
   endfacet
   facet normal 0.886025 0 0.463638
      outer loop
         vertex -0.00159484 0.00229449 0.00216545
         vertex -0.00159484 0.00425 0.00216545
         vertex -0.00178788 0.00425 0.00279143
      endloop
   endfacet
   facet normal 0.997766 0 -0.0668019
      outer loop
         vertex -0.00179598 0.00205479 0.00312024
         vertex -0.00178788 0.00206445 0.00279143
         vertex -0.00178788 0.00425 0.00279143
      endloop
   endfacet
   facet normal 0.907788 0 -0.41943
      outer loop
         vertex -0.00163402 0.00224781 0.00375497
         vertex -0.00174412 0.0021166 0.00344504
         vertex -0.00174412 0.00425 0.00344504
      endloop
   endfacet
   facet normal 0.555556 0 -0.831479
      outer loop
         vertex -0.001 0.0030034 0.00449666
         vertex -0.00146936 0.00244404 0.0040397
         vertex -0.00146936 0.00425 0.0040397
      endloop
   endfacet
   facet normal 1 0 0
      outer loop
         vertex -0.001 0.0030034 0.00449666
         vertex -0.001 0.00425 0.00449666
         vertex -0.001 0.00425 0.006
      endloop
   endfacet
   facet normal 1 0 0
      outer loop
         vertex -0.001 0.00425 0.006
         vertex -0.001 0.0030034 0.006
         vertex -0.001 0.0030034 0.00449666
      endloop
   endfacet
   facet normal 0 0 1
      outer loop
         vertex 0.001425 0.00325 0.006
         vertex 0.001425 0.00625 0.006
         vertex 0.001 0.00425 0.006
      endloop
   endfacet
   facet normal 0 0 1
      outer loop
         vertex 0.001425 0.00625 0.006
         vertex -0.001425 0.00625 0.006
         vertex -0.001 0.00425 0.006
      endloop
   endfacet
   facet normal 0 0 1
      outer loop
         vertex 0.0021 -0.00015 0.006
         vertex 0.0026 0.00325 0.006
         vertex 0.002 0.00181165 0.006
      endloop
   endfacet
   facet normal 0 0 1
      outer loop
         vertex 0.002 0.00181165 0.006
         vertex 0.0026 0.00325 0.006
         vertex 0.001425 0.00325 0.006
      endloop
   endfacet
   facet normal 0 0 1
      outer loop
         vertex -0.002 0.00181165 0.006
         vertex -0.001 0.0030034 0.006
         vertex -0.001425 0.0038 0.006
      endloop
   endfacet
   facet normal 0 0 1
      outer loop
         vertex -0.00215682 0.00035 0.006
         vertex -0.002 0.00035 0.006
         vertex -0.002 0.00181165 0.006
      endloop
   endfacet
   facet normal 0 0 1
      outer loop
         vertex -0.001 0.00425 0.006
         vertex 0.001 0.00425 0.006
         vertex 0.001425 0.00625 0.006
      endloop
   endfacet
   facet normal 0 0 1
      outer loop
         vertex 0.001425 0.00325 0.006
         vertex 0.001 0.0030034 0.006
         vertex 0.002 0.00181165 0.006
      endloop
   endfacet
   facet normal 0 0 1
      outer loop
         vertex -0.002 0.00181165 0.006
         vertex -0.00254886 0.0038 0.006
         vertex -0.00215682 0.00035 0.006
      endloop
   endfacet
   facet normal 0 0 1
      outer loop
         vertex -0.001425 0.0038 0.006
         vertex -0.001 0.0030034 0.006
         vertex -0.001 0.00425 0.006
      endloop
   endfacet
   facet normal 0 0 1
      outer loop
         vertex 0.002 0.00181165 0.006
         vertex 0.002 -0.00015 0.006
         vertex 0.0021 -0.00015 0.006
      endloop
   endfacet
   facet normal 0 0 1
      outer loop
         vertex -0.001 0.00425 0.006
         vertex -0.001425 0.00625 0.006
         vertex -0.001425 0.0038 0.006
      endloop
   endfacet
   facet normal 0 0 1
      outer loop
         vertex -0.001425 0.0038 0.006
         vertex -0.00254886 0.0038 0.006
         vertex -0.002 0.00181165 0.006
      endloop
   endfacet
   facet normal 0 0 1
      outer loop
         vertex 0.001 0.00425 0.006
         vertex 0.001 0.0030034 0.006
         vertex 0.001425 0.00325 0.006
      endloop
   endfacet
   facet normal -0.766044 -0.642788 0
      outer loop
         vertex 0.002 0.00181165 0.006
         vertex 0.00146936 0.00244404 0.0040397
         vertex 0.00163402 0.00224781 0.00375497
      endloop
   endfacet
   facet normal -0.766044 -0.642788 0
      outer loop
         vertex 0.002 0.00181165 0.00045
         vertex 0.00178788 0.00206445 0.00279143
         vertex 0.0016112 0.002275 0.00095
      endloop
   endfacet
   facet normal -0.766044 -0.642788 0
      outer loop
         vertex 0.002 0.00181165 0.00045
         vertex 0.002 0.00181165 0.006
         vertex 0.00179598 0.00205479 0.00312024
      endloop
   endfacet
   facet normal -0.766044 -0.642788 0
      outer loop
         vertex 0.00163402 0.00224781 0.00375497
         vertex 0.00174412 0.0021166 0.00344504
         vertex 0.002 0.00181165 0.006
      endloop
   endfacet
   facet normal -0.766044 -0.642788 0
      outer loop
         vertex 0.002 0.00181165 0.006
         vertex 0.001 0.0030034 0.006
         vertex 0.001 0.0030034 0.00449666
      endloop
   endfacet
   facet normal -0.766044 -0.642788 0
      outer loop
         vertex 0.00179598 0.00205479 0.00312024
         vertex 0.00178788 0.00206445 0.00279143
         vertex 0.002 0.00181165 0.00045
      endloop
   endfacet
   facet normal -0.766044 -0.642788 0
      outer loop
         vertex 0.001 0.0030034 0.00449666
         vertex 0.00146936 0.00244404 0.0040397
         vertex 0.002 0.00181165 0.006
      endloop
   endfacet
   facet normal -0.766044 -0.642788 0
      outer loop
         vertex 0.0016112 0.002275 0.00095
         vertex 0.00159484 0.00229449 0.00216545
         vertex 0.0012 0.00276505 0.00165
      endloop
   endfacet
   facet normal -0.766044 -0.642788 0
      outer loop
         vertex 0.0016112 0.002275 0.00095
         vertex 0.00178788 0.00206445 0.00279143
         vertex 0.00172008 0.00214525 0.00246959
      endloop
   endfacet
   facet normal -0.766044 -0.642788 0
      outer loop
         vertex 0.00174412 0.0021166 0.00344504
         vertex 0.00179598 0.00205479 0.00312024
         vertex 0.002 0.00181165 0.006
      endloop
   endfacet
   facet normal -0.766044 -0.642788 0
      outer loop
         vertex 0.00172008 0.00214525 0.00246959
         vertex 0.00159484 0.00229449 0.00216545
         vertex 0.0016112 0.002275 0.00095
      endloop
   endfacet
   facet normal -0.766044 -0.642788 0
      outer loop
         vertex 0.0012 0.00276505 0.00165
         vertex 0.0012 0.00276505 0.00095
         vertex 0.0016112 0.002275 0.00095
      endloop
   endfacet
   facet normal -0.766044 -0.642788 0
      outer loop
         vertex 0.00159484 0.00229449 0.00216545
         vertex 0.00119059 0.00277627 0.00165
         vertex 0.0012 0.00276505 0.00165
      endloop
   endfacet
   facet normal -0.766044 -0.642788 0
      outer loop
         vertex 0.0016112 0.002275 0.00095
         vertex 0.0016112 0.002275 0.00045
         vertex 0.002 0.00181165 0.00045
      endloop
   endfacet
   facet normal 0 -1 0
      outer loop
         vertex 0.00159484 0.00425 0.00216545
         vertex 0.00147785 0.00425 0.00253259
         vertex 0.00120354 0.00425 0.00202327
      endloop
   endfacet
   facet normal 0 -1 0
      outer loop
         vertex 0.00178788 0.00425 0.00279143
         vertex 0.0015463 0.00425 0.00310702
         vertex 0.00147785 0.00425 0.00253259
      endloop
   endfacet
   facet normal 0 -1 0
      outer loop
         vertex -0.00178788 0.00425 0.00279143
         vertex -0.00159484 0.00425 0.00216545
         vertex -0.00147785 0.00425 0.00253259
      endloop
   endfacet
   facet normal 0 -1 0
      outer loop
         vertex 0.00120354 0.00425 0.00202327
         vertex 0.00119059 0.00425 0.00165
         vertex 0.00159484 0.00425 0.00216545
      endloop
   endfacet
   facet normal 0 -1 0
      outer loop
         vertex 0.00147785 0.00425 0.00253259
         vertex 0.00159484 0.00425 0.00216545
         vertex 0.00178788 0.00425 0.00279143
      endloop
   endfacet
   facet normal 0 -1 0
      outer loop
         vertex 0.00174412 0.00425 0.00344504
         vertex 0.00146936 0.00425 0.0040397
         vertex 0.00139936 0.00425 0.00366655
      endloop
   endfacet
   facet normal 0 -1 0
      outer loop
         vertex 0.00146936 0.00425 0.0040397
         vertex 0.001 0.00425 0.00449666
         vertex 0.0010575 0.00425 0.00413322
      endloop
   endfacet
   facet normal 0 -1 0
      outer loop
         vertex -0.00146936 0.00425 0.0040397
         vertex -0.00139936 0.00425 0.00366655
         vertex -0.0010575 0.00425 0.00413322
      endloop
   endfacet
   facet normal 0 -1 0
      outer loop
         vertex -0.00174412 0.00425 0.00344504
         vertex -0.0015463 0.00425 0.00310702
         vertex -0.00139936 0.00425 0.00366655
      endloop
   endfacet
   facet normal 0 -1 0
      outer loop
         vertex -0.0015463 0.00425 0.00310702
         vertex -0.00174412 0.00425 0.00344504
         vertex -0.00178788 0.00425 0.00279143
      endloop
   endfacet
   facet normal 0 -1 0
      outer loop
         vertex -0.001 0.00425 0.006
         vertex -0.000568333 0.00425 0.00444205
         vertex 1.53084e-15 0.00425 0.00455
      endloop
   endfacet
   facet normal 0 -1 0
      outer loop
         vertex 0.00178788 0.00425 0.00279143
         vertex 0.00174412 0.00425 0.00344504
         vertex 0.0015463 0.00425 0.00310702
      endloop
   endfacet
   facet normal 0 -1 0
      outer loop
         vertex 0.0010575 0.00425 0.00413322
         vertex 0.00139936 0.00425 0.00366655
         vertex 0.00146936 0.00425 0.0040397
      endloop
   endfacet
   facet normal 0 -1 0
      outer loop
         vertex -0.0010575 0.00425 0.00413322
         vertex -0.001 0.00425 0.00449666
         vertex -0.00146936 0.00425 0.0040397
      endloop
   endfacet
   facet normal 0 -1 0
      outer loop
         vertex -0.00147785 0.00425 0.00253259
         vertex -0.0015463 0.00425 0.00310702
         vertex -0.00178788 0.00425 0.00279143
      endloop
   endfacet
   facet normal 0 -1 0
      outer loop
         vertex -0.00159484 0.00425 0.00216545
         vertex -0.00119059 0.00425 0.00165
         vertex -0.00120354 0.00425 0.00202327
      endloop
   endfacet
   facet normal 0 -1 0
      outer loop
         vertex 0.001 0.00425 0.006
         vertex 1.53084e-15 0.00425 0.00455
         vertex 0.000568333 0.00425 0.00444205
      endloop
   endfacet
   facet normal 0 -1 0
      outer loop
         vertex -0.001 0.00425 0.006
         vertex -0.001 0.00425 0.00449666
         vertex -0.000568333 0.00425 0.00444205
      endloop
   endfacet
   facet normal 0 -1 0
      outer loop
         vertex 0.00139936 0.00425 0.00366655
         vertex 0.0015463 0.00425 0.00310702
         vertex 0.00174412 0.00425 0.00344504
      endloop
   endfacet
   facet normal 0 -1 0
      outer loop
         vertex -0.00139936 0.00425 0.00366655
         vertex -0.00146936 0.00425 0.0040397
         vertex -0.00174412 0.00425 0.00344504
      endloop
   endfacet
   facet normal 0 -1 0
      outer loop
         vertex -0.00119059 0.00425 0.00165
         vertex -0.000761577 0.00425 0.00165
         vertex -0.00120354 0.00425 0.00202327
      endloop
   endfacet
   facet normal 0 -1 0
      outer loop
         vertex 1.53084e-15 0.00425 0.00455
         vertex 0.001 0.00425 0.006
         vertex -0.001 0.00425 0.006
      endloop
   endfacet
   facet normal 0 -1 0
      outer loop
         vertex 0.001 0.00425 0.00449666
         vertex 0.000568333 0.00425 0.00444205
         vertex 0.0010575 0.00425 0.00413322
      endloop
   endfacet
   facet normal 0 -1 0
      outer loop
         vertex -0.00120354 0.00425 0.00202327
         vertex -0.00147785 0.00425 0.00253259
         vertex -0.00159484 0.00425 0.00216545
      endloop
   endfacet
   facet normal 0 -1 0
      outer loop
         vertex 0.00120354 0.00425 0.00202327
         vertex 0.000761577 0.00425 0.00165
         vertex 0.00119059 0.00425 0.00165
      endloop
   endfacet
   facet normal 0 -1 0
      outer loop
         vertex 0.000568333 0.00425 0.00444205
         vertex 0.001 0.00425 0.00449666
         vertex 0.001 0.00425 0.006
      endloop
   endfacet
   facet normal 0 -1 0
      outer loop
         vertex -0.0010575 0.00425 0.00413322
         vertex -0.000568333 0.00425 0.00444205
         vertex -0.001 0.00425 0.00449666
      endloop
   endfacet
   facet normal 0 0 -1
      outer loop
         vertex 0.0012 0.00625 0.00165
         vertex 0.0012 0.00276505 0.00165
         vertex 0.00119059 0.00425 0.00165
      endloop
   endfacet
   facet normal 0 0 -1
      outer loop
         vertex 0.00119059 0.00425 0.00165
         vertex 0.000761577 0.00625 0.00165
         vertex 0.0012 0.00625 0.00165
      endloop
   endfacet
   facet normal 0 0 -1
      outer loop
         vertex 0.0012 0.00276505 0.00165
         vertex 0.00119059 0.00277627 0.00165
         vertex 0.00119059 0.00425 0.00165
      endloop
   endfacet
   facet normal 0 0 -1
      outer loop
         vertex 0.00119059 0.00425 0.00165
         vertex 0.000761577 0.00425 0.00165
         vertex 0.000761577 0.00625 0.00165
      endloop
   endfacet
   facet normal -1 0 0
      outer loop
         vertex 0.001 0.0030034 0.00449666
         vertex 0.001 0.0030034 0.006
         vertex 0.001 0.00425 0.006
      endloop
   endfacet
   facet normal -1 0 0
      outer loop
         vertex 0.001 0.00425 0.006
         vertex 0.001 0.00425 0.00449666
         vertex 0.001 0.0030034 0.00449666
      endloop
   endfacet
   facet normal -0.886025 0 0.463638
      outer loop
         vertex 0.00159484 0.00425 0.00216545
         vertex 0.00119059 0.00425 0.00165
         vertex 0.00119059 0.00277627 0.00165
      endloop
   endfacet
   facet normal -0.993264 0 0.11587
      outer loop
         vertex 0.00178788 0.00425 0.00279143
         vertex 0.00159484 0.00425 0.00216545
         vertex 0.00159484 0.00229449 0.00216545
      endloop
   endfacet
   facet normal -0.886025 0 0.463638
      outer loop
         vertex 0.00159484 0.00229449 0.00216545
         vertex 0.00172008 0.00214525 0.00246959
         vertex 0.00178788 0.00425 0.00279143
      endloop
   endfacet
   facet normal -0.993264 0 0.11587
      outer loop
         vertex 0.00178788 0.00425 0.00279143
         vertex 0.00179598 0.00205479 0.00312024
         vertex 0.00174412 0.0021166 0.00344504
      endloop
   endfacet
   facet normal -0.993264 0 0.11587
      outer loop
         vertex 0.00178788 0.00425 0.00279143
         vertex 0.00178788 0.00206445 0.00279143
         vertex 0.00179598 0.00205479 0.00312024
      endloop
   endfacet
   facet normal -0.968953 0 -0.247243
      outer loop
         vertex 0.00174412 0.00425 0.00344504
         vertex 0.00163402 0.00224781 0.00375497
         vertex 0.00146936 0.00244404 0.0040397
      endloop
   endfacet
   facet normal -0.968953 0 -0.247243
      outer loop
         vertex 0.00174412 0.00425 0.00344504
         vertex 0.00174412 0.0021166 0.00344504
         vertex 0.00163402 0.00224781 0.00375497
      endloop
   endfacet
   facet normal -0.816312 0 -0.577612
      outer loop
         vertex 0.00146936 0.00425 0.0040397
         vertex 0.00146936 0.00244404 0.0040397
         vertex 0.001 0.0030034 0.00449666
      endloop
   endfacet
   facet normal -0.555556 0 -0.831479
      outer loop
         vertex 0.001 0.0030034 0.00449666
         vertex 0.001 0.00425 0.00449666
         vertex 0.00146936 0.00425 0.0040397
      endloop
   endfacet
   facet normal -0.816312 0 -0.577612
      outer loop
         vertex 0.00146936 0.00244404 0.0040397
         vertex 0.00146936 0.00425 0.0040397
         vertex 0.00174412 0.00425 0.00344504
      endloop
   endfacet
   facet normal -0.968953 0 -0.247243
      outer loop
         vertex 0.00174412 0.0021166 0.00344504
         vertex 0.00174412 0.00425 0.00344504
         vertex 0.00178788 0.00425 0.00279143
      endloop
   endfacet
   facet normal -0.955598 0 0.294674
      outer loop
         vertex 0.00172008 0.00214525 0.00246959
         vertex 0.00178788 0.00206445 0.00279143
         vertex 0.00178788 0.00425 0.00279143
      endloop
   endfacet
   facet normal -0.661438 0 0.75
      outer loop
         vertex 0.00119059 0.00277627 0.00165
         vertex 0.00159484 0.00229449 0.00216545
         vertex 0.00159484 0.00425 0.00216545
      endloop
   endfacet
   facet normal -1 0 0
      outer loop
         vertex -0.00305 -0.00215 0.0053
         vertex -0.00305 -0.00215 -3.58577e-20
         vertex -0.00305 -0.00345 0.00279043
      endloop
   endfacet
   facet normal -1 0 0
      outer loop
         vertex -0.00305 -0.00215 -3.58577e-20
         vertex -0.00305 -0.00575 -7.16449e-20
         vertex -0.00305 -0.00445 0.00279043
      endloop
   endfacet
   facet normal -1 0 0
      outer loop
         vertex -0.00305 -0.00445 0.00279043
         vertex -0.00305 -0.00345 0.00279043
         vertex -0.00305 -0.00215 -3.58577e-20
      endloop
   endfacet
   facet normal -1 0 0
      outer loop
         vertex -0.00305 -0.00575 0.0053
         vertex -0.00305 -0.00445 0.00379043
         vertex -0.00305 -0.00445 0.00279043
      endloop
   endfacet
   facet normal -1 0 0
      outer loop
         vertex -0.00305 -0.00445 0.00279043
         vertex -0.00305 -0.00575 -7.16449e-20
         vertex -0.00305 -0.00575 0.0053
      endloop
   endfacet
   facet normal -1 0 0
      outer loop
         vertex -0.00305 -0.00575 0.0053
         vertex -0.00305 -0.00215 0.0053
         vertex -0.00305 -0.00345 0.00379043
      endloop
   endfacet
   facet normal -1 0 0
      outer loop
         vertex -0.00305 -0.00345 0.00379043
         vertex -0.00305 -0.00445 0.00379043
         vertex -0.00305 -0.00575 0.0053
      endloop
   endfacet
   facet normal -1 0 0
      outer loop
         vertex -0.00305 -0.00345 0.00279043
         vertex -0.00305 -0.00345 0.00379043
         vertex -0.00305 -0.00215 0.0053
      endloop
   endfacet
   facet normal 0 -1 0
      outer loop
         vertex -0.00305 -0.00445 0.00279043
         vertex -0.00305 -0.00445 0.00379043
         vertex -0.00345 -0.00445 0.00309043
      endloop
   endfacet
   facet normal 0 -1 0
      outer loop
         vertex -0.00345 -0.00445 0.00309043
         vertex -0.00345 -0.00445 0.00279043
         vertex -0.00305 -0.00445 0.00279043
      endloop
   endfacet
   facet normal -1 0 0
      outer loop
         vertex -0.00345 -0.00345 0.00309043
         vertex -0.00345 -0.00345 0.00279043
         vertex -0.00345 -0.00445 0.00279043
      endloop
   endfacet
   facet normal -1 0 0
      outer loop
         vertex -0.00345 -0.00445 0.00279043
         vertex -0.00345 -0.00445 0.00309043
         vertex -0.00345 -0.00345 0.00309043
      endloop
   endfacet
   facet normal 0 0 -1
      outer loop
         vertex -0.00305 -0.00445 0.00279043
         vertex -0.00345 -0.00445 0.00279043
         vertex -0.00345 -0.00345 0.00279043
      endloop
   endfacet
   facet normal 0 0 -1
      outer loop
         vertex -0.00345 -0.00345 0.00279043
         vertex -0.00305 -0.00345 0.00279043
         vertex -0.00305 -0.00445 0.00279043
      endloop
   endfacet
   facet normal 0 1 0
      outer loop
         vertex -0.00305 -0.00345 0.00279043
         vertex -0.00345 -0.00345 0.00279043
         vertex -0.00345 -0.00345 0.00309043
      endloop
   endfacet
   facet normal 0 1 0
      outer loop
         vertex -0.00345 -0.00345 0.00309043
         vertex -0.00305 -0.00345 0.00379043
         vertex -0.00305 -0.00345 0.00279043
      endloop
   endfacet
   facet normal -0.868243 0 0.496139
      outer loop
         vertex -0.00305 -0.00445 0.00379043
         vertex -0.00305 -0.00345 0.00379043
         vertex -0.00345 -0.00345 0.00309043
      endloop
   endfacet
   facet normal -0.868243 0 0.496139
      outer loop
         vertex -0.00345 -0.00345 0.00309043
         vertex -0.00345 -0.00445 0.00309043
         vertex -0.00305 -0.00445 0.00379043
      endloop
   endfacet
   facet normal 1 0 0
      outer loop
         vertex 0.00305 -0.00575 0.0053
         vertex 0.00305 -0.00445 0.00379043
         vertex 0.00305 -0.00345 0.00379043
      endloop
   endfacet
   facet normal 1 0 0
      outer loop
         vertex 0.00305 -0.00575 0.0053
         vertex 0.00305 -0.00575 -7.16449e-20
         vertex 0.00305 -0.00445 0.00279043
      endloop
   endfacet
   facet normal 1 0 0
      outer loop
         vertex 0.00305 -0.00445 0.00279043
         vertex 0.00305 -0.00445 0.00379043
         vertex 0.00305 -0.00575 0.0053
      endloop
   endfacet
   facet normal 1 0 0
      outer loop
         vertex 0.00305 -0.00575 -7.16449e-20
         vertex 0.00305 -0.00215 -3.58577e-20
         vertex 0.00305 -0.00345 0.00279043
      endloop
   endfacet
   facet normal 1 0 0
      outer loop
         vertex 0.00305 -0.00215 0.0053
         vertex 0.00305 -0.00345 0.00379043
         vertex 0.00305 -0.00345 0.00279043
      endloop
   endfacet
   facet normal 1 0 0
      outer loop
         vertex 0.00305 -0.00345 0.00279043
         vertex 0.00305 -0.00445 0.00279043
         vertex 0.00305 -0.00575 -7.16449e-20
      endloop
   endfacet
   facet normal 1 0 0
      outer loop
         vertex 0.00305 -0.00345 0.00379043
         vertex 0.00305 -0.00215 0.0053
         vertex 0.00305 -0.00575 0.0053
      endloop
   endfacet
   facet normal 1 0 0
      outer loop
         vertex 0.00305 -0.00345 0.00279043
         vertex 0.00305 -0.00215 -3.58577e-20
         vertex 0.00305 -0.00215 0.0053
      endloop
   endfacet
   facet normal 0 -1 0
      outer loop
         vertex 0.00305 -0.00445 0.00279043
         vertex 0.00345 -0.00445 0.00279043
         vertex 0.00345 -0.00445 0.00309043
      endloop
   endfacet
   facet normal 0 -1 0
      outer loop
         vertex 0.00345 -0.00445 0.00309043
         vertex 0.00305 -0.00445 0.00379043
         vertex 0.00305 -0.00445 0.00279043
      endloop
   endfacet
   facet normal 1 0 0
      outer loop
         vertex 0.00345 -0.00445 0.00309043
         vertex 0.00345 -0.00445 0.00279043
         vertex 0.00345 -0.00345 0.00279043
      endloop
   endfacet
   facet normal 1 0 0
      outer loop
         vertex 0.00345 -0.00345 0.00279043
         vertex 0.00345 -0.00345 0.00309043
         vertex 0.00345 -0.00445 0.00309043
      endloop
   endfacet
   facet normal 0.868243 0 0.496139
      outer loop
         vertex 0.00345 -0.00345 0.00309043
         vertex 0.00305 -0.00345 0.00379043
         vertex 0.00305 -0.00445 0.00379043
      endloop
   endfacet
   facet normal 0.868243 0 0.496139
      outer loop
         vertex 0.00305 -0.00445 0.00379043
         vertex 0.00345 -0.00445 0.00309043
         vertex 0.00345 -0.00345 0.00309043
      endloop
   endfacet
   facet normal 0 1 0
      outer loop
         vertex 0.00305 -0.00345 0.00279043
         vertex 0.00305 -0.00345 0.00379043
         vertex 0.00345 -0.00345 0.00309043
      endloop
   endfacet
   facet normal 0 1 0
      outer loop
         vertex 0.00345 -0.00345 0.00309043
         vertex 0.00345 -0.00345 0.00279043
         vertex 0.00305 -0.00345 0.00279043
      endloop
   endfacet
   facet normal 0 0 -1
      outer loop
         vertex 0.00305 -0.00345 0.00279043
         vertex 0.00345 -0.00345 0.00279043
         vertex 0.00345 -0.00445 0.00279043
      endloop
   endfacet
   facet normal 0 0 -1
      outer loop
         vertex 0.00345 -0.00445 0.00279043
         vertex 0.00305 -0.00445 0.00279043
         vertex 0.00305 -0.00345 0.00279043
      endloop
   endfacet
endsolid Microphone Plug, RPi4ModelB. Units = meters