solid Part 1. STL generated by ONSHAPE BY PTC INC, 1.213. Units = meters
   facet normal -0.27536 0.921061 -0.27536
      outer loop
         vertex -0.0423613 -0.000914953 -0.0123613
         vertex -0.039132 0 -0.00913204
         vertex -0.0396642 -0.000734825 -0.0117929
      endloop
   endfacet
   facet normal -0.27536 0.921061 -0.27536
      outer loop
         vertex -0.0423613 -0.000914953 -0.0123613
         vertex -0.0442639 -0.0014172 -0.0101584
         vertex -0.0417929 -0.000734825 -0.00966421
      endloop
   endfacet
   facet normal -0.285831 0.914659 -0.285831
      outer loop
         vertex -0.0424787 -0.00098673 -0.0124787
         vertex -0.0423613 -0.000914953 -0.0123613
         vertex -0.0401584 -0.0014172 -0.0142639
      endloop
   endfacet
   facet normal -0.285831 0.914659 -0.285831
      outer loop
         vertex -0.0424787 -0.00098673 -0.0124787
         vertex -0.044432 -0.00152002 -0.010192
         vertex -0.0442639 -0.0014172 -0.0101584
      endloop
   endfacet
   facet normal -0.513182 0.85828 0
      outer loop
         vertex -0.0442639 -0.0014172 -0.0101584
         vertex -0.0423613 -0.000914953 -0.0123613
         vertex -0.0424787 -0.00098673 -0.0124787
      endloop
   endfacet
   facet normal 0 0.85828 -0.513182
      outer loop
         vertex -0.0401584 -0.0014172 -0.0142639
         vertex -0.040192 -0.00152002 -0.014432
         vertex -0.0424787 -0.00098673 -0.0124787
      endloop
   endfacet
   facet normal -0.276451 0.961026 0.00218464
      outer loop
         vertex -0.0417929 -0.000734825 -0.00966421
         vertex -0.039132 0 -0.00913204
         vertex -0.0423613 -0.000914953 -0.0123613
      endloop
   endfacet
   facet normal 0.00218464 0.961026 -0.276451
      outer loop
         vertex -0.0396642 -0.000734825 -0.0117929
         vertex -0.0401584 -0.0014172 -0.0142639
         vertex -0.0423613 -0.000914953 -0.0123613
      endloop
   endfacet
   facet normal 0 0.961148 -0.276032
      outer loop
         vertex -0.0396642 -0.000734825 -0.0117929
         vertex -0.039132 0 -0.00913204
         vertex 0.039132 0 -0.00913204
      endloop
   endfacet
   facet normal 0 1 -3.03577e-15
      outer loop
         vertex 0.039132 0 -0.00913204
         vertex 0.0391777 -2.60201e-06 -0.00936015
         vertex -0.0396642 -0.000734825 -0.0117929
      endloop
   endfacet
   facet normal 0 0.847998 -0.529999
      outer loop
         vertex 0.040192 -0.00152002 -0.014432
         vertex -0.0401584 -0.0014172 -0.0142639
         vertex -0.0396642 -0.000734825 -0.0117929
      endloop
   endfacet
   facet normal 0 0.847998 -0.529999
      outer loop
         vertex 0.040192 -0.00152002 -0.014432
         vertex -0.040192 -0.00152002 -0.014432
         vertex -0.0401584 -0.0014172 -0.0142639
      endloop
   endfacet
   facet normal 0 0.961148 -0.276032
      outer loop
         vertex -0.0396642 -0.000734825 -0.0117929
         vertex 0.039663 -0.00072863 -0.0117869
         vertex 0.040192 -0.00152002 -0.014432
      endloop
   endfacet
   facet normal 0 0.99974 -0.0228108
      outer loop
         vertex 0.0391777 -2.60201e-06 -0.00936015
         vertex 0.039663 -0.00072863 -0.0117869
         vertex -0.0396642 -0.000734825 -0.0117929
      endloop
   endfacet
   facet normal 0 1 0
      outer loop
         vertex -0.039132 0 -0.00913204
         vertex -0.039132 0 0.00913204
         vertex 0.039132 0 0.00913204
      endloop
   endfacet
   facet normal 0 1 0
      outer loop
         vertex 0.039132 0 0.00913204
         vertex 0.039132 0 -0.00913204
         vertex -0.039132 0 -0.00913204
      endloop
   endfacet
   facet normal 0.285831 0.914659 -0.285831
      outer loop
         vertex 0.0424787 -0.00098673 -0.0124787
         vertex 0.039663 -0.00072863 -0.0117869
         vertex 0.0391777 -2.60201e-06 -0.00936015
      endloop
   endfacet
   facet normal 0.285831 0.914659 -0.285831
      outer loop
         vertex 0.0424787 -0.00098673 -0.0124787
         vertex 0.040192 -0.00152002 -0.014432
         vertex 0.039663 -0.00072863 -0.0117869
      endloop
   endfacet
   facet normal 0.285831 0.914659 -0.285831
      outer loop
         vertex 0.0424787 -0.00098673 -0.0124787
         vertex 0.0392689 -1.56141e-06 -0.00926891
         vertex 0.0393601 -2.60201e-06 -0.00917766
      endloop
   endfacet
   facet normal 0.0228108 0.99974 0
      outer loop
         vertex 0.0393601 -2.60201e-06 -0.00917766
         vertex 0.0417869 -0.00072863 -0.009663
         vertex 0.0424787 -0.00098673 -0.0124787
      endloop
   endfacet
   facet normal 0.0228108 0.99974 0
      outer loop
         vertex 0.0393601 -2.60201e-06 -0.00917766
         vertex 0.0392689 -1.56141e-06 -0.00926891
         vertex 0.039132 0 -0.00913204
      endloop
   endfacet
   facet normal 0.0114069 0.99987 -0.0114069
      outer loop
         vertex 0.0392689 -1.56141e-06 -0.00926891
         vertex 0.0391777 -2.60201e-06 -0.00936015
         vertex 0.039132 0 -0.00913204
      endloop
   endfacet
   facet normal 0.275694 0.961243 0.00215158
      outer loop
         vertex 0.0417869 -0.00072863 -0.009663
         vertex 0.044432 -0.00152002 -0.010192
         vertex 0.0424787 -0.00098673 -0.0124787
      endloop
   endfacet
   facet normal 0 0.99974 -0.0228108
      outer loop
         vertex 0.0391777 -2.60201e-06 -0.00936015
         vertex 0.0392689 -1.56141e-06 -0.00926891
         vertex 0.0424787 -0.00098673 -0.0124787
      endloop
   endfacet
   facet normal -2.20656e-16 0.847998 -0.529999
      outer loop
         vertex 0.04106 -0.00206249 -0.0153
         vertex -0.04106 -0.00206249 -0.0153
         vertex -0.040192 -0.00152002 -0.014432
      endloop
   endfacet
   facet normal -2.20656e-16 0.847998 -0.529999
      outer loop
         vertex -0.040192 -0.00152002 -0.014432
         vertex 0.040192 -0.00152002 -0.014432
         vertex 0.04106 -0.00206249 -0.0153
      endloop
   endfacet
   facet normal -0.513182 0.85828 1.73472e-16
      outer loop
         vertex -0.0442639 -0.0014172 0.0101584
         vertex -0.0417929 -0.000734825 0.00966421
         vertex -0.0417929 -0.000734825 -0.00966421
      endloop
   endfacet
   facet normal -0.513182 0.85828 1.73472e-16
      outer loop
         vertex -0.0442639 -0.0014172 -0.0101584
         vertex -0.044432 -0.00152002 0.010192
         vertex -0.0442639 -0.0014172 0.0101584
      endloop
   endfacet
   facet normal -0.276032 0.961148 1.73472e-16
      outer loop
         vertex -0.0417929 -0.000734825 -0.00966421
         vertex -0.0442639 -0.0014172 -0.0101584
         vertex -0.0442639 -0.0014172 0.0101584
      endloop
   endfacet
   facet normal -0.276032 0.961148 1.73472e-16
      outer loop
         vertex -0.0417929 -0.000734825 -0.00966421
         vertex -0.0417929 -0.000734825 0.00966421
         vertex -0.039132 0 0.00913204
      endloop
   endfacet
   facet normal -1.01072e-15 1 0
      outer loop
         vertex -0.039132 0 0.00913204
         vertex -0.039132 0 -0.00913204
         vertex -0.0417929 -0.000734825 -0.00966421
      endloop
   endfacet
   facet normal -0.513182 0.85828 1.73472e-16
      outer loop
         vertex -0.0442639 -0.0014172 -0.0101584
         vertex -0.044432 -0.00152002 -0.010192
         vertex -0.044432 -0.00152002 0.010192
      endloop
   endfacet
   facet normal -0.285831 0.914659 -0.285831
      outer loop
         vertex -0.0424787 -0.00098673 -0.0124787
         vertex -0.040192 -0.00152002 -0.014432
         vertex -0.0422247 -0.00166377 -0.0143845
      endloop
   endfacet
   facet normal 2.71051e-17 0.847998 -0.529999
      outer loop
         vertex -0.040192 -0.00152002 -0.014432
         vertex -0.04106 -0.00206249 -0.0153
         vertex -0.0422247 -0.00166377 -0.0143845
      endloop
   endfacet
   facet normal -0.529999 0.847998 1.19262e-15
      outer loop
         vertex -0.044432 -0.00152002 -0.010192
         vertex -0.0424787 -0.00098673 -0.0124787
         vertex -0.0443845 -0.00166377 -0.0122247
      endloop
   endfacet
   facet normal -0.285831 0.914659 -0.285831
      outer loop
         vertex -0.0424787 -0.00098673 -0.0124787
         vertex -0.0433466 -0.00152921 -0.0133466
         vertex -0.0443845 -0.00166377 -0.0122247
      endloop
   endfacet
   facet normal -0.415557 0.897839 -0.145593
      outer loop
         vertex -0.0443845 -0.00166377 -0.0122247
         vertex -0.0453 -0.00206249 -0.01106
         vertex -0.044432 -0.00152002 -0.010192
      endloop
   endfacet
   facet normal -0.145593 0.897839 -0.415557
      outer loop
         vertex -0.0422247 -0.00166377 -0.0143845
         vertex -0.0433466 -0.00152921 -0.0133466
         vertex -0.0424787 -0.00098673 -0.0124787
      endloop
   endfacet
   facet normal -0.27536 0.921061 0.27536
      outer loop
         vertex -0.0423613 -0.000914953 0.0123613
         vertex -0.039132 0 0.00913204
         vertex -0.0417929 -0.000734825 0.00966421
      endloop
   endfacet
   facet normal -0.27536 0.921061 0.27536
      outer loop
         vertex -0.0423613 -0.000914953 0.0123613
         vertex -0.0401584 -0.0014172 0.0142639
         vertex -0.0396642 -0.000734825 0.0117929
      endloop
   endfacet
   facet normal -0.285831 0.914659 0.285831
      outer loop
         vertex -0.0424787 -0.00098673 0.0124787
         vertex -0.0423613 -0.000914953 0.0123613
         vertex -0.0442639 -0.0014172 0.0101584
      endloop
   endfacet
   facet normal -0.285831 0.914659 0.285831
      outer loop
         vertex -0.0424787 -0.00098673 0.0124787
         vertex -0.040192 -0.00152002 0.014432
         vertex -0.0401584 -0.0014172 0.0142639
      endloop
   endfacet
   facet normal 0 0.85828 0.513182
      outer loop
         vertex -0.0401584 -0.0014172 0.0142639
         vertex -0.0423613 -0.000914953 0.0123613
         vertex -0.0424787 -0.00098673 0.0124787
      endloop
   endfacet
   facet normal -0.513182 0.85828 0
      outer loop
         vertex -0.0442639 -0.0014172 0.0101584
         vertex -0.044432 -0.00152002 0.010192
         vertex -0.0424787 -0.00098673 0.0124787
      endloop
   endfacet
   facet normal 0.00218464 0.961026 0.276451
      outer loop
         vertex -0.0396642 -0.000734825 0.0117929
         vertex -0.039132 0 0.00913204
         vertex -0.0423613 -0.000914953 0.0123613
      endloop
   endfacet
   facet normal -0.276451 0.961026 -0.00218464
      outer loop
         vertex -0.0417929 -0.000734825 0.00966421
         vertex -0.0442639 -0.0014172 0.0101584
         vertex -0.0423613 -0.000914953 0.0123613
      endloop
   endfacet
   facet normal -0.529999 0.847998 0
      outer loop
         vertex -0.0453 -0.00206249 0.01106
         vertex -0.044432 -0.00152002 0.010192
         vertex -0.044432 -0.00152002 -0.010192
      endloop
   endfacet
   facet normal -0.529999 0.847998 0
      outer loop
         vertex -0.044432 -0.00152002 -0.010192
         vertex -0.0453 -0.00206249 -0.01106
         vertex -0.0453 -0.00206249 0.01106
      endloop
   endfacet
   facet normal -0.92388 0 -0.382683
      outer loop
         vertex -0.049391 -0.0105425 -0.0150615
         vertex -0.05 -0.0105425 -0.012
         vertex -0.049581 -0.00767814 -0.0119162
      endloop
   endfacet
   facet normal -0.707107 0 -0.707107
      outer loop
         vertex -0.0476569 -0.0105425 -0.0176569
         vertex -0.049391 -0.0105425 -0.0150615
         vertex -0.0488268 -0.00706753 -0.0147128
      endloop
   endfacet
   facet normal -0.707107 0 -0.707107
      outer loop
         vertex -0.0476569 -0.0105425 -0.0176569
         vertex -0.0471265 -0.00685426 -0.0171265
         vertex -0.0447128 -0.00706753 -0.0188268
      endloop
   endfacet
   facet normal -0.382683 0 -0.92388
      outer loop
         vertex -0.0450615 -0.0105425 -0.019391
         vertex -0.0447128 -0.00706753 -0.0188268
         vertex -0.0419162 -0.00767814 -0.019581
      endloop
   endfacet
   facet normal -0.86383 0.36276 -0.349575
      outer loop
         vertex -0.0488268 -0.00706753 -0.0147128
         vertex -0.0493751 -0.00726239 -0.011875
         vertex -0.0480843 -0.00465657 -0.0116169
      endloop
   endfacet
   facet normal -0.86383 0.36276 -0.349575
      outer loop
         vertex -0.0488268 -0.00706753 -0.0147128
         vertex -0.049581 -0.00767814 -0.0119162
         vertex -0.0493751 -0.00726239 -0.011875
      endloop
   endfacet
   facet normal -0.651288 0.389418 -0.651288
      outer loop
         vertex -0.0471265 -0.00685426 -0.0171265
         vertex -0.0488268 -0.00706753 -0.0147128
         vertex -0.0470717 -0.00389003 -0.0136823
      endloop
   endfacet
   facet normal -0.349575 0.36276 -0.86383
      outer loop
         vertex -0.0447128 -0.00706753 -0.0188268
         vertex -0.0471265 -0.00685426 -0.0171265
         vertex -0.045558 -0.00362645 -0.015558
      endloop
   endfacet
   facet normal -0.349575 0.36276 -0.86383
      outer loop
         vertex -0.0447128 -0.00706753 -0.0188268
         vertex -0.0436823 -0.00389003 -0.0170717
         vertex -0.0416169 -0.00465657 -0.0180843
      endloop
   endfacet
   facet normal 0 0.58859 -0.808432
      outer loop
         vertex -0.0416169 -0.00465657 -0.0180843
         vertex -0.041875 -0.00726239 -0.0193751
         vertex -0.0447128 -0.00706753 -0.0188268
      endloop
   endfacet
   facet normal -0.681856 0.684408 -0.258181
      outer loop
         vertex -0.0470717 -0.00389003 -0.0136823
         vertex -0.0477562 -0.0043509 -0.0115512
         vertex -0.0453 -0.00206249 -0.01106
      endloop
   endfacet
   facet normal -0.681856 0.684408 -0.258181
      outer loop
         vertex -0.0470717 -0.00389003 -0.0136823
         vertex -0.0480843 -0.00465657 -0.0116169
         vertex -0.0477562 -0.0043509 -0.0115512
      endloop
   endfacet
   facet normal -0.492646 0.717356 -0.492646
      outer loop
         vertex -0.045558 -0.00362645 -0.015558
         vertex -0.0470717 -0.00389003 -0.0136823
         vertex -0.0443845 -0.00166377 -0.0122247
      endloop
   endfacet
   facet normal -0.492646 0.717356 -0.492646
      outer loop
         vertex -0.045558 -0.00362645 -0.015558
         vertex -0.0433466 -0.00152921 -0.0133466
         vertex -0.0422247 -0.00166377 -0.0143845
      endloop
   endfacet
   facet normal -0.258181 0.684408 -0.681856
      outer loop
         vertex -0.0436823 -0.00389003 -0.0170717
         vertex -0.0422247 -0.00166377 -0.0143845
         vertex -0.04106 -0.00206249 -0.0153
      endloop
   endfacet
   facet normal 0 0.847998 -0.529999
      outer loop
         vertex -0.04106 -0.00206249 -0.0153
         vertex -0.0415512 -0.0043509 -0.0177562
         vertex -0.0436823 -0.00389003 -0.0170717
      endloop
   endfacet
   facet normal 0.00138176 0.623735 -0.781635
      outer loop
         vertex -0.0415512 -0.0043509 -0.0177562
         vertex -0.0416169 -0.00465657 -0.0180843
         vertex -0.0436823 -0.00389003 -0.0170717
      endloop
   endfacet
   facet normal -0.145593 0.897839 -0.415557
      outer loop
         vertex -0.0422247 -0.00166377 -0.0143845
         vertex -0.0436823 -0.00389003 -0.0170717
         vertex -0.045558 -0.00362645 -0.015558
      endloop
   endfacet
   facet normal -0.415557 0.897839 -0.145593
      outer loop
         vertex -0.0443845 -0.00166377 -0.0122247
         vertex -0.0433466 -0.00152921 -0.0133466
         vertex -0.045558 -0.00362645 -0.015558
      endloop
   endfacet
   facet normal -0.529999 0.847998 0
      outer loop
         vertex -0.0453 -0.00206249 -0.01106
         vertex -0.0443845 -0.00166377 -0.0122247
         vertex -0.0470717 -0.00389003 -0.0136823
      endloop
   endfacet
   facet normal 0.00157622 0.330145 -0.943929
      outer loop
         vertex -0.041875 -0.00726239 -0.0193751
         vertex -0.0419162 -0.00767814 -0.019581
         vertex -0.0447128 -0.00706753 -0.0188268
      endloop
   endfacet
   facet normal -0.492646 0.717356 -0.492646
      outer loop
         vertex -0.045558 -0.00362645 -0.015558
         vertex -0.0436823 -0.00389003 -0.0170717
         vertex -0.0447128 -0.00706753 -0.0188268
      endloop
   endfacet
   facet normal -0.681856 0.684408 -0.258181
      outer loop
         vertex -0.0470717 -0.00389003 -0.0136823
         vertex -0.045558 -0.00362645 -0.015558
         vertex -0.0471265 -0.00685426 -0.0171265
      endloop
   endfacet
   facet normal -0.808432 0.58859 0
      outer loop
         vertex -0.0480843 -0.00465657 -0.0116169
         vertex -0.0470717 -0.00389003 -0.0136823
         vertex -0.0488268 -0.00706753 -0.0147128
      endloop
   endfacet
   facet normal 0 0.286434 -0.9581
      outer loop
         vertex -0.0419162 -0.00767814 -0.019581
         vertex -0.042 -0.0105425 -0.02
         vertex -0.0450615 -0.0105425 -0.019391
      endloop
   endfacet
   facet normal -0.349575 0.36276 -0.86383
      outer loop
         vertex -0.0447128 -0.00706753 -0.0188268
         vertex -0.0450615 -0.0105425 -0.019391
         vertex -0.0476569 -0.0105425 -0.0176569
      endloop
   endfacet
   facet normal -0.86383 0.36276 -0.349575
      outer loop
         vertex -0.0488268 -0.00706753 -0.0147128
         vertex -0.0471265 -0.00685426 -0.0171265
         vertex -0.0476569 -0.0105425 -0.0176569
      endloop
   endfacet
   facet normal -0.9581 0.286434 0
      outer loop
         vertex -0.049581 -0.00767814 -0.0119162
         vertex -0.0488268 -0.00706753 -0.0147128
         vertex -0.049391 -0.0105425 -0.0150615
      endloop
   endfacet
   facet normal -0.9581 0.286434 3.46945e-16
      outer loop
         vertex -0.049581 -0.00767814 0.0119162
         vertex -0.0493751 -0.00726239 0.011875
         vertex -0.0493751 -0.00726239 -0.011875
      endloop
   endfacet
   facet normal -0.9581 0.286434 3.46945e-16
      outer loop
         vertex -0.049581 -0.00767814 -0.0119162
         vertex -0.05 -0.0105425 0.012
         vertex -0.049581 -0.00767814 0.0119162
      endloop
   endfacet
   facet normal -0.943896 0.330244 3.46945e-16
      outer loop
         vertex -0.0493751 -0.00726239 -0.011875
         vertex -0.049581 -0.00767814 -0.0119162
         vertex -0.049581 -0.00767814 0.0119162
      endloop
   endfacet
   facet normal -0.808432 0.58859 3.46945e-16
      outer loop
         vertex -0.0480843 -0.00465657 -0.0116169
         vertex -0.0480843 -0.00465657 0.0116169
         vertex -0.0477562 -0.0043509 0.0115512
      endloop
   endfacet
   facet normal -0.808432 0.58859 3.46945e-16
      outer loop
         vertex -0.0480843 -0.00465657 -0.0116169
         vertex -0.0493751 -0.00726239 0.011875
         vertex -0.0480843 -0.00465657 0.0116169
      endloop
   endfacet
   facet normal -0.781527 0.623872 3.46945e-16
      outer loop
         vertex -0.0477562 -0.0043509 0.0115512
         vertex -0.0477562 -0.0043509 -0.0115512
         vertex -0.0480843 -0.00465657 -0.0116169
      endloop
   endfacet
   facet normal -0.781527 0.623872 3.46945e-16
      outer loop
         vertex -0.0477562 -0.0043509 -0.0115512
         vertex -0.0477562 -0.0043509 0.0115512
         vertex -0.0453 -0.00206249 0.01106
      endloop
   endfacet
   facet normal -0.529999 0.847998 1.73472e-16
      outer loop
         vertex -0.0453 -0.00206249 0.01106
         vertex -0.0453 -0.00206249 -0.01106
         vertex -0.0477562 -0.0043509 -0.0115512
      endloop
   endfacet
   facet normal -0.808432 0.58859 3.46945e-16
      outer loop
         vertex -0.0480843 -0.00465657 -0.0116169
         vertex -0.0493751 -0.00726239 -0.011875
         vertex -0.0493751 -0.00726239 0.011875
      endloop
   endfacet
   facet normal -0.9581 0.286434 3.46945e-16
      outer loop
         vertex -0.049581 -0.00767814 -0.0119162
         vertex -0.05 -0.0105425 -0.012
         vertex -0.05 -0.0105425 0.012
      endloop
   endfacet
   facet normal -0.529999 0.847998 1.73472e-16
      outer loop
         vertex -0.044432 -0.00152002 0.010192
         vertex -0.0453 -0.00206249 0.01106
         vertex -0.0443845 -0.00166377 0.0122247
      endloop
   endfacet
   facet normal -0.415557 0.897839 0.145593
      outer loop
         vertex -0.0443845 -0.00166377 0.0122247
         vertex -0.0424787 -0.00098673 0.0124787
         vertex -0.044432 -0.00152002 0.010192
      endloop
   endfacet
   facet normal -3.52366e-16 0.847998 0.529999
      outer loop
         vertex -0.040192 -0.00152002 0.014432
         vertex -0.0424787 -0.00098673 0.0124787
         vertex -0.0422247 -0.00166377 0.0143845
      endloop
   endfacet
   facet normal -0.285831 0.914659 0.285831
      outer loop
         vertex -0.0424787 -0.00098673 0.0124787
         vertex -0.0433466 -0.00152921 0.0133466
         vertex -0.0422247 -0.00166377 0.0143845
      endloop
   endfacet
   facet normal -0.145593 0.897839 0.415557
      outer loop
         vertex -0.0422247 -0.00166377 0.0143845
         vertex -0.04106 -0.00206249 0.0153
         vertex -0.040192 -0.00152002 0.014432
      endloop
   endfacet
   facet normal -0.415557 0.897839 0.145593
      outer loop
         vertex -0.0443845 -0.00166377 0.0122247
         vertex -0.0433466 -0.00152921 0.0133466
         vertex -0.0424787 -0.00098673 0.0124787
      endloop
   endfacet
   facet normal 0 0.85828 0.513182
      outer loop
         vertex -0.0401584 -0.0014172 0.0142639
         vertex 0.0401584 -0.0014172 0.0142639
         vertex 0.0396642 -0.000734825 0.0117929
      endloop
   endfacet
   facet normal 0 0.85828 0.513182
      outer loop
         vertex -0.0401584 -0.0014172 0.0142639
         vertex 0.040192 -0.00152002 0.014432
         vertex 0.0401584 -0.0014172 0.0142639
      endloop
   endfacet
   facet normal 0 0.961148 0.276032
      outer loop
         vertex 0.0396642 -0.000734825 0.0117929
         vertex -0.0396642 -0.000734825 0.0117929
         vertex -0.0401584 -0.0014172 0.0142639
      endloop
   endfacet
   facet normal 0 0.961148 0.276032
      outer loop
         vertex 0.0396642 -0.000734825 0.0117929
         vertex 0.039132 0 0.00913204
         vertex -0.039132 0 0.00913204
      endloop
   endfacet
   facet normal 0 1 -3.16703e-16
      outer loop
         vertex -0.039132 0 0.00913204
         vertex -0.0396642 -0.000734825 0.0117929
         vertex 0.0396642 -0.000734825 0.0117929
      endloop
   endfacet
   facet normal 0 0.85828 0.513182
      outer loop
         vertex -0.0401584 -0.0014172 0.0142639
         vertex -0.040192 -0.00152002 0.014432
         vertex 0.040192 -0.00152002 0.014432
      endloop
   endfacet
   facet normal 0.276032 0.961148 -1.73472e-16
      outer loop
         vertex 0.0417929 -0.000734825 0.00966421
         vertex 0.0393601 -2.60201e-06 -0.00917766
         vertex 0.039132 0 -0.00913204
      endloop
   endfacet
   facet normal 0.276032 0.961148 -1.73472e-16
      outer loop
         vertex 0.0417929 -0.000734825 0.00966421
         vertex 0.0417869 -0.00072863 -0.009663
         vertex 0.0393601 -2.60201e-06 -0.00917766
      endloop
   endfacet
   facet normal 0.529999 0.847998 -1.73472e-16
      outer loop
         vertex 0.044432 -0.00152002 -0.010192
         vertex 0.0417869 -0.00072863 -0.009663
         vertex 0.0417929 -0.000734825 0.00966421
      endloop
   endfacet
   facet normal 0.276032 0.961148 -1.73472e-16
      outer loop
         vertex 0.0417929 -0.000734825 0.00966421
         vertex 0.0442639 -0.0014172 0.0101584
         vertex 0.044432 -0.00152002 -0.010192
      endloop
   endfacet
   facet normal 0.513182 0.85828 -1.73472e-16
      outer loop
         vertex 0.0442639 -0.0014172 0.0101584
         vertex 0.044432 -0.00152002 0.010192
         vertex 0.044432 -0.00152002 -0.010192
      endloop
   endfacet
   facet normal 3.16831e-16 1 0
      outer loop
         vertex 0.039132 0 -0.00913204
         vertex 0.039132 0 0.00913204
         vertex 0.0417929 -0.000734825 0.00966421
      endloop
   endfacet
   facet normal 1.30104e-15 0.847998 -0.529999
      outer loop
         vertex 0.040192 -0.00152002 -0.014432
         vertex 0.0424787 -0.00098673 -0.0124787
         vertex 0.0422247 -0.00166377 -0.0143845
      endloop
   endfacet
   facet normal 0.285831 0.914659 -0.285831
      outer loop
         vertex 0.0424787 -0.00098673 -0.0124787
         vertex 0.0433466 -0.00152921 -0.0133466
         vertex 0.0422247 -0.00166377 -0.0143845
      endloop
   endfacet
   facet normal 0.285831 0.914659 -0.285831
      outer loop
         vertex 0.0424787 -0.00098673 -0.0124787
         vertex 0.044432 -0.00152002 -0.010192
         vertex 0.0443845 -0.00166377 -0.0122247
      endloop
   endfacet
   facet normal 0.529999 0.847998 -8.67362e-16
      outer loop
         vertex 0.044432 -0.00152002 -0.010192
         vertex 0.0453 -0.00206249 -0.01106
         vertex 0.0443845 -0.00166377 -0.0122247
      endloop
   endfacet
   facet normal 0.415557 0.897839 -0.145593
      outer loop
         vertex 0.0443845 -0.00166377 -0.0122247
         vertex 0.0433466 -0.00152921 -0.0133466
         vertex 0.0424787 -0.00098673 -0.0124787
      endloop
   endfacet
   facet normal 0.145593 0.897839 -0.415557
      outer loop
         vertex 0.0422247 -0.00166377 -0.0143845
         vertex 0.04106 -0.00206249 -0.0153
         vertex 0.040192 -0.00152002 -0.014432
      endloop
   endfacet
   facet normal 0 0.623872 -0.781527
      outer loop
         vertex -0.0415512 -0.0043509 -0.0177562
         vertex -0.04106 -0.00206249 -0.0153
         vertex 0.04106 -0.00206249 -0.0153
      endloop
   endfacet
   facet normal 0 0.58859 -0.808432
      outer loop
         vertex -0.0416169 -0.00465657 -0.0180843
         vertex -0.0415512 -0.0043509 -0.0177562
         vertex 0.0415512 -0.0043509 -0.0177562
      endloop
   endfacet
   facet normal 0 0.623872 -0.781527
      outer loop
         vertex 0.0415512 -0.0043509 -0.0177562
         vertex 0.0416169 -0.00465657 -0.0180843
         vertex -0.0416169 -0.00465657 -0.0180843
      endloop
   endfacet
   facet normal -6.93889e-16 0.330244 -0.943896
      outer loop
         vertex 0.041875 -0.00726239 -0.0193751
         vertex -0.041875 -0.00726239 -0.0193751
         vertex -0.0416169 -0.00465657 -0.0180843
      endloop
   endfacet
   facet normal -6.93889e-16 0.286434 -0.9581
      outer loop
         vertex 0.0419162 -0.00767814 -0.019581
         vertex -0.0419162 -0.00767814 -0.019581
         vertex -0.041875 -0.00726239 -0.0193751
      endloop
   endfacet
   facet normal -6.93889e-16 0.286434 -0.9581
      outer loop
         vertex 0.0419162 -0.00767814 -0.019581
         vertex -0.042 -0.0105425 -0.02
         vertex -0.0419162 -0.00767814 -0.019581
      endloop
   endfacet
   facet normal -6.93889e-16 0.330244 -0.943896
      outer loop
         vertex -0.041875 -0.00726239 -0.0193751
         vertex 0.041875 -0.00726239 -0.0193751
         vertex 0.0419162 -0.00767814 -0.019581
      endloop
   endfacet
   facet normal -6.93889e-16 0.286434 -0.9581
      outer loop
         vertex 0.0419162 -0.00767814 -0.019581
         vertex 0.042 -0.0105425 -0.02
         vertex -0.042 -0.0105425 -0.02
      endloop
   endfacet
   facet normal 0 0.58859 -0.808432
      outer loop
         vertex 0.0416169 -0.00465657 -0.0180843
         vertex 0.041875 -0.00726239 -0.0193751
         vertex -0.0416169 -0.00465657 -0.0180843
      endloop
   endfacet
   facet normal -8.67362e-16 0.847998 -0.529999
      outer loop
         vertex 0.04106 -0.00206249 -0.0153
         vertex 0.0415512 -0.0043509 -0.0177562
         vertex -0.0415512 -0.0043509 -0.0177562
      endloop
   endfacet
   facet normal -1 0 2.1684e-16
      outer loop
         vertex -0.05 -0.013 -0.012
         vertex -0.05 -0.0105425 -0.012
         vertex -0.049391 -0.0105425 -0.0150615
      endloop
   endfacet
   facet normal -0.92388 0 -0.382683
      outer loop
         vertex -0.049391 -0.013 -0.0150615
         vertex -0.049391 -0.0105425 -0.0150615
         vertex -0.0476569 -0.0105425 -0.0176569
      endloop
   endfacet
   facet normal -0.707107 0 -0.707107
      outer loop
         vertex -0.0476569 -0.013 -0.0176569
         vertex -0.0476569 -0.0105425 -0.0176569
         vertex -0.0450615 -0.0105425 -0.019391
      endloop
   endfacet
   facet normal -0.382683 0 -0.92388
      outer loop
         vertex -0.0450615 -0.013 -0.019391
         vertex -0.0450615 -0.0105425 -0.019391
         vertex -0.042 -0.0105425 -0.02
      endloop
   endfacet
   facet normal 0 0 -1
      outer loop
         vertex -0.042 -0.0105425 -0.02
         vertex -0.042 -0.013 -0.02
         vertex -0.0450615 -0.013 -0.019391
      endloop
   endfacet
   facet normal -0.382683 0 -0.92388
      outer loop
         vertex -0.0450615 -0.0105425 -0.019391
         vertex -0.0450615 -0.013 -0.019391
         vertex -0.0476569 -0.013 -0.0176569
      endloop
   endfacet
   facet normal -0.707107 0 -0.707107
      outer loop
         vertex -0.0476569 -0.0105425 -0.0176569
         vertex -0.0476569 -0.013 -0.0176569
         vertex -0.049391 -0.013 -0.0150615
      endloop
   endfacet
   facet normal -0.92388 0 -0.382683
      outer loop
         vertex -0.049391 -0.0105425 -0.0150615
         vertex -0.049391 -0.013 -0.0150615
         vertex -0.05 -0.013 -0.012
      endloop
   endfacet
   facet normal -1 0 3.46945e-16
      outer loop
         vertex -0.05 -0.013 0.012
         vertex -0.05 -0.0105425 0.012
         vertex -0.05 -0.0105425 -0.012
      endloop
   endfacet
   facet normal -1 0 3.46945e-16
      outer loop
         vertex -0.05 -0.0105425 -0.012
         vertex -0.05 -0.013 -0.012
         vertex -0.05 -0.013 0.012
      endloop
   endfacet
   facet normal 0 0 -1
      outer loop
         vertex 0.042 -0.0105425 -0.02
         vertex 0.042 -0.013 -0.02
         vertex -0.042 -0.013 -0.02
      endloop
   endfacet
   facet normal 0 0 -1
      outer loop
         vertex -0.042 -0.013 -0.02
         vertex -0.042 -0.0105425 -0.02
         vertex 0.042 -0.0105425 -0.02
      endloop
   endfacet
   facet normal -1 0 3.46945e-16
      outer loop
         vertex -0.05 -0.0105425 0.012
         vertex -0.05 -0.013 0.012
         vertex -0.049391 -0.013 0.0150615
      endloop
   endfacet
   facet normal -0.92388 0 0.382683
      outer loop
         vertex -0.049391 -0.0105425 0.0150615
         vertex -0.049391 -0.013 0.0150615
         vertex -0.0476569 -0.013 0.0176569
      endloop
   endfacet
   facet normal -0.707107 0 0.707107
      outer loop
         vertex -0.0476569 -0.0105425 0.0176569
         vertex -0.0476569 -0.013 0.0176569
         vertex -0.0450615 -0.013 0.019391
      endloop
   endfacet
   facet normal -0.382683 0 0.92388
      outer loop
         vertex -0.0450615 -0.0105425 0.019391
         vertex -0.0450615 -0.013 0.019391
         vertex -0.042 -0.013 0.02
      endloop
   endfacet
   facet normal 0 0 1
      outer loop
         vertex -0.042 -0.013 0.02
         vertex -0.042 -0.0105425 0.02
         vertex -0.0450615 -0.0105425 0.019391
      endloop
   endfacet
   facet normal -0.382683 0 0.92388
      outer loop
         vertex -0.0450615 -0.013 0.019391
         vertex -0.0450615 -0.0105425 0.019391
         vertex -0.0476569 -0.0105425 0.0176569
      endloop
   endfacet
   facet normal -0.707107 0 0.707107
      outer loop
         vertex -0.0476569 -0.013 0.0176569
         vertex -0.0476569 -0.0105425 0.0176569
         vertex -0.049391 -0.0105425 0.0150615
      endloop
   endfacet
   facet normal -0.92388 0 0.382683
      outer loop
         vertex -0.049391 -0.013 0.0150615
         vertex -0.049391 -0.0105425 0.0150615
         vertex -0.05 -0.0105425 0.012
      endloop
   endfacet
   facet normal -0.382683 0 0.92388
      outer loop
         vertex -0.0450615 -0.0105425 0.019391
         vertex -0.042 -0.0105425 0.02
         vertex -0.0419162 -0.00767814 0.019581
      endloop
   endfacet
   facet normal -0.707107 6.72205e-15 0.707107
      outer loop
         vertex -0.0476569 -0.0105425 0.0176569
         vertex -0.0450615 -0.0105425 0.019391
         vertex -0.0447128 -0.00706753 0.0188268
      endloop
   endfacet
   facet normal -0.707107 6.72205e-15 0.707107
      outer loop
         vertex -0.0476569 -0.0105425 0.0176569
         vertex -0.0471265 -0.00685426 0.0171265
         vertex -0.0488268 -0.00706753 0.0147128
      endloop
   endfacet
   facet normal -0.92388 8.89046e-15 0.382683
      outer loop
         vertex -0.049391 -0.0105425 0.0150615
         vertex -0.0488268 -0.00706753 0.0147128
         vertex -0.049581 -0.00767814 0.0119162
      endloop
   endfacet
   facet normal -0.349575 0.36276 0.86383
      outer loop
         vertex -0.0447128 -0.00706753 0.0188268
         vertex -0.041875 -0.00726239 0.0193751
         vertex -0.0416169 -0.00465657 0.0180843
      endloop
   endfacet
   facet normal -0.349575 0.36276 0.86383
      outer loop
         vertex -0.0447128 -0.00706753 0.0188268
         vertex -0.0419162 -0.00767814 0.019581
         vertex -0.041875 -0.00726239 0.0193751
      endloop
   endfacet
   facet normal -0.651288 0.389418 0.651288
      outer loop
         vertex -0.0471265 -0.00685426 0.0171265
         vertex -0.0447128 -0.00706753 0.0188268
         vertex -0.0436823 -0.00389003 0.0170717
      endloop
   endfacet
   facet normal -0.86383 0.36276 0.349575
      outer loop
         vertex -0.0488268 -0.00706753 0.0147128
         vertex -0.0471265 -0.00685426 0.0171265
         vertex -0.045558 -0.00362645 0.015558
      endloop
   endfacet
   facet normal -0.86383 0.36276 0.349575
      outer loop
         vertex -0.0488268 -0.00706753 0.0147128
         vertex -0.0470717 -0.00389003 0.0136823
         vertex -0.0480843 -0.00465657 0.0116169
      endloop
   endfacet
   facet normal -0.808432 0.58859 0
      outer loop
         vertex -0.0480843 -0.00465657 0.0116169
         vertex -0.0493751 -0.00726239 0.011875
         vertex -0.0488268 -0.00706753 0.0147128
      endloop
   endfacet
   facet normal -0.258181 0.684408 0.681856
      outer loop
         vertex -0.0436823 -0.00389003 0.0170717
         vertex -0.0415512 -0.0043509 0.0177562
         vertex -0.04106 -0.00206249 0.0153
      endloop
   endfacet
   facet normal -0.258181 0.684408 0.681856
      outer loop
         vertex -0.0436823 -0.00389003 0.0170717
         vertex -0.0416169 -0.00465657 0.0180843
         vertex -0.0415512 -0.0043509 0.0177562
      endloop
   endfacet
   facet normal -0.492646 0.717356 0.492646
      outer loop
         vertex -0.045558 -0.00362645 0.015558
         vertex -0.0436823 -0.00389003 0.0170717
         vertex -0.0422247 -0.00166377 0.0143845
      endloop
   endfacet
   facet normal -0.492646 0.717356 0.492646
      outer loop
         vertex -0.045558 -0.00362645 0.015558
         vertex -0.0433466 -0.00152921 0.0133466
         vertex -0.0443845 -0.00166377 0.0122247
      endloop
   endfacet
   facet normal -0.681856 0.684408 0.258181
      outer loop
         vertex -0.0470717 -0.00389003 0.0136823
         vertex -0.0443845 -0.00166377 0.0122247
         vertex -0.0453 -0.00206249 0.01106
      endloop
   endfacet
   facet normal -0.529999 0.847998 0
      outer loop
         vertex -0.0453 -0.00206249 0.01106
         vertex -0.0477562 -0.0043509 0.0115512
         vertex -0.0470717 -0.00389003 0.0136823
      endloop
   endfacet
   facet normal -0.781635 0.623735 -0.00138176
      outer loop
         vertex -0.0477562 -0.0043509 0.0115512
         vertex -0.0480843 -0.00465657 0.0116169
         vertex -0.0470717 -0.00389003 0.0136823
      endloop
   endfacet
   facet normal -0.415557 0.897839 0.145593
      outer loop
         vertex -0.0443845 -0.00166377 0.0122247
         vertex -0.0470717 -0.00389003 0.0136823
         vertex -0.045558 -0.00362645 0.015558
      endloop
   endfacet
   facet normal -0.145593 0.897839 0.415557
      outer loop
         vertex -0.0422247 -0.00166377 0.0143845
         vertex -0.0433466 -0.00152921 0.0133466
         vertex -0.045558 -0.00362645 0.015558
      endloop
   endfacet
   facet normal 0 0.847998 0.529999
      outer loop
         vertex -0.04106 -0.00206249 0.0153
         vertex -0.0422247 -0.00166377 0.0143845
         vertex -0.0436823 -0.00389003 0.0170717
      endloop
   endfacet
   facet normal -0.943929 0.330145 -0.00157622
      outer loop
         vertex -0.0493751 -0.00726239 0.011875
         vertex -0.049581 -0.00767814 0.0119162
         vertex -0.0488268 -0.00706753 0.0147128
      endloop
   endfacet
   facet normal -0.492646 0.717356 0.492646
      outer loop
         vertex -0.045558 -0.00362645 0.015558
         vertex -0.0470717 -0.00389003 0.0136823
         vertex -0.0488268 -0.00706753 0.0147128
      endloop
   endfacet
   facet normal -0.258181 0.684408 0.681856
      outer loop
         vertex -0.0436823 -0.00389003 0.0170717
         vertex -0.045558 -0.00362645 0.015558
         vertex -0.0471265 -0.00685426 0.0171265
      endloop
   endfacet
   facet normal 0 0.58859 0.808432
      outer loop
         vertex -0.0416169 -0.00465657 0.0180843
         vertex -0.0436823 -0.00389003 0.0170717
         vertex -0.0447128 -0.00706753 0.0188268
      endloop
   endfacet
   facet normal -0.9581 0.286434 0
      outer loop
         vertex -0.049581 -0.00767814 0.0119162
         vertex -0.05 -0.0105425 0.012
         vertex -0.049391 -0.0105425 0.0150615
      endloop
   endfacet
   facet normal -0.86383 0.36276 0.349575
      outer loop
         vertex -0.0488268 -0.00706753 0.0147128
         vertex -0.049391 -0.0105425 0.0150615
         vertex -0.0476569 -0.0105425 0.0176569
      endloop
   endfacet
   facet normal -0.349575 0.36276 0.86383
      outer loop
         vertex -0.0447128 -0.00706753 0.0188268
         vertex -0.0471265 -0.00685426 0.0171265
         vertex -0.0476569 -0.0105425 0.0176569
      endloop
   endfacet
   facet normal 0 0.286434 0.9581
      outer loop
         vertex -0.0419162 -0.00767814 0.019581
         vertex -0.0447128 -0.00706753 0.0188268
         vertex -0.0450615 -0.0105425 0.019391
      endloop
   endfacet
   facet normal 4.51028e-16 0 1
      outer loop
         vertex 0.042 -0.013 0.02
         vertex 0.042 -0.0105425 0.02
         vertex -0.042 -0.0105425 0.02
      endloop
   endfacet
   facet normal 4.51028e-16 0 1
      outer loop
         vertex -0.042 -0.0105425 0.02
         vertex -0.042 -0.013 0.02
         vertex 0.042 -0.013 0.02
      endloop
   endfacet
   facet normal 2.39044e-16 0.847998 0.529999
      outer loop
         vertex -0.04106 -0.00206249 0.0153
         vertex 0.04106 -0.00206249 0.0153
         vertex 0.040192 -0.00152002 0.014432
      endloop
   endfacet
   facet normal 2.39044e-16 0.847998 0.529999
      outer loop
         vertex 0.040192 -0.00152002 0.014432
         vertex -0.040192 -0.00152002 0.014432
         vertex -0.04106 -0.00206249 0.0153
      endloop
   endfacet
   facet normal 0.27536 0.921061 0.27536
      outer loop
         vertex 0.0423613 -0.000914953 0.0123613
         vertex 0.039132 0 0.00913204
         vertex 0.0396642 -0.000734825 0.0117929
      endloop
   endfacet
   facet normal 0.27536 0.921061 0.27536
      outer loop
         vertex 0.0423613 -0.000914953 0.0123613
         vertex 0.0442639 -0.0014172 0.0101584
         vertex 0.0417929 -0.000734825 0.00966421
      endloop
   endfacet
   facet normal 0.285831 0.914659 0.285831
      outer loop
         vertex 0.0424787 -0.00098673 0.0124787
         vertex 0.0423613 -0.000914953 0.0123613
         vertex 0.0401584 -0.0014172 0.0142639
      endloop
   endfacet
   facet normal 0.285831 0.914659 0.285831
      outer loop
         vertex 0.0424787 -0.00098673 0.0124787
         vertex 0.044432 -0.00152002 0.010192
         vertex 0.0442639 -0.0014172 0.0101584
      endloop
   endfacet
   facet normal 0.513182 0.85828 0
      outer loop
         vertex 0.0442639 -0.0014172 0.0101584
         vertex 0.0423613 -0.000914953 0.0123613
         vertex 0.0424787 -0.00098673 0.0124787
      endloop
   endfacet
   facet normal 0 0.85828 0.513182
      outer loop
         vertex 0.0401584 -0.0014172 0.0142639
         vertex 0.040192 -0.00152002 0.014432
         vertex 0.0424787 -0.00098673 0.0124787
      endloop
   endfacet
   facet normal 0.276451 0.961026 -0.00218464
      outer loop
         vertex 0.0417929 -0.000734825 0.00966421
         vertex 0.039132 0 0.00913204
         vertex 0.0423613 -0.000914953 0.0123613
      endloop
   endfacet
   facet normal -0.00218464 0.961026 0.276451
      outer loop
         vertex 0.0396642 -0.000734825 0.0117929
         vertex 0.0401584 -0.0014172 0.0142639
         vertex 0.0423613 -0.000914953 0.0123613
      endloop
   endfacet
   facet normal 0.529999 0.847998 -1.8388e-16
      outer loop
         vertex 0.0453 -0.00206249 -0.01106
         vertex 0.044432 -0.00152002 -0.010192
         vertex 0.044432 -0.00152002 0.010192
      endloop
   endfacet
   facet normal 0.529999 0.847998 -1.8388e-16
      outer loop
         vertex 0.044432 -0.00152002 0.010192
         vertex 0.0453 -0.00206249 0.01106
         vertex 0.0453 -0.00206249 -0.01106
      endloop
   endfacet
   facet normal 0.382683 8.89046e-15 -0.92388
      outer loop
         vertex 0.0450615 -0.0105425 -0.019391
         vertex 0.042 -0.0105425 -0.02
         vertex 0.0419162 -0.00767814 -0.019581
      endloop
   endfacet
   facet normal 0.707107 6.72205e-15 -0.707107
      outer loop
         vertex 0.0476569 -0.0105425 -0.0176569
         vertex 0.0450615 -0.0105425 -0.019391
         vertex 0.0447128 -0.00706753 -0.0188268
      endloop
   endfacet
   facet normal 0.707107 6.72205e-15 -0.707107
      outer loop
         vertex 0.0476569 -0.0105425 -0.0176569
         vertex 0.0471265 -0.00685426 -0.0171265
         vertex 0.0488268 -0.00706753 -0.0147128
      endloop
   endfacet
   facet normal 0.92388 3.68629e-15 -0.382683
      outer loop
         vertex 0.049391 -0.0105425 -0.0150615
         vertex 0.0488268 -0.00706753 -0.0147128
         vertex 0.049581 -0.00767814 -0.0119162
      endloop
   endfacet
   facet normal 0.349575 0.36276 -0.86383
      outer loop
         vertex 0.0447128 -0.00706753 -0.0188268
         vertex 0.041875 -0.00726239 -0.0193751
         vertex 0.0416169 -0.00465657 -0.0180843
      endloop
   endfacet
   facet normal 0.349575 0.36276 -0.86383
      outer loop
         vertex 0.0447128 -0.00706753 -0.0188268
         vertex 0.0419162 -0.00767814 -0.019581
         vertex 0.041875 -0.00726239 -0.0193751
      endloop
   endfacet
   facet normal 0.651288 0.389418 -0.651288
      outer loop
         vertex 0.0471265 -0.00685426 -0.0171265
         vertex 0.0447128 -0.00706753 -0.0188268
         vertex 0.0436823 -0.00389003 -0.0170717
      endloop
   endfacet
   facet normal 0.86383 0.36276 -0.349575
      outer loop
         vertex 0.0488268 -0.00706753 -0.0147128
         vertex 0.0471265 -0.00685426 -0.0171265
         vertex 0.045558 -0.00362645 -0.015558
      endloop
   endfacet
   facet normal 0.86383 0.36276 -0.349575
      outer loop
         vertex 0.0488268 -0.00706753 -0.0147128
         vertex 0.0470717 -0.00389003 -0.0136823
         vertex 0.0480843 -0.00465657 -0.0116169
      endloop
   endfacet
   facet normal 0.808432 0.58859 2.1684e-16
      outer loop
         vertex 0.0480843 -0.00465657 -0.0116169
         vertex 0.0493751 -0.00726239 -0.011875
         vertex 0.0488268 -0.00706753 -0.0147128
      endloop
   endfacet
   facet normal 0.258181 0.684408 -0.681856
      outer loop
         vertex 0.0436823 -0.00389003 -0.0170717
         vertex 0.0415512 -0.0043509 -0.0177562
         vertex 0.04106 -0.00206249 -0.0153
      endloop
   endfacet
   facet normal 0.258181 0.684408 -0.681856
      outer loop
         vertex 0.0436823 -0.00389003 -0.0170717
         vertex 0.0416169 -0.00465657 -0.0180843
         vertex 0.0415512 -0.0043509 -0.0177562
      endloop
   endfacet
   facet normal 0.492646 0.717356 -0.492646
      outer loop
         vertex 0.045558 -0.00362645 -0.015558
         vertex 0.0436823 -0.00389003 -0.0170717
         vertex 0.0422247 -0.00166377 -0.0143845
      endloop
   endfacet
   facet normal 0.492646 0.717356 -0.492646
      outer loop
         vertex 0.045558 -0.00362645 -0.015558
         vertex 0.0433466 -0.00152921 -0.0133466
         vertex 0.0443845 -0.00166377 -0.0122247
      endloop
   endfacet
   facet normal 0.681856 0.684408 -0.258181
      outer loop
         vertex 0.0470717 -0.00389003 -0.0136823
         vertex 0.0443845 -0.00166377 -0.0122247
         vertex 0.0453 -0.00206249 -0.01106
      endloop
   endfacet
   facet normal 0.529999 0.847998 0
      outer loop
         vertex 0.0453 -0.00206249 -0.01106
         vertex 0.0477562 -0.0043509 -0.0115512
         vertex 0.0470717 -0.00389003 -0.0136823
      endloop
   endfacet
   facet normal 0.781635 0.623735 0.00138176
      outer loop
         vertex 0.0477562 -0.0043509 -0.0115512
         vertex 0.0480843 -0.00465657 -0.0116169
         vertex 0.0470717 -0.00389003 -0.0136823
      endloop
   endfacet
   facet normal 0.415557 0.897839 -0.145593
      outer loop
         vertex 0.0443845 -0.00166377 -0.0122247
         vertex 0.0470717 -0.00389003 -0.0136823
         vertex 0.045558 -0.00362645 -0.015558
      endloop
   endfacet
   facet normal 0.145593 0.897839 -0.415557
      outer loop
         vertex 0.0422247 -0.00166377 -0.0143845
         vertex 0.0433466 -0.00152921 -0.0133466
         vertex 0.045558 -0.00362645 -0.015558
      endloop
   endfacet
   facet normal 0 0.847998 -0.529999
      outer loop
         vertex 0.04106 -0.00206249 -0.0153
         vertex 0.0422247 -0.00166377 -0.0143845
         vertex 0.0436823 -0.00389003 -0.0170717
      endloop
   endfacet
   facet normal 0.943929 0.330145 0.00157622
      outer loop
         vertex 0.0493751 -0.00726239 -0.011875
         vertex 0.049581 -0.00767814 -0.0119162
         vertex 0.0488268 -0.00706753 -0.0147128
      endloop
   endfacet
   facet normal 0.492646 0.717356 -0.492646
      outer loop
         vertex 0.045558 -0.00362645 -0.015558
         vertex 0.0470717 -0.00389003 -0.0136823
         vertex 0.0488268 -0.00706753 -0.0147128
      endloop
   endfacet
   facet normal 0.258181 0.684408 -0.681856
      outer loop
         vertex 0.0436823 -0.00389003 -0.0170717
         vertex 0.045558 -0.00362645 -0.015558
         vertex 0.0471265 -0.00685426 -0.0171265
      endloop
   endfacet
   facet normal 0 0.58859 -0.808432
      outer loop
         vertex 0.0416169 -0.00465657 -0.0180843
         vertex 0.0436823 -0.00389003 -0.0170717
         vertex 0.0447128 -0.00706753 -0.0188268
      endloop
   endfacet
   facet normal 0.9581 0.286434 0
      outer loop
         vertex 0.049581 -0.00767814 -0.0119162
         vertex 0.05 -0.0105425 -0.012
         vertex 0.049391 -0.0105425 -0.0150615
      endloop
   endfacet
   facet normal 0.86383 0.36276 -0.349575
      outer loop
         vertex 0.0488268 -0.00706753 -0.0147128
         vertex 0.049391 -0.0105425 -0.0150615
         vertex 0.0476569 -0.0105425 -0.0176569
      endloop
   endfacet
   facet normal 0.349575 0.36276 -0.86383
      outer loop
         vertex 0.0447128 -0.00706753 -0.0188268
         vertex 0.0471265 -0.00685426 -0.0171265
         vertex 0.0476569 -0.0105425 -0.0176569
      endloop
   endfacet
   facet normal 0 0.286434 -0.9581
      outer loop
         vertex 0.0419162 -0.00767814 -0.019581
         vertex 0.0447128 -0.00706753 -0.0188268
         vertex 0.0450615 -0.0105425 -0.019391
      endloop
   endfacet
   facet normal 6.93889e-16 0.286434 0.9581
      outer loop
         vertex -0.0419162 -0.00767814 0.019581
         vertex 0.0419162 -0.00767814 0.019581
         vertex 0.041875 -0.00726239 0.0193751
      endloop
   endfacet
   facet normal 6.93889e-16 0.286434 0.9581
      outer loop
         vertex -0.0419162 -0.00767814 0.019581
         vertex 0.042 -0.0105425 0.02
         vertex 0.0419162 -0.00767814 0.019581
      endloop
   endfacet
   facet normal 6.93889e-16 0.330244 0.943896
      outer loop
         vertex 0.041875 -0.00726239 0.0193751
         vertex -0.041875 -0.00726239 0.0193751
         vertex -0.0419162 -0.00767814 0.019581
      endloop
   endfacet
   facet normal 6.93889e-16 0.58859 0.808432
      outer loop
         vertex 0.0416169 -0.00465657 0.0180843
         vertex 0.0415512 -0.0043509 0.0177562
         vertex -0.0415512 -0.0043509 0.0177562
      endloop
   endfacet
   facet normal 6.93889e-16 0.623872 0.781527
      outer loop
         vertex -0.0415512 -0.0043509 0.0177562
         vertex -0.0416169 -0.00465657 0.0180843
         vertex 0.0416169 -0.00465657 0.0180843
      endloop
   endfacet
   facet normal 6.93889e-16 0.330244 0.943896
      outer loop
         vertex -0.041875 -0.00726239 0.0193751
         vertex 0.041875 -0.00726239 0.0193751
         vertex 0.0416169 -0.00465657 0.0180843
      endloop
   endfacet
   facet normal 6.93889e-16 0.623872 0.781527
      outer loop
         vertex 0.0415512 -0.0043509 0.0177562
         vertex 0.04106 -0.00206249 0.0153
         vertex -0.04106 -0.00206249 0.0153
      endloop
   endfacet
   facet normal 0 0.847998 0.529999
      outer loop
         vertex -0.04106 -0.00206249 0.0153
         vertex -0.0415512 -0.0043509 0.0177562
         vertex 0.0415512 -0.0043509 0.0177562
      endloop
   endfacet
   facet normal 6.93889e-16 0.58859 0.808432
      outer loop
         vertex -0.0416169 -0.00465657 0.0180843
         vertex -0.041875 -0.00726239 0.0193751
         vertex 0.0416169 -0.00465657 0.0180843
      endloop
   endfacet
   facet normal 6.93889e-16 0.286434 0.9581
      outer loop
         vertex -0.0419162 -0.00767814 0.019581
         vertex -0.042 -0.0105425 0.02
         vertex 0.042 -0.0105425 0.02
      endloop
   endfacet
   facet normal 0.92388 0 0.382683
      outer loop
         vertex 0.049391 -0.0105425 0.0150615
         vertex 0.05 -0.0105425 0.012
         vertex 0.049581 -0.00767814 0.0119162
      endloop
   endfacet
   facet normal 0.707107 0 0.707107
      outer loop
         vertex 0.0476569 -0.0105425 0.0176569
         vertex 0.049391 -0.0105425 0.0150615
         vertex 0.0488268 -0.00706753 0.0147128
      endloop
   endfacet
   facet normal 0.707107 0 0.707107
      outer loop
         vertex 0.0476569 -0.0105425 0.0176569
         vertex 0.0471265 -0.00685426 0.0171265
         vertex 0.0447128 -0.00706753 0.0188268
      endloop
   endfacet
   facet normal 0.382683 0 0.92388
      outer loop
         vertex 0.0450615 -0.0105425 0.019391
         vertex 0.0447128 -0.00706753 0.0188268
         vertex 0.0419162 -0.00767814 0.019581
      endloop
   endfacet
   facet normal 0.86383 0.36276 0.349575
      outer loop
         vertex 0.0488268 -0.00706753 0.0147128
         vertex 0.0493751 -0.00726239 0.011875
         vertex 0.0480843 -0.00465657 0.0116169
      endloop
   endfacet
   facet normal 0.86383 0.36276 0.349575
      outer loop
         vertex 0.0488268 -0.00706753 0.0147128
         vertex 0.049581 -0.00767814 0.0119162
         vertex 0.0493751 -0.00726239 0.011875
      endloop
   endfacet
   facet normal 0.651288 0.389418 0.651288
      outer loop
         vertex 0.0471265 -0.00685426 0.0171265
         vertex 0.0488268 -0.00706753 0.0147128
         vertex 0.0470717 -0.00389003 0.0136823
      endloop
   endfacet
   facet normal 0.349575 0.36276 0.86383
      outer loop
         vertex 0.0447128 -0.00706753 0.0188268
         vertex 0.0471265 -0.00685426 0.0171265
         vertex 0.045558 -0.00362645 0.015558
      endloop
   endfacet
   facet normal 0.349575 0.36276 0.86383
      outer loop
         vertex 0.0447128 -0.00706753 0.0188268
         vertex 0.0436823 -0.00389003 0.0170717
         vertex 0.0416169 -0.00465657 0.0180843
      endloop
   endfacet
   facet normal 0 0.58859 0.808432
      outer loop
         vertex 0.0416169 -0.00465657 0.0180843
         vertex 0.041875 -0.00726239 0.0193751
         vertex 0.0447128 -0.00706753 0.0188268
      endloop
   endfacet
   facet normal 0.681856 0.684408 0.258181
      outer loop
         vertex 0.0470717 -0.00389003 0.0136823
         vertex 0.0477562 -0.0043509 0.0115512
         vertex 0.0453 -0.00206249 0.01106
      endloop
   endfacet
   facet normal 0.681856 0.684408 0.258181
      outer loop
         vertex 0.0470717 -0.00389003 0.0136823
         vertex 0.0480843 -0.00465657 0.0116169
         vertex 0.0477562 -0.0043509 0.0115512
      endloop
   endfacet
   facet normal 0.492646 0.717356 0.492646
      outer loop
         vertex 0.045558 -0.00362645 0.015558
         vertex 0.0470717 -0.00389003 0.0136823
         vertex 0.0443845 -0.00166377 0.0122247
      endloop
   endfacet
   facet normal 0.492646 0.717356 0.492646
      outer loop
         vertex 0.045558 -0.00362645 0.015558
         vertex 0.0433466 -0.00152921 0.0133466
         vertex 0.0422247 -0.00166377 0.0143845
      endloop
   endfacet
   facet normal 0.258181 0.684408 0.681856
      outer loop
         vertex 0.0436823 -0.00389003 0.0170717
         vertex 0.0422247 -0.00166377 0.0143845
         vertex 0.04106 -0.00206249 0.0153
      endloop
   endfacet
   facet normal 0 0.847998 0.529999
      outer loop
         vertex 0.04106 -0.00206249 0.0153
         vertex 0.0415512 -0.0043509 0.0177562
         vertex 0.0436823 -0.00389003 0.0170717
      endloop
   endfacet
   facet normal -0.00138176 0.623735 0.781635
      outer loop
         vertex 0.0415512 -0.0043509 0.0177562
         vertex 0.0416169 -0.00465657 0.0180843
         vertex 0.0436823 -0.00389003 0.0170717
      endloop
   endfacet
   facet normal 0.145593 0.897839 0.415557
      outer loop
         vertex 0.0422247 -0.00166377 0.0143845
         vertex 0.0436823 -0.00389003 0.0170717
         vertex 0.045558 -0.00362645 0.015558
      endloop
   endfacet
   facet normal 0.415557 0.897839 0.145593
      outer loop
         vertex 0.0443845 -0.00166377 0.0122247
         vertex 0.0433466 -0.00152921 0.0133466
         vertex 0.045558 -0.00362645 0.015558
      endloop
   endfacet
   facet normal 0.529999 0.847998 0
      outer loop
         vertex 0.0453 -0.00206249 0.01106
         vertex 0.0443845 -0.00166377 0.0122247
         vertex 0.0470717 -0.00389003 0.0136823
      endloop
   endfacet
   facet normal -0.00157622 0.330145 0.943929
      outer loop
         vertex 0.041875 -0.00726239 0.0193751
         vertex 0.0419162 -0.00767814 0.019581
         vertex 0.0447128 -0.00706753 0.0188268
      endloop
   endfacet
   facet normal 0.492646 0.717356 0.492646
      outer loop
         vertex 0.045558 -0.00362645 0.015558
         vertex 0.0436823 -0.00389003 0.0170717
         vertex 0.0447128 -0.00706753 0.0188268
      endloop
   endfacet
   facet normal 0.681856 0.684408 0.258181
      outer loop
         vertex 0.0470717 -0.00389003 0.0136823
         vertex 0.045558 -0.00362645 0.015558
         vertex 0.0471265 -0.00685426 0.0171265
      endloop
   endfacet
   facet normal 0.808432 0.58859 0
      outer loop
         vertex 0.0480843 -0.00465657 0.0116169
         vertex 0.0470717 -0.00389003 0.0136823
         vertex 0.0488268 -0.00706753 0.0147128
      endloop
   endfacet
   facet normal 0 0.286434 0.9581
      outer loop
         vertex 0.0419162 -0.00767814 0.019581
         vertex 0.042 -0.0105425 0.02
         vertex 0.0450615 -0.0105425 0.019391
      endloop
   endfacet
   facet normal 0.349575 0.36276 0.86383
      outer loop
         vertex 0.0447128 -0.00706753 0.0188268
         vertex 0.0450615 -0.0105425 0.019391
         vertex 0.0476569 -0.0105425 0.0176569
      endloop
   endfacet
   facet normal 0.86383 0.36276 0.349575
      outer loop
         vertex 0.0488268 -0.00706753 0.0147128
         vertex 0.0471265 -0.00685426 0.0171265
         vertex 0.0476569 -0.0105425 0.0176569
      endloop
   endfacet
   facet normal 0.9581 0.286434 0
      outer loop
         vertex 0.049581 -0.00767814 0.0119162
         vertex 0.0488268 -0.00706753 0.0147128
         vertex 0.049391 -0.0105425 0.0150615
      endloop
   endfacet
   facet normal 0.529999 0.847998 1.73472e-15
      outer loop
         vertex 0.044432 -0.00152002 0.010192
         vertex 0.0424787 -0.00098673 0.0124787
         vertex 0.0443845 -0.00166377 0.0122247
      endloop
   endfacet
   facet normal 0.285831 0.914659 0.285831
      outer loop
         vertex 0.0424787 -0.00098673 0.0124787
         vertex 0.0433466 -0.00152921 0.0133466
         vertex 0.0443845 -0.00166377 0.0122247
      endloop
   endfacet
   facet normal 0.285831 0.914659 0.285831
      outer loop
         vertex 0.0424787 -0.00098673 0.0124787
         vertex 0.040192 -0.00152002 0.014432
         vertex 0.0422247 -0.00166377 0.0143845
      endloop
   endfacet
   facet normal -1.73472e-15 0.847998 0.529999
      outer loop
         vertex 0.040192 -0.00152002 0.014432
         vertex 0.04106 -0.00206249 0.0153
         vertex 0.0422247 -0.00166377 0.0143845
      endloop
   endfacet
   facet normal 0.145593 0.897839 0.415557
      outer loop
         vertex 0.0422247 -0.00166377 0.0143845
         vertex 0.0433466 -0.00152921 0.0133466
         vertex 0.0424787 -0.00098673 0.0124787
      endloop
   endfacet
   facet normal 0.415557 0.897839 0.145593
      outer loop
         vertex 0.0443845 -0.00166377 0.0122247
         vertex 0.0453 -0.00206249 0.01106
         vertex 0.044432 -0.00152002 0.010192
      endloop
   endfacet
   facet normal 0.781527 0.623872 -3.46945e-16
      outer loop
         vertex 0.0477562 -0.0043509 -0.0115512
         vertex 0.0453 -0.00206249 -0.01106
         vertex 0.0453 -0.00206249 0.01106
      endloop
   endfacet
   facet normal 0.808432 0.58859 -3.46945e-16
      outer loop
         vertex 0.0480843 -0.00465657 -0.0116169
         vertex 0.0477562 -0.0043509 -0.0115512
         vertex 0.0477562 -0.0043509 0.0115512
      endloop
   endfacet
   facet normal 0.781527 0.623872 -3.46945e-16
      outer loop
         vertex 0.0477562 -0.0043509 0.0115512
         vertex 0.0480843 -0.00465657 0.0116169
         vertex 0.0480843 -0.00465657 -0.0116169
      endloop
   endfacet
   facet normal 0.943896 0.330244 -3.46945e-16
      outer loop
         vertex 0.0493751 -0.00726239 0.011875
         vertex 0.0493751 -0.00726239 -0.011875
         vertex 0.0480843 -0.00465657 -0.0116169
      endloop
   endfacet
   facet normal 0.9581 0.286434 -3.46945e-16
      outer loop
         vertex 0.049581 -0.00767814 0.0119162
         vertex 0.049581 -0.00767814 -0.0119162
         vertex 0.0493751 -0.00726239 -0.011875
      endloop
   endfacet
   facet normal 0.9581 0.286434 -3.46945e-16
      outer loop
         vertex 0.049581 -0.00767814 0.0119162
         vertex 0.05 -0.0105425 -0.012
         vertex 0.049581 -0.00767814 -0.0119162
      endloop
   endfacet
   facet normal 0.943896 0.330244 -3.46945e-16
      outer loop
         vertex 0.0493751 -0.00726239 -0.011875
         vertex 0.0493751 -0.00726239 0.011875
         vertex 0.049581 -0.00767814 0.0119162
      endloop
   endfacet
   facet normal 0.9581 0.286434 -3.46945e-16
      outer loop
         vertex 0.049581 -0.00767814 0.0119162
         vertex 0.05 -0.0105425 0.012
         vertex 0.05 -0.0105425 -0.012
      endloop
   endfacet
   facet normal 0.808432 0.58859 -3.46945e-16
      outer loop
         vertex 0.0480843 -0.00465657 0.0116169
         vertex 0.0493751 -0.00726239 0.011875
         vertex 0.0480843 -0.00465657 -0.0116169
      endloop
   endfacet
   facet normal 0.529999 0.847998 1.95156e-15
      outer loop
         vertex 0.0453 -0.00206249 0.01106
         vertex 0.0477562 -0.0043509 0.0115512
         vertex 0.0477562 -0.0043509 -0.0115512
      endloop
   endfacet
   facet normal 1 -2.95823e-32 -3.46945e-16
      outer loop
         vertex 0.05 -0.0105425 0.012
         vertex 0.05 -0.013 0.012
         vertex 0.05 -0.013 -0.012
      endloop
   endfacet
   facet normal 1 -2.95823e-32 -3.46945e-16
      outer loop
         vertex 0.05 -0.013 -0.012
         vertex 0.05 -0.0105425 -0.012
         vertex 0.05 -0.0105425 0.012
      endloop
   endfacet
   facet normal 1 -2.95823e-32 -3.46945e-16
      outer loop
         vertex 0.05 -0.0105425 -0.012
         vertex 0.05 -0.013 -0.012
         vertex 0.049391 -0.013 -0.0150615
      endloop
   endfacet
   facet normal 0.92388 0 -0.382683
      outer loop
         vertex 0.049391 -0.0105425 -0.0150615
         vertex 0.049391 -0.013 -0.0150615
         vertex 0.0476569 -0.013 -0.0176569
      endloop
   endfacet
   facet normal 0.707107 0 -0.707107
      outer loop
         vertex 0.0476569 -0.0105425 -0.0176569
         vertex 0.0476569 -0.013 -0.0176569
         vertex 0.0450615 -0.013 -0.019391
      endloop
   endfacet
   facet normal 0.382683 0 -0.92388
      outer loop
         vertex 0.0450615 -0.0105425 -0.019391
         vertex 0.0450615 -0.013 -0.019391
         vertex 0.042 -0.013 -0.02
      endloop
   endfacet
   facet normal 0 0 -1
      outer loop
         vertex 0.042 -0.013 -0.02
         vertex 0.042 -0.0105425 -0.02
         vertex 0.0450615 -0.0105425 -0.019391
      endloop
   endfacet
   facet normal 0.382683 0 -0.92388
      outer loop
         vertex 0.0450615 -0.013 -0.019391
         vertex 0.0450615 -0.0105425 -0.019391
         vertex 0.0476569 -0.0105425 -0.0176569
      endloop
   endfacet
   facet normal 0.707107 0 -0.707107
      outer loop
         vertex 0.0476569 -0.013 -0.0176569
         vertex 0.0476569 -0.0105425 -0.0176569
         vertex 0.049391 -0.0105425 -0.0150615
      endloop
   endfacet
   facet normal 0.92388 0 -0.382683
      outer loop
         vertex 0.049391 -0.013 -0.0150615
         vertex 0.049391 -0.0105425 -0.0150615
         vertex 0.05 -0.0105425 -0.012
      endloop
   endfacet
   facet normal 1 0 0
      outer loop
         vertex 0.05 -0.013 0.012
         vertex 0.05 -0.0105425 0.012
         vertex 0.049391 -0.0105425 0.0150615
      endloop
   endfacet
   facet normal 0.92388 0 0.382683
      outer loop
         vertex 0.049391 -0.013 0.0150615
         vertex 0.049391 -0.0105425 0.0150615
         vertex 0.0476569 -0.0105425 0.0176569
      endloop
   endfacet
   facet normal 0.707107 0 0.707107
      outer loop
         vertex 0.0476569 -0.013 0.0176569
         vertex 0.0476569 -0.0105425 0.0176569
         vertex 0.0450615 -0.0105425 0.019391
      endloop
   endfacet
   facet normal 0.382683 0 0.92388
      outer loop
         vertex 0.0450615 -0.013 0.019391
         vertex 0.0450615 -0.0105425 0.019391
         vertex 0.042 -0.0105425 0.02
      endloop
   endfacet
   facet normal 0 0 1
      outer loop
         vertex 0.042 -0.0105425 0.02
         vertex 0.042 -0.013 0.02
         vertex 0.0450615 -0.013 0.019391
      endloop
   endfacet
   facet normal 0.382683 0 0.92388
      outer loop
         vertex 0.0450615 -0.0105425 0.019391
         vertex 0.0450615 -0.013 0.019391
         vertex 0.0476569 -0.013 0.0176569
      endloop
   endfacet
   facet normal 0.707107 0 0.707107
      outer loop
         vertex 0.0476569 -0.0105425 0.0176569
         vertex 0.0476569 -0.013 0.0176569
         vertex 0.049391 -0.013 0.0150615
      endloop
   endfacet
   facet normal 0.92388 0 0.382683
      outer loop
         vertex 0.049391 -0.0105425 0.0150615
         vertex 0.049391 -0.013 0.0150615
         vertex 0.05 -0.013 0.012
      endloop
   endfacet
   facet normal 0 -1 0
      outer loop
         vertex 0.05 -0.013 -0.012
         vertex 0.0475 -0.013 -0.0095
         vertex 0.046891 -0.013 -0.0125615
      endloop
   endfacet
   facet normal 0 -1 0
      outer loop
         vertex 0.05 -0.013 -0.012
         vertex 0.05 -0.013 0.012
         vertex 0.0475 -0.013 0.0095
      endloop
   endfacet
   facet normal 0 -1 0
      outer loop
         vertex 0.0451569 -0.013 -0.0151569
         vertex 0.0425615 -0.013 -0.016891
         vertex 0.0450615 -0.013 -0.019391
      endloop
   endfacet
   facet normal 0 -1 0
      outer loop
         vertex 0.049391 -0.013 -0.0150615
         vertex 0.046891 -0.013 -0.0125615
         vertex 0.0451569 -0.013 -0.0151569
      endloop
   endfacet
   facet normal 0 -1 0
      outer loop
         vertex 0.0475 -0.013 0.0095
         vertex 0.0475 -0.013 -0.0095
         vertex 0.05 -0.013 -0.012
      endloop
   endfacet
   facet normal 0 -1 0
      outer loop
         vertex 0.046891 -0.013 0.0125615
         vertex 0.0475 -0.013 0.0095
         vertex 0.05 -0.013 0.012
      endloop
   endfacet
   facet normal 0 -1 0
      outer loop
         vertex 0.0451569 -0.013 -0.0151569
         vertex 0.0476569 -0.013 -0.0176569
         vertex 0.049391 -0.013 -0.0150615
      endloop
   endfacet
   facet normal 0 -1 0
      outer loop
         vertex 0.05 -0.013 0.012
         vertex 0.049391 -0.013 0.0150615
         vertex 0.046891 -0.013 0.0125615
      endloop
   endfacet
   facet normal 0 -1 0
      outer loop
         vertex 0.046891 -0.013 -0.0125615
         vertex 0.049391 -0.013 -0.0150615
         vertex 0.05 -0.013 -0.012
      endloop
   endfacet
   facet normal 0 -1 0
      outer loop
         vertex 0.049391 -0.013 0.0150615
         vertex 0.0476569 -0.013 0.0176569
         vertex 0.0451569 -0.013 0.0151569
      endloop
   endfacet
   facet normal 0 -1 0
      outer loop
         vertex 0.042 -0.013 0.02
         vertex 0.0395 -0.013 0.0175
         vertex 0.0425615 -0.013 0.016891
      endloop
   endfacet
   facet normal 0 -1 0
      outer loop
         vertex 0.042 -0.013 0.02
         vertex -0.042 -0.013 0.02
         vertex -0.0395 -0.013 0.0175
      endloop
   endfacet
   facet normal 0 -1 0
      outer loop
         vertex -0.046891 -0.013 0.0125615
         vertex -0.049391 -0.013 0.0150615
         vertex -0.05 -0.013 0.012
      endloop
   endfacet
   facet normal 0 -1 0
      outer loop
         vertex -0.05 -0.013 0.012
         vertex -0.05 -0.013 -0.012
         vertex -0.0475 -0.013 -0.0095
      endloop
   endfacet
   facet normal 0 -1 0
      outer loop
         vertex 0.0451569 -0.013 0.0151569
         vertex 0.046891 -0.013 0.0125615
         vertex 0.049391 -0.013 0.0150615
      endloop
   endfacet
   facet normal 0 -1 0
      outer loop
         vertex 0.0451569 -0.013 0.0151569
         vertex 0.0476569 -0.013 0.0176569
         vertex 0.0450615 -0.013 0.019391
      endloop
   endfacet
   facet normal 0 -1 0
      outer loop
         vertex -0.0395 -0.013 0.0175
         vertex 0.0395 -0.013 0.0175
         vertex 0.042 -0.013 0.02
      endloop
   endfacet
   facet normal 0 -1 0
      outer loop
         vertex -0.042 -0.013 0.02
         vertex -0.0450615 -0.013 0.019391
         vertex -0.0425615 -0.013 0.016891
      endloop
   endfacet
   facet normal 0 -1 0
      outer loop
         vertex -0.0475 -0.013 -0.0095
         vertex -0.0475 -0.013 0.0095
         vertex -0.05 -0.013 0.012
      endloop
   endfacet
   facet normal 0 -1 0
      outer loop
         vertex -0.046891 -0.013 -0.0125615
         vertex -0.0475 -0.013 -0.0095
         vertex -0.05 -0.013 -0.012
      endloop
   endfacet
   facet normal 0 -1 0
      outer loop
         vertex 0.042 -0.013 -0.02
         vertex 0.0450615 -0.013 -0.019391
         vertex 0.0425615 -0.013 -0.016891
      endloop
   endfacet
   facet normal 0 -1 0
      outer loop
         vertex 0.0450615 -0.013 0.019391
         vertex 0.0425615 -0.013 0.016891
         vertex 0.0451569 -0.013 0.0151569
      endloop
   endfacet
   facet normal 0 -1 0
      outer loop
         vertex -0.0425615 -0.013 0.016891
         vertex -0.0395 -0.013 0.0175
         vertex -0.042 -0.013 0.02
      endloop
   endfacet
   facet normal 0 -1 0
      outer loop
         vertex -0.0450615 -0.013 0.019391
         vertex -0.0476569 -0.013 0.0176569
         vertex -0.0451569 -0.013 0.0151569
      endloop
   endfacet
   facet normal 0 -1 0
      outer loop
         vertex -0.0451569 -0.013 0.0151569
         vertex -0.0476569 -0.013 0.0176569
         vertex -0.049391 -0.013 0.0150615
      endloop
   endfacet
   facet normal 0 -1 0
      outer loop
         vertex -0.05 -0.013 -0.012
         vertex -0.049391 -0.013 -0.0150615
         vertex -0.046891 -0.013 -0.0125615
      endloop
   endfacet
   facet normal 0 -1 0
      outer loop
         vertex 0.0450615 -0.013 -0.019391
         vertex 0.0476569 -0.013 -0.0176569
         vertex 0.0451569 -0.013 -0.0151569
      endloop
   endfacet
   facet normal 0 -1 0
      outer loop
         vertex -0.0451569 -0.013 0.0151569
         vertex -0.0425615 -0.013 0.016891
         vertex -0.0450615 -0.013 0.019391
      endloop
   endfacet
   facet normal 0 -1 0
      outer loop
         vertex -0.05 -0.013 0.012
         vertex -0.0475 -0.013 0.0095
         vertex -0.046891 -0.013 0.0125615
      endloop
   endfacet
   facet normal 0 -1 0
      outer loop
         vertex -0.0451569 -0.013 -0.0151569
         vertex -0.046891 -0.013 -0.0125615
         vertex -0.049391 -0.013 -0.0150615
      endloop
   endfacet
   facet normal 0 -1 0
      outer loop
         vertex -0.042 -0.013 -0.02
         vertex -0.0395 -0.013 -0.0175
         vertex -0.0425615 -0.013 -0.016891
      endloop
   endfacet
   facet normal 0 -1 0
      outer loop
         vertex -0.042 -0.013 -0.02
         vertex 0.042 -0.013 -0.02
         vertex 0.0395 -0.013 -0.0175
      endloop
   endfacet
   facet normal 0 -1 0
      outer loop
         vertex 0.0425615 -0.013 0.016891
         vertex 0.0450615 -0.013 0.019391
         vertex 0.042 -0.013 0.02
      endloop
   endfacet
   facet normal 0 -1 0
      outer loop
         vertex -0.049391 -0.013 -0.0150615
         vertex -0.0476569 -0.013 -0.0176569
         vertex -0.0451569 -0.013 -0.0151569
      endloop
   endfacet
   facet normal 0 -1 0
      outer loop
         vertex -0.0450615 -0.013 -0.019391
         vertex -0.0425615 -0.013 -0.016891
         vertex -0.0451569 -0.013 -0.0151569
      endloop
   endfacet
   facet normal 0 -1 0
      outer loop
         vertex 0.0395 -0.013 -0.0175
         vertex -0.0395 -0.013 -0.0175
         vertex -0.042 -0.013 -0.02
      endloop
   endfacet
   facet normal 0 -1 0
      outer loop
         vertex -0.049391 -0.013 0.0150615
         vertex -0.046891 -0.013 0.0125615
         vertex -0.0451569 -0.013 0.0151569
      endloop
   endfacet
   facet normal 0 -1 0
      outer loop
         vertex -0.0425615 -0.013 -0.016891
         vertex -0.0450615 -0.013 -0.019391
         vertex -0.042 -0.013 -0.02
      endloop
   endfacet
   facet normal 0 -1 0
      outer loop
         vertex -0.0451569 -0.013 -0.0151569
         vertex -0.0476569 -0.013 -0.0176569
         vertex -0.0450615 -0.013 -0.019391
      endloop
   endfacet
   facet normal 0 -1 0
      outer loop
         vertex 0.0425615 -0.013 -0.016891
         vertex 0.0395 -0.013 -0.0175
         vertex 0.042 -0.013 -0.02
      endloop
   endfacet
   facet normal -1 0 0
      outer loop
         vertex 0.0475 -0.013 -0.0095
         vertex 0.0475 -0.0105425 -0.0095
         vertex 0.0470741 -0.0105572 -0.0120755
      endloop
   endfacet
   facet normal -0.94676 0 0.321939
      outer loop
         vertex 0.0470741 -0.0105572 -0.0120755
         vertex 0.046891 -0.013 -0.0125615
         vertex 0.0475 -0.013 -0.0095
      endloop
   endfacet
   facet normal -0.92388 0 0.382683
      outer loop
         vertex 0.046891 -0.013 -0.0125615
         vertex 0.046821 -0.010566 -0.0125217
         vertex 0.0455971 -0.0106084 -0.0146793
      endloop
   endfacet
   facet normal -0.76214 0 0.647412
      outer loop
         vertex 0.0455971 -0.0106084 -0.0146793
         vertex 0.0451569 -0.013 -0.0151569
         vertex 0.046891 -0.013 -0.0125615
      endloop
   endfacet
   facet normal -0.707107 0 0.707107
      outer loop
         vertex 0.0451569 -0.013 -0.0151569
         vertex 0.0450906 -0.0106259 -0.0150712
         vertex 0.0429817 -0.010699 -0.0167026
      endloop
   endfacet
   facet normal -0.43521 0 0.900329
      outer loop
         vertex 0.0429817 -0.010699 -0.0167026
         vertex 0.0425615 -0.013 -0.016891
         vertex 0.0451569 -0.013 -0.0151569
      endloop
   endfacet
   facet normal -0.382683 0 0.92388
      outer loop
         vertex 0.0425615 -0.013 -0.016891
         vertex 0.0425414 -0.0107142 -0.0168035
         vertex 0.0395 -0.0108196 -0.0175
      endloop
   endfacet
   facet normal 0 0 1
      outer loop
         vertex 0.0395 -0.0108196 -0.0175
         vertex 0.0395 -0.013 -0.0175
         vertex 0.0425615 -0.013 -0.016891
      endloop
   endfacet
   facet normal -0.43521 0 0.900329
      outer loop
         vertex 0.0429817 -0.010699 -0.0167026
         vertex 0.0425414 -0.0107142 -0.0168035
         vertex 0.0425615 -0.013 -0.016891
      endloop
   endfacet
   facet normal -0.76214 0 0.647412
      outer loop
         vertex 0.0455971 -0.0106084 -0.0146793
         vertex 0.0450906 -0.0106259 -0.0150712
         vertex 0.0451569 -0.013 -0.0151569
      endloop
   endfacet
   facet normal -0.94676 0 0.321939
      outer loop
         vertex 0.0470741 -0.0105572 -0.0120755
         vertex 0.046821 -0.010566 -0.0125217
         vertex 0.046891 -0.013 -0.0125615
      endloop
   endfacet
   facet normal 0 0 1
      outer loop
         vertex -0.0395 -0.013 -0.0175
         vertex -0.0395 -0.0105425 -0.0175
         vertex -0.0422747 -0.0105597 -0.0170034
      endloop
   endfacet
   facet normal 0.346838 0 0.937925
      outer loop
         vertex -0.0422747 -0.0105597 -0.0170034
         vertex -0.0425615 -0.013 -0.016891
         vertex -0.0395 -0.013 -0.0175
      endloop
   endfacet
   facet normal 0.382683 0 0.92388
      outer loop
         vertex -0.0425615 -0.013 -0.016891
         vertex -0.0425345 -0.0105651 -0.0168464
         vertex -0.0448536 -0.0106137 -0.0154447
      endloop
   endfacet
   facet normal 0.669197 0 0.743085
      outer loop
         vertex -0.0448536 -0.0106137 -0.0154447
         vertex -0.0451569 -0.013 -0.0151569
         vertex -0.0425615 -0.013 -0.016891
      endloop
   endfacet
   facet normal 0.707107 0 0.707107
      outer loop
         vertex -0.0451569 -0.013 -0.0151569
         vertex -0.0450951 -0.0106252 -0.015112
         vertex -0.0468103 -0.010707 -0.0127495
      endloop
   endfacet
   facet normal 0.913792 0 0.406182
      outer loop
         vertex -0.0468103 -0.010707 -0.0127495
         vertex -0.046891 -0.013 -0.0125615
         vertex -0.0451569 -0.013 -0.0151569
      endloop
   endfacet
   facet normal 0.92388 0 0.382683
      outer loop
         vertex -0.046891 -0.013 -0.0125615
         vertex -0.046852 -0.0107138 -0.0125532
         vertex -0.0475 -0.0108196 -0.0095
      endloop
   endfacet
   facet normal 1 0 2.1684e-16
      outer loop
         vertex -0.0475 -0.0108196 -0.0095
         vertex -0.0475 -0.013 -0.0095
         vertex -0.046891 -0.013 -0.0125615
      endloop
   endfacet
   facet normal 0.913792 0 0.406182
      outer loop
         vertex -0.0468103 -0.010707 -0.0127495
         vertex -0.046852 -0.0107138 -0.0125532
         vertex -0.046891 -0.013 -0.0125615
      endloop
   endfacet
   facet normal 0.669197 0 0.743085
      outer loop
         vertex -0.0448536 -0.0106137 -0.0154447
         vertex -0.0450951 -0.0106252 -0.015112
         vertex -0.0451569 -0.013 -0.0151569
      endloop
   endfacet
   facet normal 0.346838 0 0.937925
      outer loop
         vertex -0.0422747 -0.0105597 -0.0170034
         vertex -0.0425345 -0.0105651 -0.0168464
         vertex -0.0425615 -0.013 -0.016891
      endloop
   endfacet
   facet normal 1 0 2.1684e-16
      outer loop
         vertex -0.0475 -0.013 0.0095
         vertex -0.0475 -0.0105425 0.0095
         vertex -0.0470741 -0.0105572 0.0120755
      endloop
   endfacet
   facet normal 0.94676 0 -0.321939
      outer loop
         vertex -0.0470741 -0.0105572 0.0120755
         vertex -0.046891 -0.013 0.0125615
         vertex -0.0475 -0.013 0.0095
      endloop
   endfacet
   facet normal 0.92388 0 -0.382683
      outer loop
         vertex -0.046891 -0.013 0.0125615
         vertex -0.046821 -0.010566 0.0125217
         vertex -0.0455971 -0.0106084 0.0146793
      endloop
   endfacet
   facet normal 0.76214 0 -0.647412
      outer loop
         vertex -0.0455971 -0.0106084 0.0146793
         vertex -0.0451569 -0.013 0.0151569
         vertex -0.046891 -0.013 0.0125615
      endloop
   endfacet
   facet normal 0.707107 0 -0.707107
      outer loop
         vertex -0.0451569 -0.013 0.0151569
         vertex -0.0450906 -0.0106259 0.0150712
         vertex -0.0429817 -0.010699 0.0167026
      endloop
   endfacet
   facet normal 0.43521 0 -0.900329
      outer loop
         vertex -0.0429817 -0.010699 0.0167026
         vertex -0.0425615 -0.013 0.016891
         vertex -0.0451569 -0.013 0.0151569
      endloop
   endfacet
   facet normal 0.382683 0 -0.92388
      outer loop
         vertex -0.0425615 -0.013 0.016891
         vertex -0.0425414 -0.0107142 0.0168035
         vertex -0.0395 -0.0108196 0.0175
      endloop
   endfacet
   facet normal 0 0 -1
      outer loop
         vertex -0.0395 -0.0108196 0.0175
         vertex -0.0395 -0.013 0.0175
         vertex -0.0425615 -0.013 0.016891
      endloop
   endfacet
   facet normal 0.43521 0 -0.900329
      outer loop
         vertex -0.0429817 -0.010699 0.0167026
         vertex -0.0425414 -0.0107142 0.0168035
         vertex -0.0425615 -0.013 0.016891
      endloop
   endfacet
   facet normal 0.76214 0 -0.647412
      outer loop
         vertex -0.0455971 -0.0106084 0.0146793
         vertex -0.0450906 -0.0106259 0.0150712
         vertex -0.0451569 -0.013 0.0151569
      endloop
   endfacet
   facet normal 0.94676 0 -0.321939
      outer loop
         vertex -0.0470741 -0.0105572 0.0120755
         vertex -0.046821 -0.010566 0.0125217
         vertex -0.046891 -0.013 0.0125615
      endloop
   endfacet
   facet normal 0 0 -1
      outer loop
         vertex 0.0395 -0.013 0.0175
         vertex 0.0395 -0.0105425 0.0175
         vertex 0.0422747 -0.0105597 0.0170034
      endloop
   endfacet
   facet normal -0.346838 0 -0.937925
      outer loop
         vertex 0.0422747 -0.0105597 0.0170034
         vertex 0.0425615 -0.013 0.016891
         vertex 0.0395 -0.013 0.0175
      endloop
   endfacet
   facet normal -0.382683 0 -0.92388
      outer loop
         vertex 0.0425615 -0.013 0.016891
         vertex 0.0425345 -0.0105651 0.0168464
         vertex 0.0448536 -0.0106137 0.0154447
      endloop
   endfacet
   facet normal -0.669197 0 -0.743085
      outer loop
         vertex 0.0448536 -0.0106137 0.0154447
         vertex 0.0451569 -0.013 0.0151569
         vertex 0.0425615 -0.013 0.016891
      endloop
   endfacet
   facet normal -0.707107 0 -0.707107
      outer loop
         vertex 0.0451569 -0.013 0.0151569
         vertex 0.0450951 -0.0106252 0.015112
         vertex 0.0468103 -0.010707 0.0127495
      endloop
   endfacet
   facet normal -0.913792 0 -0.406182
      outer loop
         vertex 0.0468103 -0.010707 0.0127495
         vertex 0.046891 -0.013 0.0125615
         vertex 0.0451569 -0.013 0.0151569
      endloop
   endfacet
   facet normal -0.92388 0 -0.382683
      outer loop
         vertex 0.046891 -0.013 0.0125615
         vertex 0.046852 -0.0107138 0.0125532
         vertex 0.0475 -0.0108196 0.0095
      endloop
   endfacet
   facet normal -1 0 0
      outer loop
         vertex 0.0475 -0.0108196 0.0095
         vertex 0.0475 -0.013 0.0095
         vertex 0.046891 -0.013 0.0125615
      endloop
   endfacet
   facet normal -0.913792 0 -0.406182
      outer loop
         vertex 0.0468103 -0.010707 0.0127495
         vertex 0.046852 -0.0107138 0.0125532
         vertex 0.046891 -0.013 0.0125615
      endloop
   endfacet
   facet normal -0.669197 0 -0.743085
      outer loop
         vertex 0.0448536 -0.0106137 0.0154447
         vertex 0.0450951 -0.0106252 0.015112
         vertex 0.0451569 -0.013 0.0151569
      endloop
   endfacet
   facet normal -0.346838 0 -0.937925
      outer loop
         vertex 0.0422747 -0.0105597 0.0170034
         vertex 0.0425345 -0.0105651 0.0168464
         vertex 0.0425615 -0.013 0.016891
      endloop
   endfacet
   facet normal -1 0 0
      outer loop
         vertex 0.0475 -0.013 -0.0095
         vertex 0.0475 -0.013 0.0095
         vertex 0.0475 -0.0105425 0.0090566
      endloop
   endfacet
   facet normal -1 0 0
      outer loop
         vertex 0.0475 -0.013 0.0095
         vertex 0.0475 -0.0108196 0.0095
         vertex 0.0475 -0.0105425 0.0090566
      endloop
   endfacet
   facet normal -1 0 0
      outer loop
         vertex 0.0475 -0.0105425 0.0090566
         vertex 0.0475 -0.0105425 -0.0095
         vertex 0.0475 -0.013 -0.0095
      endloop
   endfacet
   facet normal -0.374068 -0.126381 0.91875
      outer loop
         vertex 0.0425231 -0.00975114 -0.0168408
         vertex 0.0395 -0.0108196 -0.0175
         vertex 0.0425414 -0.0107142 -0.0168035
      endloop
   endfacet
   facet normal -0.305426 -0.250227 0.91875
      outer loop
         vertex 0.0420083 -0.00882229 -0.0168408
         vertex 0.0414476 -0.00793106 -0.0167026
         vertex 0.0412013 -0.00829633 -0.0168035
      endloop
   endfacet
   facet normal -0.683433 -0.234951 0.691171
      outer loop
         vertex 0.0450068 -0.00884626 -0.0150075
         vertex 0.0425231 -0.00975114 -0.0168408
         vertex 0.0429817 -0.010699 -0.0167026
      endloop
   endfacet
   facet normal -0.43521 0 0.900329
      outer loop
         vertex 0.0429817 -0.010699 -0.0167026
         vertex 0.0450906 -0.0106259 -0.0150712
         vertex 0.0450068 -0.00884626 -0.0150075
      endloop
   endfacet
   facet normal -0.374068 -0.126381 0.91875
      outer loop
         vertex 0.0425231 -0.00975114 -0.0168408
         vertex 0.0450068 -0.00884626 -0.0150075
         vertex 0.044092 -0.00719569 -0.0150075
      endloop
   endfacet
   facet normal -0.561457 -0.455026 0.691171
      outer loop
         vertex 0.044092 -0.00719569 -0.0150075
         vertex 0.0426272 -0.00618145 -0.0150712
         vertex 0.0414476 -0.00793106 -0.0167026
      endloop
   endfacet
   facet normal -0.561457 -0.455026 0.691171
      outer loop
         vertex 0.044092 -0.00719569 -0.0150075
         vertex 0.0429106 -0.00576119 -0.0146793
         vertex 0.0426272 -0.00618145 -0.0150712
      endloop
   endfacet
   facet normal -0.881651 -0.307696 0.35779
      outer loop
         vertex 0.0465858 -0.00824951 -0.0123444
         vertex 0.0450068 -0.00884626 -0.0150075
         vertex 0.0455971 -0.0106084 -0.0146793
      endloop
   endfacet
   facet normal -0.76214 0 0.647412
      outer loop
         vertex 0.0455971 -0.0106084 -0.0146793
         vertex 0.046821 -0.010566 -0.0125217
         vertex 0.0465858 -0.00824951 -0.0123444
      endloop
   endfacet
   facet normal -0.683433 -0.234951 0.691171
      outer loop
         vertex 0.0450068 -0.00884626 -0.0150075
         vertex 0.0465858 -0.00824951 -0.0123444
         vertex 0.0454349 -0.00617303 -0.0123444
      endloop
   endfacet
   facet normal -0.7282 -0.58456 0.35779
      outer loop
         vertex 0.0454349 -0.00617303 -0.0123444
         vertex 0.0435952 -0.00474584 -0.0125217
         vertex 0.0429106 -0.00576119 -0.0146793
      endloop
   endfacet
   facet normal -0.7282 -0.58456 0.35779
      outer loop
         vertex 0.0454349 -0.00617303 -0.0123444
         vertex 0.0437367 -0.00453585 -0.0120755
         vertex 0.0435952 -0.00474584 -0.0125217
      endloop
   endfacet
   facet normal -0.943619 -0.331034 -9.02056e-15
      outer loop
         vertex 0.0470771 -0.00805972 -0.0095
         vertex 0.0465858 -0.00824951 -0.0123444
         vertex 0.0470741 -0.0105572 -0.0120755
      endloop
   endfacet
   facet normal -0.943619 -0.331034 -9.02056e-15
      outer loop
         vertex 0.0470771 -0.00805972 -0.0095
         vertex 0.0458562 -0.00585693 -0.0095
         vertex 0.0454349 -0.00617303 -0.0123444
      endloop
   endfacet
   facet normal -0.780833 -0.62474 -1.68846e-14
      outer loop
         vertex 0.0458562 -0.00585693 -0.0095
         vertex 0.043975 -0.00418249 -0.0095
         vertex 0.0437367 -0.00453585 -0.0120755
      endloop
   endfacet
   facet normal -0.501782 -0.802851 0.321939
      outer loop
         vertex 0.0437367 -0.00453585 -0.0120755
         vertex 0.0454349 -0.00617303 -0.0123444
         vertex 0.0458562 -0.00585693 -0.0095
      endloop
   endfacet
   facet normal -0.7282 -0.58456 0.35779
      outer loop
         vertex 0.0454349 -0.00617303 -0.0123444
         vertex 0.0465858 -0.00824951 -0.0123444
         vertex 0.0470771 -0.00805972 -0.0095
      endloop
   endfacet
   facet normal -0.94676 0 0.321939
      outer loop
         vertex 0.0470741 -0.0105572 -0.0120755
         vertex 0.0475 -0.0105425 -0.0095
         vertex 0.0470771 -0.00805972 -0.0095
      endloop
   endfacet
   facet normal -0.403934 -0.646294 0.647412
      outer loop
         vertex 0.0429106 -0.00576119 -0.0146793
         vertex 0.044092 -0.00719569 -0.0150075
         vertex 0.0454349 -0.00617303 -0.0123444
      endloop
   endfacet
   facet normal -0.7282 -0.58456 0.35779
      outer loop
         vertex 0.0454349 -0.00617303 -0.0123444
         vertex 0.044092 -0.00719569 -0.0150075
         vertex 0.0450068 -0.00884626 -0.0150075
      endloop
   endfacet
   facet normal -0.924359 0.000343957 0.381524
      outer loop
         vertex 0.046821 -0.010566 -0.0125217
         vertex 0.0470741 -0.0105572 -0.0120755
         vertex 0.0465858 -0.00824951 -0.0123444
      endloop
   endfacet
   facet normal -0.230661 -0.369057 0.900329
      outer loop
         vertex 0.0414476 -0.00793106 -0.0167026
         vertex 0.0420083 -0.00882229 -0.0168408
         vertex 0.044092 -0.00719569 -0.0150075
      endloop
   endfacet
   facet normal -0.561457 -0.455026 0.691171
      outer loop
         vertex 0.044092 -0.00719569 -0.0150075
         vertex 0.0420083 -0.00882229 -0.0168408
         vertex 0.0425231 -0.00975114 -0.0168408
      endloop
   endfacet
   facet normal -0.70834 0.000353207 0.705871
      outer loop
         vertex 0.0450906 -0.0106259 -0.0150712
         vertex 0.0455971 -0.0106084 -0.0146793
         vertex 0.0450068 -0.00884626 -0.0150075
      endloop
   endfacet
   facet normal -0.203618 -0.326085 0.923151
      outer loop
         vertex 0.0412013 -0.00829633 -0.0168035
         vertex 0.0395 -0.0108196 -0.0175
         vertex 0.0420083 -0.00882229 -0.0168408
      endloop
   endfacet
   facet normal 7.40149e-15 6.93889e-15 1
      outer loop
         vertex 0.0395 -0.0108196 -0.0175
         vertex 0.0425231 -0.00975114 -0.0168408
         vertex 0.0420083 -0.00882229 -0.0168408
      endloop
   endfacet
   facet normal -0.384437 0.000156553 0.923151
      outer loop
         vertex 0.0425414 -0.0107142 -0.0168035
         vertex 0.0429817 -0.010699 -0.0167026
         vertex 0.0425231 -0.00975114 -0.0168408
      endloop
   endfacet
   facet normal 7.40149e-15 6.93889e-15 1
      outer loop
         vertex -0.0395 -0.013 -0.0175
         vertex 0.0395 -0.013 -0.0175
         vertex 0.0390566 -0.0105425 -0.0175
      endloop
   endfacet
   facet normal 7.40149e-15 6.93889e-15 1
      outer loop
         vertex 0.0395 -0.013 -0.0175
         vertex 0.0395 -0.0108196 -0.0175
         vertex 0.0390566 -0.0105425 -0.0175
      endloop
   endfacet
   facet normal 7.40149e-15 6.93889e-15 1
      outer loop
         vertex 0.0390566 -0.0105425 -0.0175
         vertex -0.0395 -0.0105425 -0.0175
         vertex -0.0395 -0.013 -0.0175
      endloop
   endfacet
   facet normal -2.77556e-15 -0.62474 0.780833
      outer loop
         vertex -0.0395 -0.00585693 -0.0158562
         vertex -0.0395 -0.00418249 -0.013975
         vertex -0.0422747 -0.00459449 -0.0136972
      endloop
   endfacet
   facet normal -2.77556e-15 -0.62474 0.780833
      outer loop
         vertex -0.0395 -0.00585693 -0.0158562
         vertex -0.042558 -0.00622444 -0.0153666
         vertex -0.042558 -0.00828013 -0.016506
      endloop
   endfacet
   facet normal -1.85037e-15 -0.331034 0.943619
      outer loop
         vertex -0.0395 -0.00805972 -0.0170771
         vertex -0.042558 -0.00828013 -0.016506
         vertex -0.0422747 -0.0105597 -0.0170034
      endloop
   endfacet
   facet normal 0.384608 -0.578032 0.719691
      outer loop
         vertex -0.042558 -0.00622444 -0.0153666
         vertex -0.0425345 -0.00472475 -0.0136094
         vertex -0.0448536 -0.00588766 -0.0128253
      endloop
   endfacet
   facet normal 0.384608 -0.578032 0.719691
      outer loop
         vertex -0.042558 -0.00622444 -0.0153666
         vertex -0.0422747 -0.00459449 -0.0136972
         vertex -0.0425345 -0.00472475 -0.0136094
      endloop
   endfacet
   facet normal 0.384608 -0.578032 0.719691
      outer loop
         vertex -0.042558 -0.00622444 -0.0153666
         vertex -0.0451742 -0.00729594 -0.0139619
         vertex -0.0451742 -0.00890346 -0.0148529
      endloop
   endfacet
   facet normal 0.384608 -0.30394 0.871606
      outer loop
         vertex -0.042558 -0.00828013 -0.016506
         vertex -0.0451742 -0.00890346 -0.0148529
         vertex -0.0448536 -0.0106137 -0.0154447
      endloop
   endfacet
   facet normal 0.669197 0 0.743085
      outer loop
         vertex -0.0448536 -0.0106137 -0.0154447
         vertex -0.0425345 -0.0105651 -0.0168464
         vertex -0.042558 -0.00828013 -0.016506
      endloop
   endfacet
   facet normal 0.711951 -0.442364 0.54538
      outer loop
         vertex -0.0451742 -0.00729594 -0.0139619
         vertex -0.0450951 -0.00616366 -0.0126392
         vertex -0.0468103 -0.00812373 -0.0113177
      endloop
   endfacet
   facet normal 0.711951 -0.442364 0.54538
      outer loop
         vertex -0.0451742 -0.00729594 -0.0139619
         vertex -0.0448536 -0.00588766 -0.0128253
         vertex -0.0450951 -0.00616366 -0.0126392
      endloop
   endfacet
   facet normal 0.711951 -0.442364 0.54538
      outer loop
         vertex -0.0451742 -0.00729594 -0.0139619
         vertex -0.0469319 -0.0089594 -0.0118349
         vertex -0.0469319 -0.00982553 -0.0123149
      endloop
   endfacet
   facet normal 0.711951 -0.228029 0.664175
      outer loop
         vertex -0.0451742 -0.00890346 -0.0148529
         vertex -0.0469319 -0.00982553 -0.0123149
         vertex -0.0468103 -0.010707 -0.0127495
      endloop
   endfacet
   facet normal 0.913792 0 0.406182
      outer loop
         vertex -0.0468103 -0.010707 -0.0127495
         vertex -0.0450951 -0.0106252 -0.015112
         vertex -0.0451742 -0.00890346 -0.0148529
      endloop
   endfacet
   facet normal 0.930006 -0.233019 0.284238
      outer loop
         vertex -0.0469319 -0.0089594 -0.0118349
         vertex -0.0468103 -0.00812373 -0.0113177
         vertex -0.046852 -0.00828656 -0.0112079
      endloop
   endfacet
   facet normal 0.930006 -0.117534 0.348246
      outer loop
         vertex -0.0469319 -0.00982553 -0.0123149
         vertex -0.0475 -0.0108196 -0.0095
         vertex -0.046852 -0.0107138 -0.0125532
      endloop
   endfacet
   facet normal 0.923528 6.87398e-05 0.38353
      outer loop
         vertex -0.046852 -0.0107138 -0.0125532
         vertex -0.0468103 -0.010707 -0.0127495
         vertex -0.0469319 -0.00982553 -0.0123149
      endloop
   endfacet
   facet normal 0.930006 -0.117534 0.348246
      outer loop
         vertex -0.0469319 -0.00982553 -0.0123149
         vertex -0.0469319 -0.0089594 -0.0118349
         vertex -0.0475 -0.0108196 -0.0095
      endloop
   endfacet
   facet normal 0.923528 -0.32527 0.203212
      outer loop
         vertex -0.046852 -0.00828656 -0.0112079
         vertex -0.0475 -0.0108196 -0.0095
         vertex -0.0469319 -0.0089594 -0.0118349
      endloop
   endfacet
   facet normal 0.706034 0.000246639 0.708178
      outer loop
         vertex -0.0450951 -0.0106252 -0.015112
         vertex -0.0448536 -0.0106137 -0.0154447
         vertex -0.0451742 -0.00890346 -0.0148529
      endloop
   endfacet
   facet normal 0.930006 -0.117534 0.348246
      outer loop
         vertex -0.0469319 -0.00982553 -0.0123149
         vertex -0.0451742 -0.00890346 -0.0148529
         vertex -0.0451742 -0.00729594 -0.0139619
      endloop
   endfacet
   facet normal 0.913792 -0.344441 0.215276
      outer loop
         vertex -0.0468103 -0.00812373 -0.0113177
         vertex -0.0469319 -0.0089594 -0.0118349
         vertex -0.0451742 -0.00729594 -0.0139619
      endloop
   endfacet
   facet normal 0.381769 0.000221068 0.924258
      outer loop
         vertex -0.0425345 -0.0105651 -0.0168464
         vertex -0.0422747 -0.0105597 -0.0170034
         vertex -0.042558 -0.00828013 -0.016506
      endloop
   endfacet
   facet normal 0.711951 -0.228029 0.664175
      outer loop
         vertex -0.0451742 -0.00890346 -0.0148529
         vertex -0.042558 -0.00828013 -0.016506
         vertex -0.042558 -0.00622444 -0.0153666
      endloop
   endfacet
   facet normal 0.669197 -0.630135 0.393834
      outer loop
         vertex -0.0448536 -0.00588766 -0.0128253
         vertex -0.0451742 -0.00729594 -0.0139619
         vertex -0.042558 -0.00622444 -0.0153666
      endloop
   endfacet
   facet normal 0.346838 0 0.937925
      outer loop
         vertex -0.0422747 -0.0105597 -0.0170034
         vertex -0.0395 -0.0105425 -0.0175
         vertex -0.0395 -0.00805972 -0.0170771
      endloop
   endfacet
   facet normal 0.384608 -0.30394 0.871606
      outer loop
         vertex -0.042558 -0.00828013 -0.016506
         vertex -0.0395 -0.00805972 -0.0170771
         vertex -0.0395 -0.00585693 -0.0158562
      endloop
   endfacet
   facet normal 0.346838 -0.795359 0.497099
      outer loop
         vertex -0.0422747 -0.00459449 -0.0136972
         vertex -0.042558 -0.00622444 -0.0153666
         vertex -0.0395 -0.00585693 -0.0158562
      endloop
   endfacet
   facet normal 1 0 -3.46945e-16
      outer loop
         vertex -0.0475 -0.013 0.0095
         vertex -0.0475 -0.013 -0.0095
         vertex -0.0475 -0.0105425 -0.0090566
      endloop
   endfacet
   facet normal 1 0 -3.46945e-16
      outer loop
         vertex -0.0475 -0.013 -0.0095
         vertex -0.0475 -0.0108196 -0.0095
         vertex -0.0475 -0.0105425 -0.0090566
      endloop
   endfacet
   facet normal 1 0 -3.46945e-16
      outer loop
         vertex -0.0475 -0.0105425 -0.0090566
         vertex -0.0475 -0.0105425 0.0095
         vertex -0.0475 -0.013 0.0095
      endloop
   endfacet
   facet normal 0.374068 -0.126381 -0.91875
      outer loop
         vertex -0.0425231 -0.00975114 0.0168408
         vertex -0.0395 -0.0108196 0.0175
         vertex -0.0425414 -0.0107142 0.0168035
      endloop
   endfacet
   facet normal 0.305426 -0.250227 -0.91875
      outer loop
         vertex -0.0420083 -0.00882229 0.0168408
         vertex -0.0414476 -0.00793106 0.0167026
         vertex -0.0412013 -0.00829633 0.0168035
      endloop
   endfacet
   facet normal 0.683433 -0.234951 -0.691171
      outer loop
         vertex -0.0450068 -0.00884626 0.0150075
         vertex -0.0425231 -0.00975114 0.0168408
         vertex -0.0429817 -0.010699 0.0167026
      endloop
   endfacet
   facet normal 0.43521 0 -0.900329
      outer loop
         vertex -0.0429817 -0.010699 0.0167026
         vertex -0.0450906 -0.0106259 0.0150712
         vertex -0.0450068 -0.00884626 0.0150075
      endloop
   endfacet
   facet normal 0.374068 -0.126381 -0.91875
      outer loop
         vertex -0.0425231 -0.00975114 0.0168408
         vertex -0.0450068 -0.00884626 0.0150075
         vertex -0.044092 -0.00719569 0.0150075
      endloop
   endfacet
   facet normal 0.561457 -0.455026 -0.691171
      outer loop
         vertex -0.044092 -0.00719569 0.0150075
         vertex -0.0426272 -0.00618145 0.0150712
         vertex -0.0414476 -0.00793106 0.0167026
      endloop
   endfacet
   facet normal 0.561457 -0.455026 -0.691171
      outer loop
         vertex -0.044092 -0.00719569 0.0150075
         vertex -0.0429106 -0.00576119 0.0146793
         vertex -0.0426272 -0.00618145 0.0150712
      endloop
   endfacet
   facet normal 0.881651 -0.307696 -0.35779
      outer loop
         vertex -0.0465858 -0.00824951 0.0123444
         vertex -0.0450068 -0.00884626 0.0150075
         vertex -0.0455971 -0.0106084 0.0146793
      endloop
   endfacet
   facet normal 0.76214 0 -0.647412
      outer loop
         vertex -0.0455971 -0.0106084 0.0146793
         vertex -0.046821 -0.010566 0.0125217
         vertex -0.0465858 -0.00824951 0.0123444
      endloop
   endfacet
   facet normal 0.683433 -0.234951 -0.691171
      outer loop
         vertex -0.0450068 -0.00884626 0.0150075
         vertex -0.0465858 -0.00824951 0.0123444
         vertex -0.0454349 -0.00617303 0.0123444
      endloop
   endfacet
   facet normal 0.7282 -0.58456 -0.35779
      outer loop
         vertex -0.0454349 -0.00617303 0.0123444
         vertex -0.0435952 -0.00474584 0.0125217
         vertex -0.0429106 -0.00576119 0.0146793
      endloop
   endfacet
   facet normal 0.7282 -0.58456 -0.35779
      outer loop
         vertex -0.0454349 -0.00617303 0.0123444
         vertex -0.0437367 -0.00453585 0.0120755
         vertex -0.0435952 -0.00474584 0.0125217
      endloop
   endfacet
   facet normal 0.943619 -0.331034 9.71445e-15
      outer loop
         vertex -0.0470771 -0.00805972 0.0095
         vertex -0.0465858 -0.00824951 0.0123444
         vertex -0.0470741 -0.0105572 0.0120755
      endloop
   endfacet
   facet normal 0.943619 -0.331034 9.71445e-15
      outer loop
         vertex -0.0470771 -0.00805972 0.0095
         vertex -0.0458562 -0.00585693 0.0095
         vertex -0.0454349 -0.00617303 0.0123444
      endloop
   endfacet
   facet normal 0.780833 -0.62474 1.82724e-14
      outer loop
         vertex -0.0458562 -0.00585693 0.0095
         vertex -0.043975 -0.00418249 0.0095
         vertex -0.0437367 -0.00453585 0.0120755
      endloop
   endfacet
   facet normal 0.501782 -0.802851 -0.321939
      outer loop
         vertex -0.0437367 -0.00453585 0.0120755
         vertex -0.0454349 -0.00617303 0.0123444
         vertex -0.0458562 -0.00585693 0.0095
      endloop
   endfacet
   facet normal 0.7282 -0.58456 -0.35779
      outer loop
         vertex -0.0454349 -0.00617303 0.0123444
         vertex -0.0465858 -0.00824951 0.0123444
         vertex -0.0470771 -0.00805972 0.0095
      endloop
   endfacet
   facet normal 0.94676 0 -0.321939
      outer loop
         vertex -0.0470741 -0.0105572 0.0120755
         vertex -0.0475 -0.0105425 0.0095
         vertex -0.0470771 -0.00805972 0.0095
      endloop
   endfacet
   facet normal 0.403934 -0.646294 -0.647412
      outer loop
         vertex -0.0429106 -0.00576119 0.0146793
         vertex -0.044092 -0.00719569 0.0150075
         vertex -0.0454349 -0.00617303 0.0123444
      endloop
   endfacet
   facet normal 0.7282 -0.58456 -0.35779
      outer loop
         vertex -0.0454349 -0.00617303 0.0123444
         vertex -0.044092 -0.00719569 0.0150075
         vertex -0.0450068 -0.00884626 0.0150075
      endloop
   endfacet
   facet normal 0.924359 0.000343957 -0.381524
      outer loop
         vertex -0.046821 -0.010566 0.0125217
         vertex -0.0470741 -0.0105572 0.0120755
         vertex -0.0465858 -0.00824951 0.0123444
      endloop
   endfacet
   facet normal 0.230661 -0.369057 -0.900329
      outer loop
         vertex -0.0414476 -0.00793106 0.0167026
         vertex -0.0420083 -0.00882229 0.0168408
         vertex -0.044092 -0.00719569 0.0150075
      endloop
   endfacet
   facet normal 0.561457 -0.455026 -0.691171
      outer loop
         vertex -0.044092 -0.00719569 0.0150075
         vertex -0.0420083 -0.00882229 0.0168408
         vertex -0.0425231 -0.00975114 0.0168408
      endloop
   endfacet
   facet normal 0.70834 0.000353207 -0.705871
      outer loop
         vertex -0.0450906 -0.0106259 0.0150712
         vertex -0.0455971 -0.0106084 0.0146793
         vertex -0.0450068 -0.00884626 0.0150075
      endloop
   endfacet
   facet normal 0.203618 -0.326085 -0.923151
      outer loop
         vertex -0.0412013 -0.00829633 0.0168035
         vertex -0.0395 -0.0108196 0.0175
         vertex -0.0420083 -0.00882229 0.0168408
      endloop
   endfacet
   facet normal -7.40149e-15 6.93889e-15 -1
      outer loop
         vertex -0.0395 -0.0108196 0.0175
         vertex -0.0425231 -0.00975114 0.0168408
         vertex -0.0420083 -0.00882229 0.0168408
      endloop
   endfacet
   facet normal 0.384437 0.000156553 -0.923151
      outer loop
         vertex -0.0425414 -0.0107142 0.0168035
         vertex -0.0429817 -0.010699 0.0167026
         vertex -0.0425231 -0.00975114 0.0168408
      endloop
   endfacet
   facet normal -7.40149e-15 6.93889e-15 -1
      outer loop
         vertex 0.0395 -0.013 0.0175
         vertex -0.0395 -0.013 0.0175
         vertex -0.0390566 -0.0105425 0.0175
      endloop
   endfacet
   facet normal -7.40149e-15 6.93889e-15 -1
      outer loop
         vertex -0.0395 -0.013 0.0175
         vertex -0.0395 -0.0108196 0.0175
         vertex -0.0390566 -0.0105425 0.0175
      endloop
   endfacet
   facet normal -7.40149e-15 6.93889e-15 -1
      outer loop
         vertex -0.0390566 -0.0105425 0.0175
         vertex 0.0395 -0.0105425 0.0175
         vertex 0.0395 -0.013 0.0175
      endloop
   endfacet
   facet normal 2.77556e-15 -0.62474 -0.780833
      outer loop
         vertex 0.0395 -0.00585693 0.0158562
         vertex 0.0395 -0.00418249 0.013975
         vertex 0.0422747 -0.00459449 0.0136972
      endloop
   endfacet
   facet normal 1.85037e-15 -0.331034 -0.943619
      outer loop
         vertex 0.0395 -0.00805972 0.0170771
         vertex 0.0395 -0.00585693 0.0158562
         vertex 0.042558 -0.00622444 0.0153666
      endloop
   endfacet
   facet normal 1.85037e-15 -0.331034 -0.943619
      outer loop
         vertex 0.0395 -0.00805972 0.0170771
         vertex 0.042558 -0.00828013 0.016506
         vertex 0.0422747 -0.0105597 0.0170034
      endloop
   endfacet
   facet normal -0.384608 -0.578032 -0.719691
      outer loop
         vertex 0.042558 -0.00622444 0.0153666
         vertex 0.0425345 -0.00472475 0.0136094
         vertex 0.0448536 -0.00588766 0.0128253
      endloop
   endfacet
   facet normal -0.384608 -0.578032 -0.719691
      outer loop
         vertex 0.042558 -0.00622444 0.0153666
         vertex 0.0422747 -0.00459449 0.0136972
         vertex 0.0425345 -0.00472475 0.0136094
      endloop
   endfacet
   facet normal -0.384608 -0.578032 -0.719691
      outer loop
         vertex 0.042558 -0.00622444 0.0153666
         vertex 0.0451742 -0.00729594 0.0139619
         vertex 0.0451742 -0.00890346 0.0148529
      endloop
   endfacet
   facet normal -0.384608 -0.30394 -0.871606
      outer loop
         vertex 0.042558 -0.00828013 0.016506
         vertex 0.0451742 -0.00890346 0.0148529
         vertex 0.0448536 -0.0106137 0.0154447
      endloop
   endfacet
   facet normal -0.669197 0 -0.743085
      outer loop
         vertex 0.0448536 -0.0106137 0.0154447
         vertex 0.0425345 -0.0105651 0.0168464
         vertex 0.042558 -0.00828013 0.016506
      endloop
   endfacet
   facet normal -0.711951 -0.442364 -0.54538
      outer loop
         vertex 0.0451742 -0.00729594 0.0139619
         vertex 0.0450951 -0.00616366 0.0126392
         vertex 0.0468103 -0.00812373 0.0113177
      endloop
   endfacet
   facet normal -0.711951 -0.442364 -0.54538
      outer loop
         vertex 0.0451742 -0.00729594 0.0139619
         vertex 0.0448536 -0.00588766 0.0128253
         vertex 0.0450951 -0.00616366 0.0126392
      endloop
   endfacet
   facet normal -0.711951 -0.442364 -0.54538
      outer loop
         vertex 0.0451742 -0.00729594 0.0139619
         vertex 0.0469319 -0.0089594 0.0118349
         vertex 0.0469319 -0.00982553 0.0123149
      endloop
   endfacet
   facet normal -0.711951 -0.228029 -0.664175
      outer loop
         vertex 0.0451742 -0.00890346 0.0148529
         vertex 0.0469319 -0.00982553 0.0123149
         vertex 0.0468103 -0.010707 0.0127495
      endloop
   endfacet
   facet normal -0.913792 0 -0.406182
      outer loop
         vertex 0.0468103 -0.010707 0.0127495
         vertex 0.0450951 -0.0106252 0.015112
         vertex 0.0451742 -0.00890346 0.0148529
      endloop
   endfacet
   facet normal -0.930006 -0.233019 -0.284238
      outer loop
         vertex 0.0469319 -0.0089594 0.0118349
         vertex 0.0468103 -0.00812373 0.0113177
         vertex 0.046852 -0.00828656 0.0112079
      endloop
   endfacet
   facet normal -0.930006 -0.117534 -0.348246
      outer loop
         vertex 0.0469319 -0.00982553 0.0123149
         vertex 0.0475 -0.0108196 0.0095
         vertex 0.046852 -0.0107138 0.0125532
      endloop
   endfacet
   facet normal -0.923528 6.87398e-05 -0.38353
      outer loop
         vertex 0.046852 -0.0107138 0.0125532
         vertex 0.0468103 -0.010707 0.0127495
         vertex 0.0469319 -0.00982553 0.0123149
      endloop
   endfacet
   facet normal -0.930006 -0.117534 -0.348246
      outer loop
         vertex 0.0469319 -0.00982553 0.0123149
         vertex 0.0469319 -0.0089594 0.0118349
         vertex 0.0475 -0.0108196 0.0095
      endloop
   endfacet
   facet normal -0.923528 -0.32527 -0.203212
      outer loop
         vertex 0.046852 -0.00828656 0.0112079
         vertex 0.0475 -0.0108196 0.0095
         vertex 0.0469319 -0.0089594 0.0118349
      endloop
   endfacet
   facet normal -0.706034 0.000246639 -0.708178
      outer loop
         vertex 0.0450951 -0.0106252 0.015112
         vertex 0.0448536 -0.0106137 0.0154447
         vertex 0.0451742 -0.00890346 0.0148529
      endloop
   endfacet
   facet normal -0.930006 -0.117534 -0.348246
      outer loop
         vertex 0.0469319 -0.00982553 0.0123149
         vertex 0.0451742 -0.00890346 0.0148529
         vertex 0.0451742 -0.00729594 0.0139619
      endloop
   endfacet
   facet normal -0.913792 -0.344441 -0.215276
      outer loop
         vertex 0.0468103 -0.00812373 0.0113177
         vertex 0.0469319 -0.0089594 0.0118349
         vertex 0.0451742 -0.00729594 0.0139619
      endloop
   endfacet
   facet normal -0.381769 0.000221068 -0.924258
      outer loop
         vertex 0.0425345 -0.0105651 0.0168464
         vertex 0.0422747 -0.0105597 0.0170034
         vertex 0.042558 -0.00828013 0.016506
      endloop
   endfacet
   facet normal -0.711951 -0.228029 -0.664175
      outer loop
         vertex 0.0451742 -0.00890346 0.0148529
         vertex 0.042558 -0.00828013 0.016506
         vertex 0.042558 -0.00622444 0.0153666
      endloop
   endfacet
   facet normal -0.669197 -0.630135 -0.393834
      outer loop
         vertex 0.0448536 -0.00588766 0.0128253
         vertex 0.0451742 -0.00729594 0.0139619
         vertex 0.042558 -0.00622444 0.0153666
      endloop
   endfacet
   facet normal -0.346838 0 -0.937925
      outer loop
         vertex 0.0422747 -0.0105597 0.0170034
         vertex 0.0395 -0.0105425 0.0175
         vertex 0.0395 -0.00805972 0.0170771
      endloop
   endfacet
   facet normal -0.384608 -0.578032 -0.719691
      outer loop
         vertex 0.042558 -0.00622444 0.0153666
         vertex 0.042558 -0.00828013 0.016506
         vertex 0.0395 -0.00805972 0.0170771
      endloop
   endfacet
   facet normal -0.346838 -0.795359 -0.497099
      outer loop
         vertex 0.0422747 -0.00459449 0.0136972
         vertex 0.042558 -0.00622444 0.0153666
         vertex 0.0395 -0.00585693 0.0158562
      endloop
   endfacet
   facet normal -3.52178e-16 -0.62474 -0.780833
      outer loop
         vertex -0.0390566 -0.00585693 0.0158562
         vertex -0.0390566 -0.00418249 0.013975
         vertex 0.0395 -0.00418249 0.013975
      endloop
   endfacet
   facet normal -4.25599e-16 -0.331034 -0.943619
      outer loop
         vertex -0.0390566 -0.00805972 0.0170771
         vertex -0.0390566 -0.00585693 0.0158562
         vertex 0.0395 -0.00585693 0.0158562
      endloop
   endfacet
   facet normal 0 0 -1
      outer loop
         vertex -0.0390566 -0.0105425 0.0175
         vertex -0.0390566 -0.00805972 0.0170771
         vertex 0.0395 -0.00805972 0.0170771
      endloop
   endfacet
   facet normal -4.25599e-16 -0.331034 -0.943619
      outer loop
         vertex 0.0395 -0.00805972 0.0170771
         vertex 0.0395 -0.0105425 0.0175
         vertex -0.0390566 -0.0105425 0.0175
      endloop
   endfacet
   facet normal -3.52178e-16 -0.62474 -0.780833
      outer loop
         vertex 0.0395 -0.00585693 0.0158562
         vertex 0.0395 -0.00805972 0.0170771
         vertex -0.0390566 -0.00805972 0.0170771
      endloop
   endfacet
   facet normal 0 -0.847998 -0.529999
      outer loop
         vertex 0.0395 -0.00418249 0.013975
         vertex 0.0395 -0.00585693 0.0158562
         vertex -0.0390566 -0.00585693 0.0158562
      endloop
   endfacet
   facet normal 0.16395 -0.563658 -0.809574
      outer loop
         vertex -0.0406543 -0.00628228 0.0160194
         vertex -0.0390566 -0.00805972 0.0170771
         vertex -0.0408789 -0.00810043 0.0167858
      endloop
   endfacet
   facet normal -4.25599e-16 -0.331034 -0.943619
      outer loop
         vertex -0.0390566 -0.00805972 0.0170771
         vertex -0.0390566 -0.0105425 0.0175
         vertex -0.0408789 -0.00810043 0.0167858
      endloop
   endfacet
   facet normal 0.16395 -0.563658 -0.809574
      outer loop
         vertex -0.0406543 -0.00628228 0.0160194
         vertex -0.0400543 -0.00508853 0.0150919
         vertex -0.0390566 -0.00585693 0.0158562
      endloop
   endfacet
   facet normal 0 -0.847998 -0.529999
      outer loop
         vertex -0.0390566 -0.00418249 0.013975
         vertex -0.0390566 -0.00585693 0.0158562
         vertex -0.0400543 -0.00508853 0.0150919
      endloop
   endfacet
   facet normal 0.35002 -0.560032 -0.750899
      outer loop
         vertex -0.0421802 -0.00626439 0.0155072
         vertex -0.0413484 -0.00539139 0.0151001
         vertex -0.0406543 -0.00628228 0.0160194
      endloop
   endfacet
   facet normal 0.16395 -0.563658 -0.809574
      outer loop
         vertex -0.0406543 -0.00628228 0.0160194
         vertex -0.0413484 -0.00539139 0.0151001
         vertex -0.0404648 -0.0046645 0.0145424
      endloop
   endfacet
   facet normal 0 -0.847998 -0.529999
      outer loop
         vertex -0.0394247 -0.00414973 0.0139226
         vertex -0.0400543 -0.00508853 0.0150919
         vertex -0.0404648 -0.0046645 0.0145424
      endloop
   endfacet
   facet normal 0.239102 -0.676432 -0.696614
      outer loop
         vertex -0.0413484 -0.00539139 0.0151001
         vertex -0.0423859 -0.00595604 0.0151537
         vertex -0.0424409 -0.00587366 0.0150592
      endloop
   endfacet
   facet normal 0.239102 -0.676432 -0.696614
      outer loop
         vertex -0.0413484 -0.00539139 0.0151001
         vertex -0.0421802 -0.00626439 0.0155072
         vertex -0.0423859 -0.00595604 0.0151537
      endloop
   endfacet
   facet normal 0.121297 -0.773351 -0.622266
      outer loop
         vertex -0.0404648 -0.0046645 0.0145424
         vertex -0.0413484 -0.00539139 0.0151001
         vertex -0.0410497 -0.00483499 0.014563
      endloop
   endfacet
   facet normal 0.239102 -0.676432 -0.696614
      outer loop
         vertex -0.0413484 -0.00539139 0.0151001
         vertex -0.0415302 -0.00513533 0.014771
         vertex -0.0410497 -0.00483499 0.014563
      endloop
   endfacet
   facet normal 0 -0.847998 -0.529999
      outer loop
         vertex -0.0395551 -0.00410465 0.0138504
         vertex -0.0404648 -0.0046645 0.0145424
         vertex -0.0405691 -0.00453464 0.0143551
      endloop
   endfacet
   facet normal 0.131557 -0.788333 -0.60102
      outer loop
         vertex -0.0405691 -0.00453464 0.0143551
         vertex -0.0395825 -0.00408715 0.0138224
         vertex -0.0395551 -0.00410465 0.0138504
      endloop
   endfacet
   facet normal 0.196267 -0.750722 -0.63079
      outer loop
         vertex -0.0410497 -0.00483499 0.014563
         vertex -0.0405691 -0.00453464 0.0143551
         vertex -0.0404648 -0.0046645 0.0145424
      endloop
   endfacet
   facet normal 0.381123 -0.609797 -0.694905
      outer loop
         vertex -0.0424409 -0.00587366 0.0150592
         vertex -0.0415302 -0.00513533 0.014771
         vertex -0.0413484 -0.00539139 0.0151001
      endloop
   endfacet
   facet normal 0.121297 -0.773351 -0.622266
      outer loop
         vertex -0.0404648 -0.0046645 0.0145424
         vertex -0.0395551 -0.00410465 0.0138504
         vertex -0.0394247 -0.00414973 0.0139226
      endloop
   endfacet
   facet normal 0.121297 -0.773351 -0.622266
      outer loop
         vertex -0.0404648 -0.0046645 0.0145424
         vertex -0.0400543 -0.00508853 0.0150919
         vertex -0.0406543 -0.00628228 0.0160194
      endloop
   endfacet
   facet normal 0.16395 -0.563658 -0.809574
      outer loop
         vertex -0.0406543 -0.00628228 0.0160194
         vertex -0.0411965 -0.00767482 0.0166613
         vertex -0.0421802 -0.00626439 0.0155072
      endloop
   endfacet
   facet normal 0.083949 -0.722824 -0.685914
      outer loop
         vertex -0.0400543 -0.00508853 0.0150919
         vertex -0.0394247 -0.00414973 0.0139226
         vertex -0.0390566 -0.00418249 0.013975
      endloop
   endfacet
   facet normal 0 -0.62474 -0.780833
      outer loop
         vertex -0.0390566 -0.00585693 0.0158562
         vertex -0.0390566 -0.00805972 0.0170771
         vertex -0.0406543 -0.00628228 0.0160194
      endloop
   endfacet
   facet normal 0.202722 -0.327075 -0.922998
      outer loop
         vertex -0.0408789 -0.00810043 0.0167858
         vertex -0.0411965 -0.00767482 0.0166613
         vertex -0.0406543 -0.00628228 0.0160194
      endloop
   endfacet
   facet normal -4.33681e-16 4.33681e-16 -1
      outer loop
         vertex -0.0395 -0.0108196 0.0175
         vertex -0.0412013 -0.00829633 0.0168035
         vertex -0.0408789 -0.00810043 0.0167858
      endloop
   endfacet
   facet normal 0.203899 -0.326238 -0.923035
      outer loop
         vertex -0.0408789 -0.00810043 0.0167858
         vertex -0.0412013 -0.00829633 0.0168035
         vertex -0.0414476 -0.00793106 0.0167026
      endloop
   endfacet
   facet normal 0.230661 -0.369057 -0.900329
      outer loop
         vertex -0.0414476 -0.00793106 0.0167026
         vertex -0.0426272 -0.00618145 0.0150712
         vertex -0.0421802 -0.00626439 0.0155072
      endloop
   endfacet
   facet normal 0.375416 -0.600666 -0.705877
      outer loop
         vertex -0.0426272 -0.00618145 0.0150712
         vertex -0.0423859 -0.00595604 0.0151537
         vertex -0.0421802 -0.00626439 0.0155072
      endloop
   endfacet
   facet normal 0.35002 -0.560032 -0.750899
      outer loop
         vertex -0.0421802 -0.00626439 0.0155072
         vertex -0.0411965 -0.00767482 0.0166613
         vertex -0.0414476 -0.00793106 0.0167026
      endloop
   endfacet
   facet normal 0.489908 -0.783853 -0.381528
      outer loop
         vertex -0.0435952 -0.00474584 0.0125217
         vertex -0.0437367 -0.00453585 0.0120755
         vertex -0.0434183 -0.0044293 0.0122955
      endloop
   endfacet
   facet normal 0.529999 -0.847998 1.32931e-15
      outer loop
         vertex -0.04374 -0.00403561 0.0095
         vertex -0.0434183 -0.0044293 0.0122955
         vertex -0.0437367 -0.00453585 0.0120755
      endloop
   endfacet
   facet normal 0.501782 -0.802851 -0.321939
      outer loop
         vertex -0.0437367 -0.00453585 0.0120755
         vertex -0.043975 -0.00418249 0.0095
         vertex -0.04374 -0.00403561 0.0095
      endloop
   endfacet
   facet normal 0.489885 -0.783816 -0.381634
      outer loop
         vertex -0.0433343 -0.00455342 0.012533
         vertex -0.0424409 -0.00587366 0.0150592
         vertex -0.0429106 -0.00576119 0.0146793
      endloop
   endfacet
   facet normal 0.381123 -0.609797 -0.694905
      outer loop
         vertex -0.0424409 -0.00587366 0.0150592
         vertex -0.0426272 -0.00618145 0.0150712
         vertex -0.0429106 -0.00576119 0.0146793
      endloop
   endfacet
   facet normal 0.403934 -0.646294 -0.647412
      outer loop
         vertex -0.0429106 -0.00576119 0.0146793
         vertex -0.0435952 -0.00474584 0.0125217
         vertex -0.0433343 -0.00455342 0.012533
      endloop
   endfacet
   facet normal 0.381123 -0.609797 -0.694905
      outer loop
         vertex -0.0424409 -0.00587366 0.0150592
         vertex -0.0423859 -0.00595604 0.0151537
         vertex -0.0426272 -0.00618145 0.0150712
      endloop
   endfacet
   facet normal 0.496588 -0.79454 -0.349438
      outer loop
         vertex -0.0434183 -0.0044293 0.0122955
         vertex -0.0433343 -0.00455342 0.012533
         vertex -0.0435952 -0.00474584 0.0125217
      endloop
   endfacet
   facet normal 0.230661 -0.369057 -0.900329
      outer loop
         vertex -0.0414476 -0.00793106 0.0167026
         vertex -0.0411965 -0.00767482 0.0166613
         vertex -0.0408789 -0.00810043 0.0167858
      endloop
   endfacet
   facet normal 0.203899 -0.326238 -0.923035
      outer loop
         vertex -0.0408789 -0.00810043 0.0167858
         vertex -0.0390566 -0.0105425 0.0175
         vertex -0.0395 -0.0108196 0.0175
      endloop
   endfacet
   facet normal 0.780833 -0.62474 -2.70906e-16
      outer loop
         vertex -0.0458562 -0.00585693 -0.0090566
         vertex -0.043975 -0.00418249 -0.0090566
         vertex -0.043975 -0.00418249 0.0095
      endloop
   endfacet
   facet normal 0.943619 -0.331034 -3.27384e-16
      outer loop
         vertex -0.0470771 -0.00805972 -0.0090566
         vertex -0.0458562 -0.00585693 -0.0090566
         vertex -0.0458562 -0.00585693 0.0095
      endloop
   endfacet
   facet normal 1 -2.97683e-32 -4.62593e-16
      outer loop
         vertex -0.0475 -0.0105425 -0.0090566
         vertex -0.0470771 -0.00805972 -0.0090566
         vertex -0.0470771 -0.00805972 0.0095
      endloop
   endfacet
   facet normal 0.943619 -0.331034 -3.27384e-16
      outer loop
         vertex -0.0470771 -0.00805972 0.0095
         vertex -0.0475 -0.0105425 0.0095
         vertex -0.0475 -0.0105425 -0.0090566
      endloop
   endfacet
   facet normal 0.780833 -0.62474 -2.70906e-16
      outer loop
         vertex -0.0458562 -0.00585693 0.0095
         vertex -0.0470771 -0.00805972 0.0095
         vertex -0.0470771 -0.00805972 -0.0090566
      endloop
   endfacet
   facet normal 0.529999 -0.847998 -2.31296e-16
      outer loop
         vertex -0.043975 -0.00418249 0.0095
         vertex -0.0458562 -0.00585693 0.0095
         vertex -0.0458562 -0.00585693 -0.0090566
      endloop
   endfacet
   facet normal 0.809574 -0.563658 0.16395
      outer loop
         vertex -0.0460194 -0.00628228 -0.0106543
         vertex -0.0470771 -0.00805972 -0.0090566
         vertex -0.0467858 -0.00810043 -0.0108789
      endloop
   endfacet
   facet normal 0.943619 -0.331034 -3.27384e-16
      outer loop
         vertex -0.0470771 -0.00805972 -0.0090566
         vertex -0.0475 -0.0105425 -0.0090566
         vertex -0.0467858 -0.00810043 -0.0108789
      endloop
   endfacet
   facet normal 0.809574 -0.563658 0.16395
      outer loop
         vertex -0.0460194 -0.00628228 -0.0106543
         vertex -0.0450919 -0.00508853 -0.0100543
         vertex -0.0458562 -0.00585693 -0.0090566
      endloop
   endfacet
   facet normal 0.529999 -0.847998 -2.31296e-16
      outer loop
         vertex -0.043975 -0.00418249 -0.0090566
         vertex -0.0458562 -0.00585693 -0.0090566
         vertex -0.0450919 -0.00508853 -0.0100543
      endloop
   endfacet
   facet normal 0.750899 -0.560032 0.35002
      outer loop
         vertex -0.0455072 -0.00626439 -0.0121802
         vertex -0.0451001 -0.00539139 -0.0113484
         vertex -0.0460194 -0.00628228 -0.0106543
      endloop
   endfacet
   facet normal 0.809574 -0.563658 0.16395
      outer loop
         vertex -0.0460194 -0.00628228 -0.0106543
         vertex -0.0451001 -0.00539139 -0.0113484
         vertex -0.0445424 -0.0046645 -0.0104648
      endloop
   endfacet
   facet normal 0.529999 -0.847998 -2.31296e-16
      outer loop
         vertex -0.0439226 -0.00414973 -0.00942469
         vertex -0.0450919 -0.00508853 -0.0100543
         vertex -0.0445424 -0.0046645 -0.0104648
      endloop
   endfacet
   facet normal 0.696614 -0.676432 0.239102
      outer loop
         vertex -0.0451001 -0.00539139 -0.0113484
         vertex -0.0451537 -0.00595604 -0.0123859
         vertex -0.0450592 -0.00587366 -0.0124409
      endloop
   endfacet
   facet normal 0.696614 -0.676432 0.239102
      outer loop
         vertex -0.0451001 -0.00539139 -0.0113484
         vertex -0.0455072 -0.00626439 -0.0121802
         vertex -0.0451537 -0.00595604 -0.0123859
      endloop
   endfacet
   facet normal 0.622266 -0.773351 0.121297
      outer loop
         vertex -0.0445424 -0.0046645 -0.0104648
         vertex -0.0451001 -0.00539139 -0.0113484
         vertex -0.044563 -0.00483499 -0.0110497
      endloop
   endfacet
   facet normal 0.696614 -0.676432 0.239102
      outer loop
         vertex -0.0451001 -0.00539139 -0.0113484
         vertex -0.044771 -0.00513533 -0.0115302
         vertex -0.044563 -0.00483499 -0.0110497
      endloop
   endfacet
   facet normal 0.529999 -0.847998 -2.31296e-16
      outer loop
         vertex -0.0438504 -0.00410465 -0.00955509
         vertex -0.0445424 -0.0046645 -0.0104648
         vertex -0.0443551 -0.00453464 -0.0105691
      endloop
   endfacet
   facet normal 0.60102 -0.788333 0.131557
      outer loop
         vertex -0.0443551 -0.00453464 -0.0105691
         vertex -0.0438224 -0.00408715 -0.00958245
         vertex -0.0438504 -0.00410465 -0.00955509
      endloop
   endfacet
   facet normal 0.63079 -0.750722 0.196267
      outer loop
         vertex -0.044563 -0.00483499 -0.0110497
         vertex -0.0443551 -0.00453464 -0.0105691
         vertex -0.0445424 -0.0046645 -0.0104648
      endloop
   endfacet
   facet normal 0.694905 -0.609797 0.381123
      outer loop
         vertex -0.0450592 -0.00587366 -0.0124409
         vertex -0.044771 -0.00513533 -0.0115302
         vertex -0.0451001 -0.00539139 -0.0113484
      endloop
   endfacet
   facet normal 0.622266 -0.773351 0.121297
      outer loop
         vertex -0.0445424 -0.0046645 -0.0104648
         vertex -0.0438504 -0.00410465 -0.00955509
         vertex -0.0439226 -0.00414973 -0.00942469
      endloop
   endfacet
   facet normal 0.622266 -0.773351 0.121297
      outer loop
         vertex -0.0445424 -0.0046645 -0.0104648
         vertex -0.0450919 -0.00508853 -0.0100543
         vertex -0.0460194 -0.00628228 -0.0106543
      endloop
   endfacet
   facet normal 0.809574 -0.563658 0.16395
      outer loop
         vertex -0.0460194 -0.00628228 -0.0106543
         vertex -0.0466613 -0.00767482 -0.0111965
         vertex -0.0455072 -0.00626439 -0.0121802
      endloop
   endfacet
   facet normal 0.685914 -0.722824 0.083949
      outer loop
         vertex -0.0450919 -0.00508853 -0.0100543
         vertex -0.0439226 -0.00414973 -0.00942469
         vertex -0.043975 -0.00418249 -0.0090566
      endloop
   endfacet
   facet normal 0.780833 -0.62474 3.93204e-15
      outer loop
         vertex -0.0458562 -0.00585693 -0.0090566
         vertex -0.0470771 -0.00805972 -0.0090566
         vertex -0.0460194 -0.00628228 -0.0106543
      endloop
   endfacet
   facet normal 0.922998 -0.327075 0.202722
      outer loop
         vertex -0.0467858 -0.00810043 -0.0108789
         vertex -0.0466613 -0.00767482 -0.0111965
         vertex -0.0460194 -0.00628228 -0.0106543
      endloop
   endfacet
   facet normal 1 -3.25261e-16 -3.25261e-16
      outer loop
         vertex -0.0475 -0.0108196 -0.0095
         vertex -0.046852 -0.00828656 -0.0112079
         vertex -0.0467858 -0.00810043 -0.0108789
      endloop
   endfacet
   facet normal 0.923035 -0.326238 0.203899
      outer loop
         vertex -0.0467858 -0.00810043 -0.0108789
         vertex -0.046852 -0.00828656 -0.0112079
         vertex -0.0468103 -0.00812373 -0.0113177
      endloop
   endfacet
   facet normal 0.913792 -0.344441 0.215276
      outer loop
         vertex -0.0468103 -0.00812373 -0.0113177
         vertex -0.0450951 -0.00616366 -0.0126392
         vertex -0.0455072 -0.00626439 -0.0121802
      endloop
   endfacet
   facet normal 0.706039 -0.60053 0.375331
      outer loop
         vertex -0.0450951 -0.00616366 -0.0126392
         vertex -0.0451537 -0.00595604 -0.0123859
         vertex -0.0455072 -0.00626439 -0.0121802
      endloop
   endfacet
   facet normal 0.750899 -0.560032 0.35002
      outer loop
         vertex -0.0455072 -0.00626439 -0.0121802
         vertex -0.0466613 -0.00767482 -0.0111965
         vertex -0.0468103 -0.00812373 -0.0113177
      endloop
   endfacet
   facet normal -2.53769e-16 -0.847998 0.529999
      outer loop
         vertex -0.0395 -0.00403561 -0.01374
         vertex -0.0425515 -0.00455433 -0.0133333
         vertex -0.0422747 -0.00459449 -0.0136972
      endloop
   endfacet
   facet normal 0.383677 -0.783099 0.489437
      outer loop
         vertex -0.0425515 -0.00455433 -0.0133333
         vertex -0.0425345 -0.00472475 -0.0136094
         vertex -0.0422747 -0.00459449 -0.0136972
      endloop
   endfacet
   facet normal 0.410634 -0.773205 0.483253
      outer loop
         vertex -0.0427851 -0.00459403 -0.0133021
         vertex -0.0450592 -0.00587366 -0.0124409
         vertex -0.0448536 -0.00588766 -0.0128253
      endloop
   endfacet
   facet normal 0.694905 -0.609797 0.381123
      outer loop
         vertex -0.0450592 -0.00587366 -0.0124409
         vertex -0.0450951 -0.00616366 -0.0126392
         vertex -0.0448536 -0.00588766 -0.0128253
      endloop
   endfacet
   facet normal 0.381771 -0.783768 0.489855
      outer loop
         vertex -0.0425345 -0.00472475 -0.0136094
         vertex -0.0425515 -0.00455433 -0.0133333
         vertex -0.0427851 -0.00459403 -0.0133021
      endloop
   endfacet
   facet normal 0.669197 -0.630135 0.393834
      outer loop
         vertex -0.0448536 -0.00588766 -0.0128253
         vertex -0.0425345 -0.00472475 -0.0136094
         vertex -0.0427851 -0.00459403 -0.0133021
      endloop
   endfacet
   facet normal 0.694905 -0.609797 0.381123
      outer loop
         vertex -0.0450592 -0.00587366 -0.0124409
         vertex -0.0451537 -0.00595604 -0.0123859
         vertex -0.0450951 -0.00616366 -0.0126392
      endloop
   endfacet
   facet normal 0.346838 -0.795359 0.497099
      outer loop
         vertex -0.0422747 -0.00459449 -0.0136972
         vertex -0.0395 -0.00418249 -0.013975
         vertex -0.0395 -0.00403561 -0.01374
      endloop
   endfacet
   facet normal 0.913792 -0.344441 0.215276
      outer loop
         vertex -0.0468103 -0.00812373 -0.0113177
         vertex -0.0466613 -0.00767482 -0.0111965
         vertex -0.0467858 -0.00810043 -0.0108789
      endloop
   endfacet
   facet normal 0.923035 -0.326238 0.203899
      outer loop
         vertex -0.0467858 -0.00810043 -0.0108789
         vertex -0.0475 -0.0105425 -0.0090566
         vertex -0.0475 -0.0108196 -0.0095
      endloop
   endfacet
   facet normal 3.25087e-16 -0.62474 0.780833
      outer loop
         vertex 0.0390566 -0.00585693 -0.0158562
         vertex 0.0390566 -0.00418249 -0.013975
         vertex -0.0395 -0.00418249 -0.013975
      endloop
   endfacet
   facet normal 3.9286e-16 -0.331034 0.943619
      outer loop
         vertex 0.0390566 -0.00805972 -0.0170771
         vertex 0.0390566 -0.00585693 -0.0158562
         vertex -0.0395 -0.00585693 -0.0158562
      endloop
   endfacet
   facet normal 0 0 1
      outer loop
         vertex 0.0390566 -0.0105425 -0.0175
         vertex 0.0390566 -0.00805972 -0.0170771
         vertex -0.0395 -0.00805972 -0.0170771
      endloop
   endfacet
   facet normal 3.9286e-16 -0.331034 0.943619
      outer loop
         vertex -0.0395 -0.00805972 -0.0170771
         vertex -0.0395 -0.0105425 -0.0175
         vertex 0.0390566 -0.0105425 -0.0175
      endloop
   endfacet
   facet normal 3.25087e-16 -0.62474 0.780833
      outer loop
         vertex -0.0395 -0.00585693 -0.0158562
         vertex -0.0395 -0.00805972 -0.0170771
         vertex 0.0390566 -0.00805972 -0.0170771
      endloop
   endfacet
   facet normal 0 -0.847998 0.529999
      outer loop
         vertex -0.0395 -0.00418249 -0.013975
         vertex -0.0395 -0.00585693 -0.0158562
         vertex 0.0390566 -0.00585693 -0.0158562
      endloop
   endfacet
   facet normal -0.101899 -0.746422 0.657626
      outer loop
         vertex 0.0402564 -0.00489309 -0.0148502
         vertex 0.0405691 -0.00453464 -0.0143551
         vertex 0.0395825 -0.00408715 -0.0138224
      endloop
   endfacet
   facet normal -0.101899 -0.746422 0.657626
      outer loop
         vertex 0.0402564 -0.00489309 -0.0148502
         vertex 0.0409924 -0.00586199 -0.015625
         vertex 0.0410497 -0.00483499 -0.014563
      endloop
   endfacet
   facet normal -0.200029 -0.617235 0.760927
      outer loop
         vertex 0.0409924 -0.00586199 -0.015625
         vertex 0.0415302 -0.00513533 -0.014771
         vertex 0.0410497 -0.00483499 -0.014563
      endloop
   endfacet
   facet normal -0.374636 -0.599847 0.706988
      outer loop
         vertex 0.0423818 -0.00596043 -0.0151461
         vertex 0.0415302 -0.00513533 -0.014771
         vertex 0.0409924 -0.00586199 -0.015625
      endloop
   endfacet
   facet normal -0.200029 -0.617235 0.760927
      outer loop
         vertex 0.0409924 -0.00586199 -0.015625
         vertex 0.0416729 -0.00700213 -0.0161886
         vertex 0.0423818 -0.00596043 -0.0151461
      endloop
   endfacet
   facet normal 0 -0.847998 0.529999
      outer loop
         vertex 0.0392544 -0.00417462 -0.0139624
         vertex 0.0395823 -0.00548281 -0.0155211
         vertex 0.0402564 -0.00489309 -0.0148502
      endloop
   endfacet
   facet normal -0.101899 -0.746422 0.657626
      outer loop
         vertex 0.0402564 -0.00489309 -0.0148502
         vertex 0.0395823 -0.00548281 -0.0155211
         vertex 0.0398854 -0.00717255 -0.0166619
      endloop
   endfacet
   facet normal -0.0841359 -0.448274 0.889928
      outer loop
         vertex 0.0398854 -0.00717255 -0.0166619
         vertex 0.0408632 -0.00811952 -0.0167753
         vertex 0.0416729 -0.00700213 -0.0161886
      endloop
   endfacet
   facet normal -0.0841359 -0.448274 0.889928
      outer loop
         vertex 0.0398854 -0.00717255 -0.0166619
         vertex 0.0401409 -0.00911623 -0.0172985
         vertex 0.0408632 -0.00811952 -0.0167753
      endloop
   endfacet
   facet normal 0 -0.847998 0.529999
      outer loop
         vertex 0.0390566 -0.00418249 -0.013975
         vertex 0.0390566 -0.00585693 -0.0158562
         vertex 0.0395823 -0.00548281 -0.0155211
      endloop
   endfacet
   facet normal -0.0841359 -0.448274 0.889928
      outer loop
         vertex 0.0398854 -0.00717255 -0.0166619
         vertex 0.0395823 -0.00548281 -0.0155211
         vertex 0.0390566 -0.00585693 -0.0158562
      endloop
   endfacet
   facet normal -0.118198 -0.189117 0.974815
      outer loop
         vertex 0.0401409 -0.00911623 -0.0172985
         vertex 0.0398854 -0.00717255 -0.0166619
         vertex 0.0390566 -0.00805972 -0.0170771
      endloop
   endfacet
   facet normal 0 -0.331034 0.943619
      outer loop
         vertex 0.0390566 -0.00805972 -0.0170771
         vertex 0.0390566 -0.0105425 -0.0175
         vertex 0.0401409 -0.00911623 -0.0172985
      endloop
   endfacet
   facet normal 0 -0.62474 0.780833
      outer loop
         vertex 0.0390566 -0.00585693 -0.0158562
         vertex 0.0390566 -0.00805972 -0.0170771
         vertex 0.0398854 -0.00717255 -0.0166619
      endloop
   endfacet
   facet normal -0.043719 -0.673573 0.737827
      outer loop
         vertex 0.0395823 -0.00548281 -0.0155211
         vertex 0.0392544 -0.00417462 -0.0139624
         vertex 0.0390566 -0.00418249 -0.013975
      endloop
   endfacet
   facet normal -0.29076 -0.465217 0.836081
      outer loop
         vertex 0.0416729 -0.00700213 -0.0161886
         vertex 0.0409924 -0.00586199 -0.015625
         vertex 0.0398854 -0.00717255 -0.0166619
      endloop
   endfacet
   facet normal -0.0841359 -0.448274 0.889928
      outer loop
         vertex 0.0398854 -0.00717255 -0.0166619
         vertex 0.0409924 -0.00586199 -0.015625
         vertex 0.0402564 -0.00489309 -0.0148502
      endloop
   endfacet
   facet normal -0.101899 -0.746422 0.657626
      outer loop
         vertex 0.0402564 -0.00489309 -0.0148502
         vertex 0.0394922 -0.00413126 -0.013893
         vertex 0.0392544 -0.00417462 -0.0139624
      endloop
   endfacet
   facet normal -0.374636 -0.599847 0.706988
      outer loop
         vertex 0.0423818 -0.00596043 -0.0151461
         vertex 0.0424409 -0.00587366 -0.0150592
         vertex 0.0415302 -0.00513533 -0.014771
      endloop
   endfacet
   facet normal -0.196267 -0.750722 0.63079
      outer loop
         vertex 0.0410497 -0.00483499 -0.014563
         vertex 0.0405691 -0.00453464 -0.0143551
         vertex 0.0402564 -0.00489309 -0.0148502
      endloop
   endfacet
   facet normal 0 -0.847998 0.529999
      outer loop
         vertex 0.0395825 -0.00408715 -0.0138224
         vertex 0.0394922 -0.00413126 -0.013893
         vertex 0.0402564 -0.00489309 -0.0148502
      endloop
   endfacet
   facet normal -0.203748 -0.325998 0.923153
      outer loop
         vertex 0.0412013 -0.00829633 -0.0168035
         vertex 0.0408632 -0.00811952 -0.0167753
         vertex 0.0401409 -0.00911623 -0.0172985
      endloop
   endfacet
   facet normal -0.118198 -0.189117 0.974815
      outer loop
         vertex 0.0401409 -0.00911623 -0.0172985
         vertex 0.0395 -0.0108196 -0.0175
         vertex 0.0412013 -0.00829633 -0.0168035
      endloop
   endfacet
   facet normal -0.202743 -0.324389 0.923941
      outer loop
         vertex 0.0408632 -0.00811952 -0.0167753
         vertex 0.0412013 -0.00829633 -0.0168035
         vertex 0.0414476 -0.00793106 -0.0167026
      endloop
   endfacet
   facet normal -0.375416 -0.600666 0.705877
      outer loop
         vertex 0.0426272 -0.00618145 -0.0150712
         vertex 0.0423818 -0.00596043 -0.0151461
         vertex 0.0416729 -0.00700213 -0.0161886
      endloop
   endfacet
   facet normal -0.29076 -0.465217 0.836081
      outer loop
         vertex 0.0416729 -0.00700213 -0.0161886
         vertex 0.0414476 -0.00793106 -0.0167026
         vertex 0.0426272 -0.00618145 -0.0150712
      endloop
   endfacet
   facet normal -0.489908 -0.783853 0.381528
      outer loop
         vertex 0.0435952 -0.00474584 -0.0125217
         vertex 0.0437367 -0.00453585 -0.0120755
         vertex 0.0434183 -0.0044293 -0.0122955
      endloop
   endfacet
   facet normal -0.529999 -0.847998 -1.42722e-15
      outer loop
         vertex 0.04374 -0.00403561 -0.0095
         vertex 0.0434183 -0.0044293 -0.0122955
         vertex 0.0437367 -0.00453585 -0.0120755
      endloop
   endfacet
   facet normal -0.501782 -0.802851 0.321939
      outer loop
         vertex 0.0437367 -0.00453585 -0.0120755
         vertex 0.043975 -0.00418249 -0.0095
         vertex 0.04374 -0.00403561 -0.0095
      endloop
   endfacet
   facet normal -0.489885 -0.783816 0.381634
      outer loop
         vertex 0.0433343 -0.00455342 -0.012533
         vertex 0.0424409 -0.00587366 -0.0150592
         vertex 0.0429106 -0.00576119 -0.0146793
      endloop
   endfacet
   facet normal -0.381123 -0.609797 0.694905
      outer loop
         vertex 0.0424409 -0.00587366 -0.0150592
         vertex 0.0426272 -0.00618145 -0.0150712
         vertex 0.0429106 -0.00576119 -0.0146793
      endloop
   endfacet
   facet normal -0.403934 -0.646294 0.647412
      outer loop
         vertex 0.0429106 -0.00576119 -0.0146793
         vertex 0.0435952 -0.00474584 -0.0125217
         vertex 0.0433343 -0.00455342 -0.012533
      endloop
   endfacet
   facet normal -0.381123 -0.609797 0.694905
      outer loop
         vertex 0.0424409 -0.00587366 -0.0150592
         vertex 0.0423818 -0.00596043 -0.0151461
         vertex 0.0426272 -0.00618145 -0.0150712
      endloop
   endfacet
   facet normal -0.496588 -0.79454 0.349438
      outer loop
         vertex 0.0434183 -0.0044293 -0.0122955
         vertex 0.0433343 -0.00455342 -0.012533
         vertex 0.0435952 -0.00474584 -0.0125217
      endloop
   endfacet
   facet normal -0.230661 -0.369057 0.900329
      outer loop
         vertex 0.0414476 -0.00793106 -0.0167026
         vertex 0.0416729 -0.00700213 -0.0161886
         vertex 0.0408632 -0.00811952 -0.0167753
      endloop
   endfacet
   facet normal -0.118198 -0.189117 0.974815
      outer loop
         vertex 0.0401409 -0.00911623 -0.0172985
         vertex 0.0390566 -0.0105425 -0.0175
         vertex 0.0395 -0.0108196 -0.0175
      endloop
   endfacet
   facet normal -0.780833 -0.62474 2.70906e-16
      outer loop
         vertex 0.0458562 -0.00585693 0.0090566
         vertex 0.043975 -0.00418249 0.0090566
         vertex 0.043975 -0.00418249 -0.0095
      endloop
   endfacet
   facet normal -0.943619 -0.331034 3.27384e-16
      outer loop
         vertex 0.0470771 -0.00805972 0.0090566
         vertex 0.0458562 -0.00585693 0.0090566
         vertex 0.0458562 -0.00585693 -0.0095
      endloop
   endfacet
   facet normal -1 -2.97683e-32 4.62593e-16
      outer loop
         vertex 0.0475 -0.0105425 0.0090566
         vertex 0.0470771 -0.00805972 0.0090566
         vertex 0.0470771 -0.00805972 -0.0095
      endloop
   endfacet
   facet normal -0.943619 -0.331034 3.27384e-16
      outer loop
         vertex 0.0470771 -0.00805972 -0.0095
         vertex 0.0475 -0.0105425 -0.0095
         vertex 0.0475 -0.0105425 0.0090566
      endloop
   endfacet
   facet normal -0.780833 -0.62474 2.70906e-16
      outer loop
         vertex 0.0458562 -0.00585693 -0.0095
         vertex 0.0470771 -0.00805972 -0.0095
         vertex 0.0470771 -0.00805972 0.0090566
      endloop
   endfacet
   facet normal -0.529999 -0.847998 2.31296e-16
      outer loop
         vertex 0.043975 -0.00418249 -0.0095
         vertex 0.0458562 -0.00585693 -0.0095
         vertex 0.0458562 -0.00585693 0.0090566
      endloop
   endfacet
   facet normal -0.923529 -0.325231 -0.20327
      outer loop
         vertex 0.046852 -0.00828656 0.0112079
         vertex 0.0467753 -0.00811952 0.0108632
         vertex 0.0472985 -0.00911623 0.0101409
      endloop
   endfacet
   facet normal -0.974815 -0.189117 -0.118198
      outer loop
         vertex 0.0472985 -0.00911623 0.0101409
         vertex 0.0475 -0.0108196 0.0095
         vertex 0.046852 -0.00828656 0.0112079
      endloop
   endfacet
   facet normal -0.923941 -0.324389 -0.202743
      outer loop
         vertex 0.0467753 -0.00811952 0.0108632
         vertex 0.046852 -0.00828656 0.0112079
         vertex 0.0468103 -0.00812373 0.0113177
      endloop
   endfacet
   facet normal -0.706039 -0.60053 -0.375331
      outer loop
         vertex 0.0450951 -0.00616366 0.0126392
         vertex 0.0451461 -0.00596043 0.0123818
         vertex 0.0461886 -0.00700213 0.0116729
      endloop
   endfacet
   facet normal -0.836081 -0.465217 -0.29076
      outer loop
         vertex 0.0461886 -0.00700213 0.0116729
         vertex 0.0468103 -0.00812373 0.0113177
         vertex 0.0450951 -0.00616366 0.0126392
      endloop
   endfacet
   facet normal 2.53769e-16 -0.847998 -0.529999
      outer loop
         vertex 0.0395 -0.00403561 0.01374
         vertex 0.0425515 -0.00455433 0.0133333
         vertex 0.0422747 -0.00459449 0.0136972
      endloop
   endfacet
   facet normal -0.383677 -0.783099 -0.489437
      outer loop
         vertex 0.0425515 -0.00455433 0.0133333
         vertex 0.0425345 -0.00472475 0.0136094
         vertex 0.0422747 -0.00459449 0.0136972
      endloop
   endfacet
   facet normal -0.410634 -0.773205 -0.483253
      outer loop
         vertex 0.0427851 -0.00459403 0.0133021
         vertex 0.0450592 -0.00587366 0.0124409
         vertex 0.0448536 -0.00588766 0.0128253
      endloop
   endfacet
   facet normal -0.694905 -0.609797 -0.381123
      outer loop
         vertex 0.0450592 -0.00587366 0.0124409
         vertex 0.0450951 -0.00616366 0.0126392
         vertex 0.0448536 -0.00588766 0.0128253
      endloop
   endfacet
   facet normal -0.381771 -0.783768 -0.489855
      outer loop
         vertex 0.0425345 -0.00472475 0.0136094
         vertex 0.0425515 -0.00455433 0.0133333
         vertex 0.0427851 -0.00459403 0.0133021
      endloop
   endfacet
   facet normal -0.669197 -0.630135 -0.393834
      outer loop
         vertex 0.0448536 -0.00588766 0.0128253
         vertex 0.0425345 -0.00472475 0.0136094
         vertex 0.0427851 -0.00459403 0.0133021
      endloop
   endfacet
   facet normal -0.694905 -0.609797 -0.381123
      outer loop
         vertex 0.0450592 -0.00587366 0.0124409
         vertex 0.0451461 -0.00596043 0.0123818
         vertex 0.0450951 -0.00616366 0.0126392
      endloop
   endfacet
   facet normal -0.346838 -0.795359 -0.497099
      outer loop
         vertex 0.0422747 -0.00459449 0.0136972
         vertex 0.0395 -0.00418249 0.013975
         vertex 0.0395 -0.00403561 0.01374
      endloop
   endfacet
   facet normal -0.913792 -0.344441 -0.215276
      outer loop
         vertex 0.0468103 -0.00812373 0.0113177
         vertex 0.0461886 -0.00700213 0.0116729
         vertex 0.0467753 -0.00811952 0.0108632
      endloop
   endfacet
   facet normal -0.974815 -0.189117 -0.118198
      outer loop
         vertex 0.0472985 -0.00911623 0.0101409
         vertex 0.0475 -0.0105425 0.0090566
         vertex 0.0475 -0.0108196 0.0095
      endloop
   endfacet
   facet normal -0.657626 -0.746422 -0.101899
      outer loop
         vertex 0.0448502 -0.00489309 0.0102564
         vertex 0.0443551 -0.00453464 0.0105691
         vertex 0.0438224 -0.00408715 0.00958245
      endloop
   endfacet
   facet normal -0.657626 -0.746422 -0.101899
      outer loop
         vertex 0.0448502 -0.00489309 0.0102564
         vertex 0.045625 -0.00586199 0.0109924
         vertex 0.044563 -0.00483499 0.0110497
      endloop
   endfacet
   facet normal -0.760927 -0.617235 -0.200029
      outer loop
         vertex 0.045625 -0.00586199 0.0109924
         vertex 0.044771 -0.00513533 0.0115302
         vertex 0.044563 -0.00483499 0.0110497
      endloop
   endfacet
   facet normal -0.706988 -0.599847 -0.374636
      outer loop
         vertex 0.0451461 -0.00596043 0.0123818
         vertex 0.044771 -0.00513533 0.0115302
         vertex 0.045625 -0.00586199 0.0109924
      endloop
   endfacet
   facet normal -0.760927 -0.617235 -0.200029
      outer loop
         vertex 0.045625 -0.00586199 0.0109924
         vertex 0.0461886 -0.00700213 0.0116729
         vertex 0.0451461 -0.00596043 0.0123818
      endloop
   endfacet
   facet normal -0.529999 -0.847998 2.31296e-16
      outer loop
         vertex 0.0439624 -0.00417462 0.0092544
         vertex 0.0455211 -0.00548281 0.00958229
         vertex 0.0448502 -0.00489309 0.0102564
      endloop
   endfacet
   facet normal -0.657626 -0.746422 -0.101899
      outer loop
         vertex 0.0448502 -0.00489309 0.0102564
         vertex 0.0455211 -0.00548281 0.00958229
         vertex 0.0466619 -0.00717255 0.00988542
      endloop
   endfacet
   facet normal -0.889928 -0.448274 -0.0841359
      outer loop
         vertex 0.0466619 -0.00717255 0.00988542
         vertex 0.0467753 -0.00811952 0.0108632
         vertex 0.0461886 -0.00700213 0.0116729
      endloop
   endfacet
   facet normal -0.889928 -0.448274 -0.0841359
      outer loop
         vertex 0.0466619 -0.00717255 0.00988542
         vertex 0.0472985 -0.00911623 0.0101409
         vertex 0.0467753 -0.00811952 0.0108632
      endloop
   endfacet
   facet normal -0.529999 -0.847998 2.31296e-16
      outer loop
         vertex 0.043975 -0.00418249 0.0090566
         vertex 0.0458562 -0.00585693 0.0090566
         vertex 0.0455211 -0.00548281 0.00958229
      endloop
   endfacet
   facet normal -0.889928 -0.448274 -0.0841359
      outer loop
         vertex 0.0466619 -0.00717255 0.00988542
         vertex 0.0455211 -0.00548281 0.00958229
         vertex 0.0458562 -0.00585693 0.0090566
      endloop
   endfacet
   facet normal -0.974815 -0.189117 -0.118198
      outer loop
         vertex 0.0472985 -0.00911623 0.0101409
         vertex 0.0466619 -0.00717255 0.00988542
         vertex 0.0470771 -0.00805972 0.0090566
      endloop
   endfacet
   facet normal -0.943619 -0.331034 -7.63278e-15
      outer loop
         vertex 0.0470771 -0.00805972 0.0090566
         vertex 0.0475 -0.0105425 0.0090566
         vertex 0.0472985 -0.00911623 0.0101409
      endloop
   endfacet
   facet normal -0.780833 -0.62474 -3.93204e-15
      outer loop
         vertex 0.0458562 -0.00585693 0.0090566
         vertex 0.0470771 -0.00805972 0.0090566
         vertex 0.0466619 -0.00717255 0.00988542
      endloop
   endfacet
   facet normal -0.737827 -0.673573 -0.043719
      outer loop
         vertex 0.0455211 -0.00548281 0.00958229
         vertex 0.0439624 -0.00417462 0.0092544
         vertex 0.043975 -0.00418249 0.0090566
      endloop
   endfacet
   facet normal -0.836081 -0.465217 -0.29076
      outer loop
         vertex 0.0461886 -0.00700213 0.0116729
         vertex 0.045625 -0.00586199 0.0109924
         vertex 0.0466619 -0.00717255 0.00988542
      endloop
   endfacet
   facet normal -0.889928 -0.448274 -0.0841359
      outer loop
         vertex 0.0466619 -0.00717255 0.00988542
         vertex 0.045625 -0.00586199 0.0109924
         vertex 0.0448502 -0.00489309 0.0102564
      endloop
   endfacet
   facet normal -0.657626 -0.746422 -0.101899
      outer loop
         vertex 0.0448502 -0.00489309 0.0102564
         vertex 0.043893 -0.00413126 0.0094922
         vertex 0.0439624 -0.00417462 0.0092544
      endloop
   endfacet
   facet normal -0.706988 -0.599847 -0.374636
      outer loop
         vertex 0.0451461 -0.00596043 0.0123818
         vertex 0.0450592 -0.00587366 0.0124409
         vertex 0.044771 -0.00513533 0.0115302
      endloop
   endfacet
   facet normal -0.63079 -0.750722 -0.196267
      outer loop
         vertex 0.044563 -0.00483499 0.0110497
         vertex 0.0443551 -0.00453464 0.0105691
         vertex 0.0448502 -0.00489309 0.0102564
      endloop
   endfacet
   facet normal -0.529999 -0.847998 2.31296e-16
      outer loop
         vertex 0.0438224 -0.00408715 0.00958245
         vertex 0.043893 -0.00413126 0.0094922
         vertex 0.0448502 -0.00489309 0.0102564
      endloop
   endfacet
   facet normal -0.196267 -0.750722 0.63079
      outer loop
         vertex 0.0410497 -0.00483499 -0.014563
         vertex 0.0415302 -0.00513533 -0.014771
         vertex 0.0433343 -0.00455342 -0.012533
      endloop
   endfacet
   facet normal -0.489937 -0.783783 0.381636
      outer loop
         vertex 0.0433343 -0.00455342 -0.012533
         vertex 0.0427217 -0.00393319 -0.0120015
         vertex 0.0410497 -0.00483499 -0.014563
      endloop
   endfacet
   facet normal -0.259704 -0.70824 0.656467
      outer loop
         vertex 0.0415302 -0.00513533 -0.014771
         vertex 0.0424409 -0.00587366 -0.0150592
         vertex 0.0433343 -0.00455342 -0.012533
      endloop
   endfacet
   facet normal -0.403698 -0.860689 0.310231
      outer loop
         vertex 0.0427217 -0.00393319 -0.0120015
         vertex 0.0418243 -0.00356727 -0.0118139
         vertex 0.0405691 -0.00453464 -0.0143551
      endloop
   endfacet
   facet normal -0.286454 -0.914678 0.285147
      outer loop
         vertex 0.0418243 -0.00356727 -0.0118139
         vertex 0.0395825 -0.00408715 -0.0138224
         vertex 0.0405691 -0.00453464 -0.0143551
      endloop
   endfacet
   facet normal -0.403698 -0.860689 0.310231
      outer loop
         vertex 0.0427217 -0.00393319 -0.0120015
         vertex 0.041981 -0.00353094 -0.0116736
         vertex 0.0418243 -0.00356727 -0.0118139
      endloop
   endfacet
   facet normal -0.304937 -0.914321 0.266514
      outer loop
         vertex 0.041981 -0.00353094 -0.0116736
         vertex 0.0427217 -0.00393319 -0.0120015
         vertex 0.04374 -0.00403561 -0.0095
      endloop
   endfacet
   facet normal -0.403698 -0.860689 0.310231
      outer loop
         vertex 0.0427217 -0.00393319 -0.0120015
         vertex 0.0434183 -0.0044293 -0.0122955
         vertex 0.04374 -0.00403561 -0.0095
      endloop
   endfacet
   facet normal -0.131557 -0.788333 0.60102
      outer loop
         vertex 0.0405691 -0.00453464 -0.0143551
         vertex 0.0410497 -0.00483499 -0.014563
         vertex 0.0427217 -0.00393319 -0.0120015
      endloop
   endfacet
   facet normal -0.489937 -0.783783 0.381636
      outer loop
         vertex 0.0433343 -0.00455342 -0.012533
         vertex 0.0434183 -0.0044293 -0.0122955
         vertex 0.0427217 -0.00393319 -0.0120015
      endloop
   endfacet
   facet normal -0.29 -0.914643 0.281652
      outer loop
         vertex 0.0412404 -0.00314018 -0.0111736
         vertex 0.0418243 -0.00356727 -0.0118139
         vertex 0.041981 -0.00353094 -0.0116736
      endloop
   endfacet
   facet normal -0.304937 -0.914321 0.266514
      outer loop
         vertex 0.041981 -0.00353094 -0.0116736
         vertex 0.0421512 -0.00324611 -0.0101695
         vertex 0.0412404 -0.00314018 -0.0111736
      endloop
   endfacet
   facet normal -0.529999 -0.847998 -2.81893e-15
      outer loop
         vertex 0.04374 -0.00403561 -0.0095
         vertex 0.043107 -0.00364001 -0.00886704
         vertex 0.0421512 -0.00324611 -0.0101695
      endloop
   endfacet
   facet normal -0.405266 -0.900519 0.157559
      outer loop
         vertex 0.0421512 -0.00324611 -0.0101695
         vertex 0.041981 -0.00353094 -0.0116736
         vertex 0.04374 -0.00403561 -0.0095
      endloop
   endfacet
   facet normal -2.27682e-15 -0.847998 0.529999
      outer loop
         vertex 0.0395825 -0.00408715 -0.0138224
         vertex 0.0418243 -0.00356727 -0.0118139
         vertex 0.0402518 -0.00323048 -0.0120827
      endloop
   endfacet
   facet normal -0.286485 -0.914659 0.285176
      outer loop
         vertex 0.0418243 -0.00356727 -0.0118139
         vertex 0.0412058 -0.00314333 -0.0112054
         vertex 0.0402518 -0.00323048 -0.0120827
      endloop
   endfacet
   facet normal -0.167634 -0.902603 0.396493
      outer loop
         vertex 0.0402518 -0.00323048 -0.0120827
         vertex 0.038867 -0.00364001 -0.013107
         vertex 0.0395825 -0.00408715 -0.0138224
      endloop
   endfacet
   facet normal -0.29 -0.914643 0.281652
      outer loop
         vertex 0.0412404 -0.00314018 -0.0111736
         vertex 0.0412058 -0.00314333 -0.0112054
         vertex 0.0418243 -0.00356727 -0.0118139
      endloop
   endfacet
   facet normal 0.365586 -0.852152 0.374411
      outer loop
         vertex -0.0424472 -0.00400193 -0.0124858
         vertex -0.0395 -0.00403561 -0.01374
         vertex -0.0418214 -0.00358367 -0.0118069
      endloop
   endfacet
   facet normal 0.365586 -0.852152 0.374411
      outer loop
         vertex -0.0424472 -0.00400193 -0.0124858
         vertex -0.0427851 -0.00459403 -0.0133021
         vertex -0.0425515 -0.00455433 -0.0133333
      endloop
   endfacet
   facet normal 0.365586 -0.852152 0.374411
      outer loop
         vertex -0.0424472 -0.00400193 -0.0124858
         vertex -0.0420542 -0.00353834 -0.011613
         vertex -0.0443551 -0.00453464 -0.0105691
      endloop
   endfacet
   facet normal 0.313187 -0.913963 0.25804
      outer loop
         vertex -0.0420542 -0.00353834 -0.011613
         vertex -0.0438224 -0.00408715 -0.00958245
         vertex -0.0443551 -0.00453464 -0.0105691
      endloop
   endfacet
   facet normal 0.365586 -0.852152 0.374411
      outer loop
         vertex -0.0424472 -0.00400193 -0.0124858
         vertex -0.044563 -0.00483499 -0.0110497
         vertex -0.044771 -0.00513533 -0.0115302
      endloop
   endfacet
   facet normal 0.656467 -0.70824 0.259704
      outer loop
         vertex -0.044771 -0.00513533 -0.0115302
         vertex -0.0427851 -0.00459403 -0.0133021
         vertex -0.0424472 -0.00400193 -0.0124858
      endloop
   endfacet
   facet normal 0.656467 -0.70824 0.259704
      outer loop
         vertex -0.044771 -0.00513533 -0.0115302
         vertex -0.0450592 -0.00587366 -0.0124409
         vertex -0.0427851 -0.00459403 -0.0133021
      endloop
   endfacet
   facet normal 0.60102 -0.788333 0.131557
      outer loop
         vertex -0.0443551 -0.00453464 -0.0105691
         vertex -0.044563 -0.00483499 -0.0110497
         vertex -0.0424472 -0.00400193 -0.0124858
      endloop
   endfacet
   facet normal 0.383679 -0.783069 0.489483
      outer loop
         vertex -0.0425515 -0.00455433 -0.0133333
         vertex -0.0395 -0.00403561 -0.01374
         vertex -0.0424472 -0.00400193 -0.0124858
      endloop
   endfacet
   facet normal 0.286699 -0.914686 0.284876
      outer loop
         vertex -0.0418214 -0.00358367 -0.0118069
         vertex -0.0420542 -0.00353834 -0.011613
         vertex -0.0424472 -0.00400193 -0.0124858
      endloop
   endfacet
   facet normal 1.0177e-14 -0.847998 0.529999
      outer loop
         vertex 0.038867 -0.00364001 -0.013107
         vertex 0.0392544 -0.00417462 -0.0139624
         vertex 0.0394922 -0.00413126 -0.013893
      endloop
   endfacet
   facet normal 1.0177e-14 -0.847998 0.529999
      outer loop
         vertex 0.0390566 -0.00418249 -0.013975
         vertex 0.038867 -0.00364001 -0.013107
         vertex -0.038867 -0.00364001 -0.013107
      endloop
   endfacet
   facet normal 1.0177e-14 -0.847998 0.529999
      outer loop
         vertex 0.038867 -0.00364001 -0.013107
         vertex 0.0390566 -0.00418249 -0.013975
         vertex 0.0392544 -0.00417462 -0.0139624
      endloop
   endfacet
   facet normal 1.0177e-14 -0.847998 0.529999
      outer loop
         vertex -0.038867 -0.00364001 -0.013107
         vertex -0.0395 -0.00403561 -0.01374
         vertex 0.0390566 -0.00418249 -0.013975
      endloop
   endfacet
   facet normal 1.0177e-14 -0.847998 0.529999
      outer loop
         vertex -0.0395 -0.00403561 -0.01374
         vertex -0.0395 -0.00418249 -0.013975
         vertex 0.0390566 -0.00418249 -0.013975
      endloop
   endfacet
   facet normal 1.0177e-14 -0.847998 0.529999
      outer loop
         vertex 0.0394922 -0.00413126 -0.013893
         vertex 0.0395825 -0.00408715 -0.0138224
         vertex 0.038867 -0.00364001 -0.013107
      endloop
   endfacet
   facet normal 0.286741 -0.914658 0.28492
      outer loop
         vertex -0.0418214 -0.00358367 -0.0118069
         vertex -0.0401695 -0.00324611 -0.0121512
         vertex -0.0411736 -0.00314018 -0.0112404
      endloop
   endfacet
   facet normal 8.67362e-16 -0.847998 0.529999
      outer loop
         vertex -0.0395 -0.00403561 -0.01374
         vertex -0.038867 -0.00364001 -0.013107
         vertex -0.0401695 -0.00324611 -0.0121512
      endloop
   endfacet
   facet normal 0.157559 -0.900519 0.405266
      outer loop
         vertex -0.0401695 -0.00324611 -0.0121512
         vertex -0.0418214 -0.00358367 -0.0118069
         vertex -0.0395 -0.00403561 -0.01374
      endloop
   endfacet
   facet normal 0.529999 -0.847998 2.1684e-15
      outer loop
         vertex -0.0438224 -0.00408715 -0.00958245
         vertex -0.0420542 -0.00353834 -0.011613
         vertex -0.0420827 -0.00323048 -0.0102518
      endloop
   endfacet
   facet normal 0.285804 -0.914659 0.285857
      outer loop
         vertex -0.0412054 -0.00314333 -0.0112058
         vertex -0.0420827 -0.00323048 -0.0102518
         vertex -0.0420542 -0.00353834 -0.011613
      endloop
   endfacet
   facet normal 0.313187 -0.913963 0.25804
      outer loop
         vertex -0.0420542 -0.00353834 -0.011613
         vertex -0.0418214 -0.00358367 -0.0118069
         vertex -0.0412054 -0.00314333 -0.0112058
      endloop
   endfacet
   facet normal 0.396493 -0.902603 0.167634
      outer loop
         vertex -0.0420827 -0.00323048 -0.0102518
         vertex -0.043107 -0.00364001 -0.00886704
         vertex -0.0438224 -0.00408715 -0.00958245
      endloop
   endfacet
   facet normal 0.281652 -0.914643 0.29
      outer loop
         vertex -0.0411736 -0.00314018 -0.0112404
         vertex -0.0412054 -0.00314333 -0.0112058
         vertex -0.0418214 -0.00358367 -0.0118069
      endloop
   endfacet
   facet normal 1.14776e-16 -0.961249 0.275683
      outer loop
         vertex 0.038867 -0.00279063 -0.0111997
         vertex 0.038867 -0.0025 -0.00913204
         vertex -0.038867 -0.0025 -0.00913204
      endloop
   endfacet
   facet normal 0 -0.847998 0.529999
      outer loop
         vertex 0.038867 -0.00364001 -0.013107
         vertex 0.038867 -0.00279063 -0.0111997
         vertex -0.038867 -0.00279063 -0.0111997
      endloop
   endfacet
   facet normal 1.14776e-16 -0.961249 0.275683
      outer loop
         vertex -0.038867 -0.00279063 -0.0111997
         vertex -0.038867 -0.00364001 -0.013107
         vertex 0.038867 -0.00364001 -0.013107
      endloop
   endfacet
   facet normal 0 -1 1.55411e-16
      outer loop
         vertex -0.038867 -0.0025 -0.00913204
         vertex -0.038867 -0.00279063 -0.0111997
         vertex 0.038867 -0.00279063 -0.0111997
      endloop
   endfacet
   facet normal -0.167634 -0.902603 0.396493
      outer loop
         vertex 0.0402518 -0.00323048 -0.0120827
         vertex 0.0396391 -0.0026849 -0.0106334
         vertex 0.038867 -0.00279063 -0.0111997
      endloop
   endfacet
   facet normal 0 -1 0
      outer loop
         vertex 0.038867 -0.0025 -0.00913204
         vertex 0.038867 -0.00279063 -0.0111997
         vertex 0.0396391 -0.0026849 -0.0106334
      endloop
   endfacet
   facet normal -0.285811 -0.914688 0.285758
      outer loop
         vertex 0.0412058 -0.00314333 -0.0112054
         vertex 0.0401768 -0.00266179 -0.0101407
         vertex 0.0396391 -0.0026849 -0.0106334
      endloop
   endfacet
   facet normal -0.0859358 -0.975347 0.203257
      outer loop
         vertex 0.0396391 -0.0026849 -0.0106334
         vertex 0.0402518 -0.00323048 -0.0120827
         vertex 0.0412058 -0.00314333 -0.0112054
      endloop
   endfacet
   facet normal -0.0859358 -0.975347 0.203257
      outer loop
         vertex 0.0396391 -0.0026849 -0.0106334
         vertex 0.0401768 -0.00266179 -0.0101407
         vertex 0.0390654 -0.0025 -0.00906118
      endloop
   endfacet
   facet normal -0.29 -0.914643 0.281652
      outer loop
         vertex 0.0412404 -0.00314018 -0.0111736
         vertex 0.0421512 -0.00324611 -0.0101695
         vertex 0.0406707 -0.00268891 -0.00959395
      endloop
   endfacet
   facet normal -0.207868 -0.974813 0.080815
      outer loop
         vertex 0.0406707 -0.00268891 -0.00959395
         vertex 0.0391117 -0.0025 -0.00898783
         vertex 0.0390654 -0.0025 -0.00906118
      endloop
   endfacet
   facet normal -0.405266 -0.900519 0.157559
      outer loop
         vertex 0.0421512 -0.00324611 -0.0101695
         vertex 0.043107 -0.00364001 -0.00886704
         vertex 0.0411997 -0.00279063 -0.00886704
      endloop
   endfacet
   facet normal 0 -1 0
      outer loop
         vertex 0.039132 -0.0025 -0.00886704
         vertex 0.0391117 -0.0025 -0.00898783
         vertex 0.0406707 -0.00268891 -0.00959395
      endloop
   endfacet
   facet normal -0.207868 -0.974813 0.080815
      outer loop
         vertex 0.0406707 -0.00268891 -0.00959395
         vertex 0.0411997 -0.00279063 -0.00886704
         vertex 0.039132 -0.0025 -0.00886704
      endloop
   endfacet
   facet normal -0.275683 -0.961249 -2.77556e-15
      outer loop
         vertex 0.0411997 -0.00279063 -0.00886704
         vertex 0.0406707 -0.00268891 -0.00959395
         vertex 0.0421512 -0.00324611 -0.0101695
      endloop
   endfacet
   facet normal 0 -1 0
      outer loop
         vertex 0.0390654 -0.0025 -0.00906118
         vertex 0.0401768 -0.00266179 -0.0101407
         vertex 0.0406707 -0.00268891 -0.00959395
      endloop
   endfacet
   facet normal -0.207868 -0.974813 0.080815
      outer loop
         vertex 0.0406707 -0.00268891 -0.00959395
         vertex 0.0401768 -0.00266179 -0.0101407
         vertex 0.0412404 -0.00314018 -0.0111736
      endloop
   endfacet
   facet normal 0 -1 0
      outer loop
         vertex 0.0390654 -0.0025 -0.00906118
         vertex 0.0389945 -0.0025 -0.00910897
         vertex 0.0396391 -0.0026849 -0.0106334
      endloop
   endfacet
   facet normal -0.285811 -0.914688 0.285758
      outer loop
         vertex 0.0412058 -0.00314333 -0.0112054
         vertex 0.0412404 -0.00314018 -0.0111736
         vertex 0.0401768 -0.00266179 -0.0101407
      endloop
   endfacet
   facet normal -0.0859358 -0.975347 0.203257
      outer loop
         vertex 0.0396391 -0.0026849 -0.0106334
         vertex 0.0389945 -0.0025 -0.00910897
         vertex 0.038867 -0.0025 -0.00913204
      endloop
   endfacet
   facet normal -8.32667e-15 -0.961249 0.275683
      outer loop
         vertex 0.038867 -0.00279063 -0.0111997
         vertex 0.038867 -0.00364001 -0.013107
         vertex 0.0402518 -0.00323048 -0.0120827
      endloop
   endfacet
   facet normal -0.529999 -0.847998 1.8388e-16
      outer loop
         vertex 0.043107 -0.00364001 0.00886704
         vertex 0.0439624 -0.00417462 0.0092544
         vertex 0.043893 -0.00413126 0.0094922
      endloop
   endfacet
   facet normal -0.529999 -0.847998 1.8388e-16
      outer loop
         vertex 0.043975 -0.00418249 0.0090566
         vertex 0.043107 -0.00364001 0.00886704
         vertex 0.043107 -0.00364001 -0.00886704
      endloop
   endfacet
   facet normal -0.529999 -0.847998 1.8388e-16
      outer loop
         vertex 0.043107 -0.00364001 0.00886704
         vertex 0.043975 -0.00418249 0.0090566
         vertex 0.0439624 -0.00417462 0.0092544
      endloop
   endfacet
   facet normal -0.529999 -0.847998 1.8388e-16
      outer loop
         vertex 0.043107 -0.00364001 -0.00886704
         vertex 0.04374 -0.00403561 -0.0095
         vertex 0.043975 -0.00418249 0.0090566
      endloop
   endfacet
   facet normal -0.529999 -0.847998 1.8388e-16
      outer loop
         vertex 0.04374 -0.00403561 -0.0095
         vertex 0.043975 -0.00418249 -0.0095
         vertex 0.043975 -0.00418249 0.0090566
      endloop
   endfacet
   facet normal -0.529999 -0.847998 1.8388e-16
      outer loop
         vertex 0.043893 -0.00413126 0.0094922
         vertex 0.0438224 -0.00408715 0.00958245
         vertex 0.043107 -0.00364001 0.00886704
      endloop
   endfacet
   facet normal -0.365586 -0.852152 -0.374411
      outer loop
         vertex 0.0424472 -0.00400193 0.0124858
         vertex 0.0395 -0.00403561 0.01374
         vertex 0.0418214 -0.00358367 0.0118069
      endloop
   endfacet
   facet normal -0.365586 -0.852152 -0.374411
      outer loop
         vertex 0.0424472 -0.00400193 0.0124858
         vertex 0.0427851 -0.00459403 0.0133021
         vertex 0.0425515 -0.00455433 0.0133333
      endloop
   endfacet
   facet normal -0.365586 -0.852152 -0.374411
      outer loop
         vertex 0.0424472 -0.00400193 0.0124858
         vertex 0.0420542 -0.00353834 0.011613
         vertex 0.0443551 -0.00453464 0.0105691
      endloop
   endfacet
   facet normal -0.313187 -0.913963 -0.25804
      outer loop
         vertex 0.0420542 -0.00353834 0.011613
         vertex 0.0438224 -0.00408715 0.00958245
         vertex 0.0443551 -0.00453464 0.0105691
      endloop
   endfacet
   facet normal -0.365586 -0.852152 -0.374411
      outer loop
         vertex 0.0424472 -0.00400193 0.0124858
         vertex 0.044563 -0.00483499 0.0110497
         vertex 0.044771 -0.00513533 0.0115302
      endloop
   endfacet
   facet normal -0.656467 -0.70824 -0.259704
      outer loop
         vertex 0.044771 -0.00513533 0.0115302
         vertex 0.0427851 -0.00459403 0.0133021
         vertex 0.0424472 -0.00400193 0.0124858
      endloop
   endfacet
   facet normal -0.656467 -0.70824 -0.259704
      outer loop
         vertex 0.044771 -0.00513533 0.0115302
         vertex 0.0450592 -0.00587366 0.0124409
         vertex 0.0427851 -0.00459403 0.0133021
      endloop
   endfacet
   facet normal -0.60102 -0.788333 -0.131557
      outer loop
         vertex 0.0443551 -0.00453464 0.0105691
         vertex 0.044563 -0.00483499 0.0110497
         vertex 0.0424472 -0.00400193 0.0124858
      endloop
   endfacet
   facet normal -0.383679 -0.783069 -0.489483
      outer loop
         vertex 0.0425515 -0.00455433 0.0133333
         vertex 0.0395 -0.00403561 0.01374
         vertex 0.0424472 -0.00400193 0.0124858
      endloop
   endfacet
   facet normal -0.286699 -0.914686 -0.284876
      outer loop
         vertex 0.0418214 -0.00358367 0.0118069
         vertex 0.0420542 -0.00353834 0.011613
         vertex 0.0424472 -0.00400193 0.0124858
      endloop
   endfacet
   facet normal -0.275683 -0.961249 9.56466e-17
      outer loop
         vertex 0.0411997 -0.00279063 0.00886704
         vertex 0.039132 -0.0025 0.00886704
         vertex 0.039132 -0.0025 -0.00886704
      endloop
   endfacet
   facet normal -0.529999 -0.847998 2.31296e-16
      outer loop
         vertex 0.043107 -0.00364001 0.00886704
         vertex 0.0411997 -0.00279063 0.00886704
         vertex 0.0411997 -0.00279063 -0.00886704
      endloop
   endfacet
   facet normal -0.275683 -0.961249 9.56466e-17
      outer loop
         vertex 0.0411997 -0.00279063 -0.00886704
         vertex 0.043107 -0.00364001 -0.00886704
         vertex 0.043107 -0.00364001 0.00886704
      endloop
   endfacet
   facet normal 4.10183e-16 -1 0
      outer loop
         vertex 0.039132 -0.0025 -0.00886704
         vertex 0.0411997 -0.00279063 -0.00886704
         vertex 0.0411997 -0.00279063 0.00886704
      endloop
   endfacet
   facet normal -0.286741 -0.914658 -0.28492
      outer loop
         vertex 0.0418214 -0.00358367 0.0118069
         vertex 0.0401695 -0.00324611 0.0121512
         vertex 0.0411736 -0.00314018 0.0112404
      endloop
   endfacet
   facet normal -6.50521e-16 -0.847998 -0.529999
      outer loop
         vertex 0.0395 -0.00403561 0.01374
         vertex 0.038867 -0.00364001 0.013107
         vertex 0.0401695 -0.00324611 0.0121512
      endloop
   endfacet
   facet normal -0.157559 -0.900519 -0.405266
      outer loop
         vertex 0.0401695 -0.00324611 0.0121512
         vertex 0.0418214 -0.00358367 0.0118069
         vertex 0.0395 -0.00403561 0.01374
      endloop
   endfacet
   facet normal -0.529999 -0.847998 -4.33681e-16
      outer loop
         vertex 0.0438224 -0.00408715 0.00958245
         vertex 0.0420542 -0.00353834 0.011613
         vertex 0.0420827 -0.00323048 0.0102518
      endloop
   endfacet
   facet normal -0.285804 -0.914659 -0.285857
      outer loop
         vertex 0.0412054 -0.00314333 0.0112058
         vertex 0.0420827 -0.00323048 0.0102518
         vertex 0.0420542 -0.00353834 0.011613
      endloop
   endfacet
   facet normal -0.313187 -0.913963 -0.25804
      outer loop
         vertex 0.0420542 -0.00353834 0.011613
         vertex 0.0418214 -0.00358367 0.0118069
         vertex 0.0412054 -0.00314333 0.0112058
      endloop
   endfacet
   facet normal -0.396493 -0.902603 -0.167634
      outer loop
         vertex 0.0420827 -0.00323048 0.0102518
         vertex 0.043107 -0.00364001 0.00886704
         vertex 0.0438224 -0.00408715 0.00958245
      endloop
   endfacet
   facet normal -0.281652 -0.914643 -0.29
      outer loop
         vertex 0.0411736 -0.00314018 0.0112404
         vertex 0.0412054 -0.00314333 0.0112058
         vertex 0.0418214 -0.00358367 0.0118069
      endloop
   endfacet
   facet normal 0.396493 -0.902603 0.167634
      outer loop
         vertex -0.0420827 -0.00323048 -0.0102518
         vertex -0.0406334 -0.0026849 -0.00963906
         vertex -0.0411997 -0.00279063 -0.00886704
      endloop
   endfacet
   facet normal 0 -1 0
      outer loop
         vertex -0.039132 -0.0025 -0.00886704
         vertex -0.0411997 -0.00279063 -0.00886704
         vertex -0.0406334 -0.0026849 -0.00963906
      endloop
   endfacet
   facet normal 0.285758 -0.914688 0.285811
      outer loop
         vertex -0.0412054 -0.00314333 -0.0112058
         vertex -0.0401407 -0.00266179 -0.0101768
         vertex -0.0406334 -0.0026849 -0.00963906
      endloop
   endfacet
   facet normal 0.203257 -0.975347 0.0859358
      outer loop
         vertex -0.0406334 -0.0026849 -0.00963906
         vertex -0.0420827 -0.00323048 -0.0102518
         vertex -0.0412054 -0.00314333 -0.0112058
      endloop
   endfacet
   facet normal 0.203257 -0.975347 0.0859358
      outer loop
         vertex -0.0406334 -0.0026849 -0.00963906
         vertex -0.0401407 -0.00266179 -0.0101768
         vertex -0.0390612 -0.0025 -0.00906535
      endloop
   endfacet
   facet normal 0.281652 -0.914643 0.29
      outer loop
         vertex -0.0411736 -0.00314018 -0.0112404
         vertex -0.0401695 -0.00324611 -0.0121512
         vertex -0.0395939 -0.00268891 -0.0106707
      endloop
   endfacet
   facet normal 0.080815 -0.974813 0.207868
      outer loop
         vertex -0.0395939 -0.00268891 -0.0106707
         vertex -0.0389878 -0.0025 -0.00911169
         vertex -0.0390612 -0.0025 -0.00906535
      endloop
   endfacet
   facet normal 0.157559 -0.900519 0.405266
      outer loop
         vertex -0.0401695 -0.00324611 -0.0121512
         vertex -0.038867 -0.00364001 -0.013107
         vertex -0.038867 -0.00279063 -0.0111997
      endloop
   endfacet
   facet normal 0 -1 0
      outer loop
         vertex -0.038867 -0.0025 -0.00913204
         vertex -0.0389878 -0.0025 -0.00911169
         vertex -0.0395939 -0.00268891 -0.0106707
      endloop
   endfacet
   facet normal 0.080815 -0.974813 0.207868
      outer loop
         vertex -0.0395939 -0.00268891 -0.0106707
         vertex -0.038867 -0.00279063 -0.0111997
         vertex -0.038867 -0.0025 -0.00913204
      endloop
   endfacet
   facet normal 7.40149e-15 -0.961249 0.275683
      outer loop
         vertex -0.038867 -0.00279063 -0.0111997
         vertex -0.0395939 -0.00268891 -0.0106707
         vertex -0.0401695 -0.00324611 -0.0121512
      endloop
   endfacet
   facet normal 0 -1 0
      outer loop
         vertex -0.0390612 -0.0025 -0.00906535
         vertex -0.0401407 -0.00266179 -0.0101768
         vertex -0.0395939 -0.00268891 -0.0106707
      endloop
   endfacet
   facet normal 0.080815 -0.974813 0.207868
      outer loop
         vertex -0.0395939 -0.00268891 -0.0106707
         vertex -0.0401407 -0.00266179 -0.0101768
         vertex -0.0411736 -0.00314018 -0.0112404
      endloop
   endfacet
   facet normal 0 -1 0
      outer loop
         vertex -0.0390612 -0.0025 -0.00906535
         vertex -0.039109 -0.0025 -0.00899454
         vertex -0.0406334 -0.0026849 -0.00963906
      endloop
   endfacet
   facet normal 0.285758 -0.914688 0.285811
      outer loop
         vertex -0.0412054 -0.00314333 -0.0112058
         vertex -0.0411736 -0.00314018 -0.0112404
         vertex -0.0401407 -0.00266179 -0.0101768
      endloop
   endfacet
   facet normal 0.203257 -0.975347 0.0859358
      outer loop
         vertex -0.0406334 -0.0026849 -0.00963906
         vertex -0.039109 -0.0025 -0.00899454
         vertex -0.039132 -0.0025 -0.00886704
      endloop
   endfacet
   facet normal 0.275683 -0.961249 7.17019e-15
      outer loop
         vertex -0.0411997 -0.00279063 -0.00886704
         vertex -0.043107 -0.00364001 -0.00886704
         vertex -0.0420827 -0.00323048 -0.0102518
      endloop
   endfacet
   facet normal 0.529999 -0.847998 1.38778e-14
      outer loop
         vertex -0.043107 -0.00364001 -0.00886704
         vertex -0.043975 -0.00418249 -0.0090566
         vertex -0.0439226 -0.00414973 -0.00942469
      endloop
   endfacet
   facet normal 0.529999 -0.847998 1.38778e-14
      outer loop
         vertex -0.043975 -0.00418249 -0.0090566
         vertex -0.043107 -0.00364001 -0.00886704
         vertex -0.043107 -0.00364001 0.00886704
      endloop
   endfacet
   facet normal 0.529999 -0.847998 1.38778e-14
      outer loop
         vertex -0.0439226 -0.00414973 -0.00942469
         vertex -0.0438504 -0.00410465 -0.00955509
         vertex -0.043107 -0.00364001 -0.00886704
      endloop
   endfacet
   facet normal 0.529999 -0.847998 1.38778e-14
      outer loop
         vertex -0.043107 -0.00364001 0.00886704
         vertex -0.04374 -0.00403561 0.0095
         vertex -0.043975 -0.00418249 -0.0090566
      endloop
   endfacet
   facet normal 0.529999 -0.847998 1.38778e-14
      outer loop
         vertex -0.04374 -0.00403561 0.0095
         vertex -0.043975 -0.00418249 0.0095
         vertex -0.043975 -0.00418249 -0.0090566
      endloop
   endfacet
   facet normal 0.529999 -0.847998 1.38778e-14
      outer loop
         vertex -0.0438504 -0.00410465 -0.00955509
         vertex -0.0438224 -0.00408715 -0.00958245
         vertex -0.043107 -0.00364001 -0.00886704
      endloop
   endfacet
   facet normal 0.196267 -0.750722 -0.63079
      outer loop
         vertex -0.0410497 -0.00483499 0.014563
         vertex -0.0415302 -0.00513533 0.014771
         vertex -0.0433343 -0.00455342 0.012533
      endloop
   endfacet
   facet normal 0.489937 -0.783783 -0.381636
      outer loop
         vertex -0.0433343 -0.00455342 0.012533
         vertex -0.0427217 -0.00393319 0.0120015
         vertex -0.0410497 -0.00483499 0.014563
      endloop
   endfacet
   facet normal 0.259704 -0.70824 -0.656467
      outer loop
         vertex -0.0415302 -0.00513533 0.014771
         vertex -0.0424409 -0.00587366 0.0150592
         vertex -0.0433343 -0.00455342 0.012533
      endloop
   endfacet
   facet normal 0.403698 -0.860689 -0.310231
      outer loop
         vertex -0.0427217 -0.00393319 0.0120015
         vertex -0.0418243 -0.00356727 0.0118139
         vertex -0.0405691 -0.00453464 0.0143551
      endloop
   endfacet
   facet normal 0.286454 -0.914678 -0.285147
      outer loop
         vertex -0.0418243 -0.00356727 0.0118139
         vertex -0.0395825 -0.00408715 0.0138224
         vertex -0.0405691 -0.00453464 0.0143551
      endloop
   endfacet
   facet normal 0.403698 -0.860689 -0.310231
      outer loop
         vertex -0.0427217 -0.00393319 0.0120015
         vertex -0.041981 -0.00353094 0.0116736
         vertex -0.0418243 -0.00356727 0.0118139
      endloop
   endfacet
   facet normal 0.304937 -0.914321 -0.266514
      outer loop
         vertex -0.041981 -0.00353094 0.0116736
         vertex -0.0427217 -0.00393319 0.0120015
         vertex -0.04374 -0.00403561 0.0095
      endloop
   endfacet
   facet normal 0.403698 -0.860689 -0.310231
      outer loop
         vertex -0.0427217 -0.00393319 0.0120015
         vertex -0.0434183 -0.0044293 0.0122955
         vertex -0.04374 -0.00403561 0.0095
      endloop
   endfacet
   facet normal 0.131557 -0.788333 -0.60102
      outer loop
         vertex -0.0405691 -0.00453464 0.0143551
         vertex -0.0410497 -0.00483499 0.014563
         vertex -0.0427217 -0.00393319 0.0120015
      endloop
   endfacet
   facet normal 0.489937 -0.783783 -0.381636
      outer loop
         vertex -0.0433343 -0.00455342 0.012533
         vertex -0.0434183 -0.0044293 0.0122955
         vertex -0.0427217 -0.00393319 0.0120015
      endloop
   endfacet
   facet normal -2.39044e-16 -0.847998 -0.529999
      outer loop
         vertex -0.038867 -0.00364001 0.013107
         vertex -0.0390566 -0.00418249 0.013975
         vertex -0.0394247 -0.00414973 0.0139226
      endloop
   endfacet
   facet normal -2.39044e-16 -0.847998 -0.529999
      outer loop
         vertex -0.0390566 -0.00418249 0.013975
         vertex -0.038867 -0.00364001 0.013107
         vertex 0.038867 -0.00364001 0.013107
      endloop
   endfacet
   facet normal -2.39044e-16 -0.847998 -0.529999
      outer loop
         vertex -0.0394247 -0.00414973 0.0139226
         vertex -0.0395551 -0.00410465 0.0138504
         vertex -0.038867 -0.00364001 0.013107
      endloop
   endfacet
   facet normal -2.39044e-16 -0.847998 -0.529999
      outer loop
         vertex 0.038867 -0.00364001 0.013107
         vertex 0.0395 -0.00403561 0.01374
         vertex -0.0390566 -0.00418249 0.013975
      endloop
   endfacet
   facet normal -2.39044e-16 -0.847998 -0.529999
      outer loop
         vertex 0.0395 -0.00403561 0.01374
         vertex 0.0395 -0.00418249 0.013975
         vertex -0.0390566 -0.00418249 0.013975
      endloop
   endfacet
   facet normal -2.39044e-16 -0.847998 -0.529999
      outer loop
         vertex -0.0395551 -0.00410465 0.0138504
         vertex -0.0395825 -0.00408715 0.0138224
         vertex -0.038867 -0.00364001 0.013107
      endloop
   endfacet
   facet normal -0.396493 -0.902603 -0.167634
      outer loop
         vertex 0.0420827 -0.00323048 0.0102518
         vertex 0.0406334 -0.0026849 0.00963906
         vertex 0.0411997 -0.00279063 0.00886704
      endloop
   endfacet
   facet normal 0 -1 0
      outer loop
         vertex 0.039132 -0.0025 0.00886704
         vertex 0.0411997 -0.00279063 0.00886704
         vertex 0.0406334 -0.0026849 0.00963906
      endloop
   endfacet
   facet normal -0.285758 -0.914688 -0.285811
      outer loop
         vertex 0.0412054 -0.00314333 0.0112058
         vertex 0.0401407 -0.00266179 0.0101768
         vertex 0.0406334 -0.0026849 0.00963906
      endloop
   endfacet
   facet normal -0.203257 -0.975347 -0.0859358
      outer loop
         vertex 0.0406334 -0.0026849 0.00963906
         vertex 0.0420827 -0.00323048 0.0102518
         vertex 0.0412054 -0.00314333 0.0112058
      endloop
   endfacet
   facet normal -0.203257 -0.975347 -0.0859358
      outer loop
         vertex 0.0406334 -0.0026849 0.00963906
         vertex 0.0401407 -0.00266179 0.0101768
         vertex 0.0390612 -0.0025 0.00906535
      endloop
   endfacet
   facet normal -0.281652 -0.914643 -0.29
      outer loop
         vertex 0.0411736 -0.00314018 0.0112404
         vertex 0.0401695 -0.00324611 0.0121512
         vertex 0.0395939 -0.00268891 0.0106707
      endloop
   endfacet
   facet normal -0.080815 -0.974813 -0.207868
      outer loop
         vertex 0.0395939 -0.00268891 0.0106707
         vertex 0.0389878 -0.0025 0.00911169
         vertex 0.0390612 -0.0025 0.00906535
      endloop
   endfacet
   facet normal -0.157559 -0.900519 -0.405266
      outer loop
         vertex 0.0401695 -0.00324611 0.0121512
         vertex 0.038867 -0.00364001 0.013107
         vertex 0.038867 -0.00279063 0.0111997
      endloop
   endfacet
   facet normal 0 -1 0
      outer loop
         vertex 0.038867 -0.0025 0.00913204
         vertex 0.0389878 -0.0025 0.00911169
         vertex 0.0395939 -0.00268891 0.0106707
      endloop
   endfacet
   facet normal -0.080815 -0.974813 -0.207868
      outer loop
         vertex 0.0395939 -0.00268891 0.0106707
         vertex 0.038867 -0.00279063 0.0111997
         vertex 0.038867 -0.0025 0.00913204
      endloop
   endfacet
   facet normal -6.4763e-15 -0.961249 -0.275683
      outer loop
         vertex 0.038867 -0.00279063 0.0111997
         vertex 0.0395939 -0.00268891 0.0106707
         vertex 0.0401695 -0.00324611 0.0121512
      endloop
   endfacet
   facet normal 0 -1 0
      outer loop
         vertex 0.0390612 -0.0025 0.00906535
         vertex 0.0401407 -0.00266179 0.0101768
         vertex 0.0395939 -0.00268891 0.0106707
      endloop
   endfacet
   facet normal -0.080815 -0.974813 -0.207868
      outer loop
         vertex 0.0395939 -0.00268891 0.0106707
         vertex 0.0401407 -0.00266179 0.0101768
         vertex 0.0411736 -0.00314018 0.0112404
      endloop
   endfacet
   facet normal 0 -1 0
      outer loop
         vertex 0.0390612 -0.0025 0.00906535
         vertex 0.039109 -0.0025 0.00899454
         vertex 0.0406334 -0.0026849 0.00963906
      endloop
   endfacet
   facet normal -0.285758 -0.914688 -0.285811
      outer loop
         vertex 0.0412054 -0.00314333 0.0112058
         vertex 0.0411736 -0.00314018 0.0112404
         vertex 0.0401407 -0.00266179 0.0101768
      endloop
   endfacet
   facet normal -0.203257 -0.975347 -0.0859358
      outer loop
         vertex 0.0406334 -0.0026849 0.00963906
         vertex 0.039109 -0.0025 0.00899454
         vertex 0.039132 -0.0025 0.00886704
      endloop
   endfacet
   facet normal -0.275683 -0.961249 8.09538e-15
      outer loop
         vertex 0.0411997 -0.00279063 0.00886704
         vertex 0.043107 -0.00364001 0.00886704
         vertex 0.0420827 -0.00323048 0.0102518
      endloop
   endfacet
   facet normal 0.275683 -0.961249 -9.56466e-17
      outer loop
         vertex -0.0411997 -0.00279063 0.00886704
         vertex -0.043107 -0.00364001 0.00886704
         vertex -0.043107 -0.00364001 -0.00886704
      endloop
   endfacet
   facet normal 4.10183e-16 -1 0
      outer loop
         vertex -0.039132 -0.0025 0.00886704
         vertex -0.0411997 -0.00279063 0.00886704
         vertex -0.0411997 -0.00279063 -0.00886704
      endloop
   endfacet
   facet normal 0.275683 -0.961249 -9.56466e-17
      outer loop
         vertex -0.0411997 -0.00279063 -0.00886704
         vertex -0.039132 -0.0025 -0.00886704
         vertex -0.039132 -0.0025 0.00886704
      endloop
   endfacet
   facet normal 0.529999 -0.847998 -2.31296e-16
      outer loop
         vertex -0.043107 -0.00364001 -0.00886704
         vertex -0.0411997 -0.00279063 -0.00886704
         vertex -0.0411997 -0.00279063 0.00886704
      endloop
   endfacet
   facet normal -1.24341e-16 -0.961249 -0.275683
      outer loop
         vertex 0.038867 -0.00279063 0.0111997
         vertex 0.038867 -0.00364001 0.013107
         vertex -0.038867 -0.00364001 0.013107
      endloop
   endfacet
   facet normal 0 -1 -4.88161e-15
      outer loop
         vertex 0.038867 -0.0025 0.00913204
         vertex 0.038867 -0.00279063 0.0111997
         vertex -0.038867 -0.00279063 0.0111997
      endloop
   endfacet
   facet normal -1.24341e-16 -0.961249 -0.275683
      outer loop
         vertex -0.038867 -0.00279063 0.0111997
         vertex -0.038867 -0.0025 0.00913204
         vertex 0.038867 -0.0025 0.00913204
      endloop
   endfacet
   facet normal 0 -0.847998 -0.529999
      outer loop
         vertex -0.038867 -0.00364001 0.013107
         vertex -0.038867 -0.00279063 0.0111997
         vertex 0.038867 -0.00279063 0.0111997
      endloop
   endfacet
   facet normal 0.29 -0.914643 -0.281652
      outer loop
         vertex -0.0412404 -0.00314018 0.0111736
         vertex -0.0418243 -0.00356727 0.0118139
         vertex -0.041981 -0.00353094 0.0116736
      endloop
   endfacet
   facet normal 0.304937 -0.914321 -0.266514
      outer loop
         vertex -0.041981 -0.00353094 0.0116736
         vertex -0.0421512 -0.00324611 0.0101695
         vertex -0.0412404 -0.00314018 0.0111736
      endloop
   endfacet
   facet normal 0.529999 -0.847998 4.33681e-16
      outer loop
         vertex -0.04374 -0.00403561 0.0095
         vertex -0.043107 -0.00364001 0.00886704
         vertex -0.0421512 -0.00324611 0.0101695
      endloop
   endfacet
   facet normal 0.405266 -0.900519 -0.157559
      outer loop
         vertex -0.0421512 -0.00324611 0.0101695
         vertex -0.041981 -0.00353094 0.0116736
         vertex -0.04374 -0.00403561 0.0095
      endloop
   endfacet
   facet normal 3.90313e-15 -0.847998 -0.529999
      outer loop
         vertex -0.0395825 -0.00408715 0.0138224
         vertex -0.0418243 -0.00356727 0.0118139
         vertex -0.0402518 -0.00323048 0.0120827
      endloop
   endfacet
   facet normal 0.286485 -0.914659 -0.285176
      outer loop
         vertex -0.0418243 -0.00356727 0.0118139
         vertex -0.0412058 -0.00314333 0.0112054
         vertex -0.0402518 -0.00323048 0.0120827
      endloop
   endfacet
   facet normal 0.167634 -0.902603 -0.396493
      outer loop
         vertex -0.0402518 -0.00323048 0.0120827
         vertex -0.038867 -0.00364001 0.013107
         vertex -0.0395825 -0.00408715 0.0138224
      endloop
   endfacet
   facet normal 0.29 -0.914643 -0.281652
      outer loop
         vertex -0.0412404 -0.00314018 0.0111736
         vertex -0.0412058 -0.00314333 0.0112054
         vertex -0.0418243 -0.00356727 0.0118139
      endloop
   endfacet
   facet normal 0.167634 -0.902603 -0.396493
      outer loop
         vertex -0.0402518 -0.00323048 0.0120827
         vertex -0.0396391 -0.0026849 0.0106334
         vertex -0.038867 -0.00279063 0.0111997
      endloop
   endfacet
   facet normal 0 -1 0
      outer loop
         vertex -0.038867 -0.0025 0.00913204
         vertex -0.038867 -0.00279063 0.0111997
         vertex -0.0396391 -0.0026849 0.0106334
      endloop
   endfacet
   facet normal 0.285811 -0.914688 -0.285758
      outer loop
         vertex -0.0412058 -0.00314333 0.0112054
         vertex -0.0401768 -0.00266179 0.0101407
         vertex -0.0396391 -0.0026849 0.0106334
      endloop
   endfacet
   facet normal 0.0859358 -0.975347 -0.203257
      outer loop
         vertex -0.0396391 -0.0026849 0.0106334
         vertex -0.0402518 -0.00323048 0.0120827
         vertex -0.0412058 -0.00314333 0.0112054
      endloop
   endfacet
   facet normal 0.0859358 -0.975347 -0.203257
      outer loop
         vertex -0.0396391 -0.0026849 0.0106334
         vertex -0.0401768 -0.00266179 0.0101407
         vertex -0.0390654 -0.0025 0.00906118
      endloop
   endfacet
   facet normal 0.29 -0.914643 -0.281652
      outer loop
         vertex -0.0412404 -0.00314018 0.0111736
         vertex -0.0421512 -0.00324611 0.0101695
         vertex -0.0406707 -0.00268891 0.00959395
      endloop
   endfacet
   facet normal 0.207868 -0.974813 -0.080815
      outer loop
         vertex -0.0406707 -0.00268891 0.00959395
         vertex -0.0391117 -0.0025 0.00898783
         vertex -0.0390654 -0.0025 0.00906118
      endloop
   endfacet
   facet normal 0.405266 -0.900519 -0.157559
      outer loop
         vertex -0.0421512 -0.00324611 0.0101695
         vertex -0.043107 -0.00364001 0.00886704
         vertex -0.0411997 -0.00279063 0.00886704
      endloop
   endfacet
   facet normal 0 -1 0
      outer loop
         vertex -0.039132 -0.0025 0.00886704
         vertex -0.0391117 -0.0025 0.00898783
         vertex -0.0406707 -0.00268891 0.00959395
      endloop
   endfacet
   facet normal 0.207868 -0.974813 -0.080815
      outer loop
         vertex -0.0406707 -0.00268891 0.00959395
         vertex -0.0411997 -0.00279063 0.00886704
         vertex -0.039132 -0.0025 0.00886704
      endloop
   endfacet
   facet normal 0.275683 -0.961249 1.85037e-15
      outer loop
         vertex -0.0411997 -0.00279063 0.00886704
         vertex -0.0406707 -0.00268891 0.00959395
         vertex -0.0421512 -0.00324611 0.0101695
      endloop
   endfacet
   facet normal 0 -1 0
      outer loop
         vertex -0.0390654 -0.0025 0.00906118
         vertex -0.0401768 -0.00266179 0.0101407
         vertex -0.0406707 -0.00268891 0.00959395
      endloop
   endfacet
   facet normal 0.207868 -0.974813 -0.080815
      outer loop
         vertex -0.0406707 -0.00268891 0.00959395
         vertex -0.0401768 -0.00266179 0.0101407
         vertex -0.0412404 -0.00314018 0.0111736
      endloop
   endfacet
   facet normal 0 -1 0
      outer loop
         vertex -0.0390654 -0.0025 0.00906118
         vertex -0.0389945 -0.0025 0.00910897
         vertex -0.0396391 -0.0026849 0.0106334
      endloop
   endfacet
   facet normal 0.285811 -0.914688 -0.285758
      outer loop
         vertex -0.0412058 -0.00314333 0.0112054
         vertex -0.0412404 -0.00314018 0.0111736
         vertex -0.0401768 -0.00266179 0.0101407
      endloop
   endfacet
   facet normal 0.0859358 -0.975347 -0.203257
      outer loop
         vertex -0.0396391 -0.0026849 0.0106334
         vertex -0.0389945 -0.0025 0.00910897
         vertex -0.038867 -0.0025 0.00913204
      endloop
   endfacet
   facet normal 1.85037e-14 -0.961249 -0.275683
      outer loop
         vertex -0.038867 -0.00279063 0.0111997
         vertex -0.038867 -0.00364001 0.013107
         vertex -0.0402518 -0.00323048 0.0120827
      endloop
   endfacet
   facet normal 0 -1 0
      outer loop
         vertex 0.039132 -0.0025 0.00886704
         vertex 0.039109 -0.0025 0.00899454
         vertex 0.0390612 -0.0025 0.00906535
      endloop
   endfacet
   facet normal 0 -1 0
      outer loop
         vertex -0.038867 -0.0025 0.00913204
         vertex -0.0389945 -0.0025 0.00910897
         vertex -0.0390654 -0.0025 0.00906118
      endloop
   endfacet
   facet normal 0 -1 0
      outer loop
         vertex 0.038867 -0.0025 -0.00913204
         vertex 0.0389945 -0.0025 -0.00910897
         vertex 0.0390654 -0.0025 -0.00906118
      endloop
   endfacet
   facet normal 0 -1 0
      outer loop
         vertex 0.0029 -0.0025 0.0024
         vertex 0.039132 -0.0025 0.00886704
         vertex 0.038867 -0.0025 0.00913204
      endloop
   endfacet
   facet normal 0 -1 0
      outer loop
         vertex 0.0390612 -0.0025 0.00906535
         vertex 0.0389878 -0.0025 0.00911169
         vertex 0.039132 -0.0025 0.00886704
      endloop
   endfacet
   facet normal 0 -1 0
      outer loop
         vertex -0.038867 -0.0025 0.00913204
         vertex -0.0104 -0.0025 0.0049
         vertex 0.0004 -0.0025 0.0049
      endloop
   endfacet
   facet normal 0 -1 0
      outer loop
         vertex -0.0390654 -0.0025 0.00906118
         vertex -0.0391117 -0.0025 0.00898783
         vertex -0.038867 -0.0025 0.00913204
      endloop
   endfacet
   facet normal 0 -1 0
      outer loop
         vertex -0.0129 -0.0025 0.0024
         vertex -0.0127097 -0.0025 0.00335671
         vertex -0.038867 -0.0025 0.00913204
      endloop
   endfacet
   facet normal 0 -1 0
      outer loop
         vertex -0.039132 -0.0025 -0.00886704
         vertex -0.039109 -0.0025 -0.00899454
         vertex -0.0390612 -0.0025 -0.00906535
      endloop
   endfacet
   facet normal 0 -1 0
      outer loop
         vertex 0.0390654 -0.0025 -0.00906118
         vertex 0.0391117 -0.0025 -0.00898783
         vertex 0.038867 -0.0025 -0.00913204
      endloop
   endfacet
   facet normal 0 -1 0
      outer loop
         vertex 0.0029 -0.0025 -0.0024
         vertex 0.0027097 -0.0025 -0.00335671
         vertex 0.038867 -0.0025 -0.00913204
      endloop
   endfacet
   facet normal 0 -1 0
      outer loop
         vertex 0.039132 -0.0025 0.00886704
         vertex 0.0029 -0.0025 0.0024
         vertex 0.0029 -0.0025 -0.0024
      endloop
   endfacet
   facet normal 0 -1 0
      outer loop
         vertex 0.0389878 -0.0025 0.00911169
         vertex 0.038867 -0.0025 0.00913204
         vertex 0.039132 -0.0025 0.00886704
      endloop
   endfacet
   facet normal 0 -1 0
      outer loop
         vertex -0.038867 -0.0025 0.00913204
         vertex -0.0113567 -0.0025 0.0047097
         vertex -0.0104 -0.0025 0.0049
      endloop
   endfacet
   facet normal 0 -1 0
      outer loop
         vertex -0.038867 -0.0025 0.00913204
         vertex -0.039132 -0.0025 0.00886704
         vertex -0.0129 -0.0025 0.0024
      endloop
   endfacet
   facet normal 0 -1 0
      outer loop
         vertex -0.039132 -0.0025 0.00886704
         vertex -0.039132 -0.0025 -0.00886704
         vertex -0.0129 -0.0025 -0.0024
      endloop
   endfacet
   facet normal 0 -1 0
      outer loop
         vertex -0.0129 -0.0025 -0.0024
         vertex -0.039132 -0.0025 -0.00886704
         vertex -0.038867 -0.0025 -0.00913204
      endloop
   endfacet
   facet normal 0 -1 0
      outer loop
         vertex -0.0390612 -0.0025 -0.00906535
         vertex -0.0389878 -0.0025 -0.00911169
         vertex -0.039132 -0.0025 -0.00886704
      endloop
   endfacet
   facet normal 0 -1 0
      outer loop
         vertex 0.038867 -0.0025 -0.00913204
         vertex 0.0027097 -0.0025 -0.00335671
         vertex 0.00216777 -0.0025 -0.00416777
      endloop
   endfacet
   facet normal 0 -1 0
      outer loop
         vertex 0.038867 -0.0025 -0.00913204
         vertex 0.039132 -0.0025 -0.00886704
         vertex 0.0029 -0.0025 -0.0024
      endloop
   endfacet
   facet normal 0 -1 0
      outer loop
         vertex 0.038867 -0.0025 0.00913204
         vertex 0.0027097 -0.0025 0.00335671
         vertex 0.0029 -0.0025 0.0024
      endloop
   endfacet
   facet normal 0 -1 0
      outer loop
         vertex 0.0004 -0.0025 0.0049
         vertex 0.038867 -0.0025 0.00913204
         vertex -0.038867 -0.0025 0.00913204
      endloop
   endfacet
   facet normal 0 -1 0
      outer loop
         vertex -0.0129 -0.0025 -0.0024
         vertex -0.0129 -0.0025 0.0024
         vertex -0.039132 -0.0025 0.00886704
      endloop
   endfacet
   facet normal 0 -1 0
      outer loop
         vertex -0.0389878 -0.0025 -0.00911169
         vertex -0.038867 -0.0025 -0.00913204
         vertex -0.039132 -0.0025 -0.00886704
      endloop
   endfacet
   facet normal 0 -1 0
      outer loop
         vertex 0.00216777 -0.0025 -0.00416777
         vertex 0.00135671 -0.0025 -0.0047097
         vertex 0.038867 -0.0025 -0.00913204
      endloop
   endfacet
   facet normal 0 -1 0
      outer loop
         vertex 0.0029 -0.0025 -0.0024
         vertex 0.039132 -0.0025 -0.00886704
         vertex 0.039132 -0.0025 0.00886704
      endloop
   endfacet
   facet normal 0 -1 0
      outer loop
         vertex 0.038867 -0.0025 0.00913204
         vertex 0.00135671 -0.0025 0.0047097
         vertex 0.00216777 -0.0025 0.00416777
      endloop
   endfacet
   facet normal 0 -1 0
      outer loop
         vertex -0.038867 -0.0025 0.00913204
         vertex -0.0121678 -0.0025 0.00416777
         vertex -0.0113567 -0.0025 0.0047097
      endloop
   endfacet
   facet normal 0 -1 0
      outer loop
         vertex -0.038867 -0.0025 -0.00913204
         vertex -0.0127097 -0.0025 -0.00335671
         vertex -0.0129 -0.0025 -0.0024
      endloop
   endfacet
   facet normal 0 -1 0
      outer loop
         vertex 0.0391117 -0.0025 -0.00898783
         vertex 0.039132 -0.0025 -0.00886704
         vertex 0.038867 -0.0025 -0.00913204
      endloop
   endfacet
   facet normal 0 -1 0
      outer loop
         vertex 0.0004 -0.0025 0.0049
         vertex 0.00135671 -0.0025 0.0047097
         vertex 0.038867 -0.0025 0.00913204
      endloop
   endfacet
   facet normal 0 -1 0
      outer loop
         vertex -0.038867 -0.0025 -0.00913204
         vertex -0.0121678 -0.0025 -0.00416777
         vertex -0.0127097 -0.0025 -0.00335671
      endloop
   endfacet
   facet normal 0 -1 0
      outer loop
         vertex -0.038867 -0.0025 -0.00913204
         vertex 0.038867 -0.0025 -0.00913204
         vertex 0.0004 -0.0025 -0.0049
      endloop
   endfacet
   facet normal 0 -1 0
      outer loop
         vertex 0.00216777 -0.0025 0.00416777
         vertex 0.0027097 -0.0025 0.00335671
         vertex 0.038867 -0.0025 0.00913204
      endloop
   endfacet
   facet normal 0 -1 0
      outer loop
         vertex -0.0391117 -0.0025 0.00898783
         vertex -0.039132 -0.0025 0.00886704
         vertex -0.038867 -0.0025 0.00913204
      endloop
   endfacet
   facet normal 0 -1 0
      outer loop
         vertex 0.0004 -0.0025 -0.0049
         vertex -0.0104 -0.0025 -0.0049
         vertex -0.038867 -0.0025 -0.00913204
      endloop
   endfacet
   facet normal 0 -1 0
      outer loop
         vertex -0.0127097 -0.0025 0.00335671
         vertex -0.0121678 -0.0025 0.00416777
         vertex -0.038867 -0.0025 0.00913204
      endloop
   endfacet
   facet normal 0 -1 0
      outer loop
         vertex -0.0104 -0.0025 -0.0049
         vertex -0.0113567 -0.0025 -0.0047097
         vertex -0.038867 -0.0025 -0.00913204
      endloop
   endfacet
   facet normal 0 -1 0
      outer loop
         vertex -0.0113567 -0.0025 -0.0047097
         vertex -0.0121678 -0.0025 -0.00416777
         vertex -0.038867 -0.0025 -0.00913204
      endloop
   endfacet
   facet normal 0 -1 0
      outer loop
         vertex 0.00135671 -0.0025 -0.0047097
         vertex 0.0004 -0.0025 -0.0049
         vertex 0.038867 -0.0025 -0.00913204
      endloop
   endfacet
   facet normal 0.707107 -0.707107 -1.18962e-16
      outer loop
         vertex 0.0009 -0.0045 0.0024
         vertex 0.0009 -0.0045 -0.0024
         vertex 0.0029 -0.0025 -0.0024
      endloop
   endfacet
   facet normal 0.707107 -0.707107 -1.18962e-16
      outer loop
         vertex 0.0029 -0.0025 -0.0024
         vertex 0.0029 -0.0025 0.0024
         vertex 0.0009 -0.0045 0.0024
      endloop
   endfacet
   facet normal 0 -0.707107 0.707107
      outer loop
         vertex 0.0004 -0.0025 0.0049
         vertex 0.0004 -0.0045 0.0029
         vertex 0.000591342 -0.0045 0.00286194
      endloop
   endfacet
   facet normal 0.270598 -0.707107 0.653281
      outer loop
         vertex 0.00135671 -0.0025 0.0047097
         vertex 0.000591342 -0.0045 0.00286194
         vertex 0.000753553 -0.0045 0.00275355
      endloop
   endfacet
   facet normal 0.5 -0.707107 0.5
      outer loop
         vertex 0.00216777 -0.0025 0.00416777
         vertex 0.000753553 -0.0045 0.00275355
         vertex 0.00086194 -0.0045 0.00259134
      endloop
   endfacet
   facet normal 0.653281 -0.707107 0.270598
      outer loop
         vertex 0.0027097 -0.0025 0.00335671
         vertex 0.00086194 -0.0045 0.00259134
         vertex 0.0009 -0.0045 0.0024
      endloop
   endfacet
   facet normal 0.707107 -0.707107 0
      outer loop
         vertex 0.0009 -0.0045 0.0024
         vertex 0.0029 -0.0025 0.0024
         vertex 0.0027097 -0.0025 0.00335671
      endloop
   endfacet
   facet normal 0.653281 -0.707107 0.270598
      outer loop
         vertex 0.00086194 -0.0045 0.00259134
         vertex 0.0027097 -0.0025 0.00335671
         vertex 0.00216777 -0.0025 0.00416777
      endloop
   endfacet
   facet normal 0.5 -0.707107 0.5
      outer loop
         vertex 0.000753553 -0.0045 0.00275355
         vertex 0.00216777 -0.0025 0.00416777
         vertex 0.00135671 -0.0025 0.0047097
      endloop
   endfacet
   facet normal 0.270598 -0.707107 0.653281
      outer loop
         vertex 0.000591342 -0.0045 0.00286194
         vertex 0.00135671 -0.0025 0.0047097
         vertex 0.0004 -0.0025 0.0049
      endloop
   endfacet
   facet normal 0.707107 -0.707107 0
      outer loop
         vertex 0.0029 -0.0025 -0.0024
         vertex 0.0009 -0.0045 -0.0024
         vertex 0.00086194 -0.0045 -0.00259134
      endloop
   endfacet
   facet normal 0.653281 -0.707107 -0.270598
      outer loop
         vertex 0.0027097 -0.0025 -0.00335671
         vertex 0.00086194 -0.0045 -0.00259134
         vertex 0.000753553 -0.0045 -0.00275355
      endloop
   endfacet
   facet normal 0.5 -0.707107 -0.5
      outer loop
         vertex 0.00216777 -0.0025 -0.00416777
         vertex 0.000753553 -0.0045 -0.00275355
         vertex 0.000591342 -0.0045 -0.00286194
      endloop
   endfacet
   facet normal 0.270598 -0.707107 -0.653281
      outer loop
         vertex 0.00135671 -0.0025 -0.0047097
         vertex 0.000591342 -0.0045 -0.00286194
         vertex 0.0004 -0.0045 -0.0029
      endloop
   endfacet
   facet normal 7.66647e-17 -0.707107 -0.707107
      outer loop
         vertex 0.0004 -0.0045 -0.0029
         vertex 0.0004 -0.0025 -0.0049
         vertex 0.00135671 -0.0025 -0.0047097
      endloop
   endfacet
   facet normal 0.270598 -0.707107 -0.653281
      outer loop
         vertex 0.000591342 -0.0045 -0.00286194
         vertex 0.00135671 -0.0025 -0.0047097
         vertex 0.00216777 -0.0025 -0.00416777
      endloop
   endfacet
   facet normal 0.5 -0.707107 -0.5
      outer loop
         vertex 0.000753553 -0.0045 -0.00275355
         vertex 0.00216777 -0.0025 -0.00416777
         vertex 0.0027097 -0.0025 -0.00335671
      endloop
   endfacet
   facet normal 0.653281 -0.707107 -0.270598
      outer loop
         vertex 0.00086194 -0.0045 -0.00259134
         vertex 0.0027097 -0.0025 -0.00335671
         vertex 0.0029 -0.0025 -0.0024
      endloop
   endfacet
   facet normal 1 0 -1.68238e-16
      outer loop
         vertex 0.0009 -0.0425 0.0024
         vertex 0.0009 -0.0425 -0.0024
         vertex 0.0009 -0.0045 -0.0024
      endloop
   endfacet
   facet normal 1 0 -1.68238e-16
      outer loop
         vertex 0.0009 -0.0045 -0.0024
         vertex 0.0009 -0.0045 0.0024
         vertex 0.0009 -0.0425 0.0024
      endloop
   endfacet
   facet normal 1 0 -1.68238e-16
      outer loop
         vertex 0.0009 -0.0425 0.0024
         vertex 0.0009 -0.0045 0.0024
         vertex 0.00086194 -0.0045 0.00259134
      endloop
   endfacet
   facet normal 0.92388 0 0.382683
      outer loop
         vertex 0.00086194 -0.0425 0.00259134
         vertex 0.00086194 -0.0045 0.00259134
         vertex 0.000753553 -0.0045 0.00275355
      endloop
   endfacet
   facet normal 0.707107 0 0.707107
      outer loop
         vertex 0.000753553 -0.0425 0.00275355
         vertex 0.000753553 -0.0045 0.00275355
         vertex 0.000591342 -0.0045 0.00286194
      endloop
   endfacet
   facet normal 0.382683 0 0.92388
      outer loop
         vertex 0.000591342 -0.0425 0.00286194
         vertex 0.000591342 -0.0045 0.00286194
         vertex 0.0004 -0.0045 0.0029
      endloop
   endfacet
   facet normal 1.0842e-16 0 1
      outer loop
         vertex 0.0004 -0.0045 0.0029
         vertex 0.0004 -0.0425 0.0029
         vertex 0.000591342 -0.0425 0.00286194
      endloop
   endfacet
   facet normal 0.382683 0 0.92388
      outer loop
         vertex 0.000591342 -0.0045 0.00286194
         vertex 0.000591342 -0.0425 0.00286194
         vertex 0.000753553 -0.0425 0.00275355
      endloop
   endfacet
   facet normal 0.707107 0 0.707107
      outer loop
         vertex 0.000753553 -0.0045 0.00275355
         vertex 0.000753553 -0.0425 0.00275355
         vertex 0.00086194 -0.0425 0.00259134
      endloop
   endfacet
   facet normal 0.92388 0 0.382683
      outer loop
         vertex 0.00086194 -0.0045 0.00259134
         vertex 0.00086194 -0.0425 0.00259134
         vertex 0.0009 -0.0425 0.0024
      endloop
   endfacet
   facet normal 2.5988e-16 -0.707107 0.707107
      outer loop
         vertex -0.0104 -0.0045 0.0029
         vertex 0.0004 -0.0045 0.0029
         vertex 0.0004 -0.0025 0.0049
      endloop
   endfacet
   facet normal 2.5988e-16 -0.707107 0.707107
      outer loop
         vertex 0.0004 -0.0025 0.0049
         vertex -0.0104 -0.0025 0.0049
         vertex -0.0104 -0.0045 0.0029
      endloop
   endfacet
   facet normal 1.0842e-16 0 1
      outer loop
         vertex -0.0104 -0.0425 0.0029
         vertex 0.0004 -0.0425 0.0029
         vertex 0.0004 -0.0045 0.0029
      endloop
   endfacet
   facet normal 1.0842e-16 0 1
      outer loop
         vertex 0.0004 -0.0045 0.0029
         vertex -0.0104 -0.0045 0.0029
         vertex -0.0104 -0.0425 0.0029
      endloop
   endfacet
   facet normal -0.707107 -0.707107 -1.22663e-16
      outer loop
         vertex -0.0129 -0.0025 0.0024
         vertex -0.0109 -0.0045 0.0024
         vertex -0.0108619 -0.0045 0.00259134
      endloop
   endfacet
   facet normal -0.653281 -0.707107 0.270598
      outer loop
         vertex -0.0127097 -0.0025 0.00335671
         vertex -0.0108619 -0.0045 0.00259134
         vertex -0.0107536 -0.0045 0.00275355
      endloop
   endfacet
   facet normal -0.5 -0.707107 0.5
      outer loop
         vertex -0.0121678 -0.0025 0.00416777
         vertex -0.0107536 -0.0045 0.00275355
         vertex -0.0105913 -0.0045 0.00286194
      endloop
   endfacet
   facet normal -0.270598 -0.707107 0.653281
      outer loop
         vertex -0.0113567 -0.0025 0.0047097
         vertex -0.0105913 -0.0045 0.00286194
         vertex -0.0104 -0.0045 0.0029
      endloop
   endfacet
   facet normal 0 -0.707107 0.707107
      outer loop
         vertex -0.0104 -0.0045 0.0029
         vertex -0.0104 -0.0025 0.0049
         vertex -0.0113567 -0.0025 0.0047097
      endloop
   endfacet
   facet normal -0.270598 -0.707107 0.653281
      outer loop
         vertex -0.0105913 -0.0045 0.00286194
         vertex -0.0113567 -0.0025 0.0047097
         vertex -0.0121678 -0.0025 0.00416777
      endloop
   endfacet
   facet normal -0.5 -0.707107 0.5
      outer loop
         vertex -0.0107536 -0.0045 0.00275355
         vertex -0.0121678 -0.0025 0.00416777
         vertex -0.0127097 -0.0025 0.00335671
      endloop
   endfacet
   facet normal -0.653281 -0.707107 0.270598
      outer loop
         vertex -0.0108619 -0.0045 0.00259134
         vertex -0.0127097 -0.0025 0.00335671
         vertex -0.0129 -0.0025 0.0024
      endloop
   endfacet
   facet normal -1 0 0
      outer loop
         vertex -0.0109 -0.0045 0.0024
         vertex -0.0109 -0.0425 0.0024
         vertex -0.0108619 -0.0425 0.00259134
      endloop
   endfacet
   facet normal -0.92388 0 0.382683
      outer loop
         vertex -0.0108619 -0.0045 0.00259134
         vertex -0.0108619 -0.0425 0.00259134
         vertex -0.0107536 -0.0425 0.00275355
      endloop
   endfacet
   facet normal -0.707107 0 0.707107
      outer loop
         vertex -0.0107536 -0.0045 0.00275355
         vertex -0.0107536 -0.0425 0.00275355
         vertex -0.0105913 -0.0425 0.00286194
      endloop
   endfacet
   facet normal -0.382683 0 0.92388
      outer loop
         vertex -0.0105913 -0.0045 0.00286194
         vertex -0.0105913 -0.0425 0.00286194
         vertex -0.0104 -0.0425 0.0029
      endloop
   endfacet
   facet normal 0 0 1
      outer loop
         vertex -0.0104 -0.0425 0.0029
         vertex -0.0104 -0.0045 0.0029
         vertex -0.0105913 -0.0045 0.00286194
      endloop
   endfacet
   facet normal -0.382683 0 0.92388
      outer loop
         vertex -0.0105913 -0.0425 0.00286194
         vertex -0.0105913 -0.0045 0.00286194
         vertex -0.0107536 -0.0045 0.00275355
      endloop
   endfacet
   facet normal -0.707107 0 0.707107
      outer loop
         vertex -0.0107536 -0.0425 0.00275355
         vertex -0.0107536 -0.0045 0.00275355
         vertex -0.0108619 -0.0045 0.00259134
      endloop
   endfacet
   facet normal -0.92388 0 0.382683
      outer loop
         vertex -0.0108619 -0.0425 0.00259134
         vertex -0.0108619 -0.0045 0.00259134
         vertex -0.0109 -0.0045 0.0024
      endloop
   endfacet
   facet normal -0.707107 -0.707107 0
      outer loop
         vertex -0.0109 -0.0045 -0.0024
         vertex -0.0109 -0.0045 0.0024
         vertex -0.0129 -0.0025 0.0024
      endloop
   endfacet
   facet normal -0.707107 -0.707107 0
      outer loop
         vertex -0.0129 -0.0025 0.0024
         vertex -0.0129 -0.0025 -0.0024
         vertex -0.0109 -0.0045 -0.0024
      endloop
   endfacet
   facet normal -1 0 0
      outer loop
         vertex -0.0109 -0.0425 -0.0024
         vertex -0.0109 -0.0425 0.0024
         vertex -0.0109 -0.0045 0.0024
      endloop
   endfacet
   facet normal -1 0 0
      outer loop
         vertex -0.0109 -0.0045 0.0024
         vertex -0.0109 -0.0045 -0.0024
         vertex -0.0109 -0.0425 -0.0024
      endloop
   endfacet
   facet normal 0 -0.707107 -0.707107
      outer loop
         vertex -0.0104 -0.0025 -0.0049
         vertex -0.0104 -0.0045 -0.0029
         vertex -0.0105913 -0.0045 -0.00286194
      endloop
   endfacet
   facet normal -0.270598 -0.707107 -0.653281
      outer loop
         vertex -0.0113567 -0.0025 -0.0047097
         vertex -0.0105913 -0.0045 -0.00286194
         vertex -0.0107536 -0.0045 -0.00275355
      endloop
   endfacet
   facet normal -0.5 -0.707107 -0.5
      outer loop
         vertex -0.0121678 -0.0025 -0.00416777
         vertex -0.0107536 -0.0045 -0.00275355
         vertex -0.0108619 -0.0045 -0.00259134
      endloop
   endfacet
   facet normal -0.653281 -0.707107 -0.270598
      outer loop
         vertex -0.0127097 -0.0025 -0.00335671
         vertex -0.0108619 -0.0045 -0.00259134
         vertex -0.0109 -0.0045 -0.0024
      endloop
   endfacet
   facet normal -0.707107 -0.707107 0
      outer loop
         vertex -0.0109 -0.0045 -0.0024
         vertex -0.0129 -0.0025 -0.0024
         vertex -0.0127097 -0.0025 -0.00335671
      endloop
   endfacet
   facet normal -0.653281 -0.707107 -0.270598
      outer loop
         vertex -0.0108619 -0.0045 -0.00259134
         vertex -0.0127097 -0.0025 -0.00335671
         vertex -0.0121678 -0.0025 -0.00416777
      endloop
   endfacet
   facet normal -0.5 -0.707107 -0.5
      outer loop
         vertex -0.0107536 -0.0045 -0.00275355
         vertex -0.0121678 -0.0025 -0.00416777
         vertex -0.0113567 -0.0025 -0.0047097
      endloop
   endfacet
   facet normal -0.270598 -0.707107 -0.653281
      outer loop
         vertex -0.0105913 -0.0045 -0.00286194
         vertex -0.0113567 -0.0025 -0.0047097
         vertex -0.0104 -0.0025 -0.0049
      endloop
   endfacet
   facet normal 0 -1 0
      outer loop
         vertex -0.0108619 -0.0425 0.00259134
         vertex -0.0104 -0.0425 0.0029
         vertex -0.0105913 -0.0425 0.00286194
      endloop
   endfacet
   facet normal 0 -1 0
      outer loop
         vertex -0.0105913 -0.0425 0.00286194
         vertex -0.0107536 -0.0425 0.00275355
         vertex -0.0108619 -0.0425 0.00259134
      endloop
   endfacet
   facet normal 0 -1 0
      outer loop
         vertex 0.0009 -0.0425 0.0024
         vertex 0.0004 -0.0425 0.0029
         vertex -0.0104 -0.0425 0.0029
      endloop
   endfacet
   facet normal 0 -1 0
      outer loop
         vertex 0.000591342 -0.0425 0.00286194
         vertex 0.0009 -0.0425 0.0024
         vertex 0.00086194 -0.0425 0.00259134
      endloop
   endfacet
   facet normal 0 -1 0
      outer loop
         vertex 0.000591342 -0.0425 -0.00286194
         vertex 0.000753553 -0.0425 -0.00275355
         vertex 0.00086194 -0.0425 -0.00259134
      endloop
   endfacet
   facet normal 0 -1 0
      outer loop
         vertex -0.0104 -0.0425 0.0029
         vertex -0.0109 -0.0425 0.0024
         vertex 0.0009 -0.0425 0.0024
      endloop
   endfacet
   facet normal 0 -1 0
      outer loop
         vertex 0.00086194 -0.0425 0.00259134
         vertex 0.000753553 -0.0425 0.00275355
         vertex 0.000591342 -0.0425 0.00286194
      endloop
   endfacet
   facet normal 0 -1 0
      outer loop
         vertex 0.0009 -0.0425 -0.0024
         vertex 0.0004 -0.0425 -0.0029
         vertex 0.000591342 -0.0425 -0.00286194
      endloop
   endfacet
   facet normal 0 -1 0
      outer loop
         vertex 0.0009 -0.0425 -0.0024
         vertex -0.0109 -0.0425 -0.0024
         vertex -0.0104 -0.0425 -0.0029
      endloop
   endfacet
   facet normal 0 -1 0
      outer loop
         vertex -0.0104 -0.0425 -0.0029
         vertex -0.0108619 -0.0425 -0.00259134
         vertex -0.0107536 -0.0425 -0.00275355
      endloop
   endfacet
   facet normal 0 -1 0
      outer loop
         vertex 0.000591342 -0.0425 0.00286194
         vertex 0.0004 -0.0425 0.0029
         vertex 0.0009 -0.0425 0.0024
      endloop
   endfacet
   facet normal 0 -1 0
      outer loop
         vertex 0.0009 -0.0425 -0.0024
         vertex 0.0009 -0.0425 0.0024
         vertex -0.0109 -0.0425 0.0024
      endloop
   endfacet
   facet normal 0 -1 0
      outer loop
         vertex -0.0104 -0.0425 -0.0029
         vertex 0.0004 -0.0425 -0.0029
         vertex 0.0009 -0.0425 -0.0024
      endloop
   endfacet
   facet normal 0 -1 0
      outer loop
         vertex -0.0104 -0.0425 -0.0029
         vertex -0.0109 -0.0425 -0.0024
         vertex -0.0108619 -0.0425 -0.00259134
      endloop
   endfacet
   facet normal 0 -1 0
      outer loop
         vertex -0.0109 -0.0425 0.0024
         vertex -0.0109 -0.0425 -0.0024
         vertex 0.0009 -0.0425 -0.0024
      endloop
   endfacet
   facet normal 0 -1 0
      outer loop
         vertex -0.0107536 -0.0425 -0.00275355
         vertex -0.0105913 -0.0425 -0.00286194
         vertex -0.0104 -0.0425 -0.0029
      endloop
   endfacet
   facet normal 0 -1 0
      outer loop
         vertex 0.00086194 -0.0425 -0.00259134
         vertex 0.0009 -0.0425 -0.0024
         vertex 0.000591342 -0.0425 -0.00286194
      endloop
   endfacet
   facet normal 0 -1 0
      outer loop
         vertex -0.0108619 -0.0425 0.00259134
         vertex -0.0109 -0.0425 0.0024
         vertex -0.0104 -0.0425 0.0029
      endloop
   endfacet
   facet normal -1.4701e-16 0 -1
      outer loop
         vertex 0.0004 -0.0425 -0.0029
         vertex -0.0104 -0.0425 -0.0029
         vertex -0.0104 -0.0045 -0.0029
      endloop
   endfacet
   facet normal -1.4701e-16 0 -1
      outer loop
         vertex -0.0104 -0.0045 -0.0029
         vertex 0.0004 -0.0045 -0.0029
         vertex 0.0004 -0.0425 -0.0029
      endloop
   endfacet
   facet normal -1 0 0
      outer loop
         vertex -0.0109 -0.0425 -0.0024
         vertex -0.0109 -0.0045 -0.0024
         vertex -0.0108619 -0.0045 -0.00259134
      endloop
   endfacet
   facet normal -0.92388 0 -0.382683
      outer loop
         vertex -0.0108619 -0.0425 -0.00259134
         vertex -0.0108619 -0.0045 -0.00259134
         vertex -0.0107536 -0.0045 -0.00275355
      endloop
   endfacet
   facet normal -0.707107 0 -0.707107
      outer loop
         vertex -0.0107536 -0.0425 -0.00275355
         vertex -0.0107536 -0.0045 -0.00275355
         vertex -0.0105913 -0.0045 -0.00286194
      endloop
   endfacet
   facet normal -0.382683 0 -0.92388
      outer loop
         vertex -0.0105913 -0.0425 -0.00286194
         vertex -0.0105913 -0.0045 -0.00286194
         vertex -0.0104 -0.0045 -0.0029
      endloop
   endfacet
   facet normal 0 0 -1
      outer loop
         vertex -0.0104 -0.0045 -0.0029
         vertex -0.0104 -0.0425 -0.0029
         vertex -0.0105913 -0.0425 -0.00286194
      endloop
   endfacet
   facet normal -0.382683 0 -0.92388
      outer loop
         vertex -0.0105913 -0.0045 -0.00286194
         vertex -0.0105913 -0.0425 -0.00286194
         vertex -0.0107536 -0.0425 -0.00275355
      endloop
   endfacet
   facet normal -0.707107 0 -0.707107
      outer loop
         vertex -0.0107536 -0.0045 -0.00275355
         vertex -0.0107536 -0.0425 -0.00275355
         vertex -0.0108619 -0.0425 -0.00259134
      endloop
   endfacet
   facet normal -0.92388 0 -0.382683
      outer loop
         vertex -0.0108619 -0.0045 -0.00259134
         vertex -0.0108619 -0.0425 -0.00259134
         vertex -0.0109 -0.0425 -0.0024
      endloop
   endfacet
   facet normal 1 0 0
      outer loop
         vertex 0.0009 -0.0045 -0.0024
         vertex 0.0009 -0.0425 -0.0024
         vertex 0.00086194 -0.0425 -0.00259134
      endloop
   endfacet
   facet normal 0.92388 0 -0.382683
      outer loop
         vertex 0.00086194 -0.0045 -0.00259134
         vertex 0.00086194 -0.0425 -0.00259134
         vertex 0.000753553 -0.0425 -0.00275355
      endloop
   endfacet
   facet normal 0.707107 0 -0.707107
      outer loop
         vertex 0.000753553 -0.0045 -0.00275355
         vertex 0.000753553 -0.0425 -0.00275355
         vertex 0.000591342 -0.0425 -0.00286194
      endloop
   endfacet
   facet normal 0.382683 0 -0.92388
      outer loop
         vertex 0.000591342 -0.0045 -0.00286194
         vertex 0.000591342 -0.0425 -0.00286194
         vertex 0.0004 -0.0425 -0.0029
      endloop
   endfacet
   facet normal 1.0842e-16 0 -1
      outer loop
         vertex 0.0004 -0.0425 -0.0029
         vertex 0.0004 -0.0045 -0.0029
         vertex 0.000591342 -0.0045 -0.00286194
      endloop
   endfacet
   facet normal 0.382683 0 -0.92388
      outer loop
         vertex 0.000591342 -0.0425 -0.00286194
         vertex 0.000591342 -0.0045 -0.00286194
         vertex 0.000753553 -0.0045 -0.00275355
      endloop
   endfacet
   facet normal 0.707107 0 -0.707107
      outer loop
         vertex 0.000753553 -0.0425 -0.00275355
         vertex 0.000753553 -0.0045 -0.00275355
         vertex 0.00086194 -0.0045 -0.00259134
      endloop
   endfacet
   facet normal 0.92388 0 -0.382683
      outer loop
         vertex 0.00086194 -0.0425 -0.00259134
         vertex 0.00086194 -0.0045 -0.00259134
         vertex 0.0009 -0.0045 -0.0024
      endloop
   endfacet
   facet normal -1.03952e-16 -0.707107 -0.707107
      outer loop
         vertex -0.0104 -0.0025 -0.0049
         vertex 0.0004 -0.0025 -0.0049
         vertex 0.0004 -0.0045 -0.0029
      endloop
   endfacet
   facet normal -1.03952e-16 -0.707107 -0.707107
      outer loop
         vertex 0.0004 -0.0045 -0.0029
         vertex -0.0104 -0.0045 -0.0029
         vertex -0.0104 -0.0025 -0.0049
      endloop
   endfacet
endsolid Part 1. Units = meters